x,y,z,domain,label,domain_id,label_id,class_id,class_name,path
-54.3110466003418,3.476473569869995,0.0,deepfake,1,1,2,2,Deepfake-Fake,/mnt/public/public_datasets/OpenMMSecV2/Deepfake/Fake/FaceEditing/StarGAN/02d4aa4be3b64a009a7cba2f1feee594.jpg
-27.69271469116211,-44.92385482788086,0.0,deepfake,0,1,1,1,Deepfake-Real,/mnt/public/public_datasets/OpenMMSecV2/Deepfake/Real/UADFV/7372598a60d648fb9c6066bd8024aea9.png
24.794536590576172,50.404937744140625,0.0,Doc,1,3,2,6,Document-Fake,/mnt/public/public_datasets/OpenMMSecV2/Doc/non_aigc/copy-move/imgs/5c98942752c14ea9a0c36f6ed0b28506.jpg
7.013790607452393,21.53471565246582,0.0,AIGC,0,2,1,3,AIGC-Real,/mnt/public/public_datasets/OpenMMSecV2/AIGC/laion/262375e413904d67addf5390f629bdbd.jpg
30.848745346069336,-28.79187774658203,0.0,IMDL,1,4,2,8,IMDL-Fake,/mnt/public/public_datasets/OpenMMSecV2/IMDL/generative/flux_1/imgs/66a41bc7dadc4c9590116c9328db66f1.png
29.85209083557129,-16.004140853881836,0.0,Doc,1,3,2,6,Document-Fake,/mnt/public/public_datasets/OpenMMSecV2/Doc/aigc/mostel/imgs/841a4959eb734dc9a3ddfd697933618a.jpg
6.147426605224609,43.52090835571289,0.0,Doc,0,3,1,5,Document-Real,/mnt/public/public_datasets/OpenMMSecV2/Doc/Real/ab4007a0a2074de5abdc2037dcb747ad.jpg
-38.517112731933594,-30.406021118164062,0.0,deepfake,0,1,1,1,Deepfake-Real,/mnt/public/public_datasets/OpenMMSecV2/Deepfake/Real/DFD/631c0ddd9a2c4093a85afcc31dd5c8f4.png
-41.07282257080078,-40.898929595947266,0.0,deepfake,0,1,1,1,Deepfake-Real,/mnt/public/public_datasets/OpenMMSecV2/Deepfake/Real/FF++/398526d2bde748e7973733645011e2b4.png
-52.878509521484375,-9.098858833312988,0.0,deepfake,1,1,2,2,Deepfake-Fake,/mnt/public/public_datasets/OpenMMSecV2/Deepfake/Fake/FaceSwap/UniFace/67a1c7b9b0a44ada87e57be69639809e.png
-1.235888957977295,7.547645092010498,0.0,Doc,0,3,1,5,Document-Real,/mnt/public/public_datasets/OpenMMSecV2/Doc/Real/8ae64c1fa55944fe9c5398dcca5aa86d.jpg
-20.80912208557129,-24.450424194335938,0.0,deepfake,0,1,1,1,Deepfake-Real,/mnt/public/public_datasets/OpenMMSecV2/Deepfake/Real/FFHQ/96811572521945e3ade156a87a1b9501.jpg
2.5522708892822266,-8.599587440490723,0.0,AIGC,0,2,1,3,AIGC-Real,/mnt/public/public_datasets/OpenMMSecV2/AIGC/other/online/imgs/6844e84de14d406eb0d8fec66a68aa8d.jpg
13.25492000579834,-26.458969116210938,0.0,IMDL,0,4,1,7,IMDL-Real,/mnt/public/public_datasets/OpenMMSecV2/IMDL/generative/flux_1/imgs/53210c97cb784db98179ac79095501f5.png
-23.484344482421875,8.819128036499023,0.0,AIGC,1,2,2,4,AIGC-Fake,/mnt/public/public_datasets/OpenMMSecV2/AIGC/commercial/wukong/imgs/d15f2f0092464b7c989bea5bbe026f2b.png
10.436744689941406,-9.31125545501709,0.0,IMDL,0,4,1,7,IMDL-Real,/mnt/public/public_datasets/OpenMMSecV2/IMDL/generative/flux_1/imgs/56374890d51246dd9e13de70de7db928.png
1.1721774339675903,16.269729614257812,0.0,IMDL,1,4,2,8,IMDL-Fake,/mnt/public/public_datasets/OpenMMSecV2/IMDL/generative/flux_1/imgs/a972f243a4da4b2b9ca944ee28544a31.png
-26.1728572845459,-42.61150360107422,0.0,deepfake,0,1,1,1,Deepfake-Real,/mnt/public/public_datasets/OpenMMSecV2/Deepfake/Real/UADFV/0d07d0c0651d4596a35ae20b06eeb163.png
33.99933624267578,9.515320777893066,0.0,AIGC,0,2,1,3,AIGC-Real,/mnt/public/public_datasets/OpenMMSecV2/AIGC/laion/26c75b85e8b549779863a8b2e3521491.jpg
-48.58060073852539,-15.626502990722656,0.0,deepfake,1,1,2,2,Deepfake-Fake,/mnt/public/public_datasets/OpenMMSecV2/Deepfake/Fake/FaceSwap/FaceDancer/58fa70cc3a874a0494613bb5b7e2f451.png
-4.108499526977539,24.666223526000977,0.0,AIGC,1,2,2,4,AIGC-Fake,/mnt/public/public_datasets/OpenMMSecV2/AIGC/commercial/firefly/bcec48be7d644cdfa1c5888e2a2e14ad.jpg
-41.154598236083984,-28.865604400634766,0.0,deepfake,0,1,1,1,Deepfake-Real,/mnt/public/public_datasets/OpenMMSecV2/Deepfake/Real/CelebDF-v2/fefd05a675f7452187817991bac0b2e4.png
-2.2542037963867188,-15.450027465820312,0.0,IMDL,0,4,1,7,IMDL-Real,/mnt/public/public_datasets/OpenMMSecV2/IMDL/generative/flux_1/imgs/b215dd0f94114972b892d309a7b92341.png
17.402624130249023,-31.225852966308594,0.0,IMDL,0,4,1,7,IMDL-Real,/mnt/public/public_datasets/OpenMMSecV2/IMDL/generative/coco/imgs/8a6cc9ff9e6a41b28c402115173608aa.jpg
30.51544761657715,18.701519012451172,0.0,AIGC,0,2,1,3,AIGC-Real,/mnt/public/public_datasets/OpenMMSecV2/AIGC/laion/e8b088a8906e4802b77a8547822eeaa1.jpg
-53.450870513916016,10.8092622756958,0.0,AIGC,1,2,2,4,AIGC-Fake,/mnt/public/public_datasets/OpenMMSecV2/AIGC/autoregressive_model/tamingtransformers/6459aedcd3484ddf8fe0c268c55d542d.jpg
41.943660736083984,39.03001022338867,0.0,Doc,0,3,1,5,Document-Real,/mnt/public/public_datasets/OpenMMSecV2/Doc/Real/7f59432664084f24bc305b22f7cc42ed.jpg
0.33873963356018066,-39.98710632324219,0.0,AIGC,1,2,2,4,AIGC-Fake,/mnt/public/public_datasets/OpenMMSecV2/AIGC/commercial/ideogram/78341fe3475c4fafaef3914fa077b23e.jpg
-59.25981521606445,-11.375951766967773,0.0,deepfake,1,1,2,2,Deepfake-Fake,/mnt/public/public_datasets/OpenMMSecV2/Deepfake/Fake/FaceReenactment/MCNet/b8acecce636846f1b527e9699abaecbe.png
4.85247278213501,21.337846755981445,0.0,AIGC,1,2,2,4,AIGC-Fake,/mnt/public/public_datasets/OpenMMSecV2/AIGC/latent_diffusion/systematic/f97c0a1510b34ca3aacf44bdefc2ba38.jpg
38.36043167114258,-9.264433860778809,0.0,Doc,0,3,1,5,Document-Real,/mnt/public/public_datasets/OpenMMSecV2/Doc/Real/0e470fdbba424defab8b1f73ad92aaeb.jpg
-52.84254455566406,-13.771669387817383,0.0,deepfake,1,1,2,2,Deepfake-Fake,/mnt/public/public_datasets/OpenMMSecV2/Deepfake/Fake/FaceReenactment/MCNet/44eff53451a74715ab6d97afcb26d1c2.png
9.266082763671875,-16.247821807861328,0.0,IMDL,1,4,2,8,IMDL-Fake,/mnt/public/public_datasets/OpenMMSecV2/IMDL/non_generative/manual_ps/imgs/67348bf987764dbb882085b95bbb3fcf.jpg
-27.225318908691406,-29.610740661621094,0.0,deepfake,0,1,1,1,Deepfake-Real,/mnt/public/public_datasets/OpenMMSecV2/Deepfake/Real/FF++/2345e0121d8f46569699d7b44d1777d8.png
14.997222900390625,-17.736644744873047,0.0,IMDL,0,4,1,7,IMDL-Real,/mnt/public/public_datasets/OpenMMSecV2/IMDL/generative/coco/imgs/60c24a2c3efc40f4825c56be2bd97ab0.jpg
-4.117280960083008,-18.987728118896484,0.0,IMDL,1,4,2,8,IMDL-Fake,/mnt/public/public_datasets/OpenMMSecV2/IMDL/generative/stable_diffusion/imgs/04bbdf7674664f6a98723c383299b8ac.png
31.262004852294922,15.793619155883789,0.0,AIGC,0,2,1,3,AIGC-Real,/mnt/public/public_datasets/OpenMMSecV2/AIGC/laion/db9c45cbb41c4a4c9559916c97c8e2dc.jpg
4.329563140869141,-14.6242036819458,0.0,IMDL,0,4,1,7,IMDL-Real,/mnt/public/public_datasets/OpenMMSecV2/IMDL/generative/coco/imgs/de016ef04a5e43859558960f99cf913b.jpg
-2.695308208465576,-18.664344787597656,0.0,AIGC,0,2,1,3,AIGC-Real,/mnt/public/public_datasets/OpenMMSecV2/AIGC/laion/9124ac4cf77e43d3964e85a5f22c2370.jpg
-20.032384872436523,27.5057315826416,0.0,IMDL,1,4,2,8,IMDL-Fake,/mnt/public/public_datasets/OpenMMSecV2/IMDL/generative/gan_mat/imgs/a587a27bc44c47ff93272d9abd72f054.tiff
7.74564790725708,2.2685813903808594,0.0,AIGC,0,2,1,3,AIGC-Real,/mnt/public/public_datasets/OpenMMSecV2/AIGC/laion/46fb3cd1d58f4284be91868861592894.jpg
14.397235870361328,56.655311584472656,0.0,Doc,1,3,2,6,Document-Fake,/mnt/public/public_datasets/OpenMMSecV2/Doc/non_aigc/cpmv/imgs/c8afddc3e7be4ba28e3ea543d676dadf.jpg
21.91170883178711,-15.193824768066406,0.0,IMDL,0,4,1,7,IMDL-Real,/mnt/public/public_datasets/OpenMMSecV2/IMDL/generative/stable_diffusion/imgs/c79294a8ba474024bf3d77d721bf164f.png
43.842247009277344,42.35358810424805,0.0,Doc,0,3,1,5,Document-Real,/mnt/public/public_datasets/OpenMMSecV2/Doc/Real/24cb2b7d185746499f892d4d3e77b394.jpg
-43.29008483886719,11.984403610229492,0.0,AIGC,1,2,2,4,AIGC-Fake,/mnt/public/public_datasets/OpenMMSecV2/AIGC/GAN/ProGAN/9ea7cdead6c64631ba14c97011816c0b.jpg
55.73350143432617,19.93982696533203,0.0,Doc,0,3,1,5,Document-Real,/mnt/public/public_datasets/OpenMMSecV2/Doc/Real/3d6aa5b3107f4131b3bb511353a8e16d.jpg
42.747901916503906,37.92137145996094,0.0,Doc,0,3,1,5,Document-Real,/mnt/public/public_datasets/OpenMMSecV2/Doc/Real/71f4ab3fe05045669012fe4af0f4d9c4.jpg
41.22412872314453,-15.298227310180664,0.0,Doc,0,3,1,5,Document-Real,/mnt/public/public_datasets/OpenMMSecV2/Doc/Real/abe841c627ff461e8efa78d2e8bfe591.jpg
47.25720977783203,40.02979278564453,0.0,Doc,0,3,1,5,Document-Real,/mnt/public/public_datasets/OpenMMSecV2/Doc/Real/f4fcc5b696f24433affe26e620e6dded.jpg
-54.886844635009766,0.08610622584819794,0.0,deepfake,1,1,2,2,Deepfake-Fake,/mnt/public/public_datasets/OpenMMSecV2/Deepfake/Fake/FaceEditing/StarGAN/546d5bd971974874a12b5ae7a014400d.jpg
40.31283950805664,-16.901498794555664,0.0,Doc,0,3,1,5,Document-Real,/mnt/public/public_datasets/OpenMMSecV2/Doc/Real/61626b021dfc444081633041d2e5177e.jpg
10.05085563659668,-2.4627609252929688,0.0,AIGC,0,2,1,3,AIGC-Real,/mnt/public/public_datasets/OpenMMSecV2/AIGC/latent_diffusion/vqdiffusion/imgs/32eb28e1957e41668d7b4d1e5243b1a3.JPEG
44.21668243408203,42.247684478759766,0.0,Doc,0,3,1,5,Document-Real,/mnt/public/public_datasets/OpenMMSecV2/Doc/Real/b3f1184f13e94ca18079eb462c3c7e0f.jpg
15.137733459472656,-5.432126045227051,0.0,AIGC,0,2,1,3,AIGC-Real,/mnt/public/public_datasets/OpenMMSecV2/AIGC/laion/6b7697828d484d6b8b124728a3c610fd.jpg
-38.91383743286133,-38.620948791503906,0.0,deepfake,0,1,1,1,Deepfake-Real,/mnt/public/public_datasets/OpenMMSecV2/Deepfake/Real/FF++/9092bee180e94001bc2618ec8d3fdb55.png
-1.792213797569275,-9.750179290771484,0.0,IMDL,0,4,1,7,IMDL-Real,/mnt/public/public_datasets/OpenMMSecV2/IMDL/generative/coco/imgs/4a9990d39449473ea399a316dd3d999c.jpg
-42.41609573364258,-42.78812789916992,0.0,deepfake,0,1,1,1,Deepfake-Real,/mnt/public/public_datasets/OpenMMSecV2/Deepfake/Real/FF++/00a66ef68c7f47f0aaf4cd5286b2fc6d.png
41.3370361328125,-19.257020950317383,0.0,Doc,0,3,1,5,Document-Real,/mnt/public/public_datasets/OpenMMSecV2/Doc/Real/f3a8e97610ec4705859000e8b13a0818.jpg
-10.989065170288086,7.575555801391602,0.0,IMDL,1,4,2,8,IMDL-Fake,/mnt/public/public_datasets/OpenMMSecV2/IMDL/non_generative/manual_ps/imgs/31376d690de3435698718f899252249b.jpg
-33.59209442138672,-28.318241119384766,0.0,deepfake,0,1,1,1,Deepfake-Real,/mnt/public/public_datasets/OpenMMSecV2/Deepfake/Real/FF++/b7ab8c82e9f345d59e480295b6c228e5.png
-58.76853942871094,-10.87631893157959,0.0,deepfake,1,1,2,2,Deepfake-Fake,/mnt/public/public_datasets/OpenMMSecV2/Deepfake/Fake/FaceReenactment/DaGAN/d8380fd0dc8b48fa9ca12e669c6fc5f4.png
-24.53721046447754,-36.84086227416992,0.0,deepfake,0,1,1,1,Deepfake-Real,/mnt/public/public_datasets/OpenMMSecV2/Deepfake/Real/VFHQ/0ad19ad4a4604834b1398a28f1ca966c.png
32.05118179321289,-3.6622347831726074,0.0,AIGC,0,2,1,3,AIGC-Real,/mnt/public/public_datasets/OpenMMSecV2/AIGC/laion/366cf7cb17784b5a96701add0370e745.jpg
-38.17560958862305,-37.29161071777344,0.0,deepfake,0,1,1,1,Deepfake-Real,/mnt/public/public_datasets/OpenMMSecV2/Deepfake/Real/CelebDF-v2/dd4797767bea494698056acd3c9458ca.png
30.0666561126709,10.750641822814941,0.0,AIGC,0,2,1,3,AIGC-Real,/mnt/public/public_datasets/OpenMMSecV2/AIGC/laion/dad9be69b64840efb706f987a039e953.jpg
39.693878173828125,38.94428634643555,0.0,Doc,0,3,1,5,Document-Real,/mnt/public/public_datasets/OpenMMSecV2/Doc/Real/9a1a3fd93f094c5c9953dc7d94ad027e.jpg
37.22067642211914,-17.88972282409668,0.0,Doc,0,3,1,5,Document-Real,/mnt/public/public_datasets/OpenMMSecV2/Doc/Real/7c2fceef467944dc82ac6b6fd395ca27.jpg
-45.44357681274414,-30.756315231323242,0.0,deepfake,0,1,1,1,Deepfake-Real,/mnt/public/public_datasets/OpenMMSecV2/Deepfake/Real/FF++/e75e6ca791c244408d42dec395f69261.png
-17.725202560424805,5.176817893981934,0.0,AIGC,1,2,2,4,AIGC-Fake,/mnt/public/public_datasets/OpenMMSecV2/AIGC/pixel_diffusion/adm/imgs/6bbd2e6cecc54f57b74f27d71bb84df2.PNG
-42.6259880065918,-40.48275375366211,0.0,deepfake,0,1,1,1,Deepfake-Real,/mnt/public/public_datasets/OpenMMSecV2/Deepfake/Real/FF++/5b7608d1ab7545d28e25db5f24fce916.png
-34.137855529785156,-27.838361740112305,0.0,deepfake,0,1,1,1,Deepfake-Real,/mnt/public/public_datasets/OpenMMSecV2/Deepfake/Real/FF++/0ffeb59514ba4f9fb00151365d25e52d.png
25.414670944213867,50.266334533691406,0.0,Doc,1,3,2,6,Document-Fake,/mnt/public/public_datasets/OpenMMSecV2/Doc/non_aigc/generation/imgs/a72d5c43556843e8bd3954c9336b1619.jpg
23.08397102355957,-16.621030807495117,0.0,Doc,0,3,1,5,Document-Real,/mnt/public/public_datasets/OpenMMSecV2/Doc/Real/3cb16659ccbc448eb66937a553c3b0f4.jpg
7.332150936126709,-14.603132247924805,0.0,IMDL,0,4,1,7,IMDL-Real,/mnt/public/public_datasets/OpenMMSecV2/IMDL/generative/coco/imgs/8def2d61f1c54d1f8f42549e8d80c3ed.jpg
57.036705017089844,19.093355178833008,0.0,Doc,0,3,1,5,Document-Real,/mnt/public/public_datasets/OpenMMSecV2/Doc/Real/683ad77724034c38be3755459aebbb9e.jpg
-34.61925506591797,-19.242755889892578,0.0,deepfake,0,1,1,1,Deepfake-Real,/mnt/public/public_datasets/OpenMMSecV2/Deepfake/Real/FF++/3f90f8f17f9840a198dd617984c46638.png
-51.511451721191406,-36.26154327392578,0.0,deepfake,1,1,2,2,Deepfake-Fake,/mnt/public/public_datasets/OpenMMSecV2/Deepfake/Fake/EntireFaceSynthesis/SiT-XL/11984c672bb144a99ae5ebad13054aea.png
-3.5085229873657227,16.67962074279785,0.0,IMDL,1,4,2,8,IMDL-Fake,/mnt/public/public_datasets/OpenMMSecV2/IMDL/generative/stable_diffusion/imgs/ea399ca4542343f7aafc4889587cca36.png
-12.93979263305664,-13.892812728881836,0.0,AIGC,1,2,2,4,AIGC-Fake,/mnt/public/public_datasets/OpenMMSecV2/AIGC/other/online/imgs/b5fbf206a3c64ddcb921900fc8d85217.jpg
11.20251178741455,-20.74873161315918,0.0,IMDL,0,4,1,7,IMDL-Real,/mnt/public/public_datasets/OpenMMSecV2/IMDL/generative/stable_diffusion/imgs/64642b797fbd4086946ef695fc6abb25.png
43.19709396362305,-16.392589569091797,0.0,Doc,1,3,2,6,Document-Fake,/mnt/public/public_datasets/OpenMMSecV2/Doc/aigc/mostel/imgs/2c6594c9577745c8a1afbb9d4a50954d.jpg
33.10750961303711,15.203216552734375,0.0,AIGC,0,2,1,3,AIGC-Real,/mnt/public/public_datasets/OpenMMSecV2/AIGC/laion/61dc7b42b70f4a73a1895dc41d7b58b1.jpg
-2.3684253692626953,-15.264451026916504,0.0,IMDL,1,4,2,8,IMDL-Fake,/mnt/public/public_datasets/OpenMMSecV2/IMDL/non_generative/manual_ps/imgs/7ec247d589d44373a3a0b663aba1cf73.jpg
33.906455993652344,-25.975751876831055,0.0,Doc,0,3,1,5,Document-Real,/mnt/public/public_datasets/OpenMMSecV2/Doc/Real/8b4b1adf588b4bb69e68c8357df5911a.jpg
-50.788211822509766,-18.255090713500977,0.0,deepfake,1,1,2,2,Deepfake-Fake,/mnt/public/public_datasets/OpenMMSecV2/Deepfake/Fake/FaceReenactment/TPSMM/4c45c308b6484b82a0fb986185f099d7.png
-23.992233276367188,-30.408355712890625,0.0,deepfake,0,1,1,1,Deepfake-Real,/mnt/public/public_datasets/OpenMMSecV2/Deepfake/Real/VFHQ/52f7f05587544598918c1fb4b3286ff4.png
54.4726676940918,22.591903686523438,0.0,Doc,0,3,1,5,Document-Real,/mnt/public/public_datasets/OpenMMSecV2/Doc/Real/2be8c5204c114edf876122008b0ff634.jpg
7.01097297668457,-17.22263526916504,0.0,IMDL,0,4,1,7,IMDL-Real,/mnt/public/public_datasets/OpenMMSecV2/IMDL/generative/coco/imgs/9d67035fab6947338aeae10e518bb040.jpg
-2.6808149814605713,5.158926486968994,0.0,IMDL,0,4,1,7,IMDL-Real,/mnt/public/public_datasets/OpenMMSecV2/IMDL/generative/stable_diffusion/imgs/868144b03be547e68be2d6619bb1f2ab.png
-26.575685501098633,-39.2703971862793,0.0,deepfake,0,1,1,1,Deepfake-Real,/mnt/public/public_datasets/OpenMMSecV2/Deepfake/Real/UADFV/ef2cd21a74594d22878111d91fc63925.png
-57.46043014526367,-8.182513236999512,0.0,deepfake,1,1,2,2,Deepfake-Fake,/mnt/public/public_datasets/OpenMMSecV2/Deepfake/Fake/FaceReenactment/PIRender/ac25b246a7314a2b8d7178ab82bbff51.png
0.7792818546295166,60.60811233520508,0.0,Doc,1,3,2,6,Document-Fake,/mnt/public/public_datasets/OpenMMSecV2/Doc/non_aigc/copy-move/imgs/f00d31f5b14e41eba13f6f9dacbd5c2e.jpg
38.41009521484375,-24.55975914001465,0.0,Doc,0,3,1,5,Document-Real,/mnt/public/public_datasets/OpenMMSecV2/Doc/Real/974765eb65ea4b5a8d999c29d77beda9.jpg
23.539201736450195,3.0264532566070557,0.0,AIGC,0,2,1,3,AIGC-Real,/mnt/public/public_datasets/OpenMMSecV2/AIGC/laion/135c4416cd3049dd9ced933999dee551.jpg
-30.841217041015625,12.319291114807129,0.0,AIGC,1,2,2,4,AIGC-Fake,/mnt/public/public_datasets/OpenMMSecV2/AIGC/GAN/BigGAN/imgs/28eb4bd2aba643ecae18beaf1684e10c.png
26.239294052124023,-29.474641799926758,0.0,Doc,0,3,1,5,Document-Real,/mnt/public/public_datasets/OpenMMSecV2/Doc/Real/100619d3656847ba9a94160ae0614e74.jpg
-38.18949890136719,1.2572269439697266,0.0,deepfake,1,1,2,2,Deepfake-Fake,/mnt/public/public_datasets/OpenMMSecV2/Deepfake/Fake/EntireFaceSynthesis/WhichisReal/23fb94aae89d4e28b0fe474da3f8945c.png
-48.633602142333984,-8.864675521850586,0.0,deepfake,1,1,2,2,Deepfake-Fake,/mnt/public/public_datasets/OpenMMSecV2/Deepfake/Fake/EntireFaceSynthesis/StyleGAN-XL/3cf10a496e3446d39e7a0b69dea9880d.png
45.92484664916992,28.58173942565918,0.0,AIGC,0,2,1,3,AIGC-Real,/mnt/public/public_datasets/OpenMMSecV2/AIGC/laion/674675ebcc8d4810991a1f2503b2f51b.jpg
5.246973991394043,13.320918083190918,0.0,AIGC,1,2,2,4,AIGC-Fake,/mnt/public/public_datasets/OpenMMSecV2/AIGC/latent_diffusion/systematic/45d14cc326a2477d9dd90828fa18b9bf.jpg
3.1942391395568848,-26.8861026763916,0.0,IMDL,0,4,1,7,IMDL-Real,/mnt/public/public_datasets/OpenMMSecV2/IMDL/generative/stable_diffusion/imgs/e97ce0fb6c3b446f8f2094646e5404a2.png
6.087401390075684,-17.395164489746094,0.0,IMDL,0,4,1,7,IMDL-Real,/mnt/public/public_datasets/OpenMMSecV2/IMDL/generative/flux_1/imgs/3cfebf0a06f141af94ff732b6bf3a80c.png
44.84629440307617,38.640018463134766,0.0,Doc,1,3,2,6,Document-Fake,/mnt/public/public_datasets/OpenMMSecV2/Doc/non_aigc/cover/imgs/e3dfc340ae3c467fa2e7dc452419dd1f.jpg
5.173077583312988,-9.978789329528809,0.0,AIGC,0,2,1,3,AIGC-Real,/mnt/public/public_datasets/OpenMMSecV2/AIGC/other/online/imgs/d412c59dde2d4cd1b3e9a8b5c06cc639.jpg
6.03569221496582,-3.714641571044922,0.0,IMDL,0,4,1,7,IMDL-Real,/mnt/public/public_datasets/OpenMMSecV2/IMDL/generative/coco/imgs/8517d8a468984c4abf9141cf3220c546.jpg
-45.692264556884766,-30.28432273864746,0.0,deepfake,0,1,1,1,Deepfake-Real,/mnt/public/public_datasets/OpenMMSecV2/Deepfake/Real/FF++/a9cdd40ea0224cbd9292bdbdf02dd481.png
49.07661819458008,28.750417709350586,0.0,Doc,0,3,1,5,Document-Real,/mnt/public/public_datasets/OpenMMSecV2/Doc/Real/88270822baea498d897e7fc2df6a5abc.jpg
-8.956490516662598,-9.024211883544922,0.0,IMDL,1,4,2,8,IMDL-Fake,/mnt/public/public_datasets/OpenMMSecV2/IMDL/non_generative/manual_ps/imgs/5f483cd2f8964d6084bf6687a3a64cd9.jpg
7.4121904373168945,0.09473797678947449,0.0,AIGC,1,2,2,4,AIGC-Fake,/mnt/public/public_datasets/OpenMMSecV2/AIGC/other/online/imgs/2bab2bb4afb04923bbfde4ee8f717d38.jpg
26.64319610595703,52.50761413574219,0.0,Doc,1,3,2,6,Document-Fake,/mnt/public/public_datasets/OpenMMSecV2/Doc/non_aigc/copy-move/imgs/700c7b39afe043c5ac970c0bee3c2b6e.jpg
43.78274917602539,-16.548818588256836,0.0,Doc,0,3,1,5,Document-Real,/mnt/public/public_datasets/OpenMMSecV2/Doc/Real/f6aedae1d7f4445caab43cd544e49b53.jpg
-50.063411712646484,10.66622257232666,0.0,deepfake,1,1,2,2,Deepfake-Fake,/mnt/public/public_datasets/OpenMMSecV2/Deepfake/Fake/FaceEditing/e4e/ebb3dfbd3e64427ab0167480cc6b3a5c.jpg
-18.935335159301758,26.9968204498291,0.0,IMDL,1,4,2,8,IMDL-Fake,/mnt/public/public_datasets/OpenMMSecV2/IMDL/generative/stable_diffusion/imgs/cadc3cd9fcfd4aeb81bb4c68dbabe2e4.tiff
30.862823486328125,17.57492446899414,0.0,AIGC,0,2,1,3,AIGC-Real,/mnt/public/public_datasets/OpenMMSecV2/AIGC/laion/3dce58387dfe43f9a43999a30363e720.jpg
39.90811538696289,38.606353759765625,0.0,Doc,0,3,1,5,Document-Real,/mnt/public/public_datasets/OpenMMSecV2/Doc/Real/4aacd4d3217744c392eac441ab1b3400.jpg
10.768728256225586,-39.73826599121094,0.0,IMDL,0,4,1,7,IMDL-Real,/mnt/public/public_datasets/OpenMMSecV2/IMDL/generative/coco/imgs/54f0bfefaa8c4908bbd53c56d171d9fe.jpg
-5.034207344055176,-12.160087585449219,0.0,AIGC,1,2,2,4,AIGC-Fake,/mnt/public/public_datasets/OpenMMSecV2/AIGC/other/online/imgs/4b19b1f8592c46c383ece56b6811ac74.jpg
-56.6635856628418,-2.068709135055542,0.0,deepfake,1,1,2,2,Deepfake-Fake,/mnt/public/public_datasets/OpenMMSecV2/Deepfake/Fake/FaceEditing/StarGAN/c49c782ee26f4befb4dc395f36fd87f3.jpg
41.256839752197266,-12.106890678405762,0.0,Doc,0,3,1,5,Document-Real,/mnt/public/public_datasets/OpenMMSecV2/Doc/Real/195568c5e3a7454486ecade5a6944ce5.jpg
8.702298164367676,-8.87716293334961,0.0,AIGC,0,2,1,3,AIGC-Real,/mnt/public/public_datasets/OpenMMSecV2/AIGC/pixel_diffusion/adm/imgs/9f889f1eaa8d469cbd3758514c3b92bf.JPEG
26.759382247924805,21.923385620117188,0.0,AIGC,0,2,1,3,AIGC-Real,/mnt/public/public_datasets/OpenMMSecV2/AIGC/laion/c7e006770b0446b18458d7aaf871ca37.jpg
16.683895111083984,62.80094528198242,0.0,Doc,1,3,2,6,Document-Fake,/mnt/public/public_datasets/OpenMMSecV2/Doc/non_aigc/generation/imgs/04a3cf0ec63c4d74bec8df97f879f1be.jpg
-43.34279251098633,-26.042760848999023,0.0,deepfake,1,1,2,2,Deepfake-Fake,/mnt/public/public_datasets/OpenMMSecV2/Deepfake/Fake/FaceReenactment/Wav2Lip/815b35badf6c4b8a83d8856c1ea6cdc7.png
-21.387006759643555,26.507720947265625,0.0,IMDL,1,4,2,8,IMDL-Fake,/mnt/public/public_datasets/OpenMMSecV2/IMDL/generative/gan_mat/imgs/6e185cff4f15489cb3f5f2e36d47c9f0.jpg
-50.885616302490234,9.735145568847656,0.0,deepfake,1,1,2,2,Deepfake-Fake,/mnt/public/public_datasets/OpenMMSecV2/Deepfake/Fake/FaceEditing/e4e/f5543e645213454098cdff6b60c0de6a.jpg
-1.2520869970321655,21.230743408203125,0.0,IMDL,0,4,1,7,IMDL-Real,/mnt/public/public_datasets/OpenMMSecV2/IMDL/generative/flux_1/imgs/d0994cd953164a85a7c5935999ad60e8.png
33.904396057128906,-25.431167602539062,0.0,Doc,0,3,1,5,Document-Real,/mnt/public/public_datasets/OpenMMSecV2/Doc/Real/16b9584683b5453ea7931e5728dd9c8e.jpg
57.38412094116211,19.257951736450195,0.0,Doc,0,3,1,5,Document-Real,/mnt/public/public_datasets/OpenMMSecV2/Doc/Real/e380886363cd4b6d849b677a0f57d0e5.jpg
39.77150344848633,39.39767074584961,0.0,Doc,1,3,2,6,Document-Fake,/mnt/public/public_datasets/OpenMMSecV2/Doc/non_aigc/cover/imgs/9a7446449db54b08bb105680d6845329.jpg
31.86635971069336,2.0630359649658203,0.0,AIGC,0,2,1,3,AIGC-Real,/mnt/public/public_datasets/OpenMMSecV2/AIGC/laion/a943e992472a453bbbe3bd15bfe8f4d7.jpg
10.022278785705566,-26.224868774414062,0.0,IMDL,0,4,1,7,IMDL-Real,/mnt/public/public_datasets/OpenMMSecV2/IMDL/generative/coco/imgs/ae9d494869254a30b70403f87322c247.jpg
56.23370361328125,18.786462783813477,0.0,Doc,0,3,1,5,Document-Real,/mnt/public/public_datasets/OpenMMSecV2/Doc/Real/6d4bff5d70ee4f859143756f66317654.jpg
25.804851531982422,-29.114553451538086,0.0,Doc,0,3,1,5,Document-Real,/mnt/public/public_datasets/OpenMMSecV2/Doc/Real/7d47822b166a4bfa9381a960dc5af835.jpg
-18.988712310791016,27.464008331298828,0.0,IMDL,1,4,2,8,IMDL-Fake,/mnt/public/public_datasets/OpenMMSecV2/IMDL/generative/stable_diffusion/imgs/878833780c4f4c7cb85d558d36cc65bc.jpg
23.917020797729492,-23.901601791381836,0.0,Doc,1,3,2,6,Document-Fake,/mnt/public/public_datasets/OpenMMSecV2/Doc/aigc/textocr/imgs/eaf40029002d45608c80a9b12c762887.jpg
-28.8720703125,12.703657150268555,0.0,AIGC,1,2,2,4,AIGC-Fake,/mnt/public/public_datasets/OpenMMSecV2/AIGC/latent_diffusion/vqdiffusion/imgs/1107948bf9c241538fff6e85f6c90e02.png
23.929210662841797,52.54286193847656,0.0,Doc,1,3,2,6,Document-Fake,/mnt/public/public_datasets/OpenMMSecV2/Doc/non_aigc/copy-move/imgs/85214519d7464cc586bb8bcdd8dbe87a.jpg
41.224124908447266,-15.298227310180664,0.0,Doc,0,3,1,5,Document-Real,/mnt/public/public_datasets/OpenMMSecV2/Doc/Real/dd3d48113f06436d90f13914b5ddf775.jpg
-52.335514068603516,8.50146770477295,0.0,deepfake,1,1,2,2,Deepfake-Fake,/mnt/public/public_datasets/OpenMMSecV2/Deepfake/Fake/FaceEditing/e4e/e369d081d6124169b418f1fe4c6ea9b2.jpg
-44.04846954345703,-16.595605850219727,0.0,deepfake,0,1,1,1,Deepfake-Real,/mnt/public/public_datasets/OpenMMSecV2/Deepfake/Real/CelebDF-v2/24c2d2b7b9f34c68b8f88988917add48.png
-37.95851516723633,-36.08774948120117,0.0,deepfake,0,1,1,1,Deepfake-Real,/mnt/public/public_datasets/OpenMMSecV2/Deepfake/Real/FF++/713bdd5c3cc54bbe821a55dd1b196b5c.png
3.9329686164855957,60.22896957397461,0.0,Doc,1,3,2,6,Document-Fake,/mnt/public/public_datasets/OpenMMSecV2/Doc/non_aigc/copy-move/imgs/b1b861148fb54f719db21573039abee4.jpg
3.8584811687469482,47.58974075317383,0.0,Doc,1,3,2,6,Document-Fake,/mnt/public/public_datasets/OpenMMSecV2/Doc/non_aigc/cpmv/imgs/3e696141c1114cf0841ad63c4f3dead8.jpg
-19.847591400146484,21.0779972076416,0.0,AIGC,1,2,2,4,AIGC-Fake,/mnt/public/public_datasets/OpenMMSecV2/AIGC/latent_diffusion/systematic/0c43532301554e3d8760239282be4f8c.jpg
-38.28705978393555,-25.139814376831055,0.0,deepfake,0,1,1,1,Deepfake-Real,/mnt/public/public_datasets/OpenMMSecV2/Deepfake/Real/CelebDF-v2/f89854051e704857b1c21620107f08a5.png
-9.295477867126465,10.024648666381836,0.0,IMDL,1,4,2,8,IMDL-Fake,/mnt/public/public_datasets/OpenMMSecV2/IMDL/non_generative/manual_ps/imgs/bc7bb8b076d747da9b23112ff6898a82.jpg
32.93098068237305,-20.982097625732422,0.0,Doc,0,3,1,5,Document-Real,/mnt/public/public_datasets/OpenMMSecV2/Doc/aigc/derend/imgs/a58909d1e5734e78aa41bf10a9f23c37.jpg
-46.61079788208008,5.402196407318115,0.0,deepfake,1,1,2,2,Deepfake-Fake,/mnt/public/public_datasets/OpenMMSecV2/Deepfake/Fake/FaceEditing/e4e/2812bd8db09b4c54b17fa248e17a3f9e.jpg
-55.88435745239258,-9.918341636657715,0.0,deepfake,1,1,2,2,Deepfake-Fake,/mnt/public/public_datasets/OpenMMSecV2/Deepfake/Fake/FaceReenactment/PIRender/5c1c10c68650483eba05fb5d2c512720.png
1.7796820402145386,-23.630401611328125,0.0,IMDL,1,4,2,8,IMDL-Fake,/mnt/public/public_datasets/OpenMMSecV2/IMDL/non_generative/manual_ps/imgs/f462cba32e854ced93d69cbb1a3bc3f5.jpg
29.49557113647461,-9.502100944519043,0.0,Doc,1,3,2,6,Document-Fake,/mnt/public/public_datasets/OpenMMSecV2/Doc/aigc/textdiff/imgs/f40fd7a92138419db3b93fd7bfdc4910.jpg
0.12919509410858154,-5.967500686645508,0.0,AIGC,0,2,1,3,AIGC-Real,/mnt/public/public_datasets/OpenMMSecV2/AIGC/laion/7d23241f6388414389f83ed27488b287.jpg
-29.765506744384766,13.362469673156738,0.0,AIGC,1,2,2,4,AIGC-Fake,/mnt/public/public_datasets/OpenMMSecV2/AIGC/GAN/BigGAN/44b9c0f1e5d9470693f5d09d9741c6fe.jpg
-17.429229736328125,-10.816882133483887,0.0,AIGC,1,2,2,4,AIGC-Fake,/mnt/public/public_datasets/OpenMMSecV2/AIGC/other/online/imgs/f46aadcb1b5a470ca9457eedee959370.jpg
24.203876495361328,62.783355712890625,0.0,Doc,1,3,2,6,Document-Fake,/mnt/public/public_datasets/OpenMMSecV2/Doc/non_aigc/generation/imgs/ab95e9e580aa42eba7a832bc4d94f0b0.jpg
-10.406281471252441,8.832165718078613,0.0,IMDL,1,4,2,8,IMDL-Fake,/mnt/public/public_datasets/OpenMMSecV2/IMDL/non_generative/manual_ps/imgs/61c8e29e60ea44a683f4194b16800d5f.jpg
-39.62236404418945,-37.363704681396484,0.0,deepfake,0,1,1,1,Deepfake-Real,/mnt/public/public_datasets/OpenMMSecV2/Deepfake/Real/FF++/5c9c04035f9c45b0b8df32a60f386cd6.png
11.02374267578125,-14.908156394958496,0.0,Doc,0,3,1,5,Document-Real,/mnt/public/public_datasets/OpenMMSecV2/Doc/Real/22cb98fef5ad45a98b19407567900820.jpg
-52.896690368652344,9.537626266479492,0.0,deepfake,1,1,2,2,Deepfake-Fake,/mnt/public/public_datasets/OpenMMSecV2/Deepfake/Fake/FaceEditing/e4e/7942c4de3c8e4af19eaf7455ec3ac9fe.jpg
-30.044931411743164,-29.380998611450195,0.0,deepfake,0,1,1,1,Deepfake-Real,/mnt/public/public_datasets/OpenMMSecV2/Deepfake/Real/DFD/34ccf75dde4548e8879d345b53d15857.png
-38.271018981933594,-36.10637664794922,0.0,deepfake,0,1,1,1,Deepfake-Real,/mnt/public/public_datasets/OpenMMSecV2/Deepfake/Real/DFD/9b66b10268c440dc8a1b47918e6c6d3f.png
1.4153211116790771,47.519012451171875,0.0,Doc,0,3,1,5,Document-Real,/mnt/public/public_datasets/OpenMMSecV2/Doc/Real/54208ae02f8841a4a5bdbb85d3d5dfee.jpg
9.481976509094238,-22.099855422973633,0.0,IMDL,1,4,2,8,IMDL-Fake,/mnt/public/public_datasets/OpenMMSecV2/IMDL/generative/paintbyexample/imgs/47002c63488b45158b0ec3cadbcfb0a4.png
-30.17920684814453,11.876270294189453,0.0,AIGC,1,2,2,4,AIGC-Fake,/mnt/public/public_datasets/OpenMMSecV2/AIGC/GAN/BigGAN/9c9be8889dc248dd82294a8fb487cb7c.jpg
10.094964027404785,-8.50446605682373,0.0,IMDL,0,4,1,7,IMDL-Real,/mnt/public/public_datasets/OpenMMSecV2/IMDL/generative/stable_diffusion/imgs/bde98bb92c2e46d5b414bc8607fe08c2.png
-59.55176544189453,-8.349414825439453,0.0,deepfake,1,1,2,2,Deepfake-Fake,/mnt/public/public_datasets/OpenMMSecV2/Deepfake/Fake/FaceReenactment/PIRender/efd8ef88d38f477fba8305af70976195.png
1.7826552391052246,47.61308288574219,0.0,Doc,0,3,1,5,Document-Real,/mnt/public/public_datasets/OpenMMSecV2/Doc/Real/4d7aeafc53c04a48b94beda8d8c3f8ea.jpg
20.80845069885254,66.00537872314453,0.0,Doc,1,3,2,6,Document-Fake,/mnt/public/public_datasets/OpenMMSecV2/Doc/non_aigc/generation/imgs/d1eba2048d874f38aae87a481cf91f8e.jpg
12.567440032958984,-36.23001480102539,0.0,IMDL,0,4,1,7,IMDL-Real,/mnt/public/public_datasets/OpenMMSecV2/IMDL/generative/stable_diffusion/imgs/e91801d97b324eb68a7d892f83446ae5.png
24.116294860839844,53.339256286621094,0.0,Doc,1,3,2,6,Document-Fake,/mnt/public/public_datasets/OpenMMSecV2/Doc/non_aigc/copy-move/imgs/b65414cd4de043b7ab16f91f7fb125e7.jpg
-29.177946090698242,-25.019428253173828,0.0,deepfake,1,1,2,2,Deepfake-Fake,/mnt/public/public_datasets/OpenMMSecV2/Deepfake/Fake/FaceSwap/Unknow_FS/7183252f5e2b4c17ab7bdb43d7468dc9.png
-15.832527160644531,19.141035079956055,0.0,IMDL,1,4,2,8,IMDL-Fake,/mnt/public/public_datasets/OpenMMSecV2/IMDL/generative/stable_diffusion/imgs/58845ef165644d92891c9c51c240c5fd.jpg
-55.62807083129883,-9.985342025756836,0.0,deepfake,1,1,2,2,Deepfake-Fake,/mnt/public/public_datasets/OpenMMSecV2/Deepfake/Fake/FaceReenactment/PIRender/49ca77b356194b06bb87cc182f199426.png
52.04264450073242,22.20985984802246,0.0,Doc,0,3,1,5,Document-Real,/mnt/public/public_datasets/OpenMMSecV2/Doc/Real/512c3a28edc2498b897d9ea1721f4de7.jpg
55.32645797729492,20.235471725463867,0.0,Doc,0,3,1,5,Document-Real,/mnt/public/public_datasets/OpenMMSecV2/Doc/Real/7287af3d1d294d2ba46812bd31b8f899.jpg
-33.34201431274414,-24.381305694580078,0.0,deepfake,0,1,1,1,Deepfake-Real,/mnt/public/public_datasets/OpenMMSecV2/Deepfake/Real/FF++/e83b2bda24a94c72bef998731a0b75dd.png
-57.241886138916016,-11.118141174316406,0.0,deepfake,1,1,2,2,Deepfake-Fake,/mnt/public/public_datasets/OpenMMSecV2/Deepfake/Fake/FaceReenactment/HyperReenact/012b6e1448f1418fa7e63cacac154086.png
5.391030788421631,-35.764163970947266,0.0,IMDL,0,4,1,7,IMDL-Real,/mnt/public/public_datasets/OpenMMSecV2/IMDL/generative/coco/imgs/bdf0af8810bb47f7a7f50f421a5430c6.jpg
13.342506408691406,56.27904510498047,0.0,Doc,1,3,2,6,Document-Fake,/mnt/public/public_datasets/OpenMMSecV2/Doc/non_aigc/edit/imgs/47f582ff8f6d4149bc33bfff59a1a013.jpg
11.581653594970703,53.06576919555664,0.0,Doc,1,3,2,6,Document-Fake,/mnt/public/public_datasets/OpenMMSecV2/Doc/non_aigc/insert/imgs/f4b0f58adf4947d89b4a0ebacf497e0e.jpg
26.429309844970703,21.96281623840332,0.0,AIGC,0,2,1,3,AIGC-Real,/mnt/public/public_datasets/OpenMMSecV2/AIGC/laion/ea6e0936745b449c8277ccb158a12bb1.jpg
-61.431915283203125,-12.624471664428711,0.0,deepfake,1,1,2,2,Deepfake-Fake,/mnt/public/public_datasets/OpenMMSecV2/Deepfake/Fake/EntireFaceSynthesis/RDDM/4bf81251eda54540b2471d8815c4a9fc.png
42.42930603027344,37.263427734375,0.0,Doc,1,3,2,6,Document-Fake,/mnt/public/public_datasets/OpenMMSecV2/Doc/non_aigc/cpmv/imgs/1bf466bac0e448138596e06ab7b04a56.jpg
45.58576202392578,28.15944480895996,0.0,Doc,1,3,2,6,Document-Fake,/mnt/public/public_datasets/OpenMMSecV2/Doc/non_aigc/cpmv/imgs/8ddb8496b0d84af981a815297e8a61bf.jpg
-0.6008493304252625,61.55976867675781,0.0,Doc,1,3,2,6,Document-Fake,/mnt/public/public_datasets/OpenMMSecV2/Doc/non_aigc/generation/imgs/a32ab9c31ac64a6a814f79fa72bf2e7a.jpg
46.005035400390625,41.882625579833984,0.0,Doc,0,3,1,5,Document-Real,/mnt/public/public_datasets/OpenMMSecV2/Doc/Real/56bd676dc5c3414facd14167a40d5b23.jpg
32.22428894042969,11.810498237609863,0.0,AIGC,0,2,1,3,AIGC-Real,/mnt/public/public_datasets/OpenMMSecV2/AIGC/laion/2f54460faa9c48cc9f03d92daca7c982.jpg
-13.427799224853516,-13.856982231140137,0.0,AIGC,1,2,2,4,AIGC-Fake,/mnt/public/public_datasets/OpenMMSecV2/AIGC/other/online/imgs/4811fa5ba1fc42a1bc309013ce0d401e.jpg
-31.483291625976562,-25.985382080078125,0.0,deepfake,0,1,1,1,Deepfake-Real,/mnt/public/public_datasets/OpenMMSecV2/Deepfake/Real/CelebDF-v2/997448b0ae234caaa58a1cf6dc25c7a7.png
10.83881664276123,52.68952560424805,0.0,Doc,1,3,2,6,Document-Fake,/mnt/public/public_datasets/OpenMMSecV2/Doc/non_aigc/inpaint/imgs/597444980bc145a8b79283851098adb2.jpg
-7.611710548400879,-0.5590853691101074,0.0,AIGC,0,2,1,3,AIGC-Real,/mnt/public/public_datasets/OpenMMSecV2/AIGC/other/online/imgs/7627227e437a4bf9857c6c1a649387f6.jpg
-24.310148239135742,13.631752014160156,0.0,AIGC,1,2,2,4,AIGC-Fake,/mnt/public/public_datasets/OpenMMSecV2/AIGC/pixel_diffusion/adm/imgs/ca7486e84b774f84a9f1f9bdc3e5eeb5.PNG
-44.44259262084961,3.961245536804199,0.0,AIGC,1,2,2,4,AIGC-Fake,/mnt/public/public_datasets/OpenMMSecV2/AIGC/autoregressive_model/tamingtransformers/189f3cd2e0ef4a90ab18734071a1b392.jpg
-18.517887115478516,2.5919578075408936,0.0,AIGC,0,2,1,3,AIGC-Real,/mnt/public/public_datasets/OpenMMSecV2/AIGC/other/online/imgs/06fd01a96a654109942b9868be2f7433.jpg
2.2059783935546875,47.64236068725586,0.0,Doc,0,3,1,5,Document-Real,/mnt/public/public_datasets/OpenMMSecV2/Doc/Real/843287175ef14383831889abe13e8186.jpg
-45.450592041015625,5.009634494781494,0.0,AIGC,1,2,2,4,AIGC-Fake,/mnt/public/public_datasets/OpenMMSecV2/AIGC/autoregressive_model/tamingtransformers/7b8ef876029a4c939e767eccef217ae0.jpg
0.10696519911289215,-12.08587646484375,0.0,AIGC,0,2,1,3,AIGC-Real,/mnt/public/public_datasets/OpenMMSecV2/AIGC/other/online/imgs/3bf7a6ac218f428b9384cd2469b4f8fc.jpg
16.27785301208496,-18.826457977294922,0.0,IMDL,0,4,1,7,IMDL-Real,/mnt/public/public_datasets/OpenMMSecV2/IMDL/generative/coco/imgs/acec87c6669b4cf58d6db387e5c6b457.jpg
-12.135780334472656,11.261961936950684,0.0,IMDL,1,4,2,8,IMDL-Fake,/mnt/public/public_datasets/OpenMMSecV2/IMDL/generative/stable_diffusion/imgs/c20e54f74d7041cfac4a4b2a92d2eeac.png
7.977567195892334,-22.474288940429688,0.0,Doc,0,3,1,5,Document-Real,/mnt/public/public_datasets/OpenMMSecV2/Doc/Real/fd339d12acf04fe5b6eeb3f03a4976b7.jpg
46.664031982421875,33.980960845947266,0.0,Doc,1,3,2,6,Document-Fake,/mnt/public/public_datasets/OpenMMSecV2/Doc/non_aigc/cpmv/imgs/13b30cb8f3cc4f72bfd0c511ad15d535.jpg
25.633132934570312,55.04753494262695,0.0,Doc,1,3,2,6,Document-Fake,/mnt/public/public_datasets/OpenMMSecV2/Doc/non_aigc/generation/imgs/cda32984e4994eba943f712722cd455f.jpg
43.52117156982422,40.67292404174805,0.0,Doc,1,3,2,6,Document-Fake,/mnt/public/public_datasets/OpenMMSecV2/Doc/non_aigc/cpmv/imgs/145f62bd14554493a889fbc2dd51f089.jpg
10.597942352294922,-24.0155086517334,0.0,IMDL,0,4,1,7,IMDL-Real,/mnt/public/public_datasets/OpenMMSecV2/IMDL/generative/coco/imgs/3133d9ef7f434a6ca87aec9399261cd7.jpg
5.045093536376953,-11.976806640625,0.0,IMDL,1,4,2,8,IMDL-Fake,/mnt/public/public_datasets/OpenMMSecV2/IMDL/generative/flux_1/imgs/5066d73d61574a2a81078e7e701ec89e.png
56.44550704956055,22.257444381713867,0.0,Doc,0,3,1,5,Document-Real,/mnt/public/public_datasets/OpenMMSecV2/Doc/Real/9e5a9511569a445b9b5c619a166ad103.jpg
1.6502450704574585,-2.910938024520874,0.0,IMDL,0,4,1,7,IMDL-Real,/mnt/public/public_datasets/OpenMMSecV2/IMDL/non_generative/manual_ps/imgs/3deb102ad1164ca0ad0036a509060a5d.jpg
-39.78507995605469,9.505948066711426,0.0,deepfake,1,1,2,2,Deepfake-Fake,/mnt/public/public_datasets/OpenMMSecV2/Deepfake/Fake/FaceSwap/FaceShifter/a478ff5c51a04ef893201392ea04d9fc.png
50.184078216552734,30.09320068359375,0.0,Doc,0,3,1,5,Document-Real,/mnt/public/public_datasets/OpenMMSecV2/Doc/Real/cda91c934ab4450b8f4898fa03645a17.jpg
33.7362174987793,-11.411211967468262,0.0,Doc,0,3,1,5,Document-Real,/mnt/public/public_datasets/OpenMMSecV2/Doc/Real/7e7b7adeeb9b4c4c9c4e70bdbce41f8e.jpg
1.7110581398010254,-8.507706642150879,0.0,IMDL,0,4,1,7,IMDL-Real,/mnt/public/public_datasets/OpenMMSecV2/IMDL/generative/stable_diffusion/imgs/c36ba5dbeade4bbc81bfadc21717cf05.png
-49.0241813659668,-11.757427215576172,0.0,deepfake,1,1,2,2,Deepfake-Fake,/mnt/public/public_datasets/OpenMMSecV2/Deepfake/Fake/FaceSwap/Deepfake/fa3ac64379364074a90ae5ccfdb50d27.png
19.615222930908203,1.5272196531295776,0.0,AIGC,0,2,1,3,AIGC-Real,/mnt/public/public_datasets/OpenMMSecV2/AIGC/laion/f8949b41d617480080619ad91bff9514.jpg
-42.28666687011719,-31.274681091308594,0.0,deepfake,0,1,1,1,Deepfake-Real,/mnt/public/public_datasets/OpenMMSecV2/Deepfake/Real/CelebDF-v2/74f4ea766b06417bb4fc2ce49edc1d41.png
-55.90876007080078,-14.71148681640625,0.0,deepfake,1,1,2,2,Deepfake-Fake,/mnt/public/public_datasets/OpenMMSecV2/Deepfake/Fake/FaceReenactment/TPSMM/d1ba0f9f5c7042af868c1074e5fbacab.png
-43.787113189697266,-2.973924398422241,0.0,deepfake,1,1,2,2,Deepfake-Fake,/mnt/public/public_datasets/OpenMMSecV2/Deepfake/Fake/FaceEditing/StarGANv2/b2fd9a4954ef4f77bf5fa9c195c96fd6.jpg
-8.812519073486328,-7.885687828063965,0.0,AIGC,0,2,1,3,AIGC-Real,/mnt/public/public_datasets/OpenMMSecV2/AIGC/laion/4ccb9df729b94b19b440e5a7ba54d53b.jpg
-44.064170837402344,-27.740291595458984,0.0,deepfake,0,1,1,1,Deepfake-Real,/mnt/public/public_datasets/OpenMMSecV2/Deepfake/Real/FF++/8fe02cbf61eb4e14b07f8816322f9411.png
-50.01169204711914,-6.982645511627197,0.0,deepfake,1,1,2,2,Deepfake-Fake,/mnt/public/public_datasets/OpenMMSecV2/Deepfake/Fake/FaceSwap/e4s/7e76538cb5484d899312f12fd5bd96e9.png
-1.485827088356018,25.39097023010254,0.0,AIGC,1,2,2,4,AIGC-Fake,/mnt/public/public_datasets/OpenMMSecV2/AIGC/latent_diffusion/systematic/80fdb96531034f40b0d4fac5d9e73521.jpg
-31.29983901977539,-40.47023391723633,0.0,deepfake,0,1,1,1,Deepfake-Real,/mnt/public/public_datasets/OpenMMSecV2/Deepfake/Real/FF++/e178e56a7e2444e2ba27c778fca0ce73.png
-48.837303161621094,10.09952163696289,0.0,deepfake,1,1,2,2,Deepfake-Fake,/mnt/public/public_datasets/OpenMMSecV2/Deepfake/Fake/FaceEditing/e4e/dfbd5d5d4b54451e8280ddfc40d414b6.jpg
-45.01837921142578,-26.612098693847656,0.0,deepfake,1,1,2,2,Deepfake-Fake,/mnt/public/public_datasets/OpenMMSecV2/Deepfake/Fake/FaceReenactment/Wav2Lip/6e69152b677c440cada00ceb694349aa.png
-24.80930519104004,-30.48440933227539,0.0,deepfake,0,1,1,1,Deepfake-Real,/mnt/public/public_datasets/OpenMMSecV2/Deepfake/Real/VFHQ/f59d12332e2042e28b90db427510125b.png
-40.54319381713867,-15.708038330078125,0.0,deepfake,0,1,1,1,Deepfake-Real,/mnt/public/public_datasets/OpenMMSecV2/Deepfake/Real/DFD/8036f6f1825844b3ada7dd715d3d5a83.png
12.73164176940918,-19.146217346191406,0.0,IMDL,0,4,1,7,IMDL-Real,/mnt/public/public_datasets/OpenMMSecV2/IMDL/generative/coco/imgs/b76a2dd1a50d4618a54d55d305618617.jpg
11.552804946899414,-27.752849578857422,0.0,IMDL,0,4,1,7,IMDL-Real,/mnt/public/public_datasets/OpenMMSecV2/IMDL/generative/coco/imgs/5adbf99c65014febad04b36f306f5011.jpg
-39.945518493652344,-40.66157150268555,0.0,deepfake,0,1,1,1,Deepfake-Real,/mnt/public/public_datasets/OpenMMSecV2/Deepfake/Real/FF++/72cc5fc53cf6488fa980e8ffd5469285.png
31.224163055419922,17.885414123535156,0.0,AIGC,0,2,1,3,AIGC-Real,/mnt/public/public_datasets/OpenMMSecV2/AIGC/laion/b7d8440e996042d5935369932bc450c2.jpg
-45.601043701171875,-34.97785568237305,0.0,deepfake,0,1,1,1,Deepfake-Real,/mnt/public/public_datasets/OpenMMSecV2/Deepfake/Real/CelebDF-v2/a96cb33fdb5f4e3fa0862e00ed15f228.png
-49.96677017211914,-2.2686989307403564,0.0,deepfake,1,1,2,2,Deepfake-Fake,/mnt/public/public_datasets/OpenMMSecV2/Deepfake/Fake/FaceEditing/StarGAN/2ecb098912394173a9428f2c9d9e1bce.jpg
-19.270605087280273,8.082380294799805,0.0,IMDL,1,4,2,8,IMDL-Fake,/mnt/public/public_datasets/OpenMMSecV2/IMDL/generative/stable_diffusion/imgs/e74b8ceb07f54d83ad55d87387446544.png
2.201132297515869,7.454343795776367,0.0,IMDL,1,4,2,8,IMDL-Fake,/mnt/public/public_datasets/OpenMMSecV2/IMDL/non_generative/manual_ps/imgs/1f15419e04f7490abb9d6f394361e303.tif
11.154767990112305,3.233765125274658,0.0,AIGC,0,2,1,3,AIGC-Real,/mnt/public/public_datasets/OpenMMSecV2/AIGC/other/online/imgs/fb9bba335c914bec9d2f851216e15c79.jpg
-17.119844436645508,-20.154664993286133,0.0,IMDL,0,4,1,7,IMDL-Real,/mnt/public/public_datasets/OpenMMSecV2/IMDL/generative/stable_diffusion/imgs/fe43c824bcc140ca80db49c0788de6bc.png
4.722307205200195,-28.163124084472656,0.0,IMDL,1,4,2,8,IMDL-Fake,/mnt/public/public_datasets/OpenMMSecV2/IMDL/generative/flux_1/imgs/97f08ed0f1d54b09a1f0289bc5fc21b4.png
-31.56192398071289,-41.36892318725586,0.0,deepfake,0,1,1,1,Deepfake-Real,/mnt/public/public_datasets/OpenMMSecV2/Deepfake/Real/FF++/065cfd989def4d7eaafec9dc1693317a.png
10.727840423583984,-39.61766815185547,0.0,IMDL,0,4,1,7,IMDL-Real,/mnt/public/public_datasets/OpenMMSecV2/IMDL/generative/coco/imgs/0c8ecaa8ea7f4a5da2d4ffd5df1fb0c1.jpg
-42.97916030883789,-4.311615467071533,0.0,deepfake,1,1,2,2,Deepfake-Fake,/mnt/public/public_datasets/OpenMMSecV2/Deepfake/Fake/FaceEditing/StarGANv2/897079ba7d974ada832654ec99d6dabf.jpg
24.479511260986328,-4.55914306640625,0.0,IMDL,1,4,2,8,IMDL-Fake,/mnt/public/public_datasets/OpenMMSecV2/IMDL/generative/flux_1/imgs/b5c65d0a8fce4a0dbcfa088df309937e.png
19.930469512939453,65.37506103515625,0.0,Doc,1,3,2,6,Document-Fake,/mnt/public/public_datasets/OpenMMSecV2/Doc/non_aigc/copy-move/imgs/f189a691388d49faa80f6a40fa2bb6a1.jpg
-22.028377532958984,-29.7142276763916,0.0,deepfake,0,1,1,1,Deepfake-Real,/mnt/public/public_datasets/OpenMMSecV2/Deepfake/Real/DFD/1a1cf61ecc9449d8aeda00dc3e347621.png
7.8109235763549805,-24.54313087463379,0.0,IMDL,0,4,1,7,IMDL-Real,/mnt/public/public_datasets/OpenMMSecV2/IMDL/generative/coco/imgs/a89c2a71f56c4936894dc1c2e8b5cf05.jpg
6.96592378616333,-4.989408016204834,0.0,Doc,1,3,2,6,Document-Fake,/mnt/public/public_datasets/OpenMMSecV2/Doc/aigc/textocr/imgs/0f67d0a0e6b84359a0aac46eec0d7d12.jpg
-60.925636291503906,-11.183382034301758,0.0,deepfake,1,1,2,2,Deepfake-Fake,/mnt/public/public_datasets/OpenMMSecV2/Deepfake/Fake/EntireFaceSynthesis/RDDM/a0318e96b79b44488cccbcc601b7f02f.png
30.861852645874023,3.9408204555511475,0.0,AIGC,0,2,1,3,AIGC-Real,/mnt/public/public_datasets/OpenMMSecV2/AIGC/laion/346b3d93d3f94ecb952b7255f9956025.jpg
-11.683280944824219,-12.29275131225586,0.0,AIGC,1,2,2,4,AIGC-Fake,/mnt/public/public_datasets/OpenMMSecV2/AIGC/other/online/imgs/3456b2f325714230b2ad8a0e2ad71185.jpg
-50.445491790771484,9.63699722290039,0.0,deepfake,1,1,2,2,Deepfake-Fake,/mnt/public/public_datasets/OpenMMSecV2/Deepfake/Fake/FaceEditing/e4e/fac676e2876642e5ad08f38207e960ed.jpg
47.101654052734375,33.663639068603516,0.0,Doc,1,3,2,6,Document-Fake,/mnt/public/public_datasets/OpenMMSecV2/Doc/non_aigc/insert/imgs/8198dea04b12426395a7bd092fcb4c96.jpg
-48.62078857421875,-14.709458351135254,0.0,deepfake,1,1,2,2,Deepfake-Fake,/mnt/public/public_datasets/OpenMMSecV2/Deepfake/Fake/FaceSwap/SimSwap/1bb4917a8d8348a6b120b1f003df1378.png
-44.95164489746094,-28.54425811767578,0.0,deepfake,0,1,1,1,Deepfake-Real,/mnt/public/public_datasets/OpenMMSecV2/Deepfake/Real/FF++/c386e686f7534569beaf3eff1669973e.png
32.45583724975586,1.7514317035675049,0.0,AIGC,0,2,1,3,AIGC-Real,/mnt/public/public_datasets/OpenMMSecV2/AIGC/laion/f211da0076084ee2bdec0f5bfbecd14d.jpg
-22.51336669921875,13.114964485168457,0.0,AIGC,1,2,2,4,AIGC-Fake,/mnt/public/public_datasets/OpenMMSecV2/AIGC/pixel_diffusion/guided_diffusion/4343f9893cb4455c876150a9979e69c5.jpg
-42.33405685424805,-24.103620529174805,0.0,deepfake,0,1,1,1,Deepfake-Real,/mnt/public/public_datasets/OpenMMSecV2/Deepfake/Real/CelebDF-v2/cbcf574ed8bd4186b6c62aa08f532a8f.png
46.67705535888672,40.21072006225586,0.0,Doc,0,3,1,5,Document-Real,/mnt/public/public_datasets/OpenMMSecV2/Doc/Real/d17e872054fd4c429f923a417cccc323.jpg
28.334257125854492,19.75752830505371,0.0,AIGC,0,2,1,3,AIGC-Real,/mnt/public/public_datasets/OpenMMSecV2/AIGC/laion/0492527612e34f259e5adc59cc0f602c.jpg
44.622283935546875,-17.6240177154541,0.0,Doc,0,3,1,5,Document-Real,/mnt/public/public_datasets/OpenMMSecV2/Doc/Real/9c3db1d5ce7a48c188df4bd1fe3d731c.jpg
-23.46274185180664,-22.11871337890625,0.0,deepfake,0,1,1,1,Deepfake-Real,/mnt/public/public_datasets/OpenMMSecV2/Deepfake/Real/FFHQ/a3620c5dc44c4932a93dfc5307e230bb.jpg
22.04213523864746,66.61267852783203,0.0,Doc,1,3,2,6,Document-Fake,/mnt/public/public_datasets/OpenMMSecV2/Doc/non_aigc/generation/imgs/8ed4b510696b4e78abfa70a9cd599afa.jpg
15.239255905151367,-18.39557456970215,0.0,IMDL,0,4,1,7,IMDL-Real,/mnt/public/public_datasets/OpenMMSecV2/IMDL/generative/flux_1/imgs/95c0e126a3cf4844981a4e308821feae.png
5.371907711029053,0.8106135129928589,0.0,AIGC,0,2,1,3,AIGC-Real,/mnt/public/public_datasets/OpenMMSecV2/AIGC/laion/92a6255566ac486a9659767b6fbd7467.jpg
-22.30884552001953,9.393198013305664,0.0,AIGC,1,2,2,4,AIGC-Fake,/mnt/public/public_datasets/OpenMMSecV2/AIGC/GAN/GigaGAN/1f315a0206c1460a9eaeead1fc59e265.jpg
41.22415542602539,-15.29822826385498,0.0,Doc,0,3,1,5,Document-Real,/mnt/public/public_datasets/OpenMMSecV2/Doc/Real/e07e32708c454cfe9a27c2000202cc61.jpg
-46.440643310546875,5.741024971008301,0.0,deepfake,1,1,2,2,Deepfake-Fake,/mnt/public/public_datasets/OpenMMSecV2/Deepfake/Fake/FaceEditing/e4e/92db4aef1d2d47bfa679b6543b92564a.jpg
-28.503681182861328,-21.97905158996582,0.0,deepfake,0,1,1,1,Deepfake-Real,/mnt/public/public_datasets/OpenMMSecV2/Deepfake/Real/FFHQ/2ed65c53079140a897bcc68ef5a2b01c.jpg
-32.52106475830078,-41.96671676635742,0.0,deepfake,0,1,1,1,Deepfake-Real,/mnt/public/public_datasets/OpenMMSecV2/Deepfake/Real/FF++/e8ffffb21dcc4396996ac1b906696613.png
-40.020809173583984,-11.816112518310547,0.0,deepfake,1,1,2,2,Deepfake-Fake,/mnt/public/public_datasets/OpenMMSecV2/Deepfake/Fake/FaceReenactment/HeyGen/6c5d3941e061450e8ddfdb0c6cb82e3a.png
-42.97730255126953,9.165956497192383,0.0,deepfake,1,1,2,2,Deepfake-Fake,/mnt/public/public_datasets/OpenMMSecV2/Deepfake/Fake/EntireFaceSynthesis/SD-2.1/d8f265b7d4cb4046a56c93ccd1d47323.png
-19.344926834106445,26.011587142944336,0.0,IMDL,1,4,2,8,IMDL-Fake,/mnt/public/public_datasets/OpenMMSecV2/IMDL/generative/paintbyexample/imgs/63860ba8d0bc4dd6bc7e00f1dc0d54c8.png
-24.230031967163086,14.799488067626953,0.0,AIGC,1,2,2,4,AIGC-Fake,/mnt/public/public_datasets/OpenMMSecV2/AIGC/pixel_diffusion/glide/imgs/911072969bfc4667b85c0c49d7d22577.png
-45.562904357910156,11.56495475769043,0.0,deepfake,1,1,2,2,Deepfake-Fake,/mnt/public/public_datasets/OpenMMSecV2/Deepfake/Fake/EntireFaceSynthesis/StyleGAN2/e84baebc15684dc19c786929f9eea4a7.png
-1.7351230382919312,-9.771530151367188,0.0,IMDL,1,4,2,8,IMDL-Fake,/mnt/public/public_datasets/OpenMMSecV2/IMDL/generative/flux_1/imgs/a683404359cc40b48cad3ddd927c5e75.png
-19.664033889770508,24.873533248901367,0.0,IMDL,1,4,2,8,IMDL-Fake,/mnt/public/public_datasets/OpenMMSecV2/IMDL/generative/gan_mat/imgs/d314c1422e114cbbb5ae8d3dbf44ddf0.jpg
3.939013957977295,61.2388916015625,0.0,Doc,1,3,2,6,Document-Fake,/mnt/public/public_datasets/OpenMMSecV2/Doc/non_aigc/copy-move/imgs/a839ada59c7f40f99360468ba7df8f3a.jpg
10.767130851745605,18.29703712463379,0.0,AIGC,1,2,2,4,AIGC-Fake,/mnt/public/public_datasets/OpenMMSecV2/AIGC/commercial/imagen/d7273b52274f4ed19e11bd0e1c41b6e0.jpg
2.6681082248687744,-6.520722389221191,0.0,AIGC,0,2,1,3,AIGC-Real,/mnt/public/public_datasets/OpenMMSecV2/AIGC/other/online/imgs/a5fcc9c3637d4772838e0ad3586b6659.jpg
9.184324264526367,-31.42464256286621,0.0,IMDL,0,4,1,7,IMDL-Real,/mnt/public/public_datasets/OpenMMSecV2/IMDL/generative/stable_diffusion/imgs/5695e82ea7c94681a58ae16d93c5c769.png
7.639538764953613,-10.098189353942871,0.0,IMDL,1,4,2,8,IMDL-Fake,/mnt/public/public_datasets/OpenMMSecV2/IMDL/non_generative/manual_ps/imgs/0c73ce82bfa7454db4f27303d1f8fb4e.jpg
-0.4951289892196655,-37.042877197265625,0.0,AIGC,0,2,1,3,AIGC-Real,/mnt/public/public_datasets/OpenMMSecV2/AIGC/laion/0f68192ec371448a81904c04d73506be.jpg
20.40877342224121,21.02250099182129,0.0,AIGC,0,2,1,3,AIGC-Real,/mnt/public/public_datasets/OpenMMSecV2/AIGC/laion/28cf1ec4754443f8b6fcac4deaede33b.jpg
-35.836734771728516,2.194702386856079,0.0,AIGC,1,2,2,4,AIGC-Fake,/mnt/public/public_datasets/OpenMMSecV2/AIGC/GAN/StyleSANXL/8ff05b08a91e41d7804f08157cf1380c.jpg
8.472782135009766,18.54731559753418,0.0,IMDL,1,4,2,8,IMDL-Fake,/mnt/public/public_datasets/OpenMMSecV2/IMDL/generative/stable_diffusion/imgs/d5573f9d2d44417a846ae620af70b740.png
53.56265640258789,21.77811622619629,0.0,Doc,0,3,1,5,Document-Real,/mnt/public/public_datasets/OpenMMSecV2/Doc/Real/7552554f741441bf800bf727cf12c03f.jpg
-4.586598873138428,-9.087373733520508,0.0,IMDL,1,4,2,8,IMDL-Fake,/mnt/public/public_datasets/OpenMMSecV2/IMDL/non_generative/manual_ps/imgs/91e31d39692746a08145f417fde0ea67.jpg
-21.32447052001953,0.20170819759368896,0.0,AIGC,0,2,1,3,AIGC-Real,/mnt/public/public_datasets/OpenMMSecV2/AIGC/other/online/imgs/5b34c17af9b54c80834bc31ad13d0c7d.jpg
43.48554992675781,-19.077444076538086,0.0,Doc,0,3,1,5,Document-Real,/mnt/public/public_datasets/OpenMMSecV2/Doc/aigc/derend/imgs/75a2639c25b84b1e971140e937a83895.jpg
-9.12913990020752,16.101287841796875,0.0,IMDL,1,4,2,8,IMDL-Fake,/mnt/public/public_datasets/OpenMMSecV2/IMDL/non_generative/manual_ps/imgs/24355235e2d64f2bad3f2348257548ee.jpg
-53.23726272583008,-15.742131233215332,0.0,deepfake,1,1,2,2,Deepfake-Fake,/mnt/public/public_datasets/OpenMMSecV2/Deepfake/Fake/FaceReenactment/TPSMM/30783cb2154a474b9d31b4e4957d2b4b.png
38.22163391113281,41.007408142089844,0.0,Doc,0,3,1,5,Document-Real,/mnt/public/public_datasets/OpenMMSecV2/Doc/Real/ec80edbcdb184b8a8417cb967ecad75a.jpg
-37.726417541503906,-41.36373519897461,0.0,deepfake,0,1,1,1,Deepfake-Real,/mnt/public/public_datasets/OpenMMSecV2/Deepfake/Real/FF++/9d555196d1ec49178c0bde4f8103840e.png
-24.7913761138916,6.795322895050049,0.0,AIGC,1,2,2,4,AIGC-Fake,/mnt/public/public_datasets/OpenMMSecV2/AIGC/latent_diffusion/systematic/54db63a0dfeb463d99ada75f9369977d.jpg
43.3645133972168,38.63827133178711,0.0,Doc,0,3,1,5,Document-Real,/mnt/public/public_datasets/OpenMMSecV2/Doc/Real/e9a294979079420ead6ca89180151852.jpg
31.644041061401367,10.576831817626953,0.0,AIGC,0,2,1,3,AIGC-Real,/mnt/public/public_datasets/OpenMMSecV2/AIGC/laion/6a41e8d846a040ff95a27690d16554ac.jpg
19.324386596679688,64.91559600830078,0.0,Doc,1,3,2,6,Document-Fake,/mnt/public/public_datasets/OpenMMSecV2/Doc/non_aigc/copy-move/imgs/c2723fb20e244f329116c665c7b8112e.jpg
-25.636943817138672,11.644501686096191,0.0,AIGC,1,2,2,4,AIGC-Fake,/mnt/public/public_datasets/OpenMMSecV2/AIGC/pixel_diffusion/adm/imgs/0bb9dc842e1a41b4818260988c66840c.PNG
-56.07487106323242,-11.057971954345703,0.0,deepfake,1,1,2,2,Deepfake-Fake,/mnt/public/public_datasets/OpenMMSecV2/Deepfake/Fake/FaceReenactment/HyperReenact/17b0dbb6a58941f1a00972c1985db25b.png
32.46752166748047,15.639850616455078,0.0,AIGC,0,2,1,3,AIGC-Real,/mnt/public/public_datasets/OpenMMSecV2/AIGC/laion/3233e73739ce468bbec423d2f018f094.jpg
45.57156753540039,37.2811164855957,0.0,Doc,0,3,1,5,Document-Real,/mnt/public/public_datasets/OpenMMSecV2/Doc/Real/145ea43f902141c59b5d573b34e575e9.jpg
-57.291900634765625,8.32961368560791,0.0,deepfake,1,1,2,2,Deepfake-Fake,/mnt/public/public_datasets/OpenMMSecV2/Deepfake/Fake/FaceEditing/StarGANv2/db9ecb1011014ef1a068139c2a70c12b.jpg
10.649106979370117,-3.3536369800567627,0.0,IMDL,1,4,2,8,IMDL-Fake,/mnt/public/public_datasets/OpenMMSecV2/IMDL/non_generative/manual_ps/imgs/1afb167b02bf4dcba937d583ac141c99.jpg
12.773338317871094,-12.547911643981934,0.0,IMDL,1,4,2,8,IMDL-Fake,/mnt/public/public_datasets/OpenMMSecV2/IMDL/non_generative/manual_ps/imgs/6e9beff154184beea3a5947725b86cc3.jpg
27.40465545654297,-27.48723030090332,0.0,Doc,1,3,2,6,Document-Fake,/mnt/public/public_datasets/OpenMMSecV2/Doc/aigc/derend/imgs/44c940dd6a1c4022b7904295d296938f.jpg
16.722360610961914,8.86580753326416,0.0,AIGC,1,2,2,4,AIGC-Fake,/mnt/public/public_datasets/OpenMMSecV2/AIGC/other/online/imgs/b1ca7cf65f61408f886348c70e3e64a7.jpg
-28.344322204589844,-32.45191955566406,0.0,deepfake,0,1,1,1,Deepfake-Real,/mnt/public/public_datasets/OpenMMSecV2/Deepfake/Real/CelebDF-v2/69bb0c12b0984685864e02c667f986fe.png
0.9768271446228027,19.739046096801758,0.0,AIGC,1,2,2,4,AIGC-Fake,/mnt/public/public_datasets/OpenMMSecV2/AIGC/commercial/firefly/3af93df9507e43e894a3955791d204f8.jpg
-58.6442985534668,-9.345752716064453,0.0,deepfake,1,1,2,2,Deepfake-Fake,/mnt/public/public_datasets/OpenMMSecV2/Deepfake/Fake/FaceReenactment/FS_vid2vid/763aac579ce24035afd90b9feb4b6f60.png
9.056619644165039,1.1060885190963745,0.0,IMDL,0,4,1,7,IMDL-Real,/mnt/public/public_datasets/OpenMMSecV2/IMDL/generative/flux_1/imgs/30b0864c903a4b71ae45ca532fdca6d9.png
1.8918861150741577,61.599281311035156,0.0,Doc,1,3,2,6,Document-Fake,/mnt/public/public_datasets/OpenMMSecV2/Doc/non_aigc/copy-move/imgs/7c2f6c3d352f49719ecd403bbdc76491.jpg
-1.218899130821228,60.119815826416016,0.0,Doc,1,3,2,6,Document-Fake,/mnt/public/public_datasets/OpenMMSecV2/Doc/non_aigc/copy-move/imgs/f98a4545ef964ea2857098801ebb9cf5.jpg
15.809432029724121,-2.4039745330810547,0.0,AIGC,1,2,2,4,AIGC-Fake,/mnt/public/public_datasets/OpenMMSecV2/AIGC/other/online/imgs/744be5278288450699fa1ef906ca5afb.jpg
33.82712936401367,-18.560880661010742,0.0,Doc,1,3,2,6,Document-Fake,/mnt/public/public_datasets/OpenMMSecV2/Doc/aigc/textocr/imgs/6b1b20c1cd014e1fab59b1b897855ef1.jpg
39.2421875,-13.077004432678223,0.0,Doc,0,3,1,5,Document-Real,/mnt/public/public_datasets/OpenMMSecV2/Doc/Real/eef4b667075041b7860742afd48ecb43.jpg
4.333698272705078,46.71958923339844,0.0,Doc,0,3,1,5,Document-Real,/mnt/public/public_datasets/OpenMMSecV2/Doc/Real/ba79451a0acd4dc39fa595ad4490184d.jpg
15.078371047973633,-17.34465789794922,0.0,IMDL,0,4,1,7,IMDL-Real,/mnt/public/public_datasets/OpenMMSecV2/IMDL/generative/coco/imgs/e241543a1be442e285705e92b1b04d90.jpg
-3.031453847885132,25.56238555908203,0.0,AIGC,1,2,2,4,AIGC-Fake,/mnt/public/public_datasets/OpenMMSecV2/AIGC/latent_diffusion/systematic/e030492973e4429ab875d9cc323ffea1.jpg
-44.39912414550781,-38.485538482666016,0.0,deepfake,0,1,1,1,Deepfake-Real,/mnt/public/public_datasets/OpenMMSecV2/Deepfake/Real/CelebDF-v2/35d1984eebe84bd185094538cc89b29e.png
-36.13330078125,1.4319992065429688,0.0,AIGC,1,2,2,4,AIGC-Fake,/mnt/public/public_datasets/OpenMMSecV2/AIGC/GAN/StyleSANXL/beff3ffcdb3a4dc78bb19892c5c95d3b.jpg
-19.981706619262695,26.557247161865234,0.0,IMDL,1,4,2,8,IMDL-Fake,/mnt/public/public_datasets/OpenMMSecV2/IMDL/generative/stable_diffusion/imgs/71072132e4634cfdafe77df41a4211e6.jpg
0.14121460914611816,-17.348796844482422,0.0,IMDL,1,4,2,8,IMDL-Fake,/mnt/public/public_datasets/OpenMMSecV2/IMDL/non_generative/manual_ps/imgs/1e6028ee43e54070b38a253dc96e15c4.jpg
24.309574127197266,-13.795480728149414,0.0,Doc,0,3,1,5,Document-Real,/mnt/public/public_datasets/OpenMMSecV2/Doc/aigc/derend/imgs/e22b0c3511c9412292ff56d84d9513c9.jpg
-48.02902603149414,6.21490478515625,0.0,deepfake,1,1,2,2,Deepfake-Fake,/mnt/public/public_datasets/OpenMMSecV2/Deepfake/Fake/FaceEditing/e4e/74556d3dee034245b55ea89cf01df7be.jpg
-51.21620178222656,-2.813619613647461,0.0,deepfake,1,1,2,2,Deepfake-Fake,/mnt/public/public_datasets/OpenMMSecV2/Deepfake/Fake/FaceEditing/StarGAN/668f780a5f0546ecb856a0e2516247db.jpg
19.991409301757812,10.145358085632324,0.0,AIGC,0,2,1,3,AIGC-Real,/mnt/public/public_datasets/OpenMMSecV2/AIGC/other/online/imgs/ca9ee7ec6405474abd28c95a4aacf51a.jpg
41.81507110595703,42.17865753173828,0.0,Doc,0,3,1,5,Document-Real,/mnt/public/public_datasets/OpenMMSecV2/Doc/Real/10aa2bc6c9334c529caa77c8dc90a9aa.jpg
33.826416015625,-27.66081428527832,0.0,Doc,1,3,2,6,Document-Fake,/mnt/public/public_datasets/OpenMMSecV2/Doc/aigc/udifftext/imgs/242453f0e6f74a168e7717d5b4276971.jpg
-52.23841094970703,-35.976078033447266,0.0,deepfake,1,1,2,2,Deepfake-Fake,/mnt/public/public_datasets/OpenMMSecV2/Deepfake/Fake/EntireFaceSynthesis/SiT-XL/aa9ac884773941cabb8134a4da22c2d0.png
2.8767223358154297,-7.290708541870117,0.0,AIGC,0,2,1,3,AIGC-Real,/mnt/public/public_datasets/OpenMMSecV2/AIGC/other/online/imgs/419f71dfcc2c4abf960b655c01ef0b54.jpg
-43.681087493896484,2.5550696849823,0.0,AIGC,1,2,2,4,AIGC-Fake,/mnt/public/public_datasets/OpenMMSecV2/AIGC/GAN/styleGANs/44f5df40726e433380df3c282b6f0a2b.jpg
-42.59465408325195,-34.56528091430664,0.0,deepfake,0,1,1,1,Deepfake-Real,/mnt/public/public_datasets/OpenMMSecV2/Deepfake/Real/CelebDF-v2/7f5fc22f5d2c4ff9a2b6168a430b6e28.png
-5.019256114959717,3.287508487701416,0.0,IMDL,1,4,2,8,IMDL-Fake,/mnt/public/public_datasets/OpenMMSecV2/IMDL/non_generative/manual_ps/imgs/da1980ba45024510a50ffc6e5959ff2e.jpg
2.6205193996429443,60.83905792236328,0.0,Doc,1,3,2,6,Document-Fake,/mnt/public/public_datasets/OpenMMSecV2/Doc/non_aigc/copy-move/imgs/ff5fc183ab3f47689e39e657fcacb225.jpg
-28.179893493652344,-19.003324508666992,0.0,deepfake,0,1,1,1,Deepfake-Real,/mnt/public/public_datasets/OpenMMSecV2/Deepfake/Real/DFD/3d73d08b02b44acba87e17b313a837de.png
13.005935668945312,4.4017133712768555,0.0,AIGC,0,2,1,3,AIGC-Real,/mnt/public/public_datasets/OpenMMSecV2/AIGC/laion/08e85394cd654fb9ae4200b0569f3045.jpg
53.224971771240234,19.49429702758789,0.0,Doc,0,3,1,5,Document-Real,/mnt/public/public_datasets/OpenMMSecV2/Doc/Real/7c5f8a6158bc4d68b6788e4560caf5ed.jpg
-30.25806427001953,-42.20130920410156,0.0,deepfake,0,1,1,1,Deepfake-Real,/mnt/public/public_datasets/OpenMMSecV2/Deepfake/Real/FF++/6785280aba3f42f7ab1e4360c8d6a45b.png
18.147174835205078,-30.017749786376953,0.0,IMDL,0,4,1,7,IMDL-Real,/mnt/public/public_datasets/OpenMMSecV2/IMDL/generative/stable_diffusion/imgs/cbb603919e0c4778957c39f55564f678.png
20.805906295776367,62.94424057006836,0.0,Doc,1,3,2,6,Document-Fake,/mnt/public/public_datasets/OpenMMSecV2/Doc/non_aigc/copy-move/imgs/60616849e0ff415b8a1fc0e195872f19.jpg
53.83742141723633,19.73198890686035,0.0,Doc,0,3,1,5,Document-Real,/mnt/public/public_datasets/OpenMMSecV2/Doc/Real/ca501c13085c45f38035881ee3e8bd36.jpg
15.144142150878906,57.91505432128906,0.0,Doc,1,3,2,6,Document-Fake,/mnt/public/public_datasets/OpenMMSecV2/Doc/non_aigc/generation/imgs/b7ada54b232b429bb7ec971a4825f244.jpg
3.202906608581543,6.013887882232666,0.0,IMDL,1,4,2,8,IMDL-Fake,/mnt/public/public_datasets/OpenMMSecV2/IMDL/non_generative/manual_ps/imgs/5b59d8fef947491aba92752f9a5f8828.tif
-46.62201690673828,3.6119937896728516,0.0,AIGC,1,2,2,4,AIGC-Fake,/mnt/public/public_datasets/OpenMMSecV2/AIGC/autoregressive_model/tamingtransformers/c5218f2f51b240198cc2c1262b315725.jpg
-44.344505310058594,-0.764819860458374,0.0,deepfake,1,1,2,2,Deepfake-Fake,/mnt/public/public_datasets/OpenMMSecV2/Deepfake/Fake/FaceEditing/StarGANv2/14dd2fb919524d61b29b84bac933eb93.jpg
2.1045312881469727,47.6677131652832,0.0,Doc,0,3,1,5,Document-Real,/mnt/public/public_datasets/OpenMMSecV2/Doc/Real/b6cf2be0ecf746bc9cd9740d54161fcd.jpg
9.464949607849121,-39.475101470947266,0.0,IMDL,0,4,1,7,IMDL-Real,/mnt/public/public_datasets/OpenMMSecV2/IMDL/generative/coco/imgs/7ba87e01ebbb4ec7aa7eee48e2752236.jpg
-56.24613952636719,5.916701793670654,0.0,deepfake,1,1,2,2,Deepfake-Fake,/mnt/public/public_datasets/OpenMMSecV2/Deepfake/Fake/FaceEditing/StarGANv2/581530d1940142138698199b846760f1.jpg
15.602205276489258,-10.999581336975098,0.0,IMDL,1,4,2,8,IMDL-Fake,/mnt/public/public_datasets/OpenMMSecV2/IMDL/generative/stable_diffusion/imgs/56a74692435f4f2ca6a6d72835d1cb4d.png
-51.222042083740234,11.53142261505127,0.0,deepfake,1,1,2,2,Deepfake-Fake,/mnt/public/public_datasets/OpenMMSecV2/Deepfake/Fake/EntireFaceSynthesis/SD-2.1/dad264bc5fe743ecb01d31cde95b7804.png
-16.99817657470703,-14.288698196411133,0.0,AIGC,1,2,2,4,AIGC-Fake,/mnt/public/public_datasets/OpenMMSecV2/AIGC/other/online/imgs/9225bccfda7846099113cbc90aadc81f.jpg
-4.015392780303955,18.226016998291016,0.0,AIGC,1,2,2,4,AIGC-Fake,/mnt/public/public_datasets/OpenMMSecV2/AIGC/commercial/firefly/b8e6f5b6db5a403197570269f24e6648.jpg
-22.480220794677734,5.0210747718811035,0.0,AIGC,1,2,2,4,AIGC-Fake,/mnt/public/public_datasets/OpenMMSecV2/AIGC/GAN/styleGANs/0b397e03a6cf4070ad1af0cfcee5523d.jpg
0.9301085472106934,-11.434796333312988,0.0,IMDL,1,4,2,8,IMDL-Fake,/mnt/public/public_datasets/OpenMMSecV2/IMDL/non_generative/manual_ps/imgs/d53c1ec1377349939d3bdfca47fce927.jpg
19.224315643310547,8.404254913330078,0.0,AIGC,0,2,1,3,AIGC-Real,/mnt/public/public_datasets/OpenMMSecV2/AIGC/laion/efa75b8fc13e430ea74ea1b613e44d34.jpg
29.10019302368164,3.1586930751800537,0.0,AIGC,0,2,1,3,AIGC-Real,/mnt/public/public_datasets/OpenMMSecV2/AIGC/laion/ca6167a829fc4726a62b6b0f0151f2ff.jpg
-1.7438703775405884,19.25585174560547,0.0,AIGC,1,2,2,4,AIGC-Fake,/mnt/public/public_datasets/OpenMMSecV2/AIGC/commercial/flux/5225510847034733aa6d1d05018ef14b.jpg
-14.483819961547852,4.389857292175293,0.0,IMDL,1,4,2,8,IMDL-Fake,/mnt/public/public_datasets/OpenMMSecV2/IMDL/non_generative/manual_ps/imgs/cbe376ee80554173ab3a5f1abe68e82b.tif
-29.571983337402344,-32.998130798339844,0.0,deepfake,0,1,1,1,Deepfake-Real,/mnt/public/public_datasets/OpenMMSecV2/Deepfake/Real/CelebDF-v2/844748d7ac244f25baa6426557163688.png
-45.817745208740234,-20.481769561767578,0.0,deepfake,1,1,2,2,Deepfake-Fake,/mnt/public/public_datasets/OpenMMSecV2/Deepfake/Fake/FaceEditing/StarGANv2/59b32df8a5e24be5991075876c6086f7.jpg
13.097395896911621,-22.002153396606445,0.0,IMDL,0,4,1,7,IMDL-Real,/mnt/public/public_datasets/OpenMMSecV2/IMDL/generative/stable_diffusion/imgs/bbfe56eb315946978b41a6812a7517ef.png
-50.20957946777344,-3.006044387817383,0.0,deepfake,1,1,2,2,Deepfake-Fake,/mnt/public/public_datasets/OpenMMSecV2/Deepfake/Fake/FaceEditing/StarGAN/0fa29ca7293444a3b73ec4fc032a902f.jpg
4.342282772064209,-39.31372833251953,0.0,IMDL,0,4,1,7,IMDL-Real,/mnt/public/public_datasets/OpenMMSecV2/IMDL/generative/coco/imgs/1813de4e26b54e1ea366cb13d656df41.jpg
-27.262004852294922,12.587164878845215,0.0,AIGC,1,2,2,4,AIGC-Fake,/mnt/public/public_datasets/OpenMMSecV2/AIGC/GAN/styleGANs/44e15f9790a041f88168aa65c328835b.jpg
-27.441736221313477,6.813384532928467,0.0,AIGC,1,2,2,4,AIGC-Fake,/mnt/public/public_datasets/OpenMMSecV2/AIGC/latent_diffusion/systematic/a183c5f89bf147649b6076f56bcae68c.jpg
-2.397433280944824,24.023387908935547,0.0,AIGC,1,2,2,4,AIGC-Fake,/mnt/public/public_datasets/OpenMMSecV2/AIGC/latent_diffusion/systematic/6eccbf5ec75c4855be160baed680df26.jpg
10.595208168029785,-25.03067970275879,0.0,IMDL,0,4,1,7,IMDL-Real,/mnt/public/public_datasets/OpenMMSecV2/IMDL/generative/coco/imgs/724b4989edb94ba6bd7c6d2f768e78c9.jpg
13.294208526611328,-28.936853408813477,0.0,IMDL,0,4,1,7,IMDL-Real,/mnt/public/public_datasets/OpenMMSecV2/IMDL/generative/coco/imgs/cc69ee0d7825414f8feb7a3dad6cc42d.jpg
10.808002471923828,-5.418089389801025,0.0,IMDL,0,4,1,7,IMDL-Real,/mnt/public/public_datasets/OpenMMSecV2/IMDL/generative/flux_1/imgs/4e0860a93267487f85bcd8660060fe5b.png
-38.956546783447266,14.190064430236816,0.0,deepfake,1,1,2,2,Deepfake-Fake,/mnt/public/public_datasets/OpenMMSecV2/Deepfake/Fake/EntireFaceSynthesis/StyleGAN3/d5e1791324ac4b33b486f0cebe6369b7.png
24.39578628540039,-4.668433666229248,0.0,AIGC,0,2,1,3,AIGC-Real,/mnt/public/public_datasets/OpenMMSecV2/AIGC/laion/716f2cfae9c945cd931ed86ac4fc8cb8.jpg
-29.36116600036621,15.276229858398438,0.0,AIGC,1,2,2,4,AIGC-Fake,/mnt/public/public_datasets/OpenMMSecV2/AIGC/GAN/GigaGAN/d03cf60e85fc437985ce7610698014b1.jpg
-47.501407623291016,6.599916934967041,0.0,deepfake,1,1,2,2,Deepfake-Fake,/mnt/public/public_datasets/OpenMMSecV2/Deepfake/Fake/EntireFaceSynthesis/StyleGAN2/c8c7b1de42f845bca28b793dc7cfdcb5.png
-2.5671000480651855,6.505758285522461,0.0,AIGC,0,2,1,3,AIGC-Real,/mnt/public/public_datasets/OpenMMSecV2/AIGC/laion/dfa13e51fb1d474f9e96cd9687dd49ef.jpg
-16.522314071655273,-13.02237606048584,0.0,AIGC,1,2,2,4,AIGC-Fake,/mnt/public/public_datasets/OpenMMSecV2/AIGC/other/online/imgs/fc2d97cd097e4b5b8ba7098f7da93d58.jpg
27.702539443969727,4.073135852813721,0.0,AIGC,0,2,1,3,AIGC-Real,/mnt/public/public_datasets/OpenMMSecV2/AIGC/laion/8e9cf53464fd4a5bad479be30f66d0af.jpg
17.718442916870117,55.5528678894043,0.0,Doc,1,3,2,6,Document-Fake,/mnt/public/public_datasets/OpenMMSecV2/Doc/non_aigc/copy-move/imgs/14932ebcfb234df2a1231bf6082c9bed.jpg
-59.75028991699219,-10.675073623657227,0.0,deepfake,1,1,2,2,Deepfake-Fake,/mnt/public/public_datasets/OpenMMSecV2/Deepfake/Fake/FaceReenactment/OneShot/fdf25166b3c742079f7f0ad3ec2c253b.png
56.184322357177734,18.627656936645508,0.0,Doc,0,3,1,5,Document-Real,/mnt/public/public_datasets/OpenMMSecV2/Doc/Real/b9750413e3d645daa4a8284d5747ed58.jpg
23.639328002929688,53.29354476928711,0.0,Doc,1,3,2,6,Document-Fake,/mnt/public/public_datasets/OpenMMSecV2/Doc/non_aigc/copy-move/imgs/4fa3cfa8572e46f69137fe05a91e0d99.jpg
-17.24421501159668,-10.937580108642578,0.0,AIGC,1,2,2,4,AIGC-Fake,/mnt/public/public_datasets/OpenMMSecV2/AIGC/other/online/imgs/1d9d8dc92e1448a18ef0ac9d00cea493.jpg
27.884057998657227,22.04088592529297,0.0,AIGC,0,2,1,3,AIGC-Real,/mnt/public/public_datasets/OpenMMSecV2/AIGC/laion/4254a0dc2baf44a498c71824706c885d.jpg
13.669803619384766,-6.129505634307861,0.0,IMDL,0,4,1,7,IMDL-Real,/mnt/public/public_datasets/OpenMMSecV2/IMDL/non_generative/manual_ps/imgs/781ccc68929f4669a31d29e539d86928.jpg
38.310367584228516,42.01115036010742,0.0,Doc,0,3,1,5,Document-Real,/mnt/public/public_datasets/OpenMMSecV2/Doc/Real/be00138ce0d249ce872a0b1b202e3bf3.jpg
-54.591346740722656,-12.187933921813965,0.0,deepfake,1,1,2,2,Deepfake-Fake,/mnt/public/public_datasets/OpenMMSecV2/Deepfake/Fake/FaceReenactment/OneShot/f02124ebafe442a1ae1742a66f3e48c3.png
13.534563064575195,59.77060317993164,0.0,Doc,0,3,1,5,Document-Real,/mnt/public/public_datasets/OpenMMSecV2/Doc/Real/77ae79f20ed646178c3ec127918fe324.jpg
11.500616073608398,-13.275371551513672,0.0,IMDL,0,4,1,7,IMDL-Real,/mnt/public/public_datasets/OpenMMSecV2/IMDL/generative/coco/imgs/16aa1a6a157a4a46b85c67a831d37bef.jpg
33.672340393066406,-13.103486061096191,0.0,Doc,1,3,2,6,Document-Fake,/mnt/public/public_datasets/OpenMMSecV2/Doc/aigc/derend/imgs/8dd31dcee495475287b4bd08a85632f4.jpg
-0.8877756595611572,-36.20354080200195,0.0,IMDL,0,4,1,7,IMDL-Real,/mnt/public/public_datasets/OpenMMSecV2/IMDL/generative/stable_diffusion/imgs/3b29b40927414a56b34f0b23b73ca254.png
23.67732810974121,55.18540954589844,0.0,Doc,1,3,2,6,Document-Fake,/mnt/public/public_datasets/OpenMMSecV2/Doc/non_aigc/copy-move/imgs/cf2c57b9caf449b695cc419e8a87d458.jpg
-4.667564868927002,-4.085330963134766,0.0,IMDL,1,4,2,8,IMDL-Fake,/mnt/public/public_datasets/OpenMMSecV2/IMDL/non_generative/manual_ps/imgs/462364964d8d40c8821bda0e32323b66.tif
33.239112854003906,-25.232484817504883,0.0,Doc,1,3,2,6,Document-Fake,/mnt/public/public_datasets/OpenMMSecV2/Doc/aigc/textocr/imgs/150a7ba341fe41f2b0ccb76c4f060c5e.jpg
-44.998897552490234,-25.380517959594727,0.0,deepfake,0,1,1,1,Deepfake-Real,/mnt/public/public_datasets/OpenMMSecV2/Deepfake/Real/CelebDF-v2/3d5814703d514fc7a6fdab1bfbbd0d41.png
41.69704818725586,38.35707473754883,0.0,Doc,1,3,2,6,Document-Fake,/mnt/public/public_datasets/OpenMMSecV2/Doc/non_aigc/cpmv/imgs/17bf308f2c364eed99a6147803e99f1e.jpg
-53.67757797241211,6.9804229736328125,0.0,AIGC,1,2,2,4,AIGC-Fake,/mnt/public/public_datasets/OpenMMSecV2/AIGC/GAN/styleGANs/f5dfa5bc7d384321995249136a76fb11.jpg
19.750783920288086,54.605316162109375,0.0,Doc,1,3,2,6,Document-Fake,/mnt/public/public_datasets/OpenMMSecV2/Doc/non_aigc/copy-move/imgs/4beb5df66b0a45f08cf5aa32d80c35ec.jpg
53.75749206542969,18.268325805664062,0.0,Doc,0,3,1,5,Document-Real,/mnt/public/public_datasets/OpenMMSecV2/Doc/Real/09a1d295575642a5835b80bf68105e64.jpg
18.985715866088867,-22.161663055419922,0.0,IMDL,0,4,1,7,IMDL-Real,/mnt/public/public_datasets/OpenMMSecV2/IMDL/generative/flux_1/imgs/a9c0a4b698d24b1b8c69b212494e7bd8.png
-11.027137756347656,-2.7559425830841064,0.0,IMDL,0,4,1,7,IMDL-Real,/mnt/public/public_datasets/OpenMMSecV2/IMDL/generative/flux_1/imgs/453233ef9d944a11bbd6d6742480421b.png
-11.955363273620605,8.748912811279297,0.0,IMDL,1,4,2,8,IMDL-Fake,/mnt/public/public_datasets/OpenMMSecV2/IMDL/non_generative/manual_ps/imgs/059255a153a2457988bd6c01c8950743.jpg
8.582846641540527,15.509912490844727,0.0,AIGC,1,2,2,4,AIGC-Fake,/mnt/public/public_datasets/OpenMMSecV2/AIGC/commercial/ideogram/839d6bbbc4bf47e291ae308464aeb30d.jpg
15.844168663024902,-16.04213523864746,0.0,IMDL,0,4,1,7,IMDL-Real,/mnt/public/public_datasets/OpenMMSecV2/IMDL/generative/stable_diffusion/imgs/152729a80b984a26a6494657196f7978.png
-54.657466888427734,-7.396538734436035,0.0,deepfake,1,1,2,2,Deepfake-Fake,/mnt/public/public_datasets/OpenMMSecV2/Deepfake/Fake/FaceSwap/FaceDancer/6f66ed89201d437ab5ab3c7dc62a946e.png
14.376534461975098,-38.364662170410156,0.0,IMDL,0,4,1,7,IMDL-Real,/mnt/public/public_datasets/OpenMMSecV2/IMDL/generative/stable_diffusion/imgs/043aa81feeb145828d4147a66deea74c.png
-0.5214381814002991,23.919025421142578,0.0,AIGC,1,2,2,4,AIGC-Fake,/mnt/public/public_datasets/OpenMMSecV2/AIGC/commercial/dalle/5076de31e7ed42ebb4bf4f1ccbd650b6.jpg
12.261747360229492,5.675292491912842,0.0,IMDL,1,4,2,8,IMDL-Fake,/mnt/public/public_datasets/OpenMMSecV2/IMDL/non_generative/manual_ps/imgs/d6f630ada1a34c3abd55a95c91c9f376.jpg
-24.750455856323242,8.43492603302002,0.0,AIGC,1,2,2,4,AIGC-Fake,/mnt/public/public_datasets/OpenMMSecV2/AIGC/commercial/ideogram/ea1be9b47c7f493885d313e6a6f63814.jpg
-39.91323471069336,-28.76358413696289,0.0,deepfake,0,1,1,1,Deepfake-Real,/mnt/public/public_datasets/OpenMMSecV2/Deepfake/Real/CelebDF-v2/7622393b4a86468a90f0dc6c721d9725.png
-40.17379379272461,12.701061248779297,0.0,deepfake,1,1,2,2,Deepfake-Fake,/mnt/public/public_datasets/OpenMMSecV2/Deepfake/Fake/EntireFaceSynthesis/SD-2.1/7edd2ad6347e4baf833a9ed8d618a6e6.png
16.934932708740234,55.32775115966797,0.0,Doc,0,3,1,5,Document-Real,/mnt/public/public_datasets/OpenMMSecV2/Doc/Real/a5ae638bc67641c984ac3fed96b7eb30.jpg
-42.44724655151367,-24.757539749145508,0.0,deepfake,0,1,1,1,Deepfake-Real,/mnt/public/public_datasets/OpenMMSecV2/Deepfake/Real/CelebDF-v2/ad94857f5d7e4f80b01fd17429a8b03c.png
-11.511040687561035,-15.28005599975586,0.0,AIGC,1,2,2,4,AIGC-Fake,/mnt/public/public_datasets/OpenMMSecV2/AIGC/other/online/imgs/1fc77a61dbfc4ccaa06d004fa2a0f53b.jpg
-12.546319007873535,-12.34332275390625,0.0,AIGC,1,2,2,4,AIGC-Fake,/mnt/public/public_datasets/OpenMMSecV2/AIGC/other/online/imgs/f1fc5dbd26364d448ccaf901062f8536.jpg
5.057023525238037,52.62009811401367,0.0,Doc,0,3,1,5,Document-Real,/mnt/public/public_datasets/OpenMMSecV2/Doc/Real/ff006ce4f47946c19aaa938de8fd515a.jpg
16.970909118652344,-24.955738067626953,0.0,Doc,0,3,1,5,Document-Real,/mnt/public/public_datasets/OpenMMSecV2/Doc/Real/2e219e3aa3334f27a151e790807d403d.jpg
9.335336685180664,-23.973405838012695,0.0,IMDL,0,4,1,7,IMDL-Real,/mnt/public/public_datasets/OpenMMSecV2/IMDL/generative/coco/imgs/020814b3d5464bf8b0dff4540d38a7e6.jpg
-8.161173820495605,6.182113170623779,0.0,IMDL,1,4,2,8,IMDL-Fake,/mnt/public/public_datasets/OpenMMSecV2/IMDL/generative/paintbyexample/imgs/9f1c0e3bba024400a66e097ceb14ca19.jpg
-18.028169631958008,25.365009307861328,0.0,IMDL,1,4,2,8,IMDL-Fake,/mnt/public/public_datasets/OpenMMSecV2/IMDL/generative/paintbyexample/imgs/0e30ae65952545e0b01cad0d6dd04ab0.png
14.495275497436523,53.423614501953125,0.0,Doc,1,3,2,6,Document-Fake,/mnt/public/public_datasets/OpenMMSecV2/Doc/non_aigc/cover/imgs/c25619f801604d88a2af4bcc6e02faa3.jpg
-28.44321060180664,-23.248661041259766,0.0,deepfake,0,1,1,1,Deepfake-Real,/mnt/public/public_datasets/OpenMMSecV2/Deepfake/Real/DFD/b9d359811d854b9eaed8aabb5e0f0c88.png
-11.667338371276855,-10.158978462219238,0.0,IMDL,1,4,2,8,IMDL-Fake,/mnt/public/public_datasets/OpenMMSecV2/IMDL/generative/stable_diffusion/imgs/19e2f95701a445e594081dbd7c1b2521.png
-55.736061096191406,-14.81082534790039,0.0,deepfake,1,1,2,2,Deepfake-Fake,/mnt/public/public_datasets/OpenMMSecV2/Deepfake/Fake/FaceReenactment/TPSMM/ff137cb069cf41f5a905b85381458992.png
-16.732053756713867,2.4813621044158936,0.0,IMDL,0,4,1,7,IMDL-Real,/mnt/public/public_datasets/OpenMMSecV2/IMDL/non_generative/manual_ps/imgs/ddd54c9030dd493b8e74b52af3102e01.jpg
17.472227096557617,8.067950248718262,0.0,AIGC,1,2,2,4,AIGC-Fake,/mnt/public/public_datasets/OpenMMSecV2/AIGC/other/online/imgs/a4496b7b4b7f4004b0a76411dc2b19ed.jpg
18.64052963256836,20.87699317932129,0.0,AIGC,0,2,1,3,AIGC-Real,/mnt/public/public_datasets/OpenMMSecV2/AIGC/laion/ffe34fa50b7440ccb9fed52c8494cb60.jpg
40.614986419677734,39.17582702636719,0.0,Doc,0,3,1,5,Document-Real,/mnt/public/public_datasets/OpenMMSecV2/Doc/Real/02b32be87cac4d8e9ebfd43f75dde8f0.jpg
6.196708679199219,-5.373818874359131,0.0,IMDL,1,4,2,8,IMDL-Fake,/mnt/public/public_datasets/OpenMMSecV2/IMDL/generative/flux_1/imgs/ecd3367f949349ee86af0f1b6880d6c1.png
-12.19435977935791,13.11020278930664,0.0,deepfake,0,1,1,1,Deepfake-Real,/mnt/public/public_datasets/OpenMMSecV2/Deepfake/Real/DFD/57cc34f78f0d4bc889c07d2fe54660fa.png
-50.488948822021484,-18.106128692626953,0.0,deepfake,1,1,2,2,Deepfake-Fake,/mnt/public/public_datasets/OpenMMSecV2/Deepfake/Fake/FaceReenactment/DaGAN/0cd065dd7941424f8fb27b2aaadf332f.png
-41.249427795410156,-40.972171783447266,0.0,deepfake,0,1,1,1,Deepfake-Real,/mnt/public/public_datasets/OpenMMSecV2/Deepfake/Real/FF++/3a7fba35b3f1405d9cb505e9cea73d22.png
-27.17406463623047,-43.1519660949707,0.0,deepfake,0,1,1,1,Deepfake-Real,/mnt/public/public_datasets/OpenMMSecV2/Deepfake/Real/FF++/eb98db33046d4cd383e2bf2164b4dd2b.png
3.763972043991089,61.976192474365234,0.0,Doc,1,3,2,6,Document-Fake,/mnt/public/public_datasets/OpenMMSecV2/Doc/non_aigc/copy-move/imgs/5ad1fbbd49cd4697923e64afb863def8.jpg
-33.014225006103516,-42.07378387451172,0.0,deepfake,0,1,1,1,Deepfake-Real,/mnt/public/public_datasets/OpenMMSecV2/Deepfake/Real/FF++/ed1b3b72589344569ee8b8833ea88a91.png
11.817173957824707,-32.69414138793945,0.0,IMDL,0,4,1,7,IMDL-Real,/mnt/public/public_datasets/OpenMMSecV2/IMDL/generative/coco/imgs/1e4fb5730df14e80b77a1d0f7cd74832.jpg
14.20174789428711,17.390209197998047,0.0,IMDL,1,4,2,8,IMDL-Fake,/mnt/public/public_datasets/OpenMMSecV2/IMDL/non_generative/manual_ps/imgs/652e5cb17b204553af36cbde544802fb.jpg
23.69919776916504,62.77406692504883,0.0,Doc,1,3,2,6,Document-Fake,/mnt/public/public_datasets/OpenMMSecV2/Doc/non_aigc/generation/imgs/0ab1d8ac52c04f29ac97d6d8cf6fc4cc.jpg
10.880788803100586,-18.274126052856445,0.0,IMDL,0,4,1,7,IMDL-Real,/mnt/public/public_datasets/OpenMMSecV2/IMDL/generative/stable_diffusion/imgs/3caaa9baae32459dbef5b4014a4913b5.png
46.96587371826172,39.78904342651367,0.0,Doc,1,3,2,6,Document-Fake,/mnt/public/public_datasets/OpenMMSecV2/Doc/non_aigc/cover/imgs/c0e53e9bc4bc4c3898bc3fefc6953397.jpg
14.967458724975586,-24.80354118347168,0.0,IMDL,0,4,1,7,IMDL-Real,/mnt/public/public_datasets/OpenMMSecV2/IMDL/generative/coco/imgs/6585477ecf8148109198e59f6e06830a.jpg
-48.47809982299805,-36.580413818359375,0.0,deepfake,0,1,1,1,Deepfake-Real,/mnt/public/public_datasets/OpenMMSecV2/Deepfake/Real/CelebDF-v2/46b66a3808d24975a830807eafbdd637.png
40.151283264160156,39.194969177246094,0.0,Doc,0,3,1,5,Document-Real,/mnt/public/public_datasets/OpenMMSecV2/Doc/Real/75ea25c06faa4c1fab331b33936843eb.jpg
37.286170959472656,-16.896806716918945,0.0,Doc,1,3,2,6,Document-Fake,/mnt/public/public_datasets/OpenMMSecV2/Doc/aigc/textocr/imgs/11f28816ea52401ca2cc8e8b14771383.jpg
15.342419624328613,55.33174133300781,0.0,Doc,1,3,2,6,Document-Fake,/mnt/public/public_datasets/OpenMMSecV2/Doc/non_aigc/cpmv/imgs/514973ef304847f0875a2efa78a5b913.jpg
4.525292873382568,-38.826656341552734,0.0,IMDL,0,4,1,7,IMDL-Real,/mnt/public/public_datasets/OpenMMSecV2/IMDL/generative/stable_diffusion/imgs/a23d090ca0ca4122bb0ef1697a99a576.png
-50.99999237060547,1.2850242853164673,0.0,deepfake,1,1,2,2,Deepfake-Fake,/mnt/public/public_datasets/OpenMMSecV2/Deepfake/Fake/FaceReenactment/MRAA/483113530ee341b7b176d5593f163f3b.png
1.3091765642166138,-40.354984283447266,0.0,Doc,0,3,1,5,Document-Real,/mnt/public/public_datasets/OpenMMSecV2/Doc/Real/1e76ceb811994a41b874de0e201eb08e.jpg
-11.595800399780273,8.905882835388184,0.0,IMDL,1,4,2,8,IMDL-Fake,/mnt/public/public_datasets/OpenMMSecV2/IMDL/non_generative/manual_ps/imgs/c3ed506fdaac448e957eb492f0bc2240.jpg
41.465492248535156,43.441650390625,0.0,Doc,0,3,1,5,Document-Real,/mnt/public/public_datasets/OpenMMSecV2/Doc/Real/95509df7b342481bac571192f2dcacf5.jpg
-0.13569824397563934,-37.64289093017578,0.0,Doc,1,3,2,6,Document-Fake,/mnt/public/public_datasets/OpenMMSecV2/Doc/aigc/textocr/imgs/ab4e09ad69014920808a674df9f9b72a.jpg
10.318175315856934,-31.98904037475586,0.0,IMDL,0,4,1,7,IMDL-Real,/mnt/public/public_datasets/OpenMMSecV2/IMDL/generative/coco/imgs/d201dfb7420642f7a2f33148efca315d.jpg
-17.278789520263672,4.423435688018799,0.0,AIGC,1,2,2,4,AIGC-Fake,/mnt/public/public_datasets/OpenMMSecV2/AIGC/pixel_diffusion/adm/imgs/767e8d83ce7347c198a4836d96c35ac3.png
-12.900107383728027,3.739192008972168,0.0,AIGC,1,2,2,4,AIGC-Fake,/mnt/public/public_datasets/OpenMMSecV2/AIGC/pixel_diffusion/adm/imgs/7702cf7e1ff146069f6b5742c4d37fc7.png
17.266944885253906,-32.84908676147461,0.0,IMDL,0,4,1,7,IMDL-Real,/mnt/public/public_datasets/OpenMMSecV2/IMDL/generative/stable_diffusion/imgs/d7197706ae4c428caa1b6b45ef3e4c69.png
16.717409133911133,-29.470016479492188,0.0,IMDL,0,4,1,7,IMDL-Real,/mnt/public/public_datasets/OpenMMSecV2/IMDL/generative/coco/imgs/1a4c00c4cf5c46d1963baec73f6c1e0e.jpg
-50.488037109375,-12.166358947753906,0.0,deepfake,1,1,2,2,Deepfake-Fake,/mnt/public/public_datasets/OpenMMSecV2/Deepfake/Fake/FaceSwap/FSGAN/cf4ca9f0e0d445e08536139d55ba819e.png
-55.33018493652344,-2.9885120391845703,0.0,deepfake,1,1,2,2,Deepfake-Fake,/mnt/public/public_datasets/OpenMMSecV2/Deepfake/Fake/FaceEditing/StarGAN/92779cabeb7a4391ba158ce7808f8bcb.jpg
-41.27996826171875,-39.44191360473633,0.0,deepfake,0,1,1,1,Deepfake-Real,/mnt/public/public_datasets/OpenMMSecV2/Deepfake/Real/FF++/a0d705a741574d608bed1452ae333cad.png
-43.97410583496094,-23.776891708374023,0.0,deepfake,1,1,2,2,Deepfake-Fake,/mnt/public/public_datasets/OpenMMSecV2/Deepfake/Fake/FaceReenactment/Wav2Lip/60e1194a782243b2a2b6e6eb1a9834e1.png
-9.882722854614258,-9.448699951171875,0.0,AIGC,0,2,1,3,AIGC-Real,/mnt/public/public_datasets/OpenMMSecV2/AIGC/laion/8b1065b1ce164c4d97d905b21c1c52f1.jpg
-43.26889419555664,-0.1939740926027298,0.0,deepfake,1,1,2,2,Deepfake-Fake,/mnt/public/public_datasets/OpenMMSecV2/Deepfake/Fake/FaceEditing/e4e/0b9d3eaa81ad4c97b572684c5fdfad6e.jpg
-42.73832702636719,1.0190171003341675,0.0,deepfake,1,1,2,2,Deepfake-Fake,/mnt/public/public_datasets/OpenMMSecV2/Deepfake/Fake/EntireFaceSynthesis/WhichisReal/37893dbd136743eeb9e99f3e681eae7c.png
15.18595027923584,7.794923305511475,0.0,AIGC,1,2,2,4,AIGC-Fake,/mnt/public/public_datasets/OpenMMSecV2/AIGC/latent_diffusion/systematic/8039f9dcff2a4bbe911ed9ec8a2221c1.jpg
-2.414064645767212,-39.59220504760742,0.0,deepfake,0,1,1,1,Deepfake-Real,/mnt/public/public_datasets/OpenMMSecV2/Deepfake/Real/VFHQ/888ca0dcb7c6487299371d0b24774c57.png
23.944000244140625,56.59259796142578,0.0,Doc,1,3,2,6,Document-Fake,/mnt/public/public_datasets/OpenMMSecV2/Doc/non_aigc/copy-move/imgs/1c5d58a2a1784f15b54cad12ba582f05.jpg
-19.25543975830078,11.406750679016113,0.0,AIGC,1,2,2,4,AIGC-Fake,/mnt/public/public_datasets/OpenMMSecV2/AIGC/GAN/GigaGAN/552f5c99291b482c8a0faeb239d5b7c8.jpg
1.6308640241622925,23.367279052734375,0.0,deepfake,1,1,2,2,Deepfake-Fake,/mnt/public/public_datasets/OpenMMSecV2/Deepfake/Fake/EntireFaceSynthesis/MidJounery/3ef6e17f916e4c1680c90bc02e4f53bf.png
20.429227828979492,3.0649592876434326,0.0,AIGC,0,2,1,3,AIGC-Real,/mnt/public/public_datasets/OpenMMSecV2/AIGC/laion/5f8afc30b5d3455d8c9918175cefb55e.jpg
-30.066333770751953,-29.238117218017578,0.0,deepfake,0,1,1,1,Deepfake-Real,/mnt/public/public_datasets/OpenMMSecV2/Deepfake/Real/DFD/30037d30b06e4a9998c666a4f7d938fc.png
46.65867614746094,41.3427848815918,0.0,Doc,1,3,2,6,Document-Fake,/mnt/public/public_datasets/OpenMMSecV2/Doc/non_aigc/cpmv/imgs/40ec7c0cab1244dcae4fe54d2f1e93fc.jpg
-29.45560073852539,-38.34292984008789,0.0,deepfake,0,1,1,1,Deepfake-Real,/mnt/public/public_datasets/OpenMMSecV2/Deepfake/Real/UADFV/fc605302415e413b90fcdd71cec83d29.png
-16.489255905151367,-12.109679222106934,0.0,AIGC,1,2,2,4,AIGC-Fake,/mnt/public/public_datasets/OpenMMSecV2/AIGC/other/online/imgs/a1b4ca8250944ddeaf43a657a641ccd6.jpg
-16.176101684570312,15.11568546295166,0.0,IMDL,1,4,2,8,IMDL-Fake,/mnt/public/public_datasets/OpenMMSecV2/IMDL/generative/stable_diffusion/imgs/92c0ae1ff8be4e8eb8a3fa8ece76e374.jpg
39.10075759887695,44.25114440917969,0.0,Doc,0,3,1,5,Document-Real,/mnt/public/public_datasets/OpenMMSecV2/Doc/Real/d715f54b0b324b9bbd6b20ae352028c0.jpg
-18.042430877685547,22.015926361083984,0.0,IMDL,1,4,2,8,IMDL-Fake,/mnt/public/public_datasets/OpenMMSecV2/IMDL/generative/paintbyexample/imgs/b7046d158ee74736b6b84b05987355d8.jpg
56.51273727416992,23.250682830810547,0.0,Doc,0,3,1,5,Document-Real,/mnt/public/public_datasets/OpenMMSecV2/Doc/Real/f14c6178765e497990527b1cb52cc416.jpg
0.2110069841146469,48.06644058227539,0.0,Doc,0,3,1,5,Document-Real,/mnt/public/public_datasets/OpenMMSecV2/Doc/Real/1b1b5bbbe44e4d258a5fbbb29ca35c13.jpg
-38.105377197265625,-26.901552200317383,0.0,deepfake,0,1,1,1,Deepfake-Real,/mnt/public/public_datasets/OpenMMSecV2/Deepfake/Real/CelebDF-v2/229463d4ffe4406fab457bd9601636ab.png
-13.304956436157227,-15.148809432983398,0.0,AIGC,1,2,2,4,AIGC-Fake,/mnt/public/public_datasets/OpenMMSecV2/AIGC/other/online/imgs/19e6fca960b349dbb7e786348cfd8c41.jpg
-46.45765686035156,-28.334604263305664,0.0,deepfake,1,1,2,2,Deepfake-Fake,/mnt/public/public_datasets/OpenMMSecV2/Deepfake/Fake/FaceSwap/Unknow_FS/2548abb3cd344a2b8c57fbbd1202168e.png
-22.303152084350586,-27.79861068725586,0.0,deepfake,0,1,1,1,Deepfake-Real,/mnt/public/public_datasets/OpenMMSecV2/Deepfake/Real/FFHQ/b4e5bc41170c4d14bff78c559338e901.jpeg
-48.712303161621094,-4.197447299957275,0.0,AIGC,1,2,2,4,AIGC-Fake,/mnt/public/public_datasets/OpenMMSecV2/AIGC/latent_diffusion/systematic/e2314a4f7d7d4c7e8886d775046db979.jpg
0.34948068857192993,61.9322624206543,0.0,Doc,1,3,2,6,Document-Fake,/mnt/public/public_datasets/OpenMMSecV2/Doc/non_aigc/generation/imgs/690eb0754bde42729c9ce09dac5a760f.jpg
38.682586669921875,-23.1803035736084,0.0,Doc,0,3,1,5,Document-Real,/mnt/public/public_datasets/OpenMMSecV2/Doc/Real/157566f105a74a22ac567402001b7120.jpg
-11.500730514526367,4.5576300621032715,0.0,IMDL,1,4,2,8,IMDL-Fake,/mnt/public/public_datasets/OpenMMSecV2/IMDL/non_generative/manual_ps/imgs/52d88e56c60e488f99158bbdddf530b6.jpg
-52.313758850097656,-13.182103157043457,0.0,deepfake,1,1,2,2,Deepfake-Fake,/mnt/public/public_datasets/OpenMMSecV2/Deepfake/Fake/FaceReenactment/TPSMM/bc78ffe445d948ba8fc890e6256ef48a.png
-50.70819854736328,-7.896368980407715,0.0,deepfake,1,1,2,2,Deepfake-Fake,/mnt/public/public_datasets/OpenMMSecV2/Deepfake/Fake/FaceSwap/FaceDancer/84f4951bf203462bb47fd6d062fc3a0f.png
-30.980527877807617,-22.198808670043945,0.0,deepfake,0,1,1,1,Deepfake-Real,/mnt/public/public_datasets/OpenMMSecV2/Deepfake/Real/CelebDF-v2/c1a069b92a984944bfbb2e2896792f96.png
-40.24756622314453,10.406763076782227,0.0,AIGC,1,2,2,4,AIGC-Fake,/mnt/public/public_datasets/OpenMMSecV2/AIGC/GAN/ProjectedGAN/5f7ccc5cd5c04ce5b47b3de6e1ae63ed.jpg
21.422513961791992,66.82491302490234,0.0,Doc,1,3,2,6,Document-Fake,/mnt/public/public_datasets/OpenMMSecV2/Doc/non_aigc/generation/imgs/758c56dc84bd48acbc90b238baf0161d.jpg
-4.427705764770508,-1.7401759624481201,0.0,IMDL,0,4,1,7,IMDL-Real,/mnt/public/public_datasets/OpenMMSecV2/IMDL/generative/flux_1/imgs/de7a62588c86447eac690fd5af925e30.png
-46.90667724609375,-22.51345443725586,0.0,deepfake,1,1,2,2,Deepfake-Fake,/mnt/public/public_datasets/OpenMMSecV2/Deepfake/Fake/FaceReenactment/Wav2Lip/12ee098d5eca46a8bfb922e238868523.png
-26.151700973510742,9.69974136352539,0.0,IMDL,1,4,2,8,IMDL-Fake,/mnt/public/public_datasets/OpenMMSecV2/IMDL/generative/stable_diffusion/imgs/f63eacef48f64313b50ec08caf712481.png
22.79696273803711,64.5406494140625,0.0,Doc,1,3,2,6,Document-Fake,/mnt/public/public_datasets/OpenMMSecV2/Doc/non_aigc/generation/imgs/c559b8dc57d6403cb7f0ae035e6bff06.jpg
-9.976704597473145,10.387409210205078,0.0,AIGC,1,2,2,4,AIGC-Fake,/mnt/public/public_datasets/OpenMMSecV2/AIGC/other/online/imgs/e23057cc57ef489e90c439f8ba23667b.jpg
14.793985366821289,53.40397644042969,0.0,Doc,1,3,2,6,Document-Fake,/mnt/public/public_datasets/OpenMMSecV2/Doc/non_aigc/inpaint/imgs/733053e3056742e2a79ed1d9e9ca2be9.jpg
25.878997802734375,11.942032814025879,0.0,AIGC,0,2,1,3,AIGC-Real,/mnt/public/public_datasets/OpenMMSecV2/AIGC/laion/824c4eba7c94439a894d23bd001e3e79.jpg
9.881292343139648,-24.104738235473633,0.0,IMDL,0,4,1,7,IMDL-Real,/mnt/public/public_datasets/OpenMMSecV2/IMDL/generative/coco/imgs/1dd61613443b4ffea774156530907269.jpg
-3.5833592414855957,20.7841854095459,0.0,IMDL,1,4,2,8,IMDL-Fake,/mnt/public/public_datasets/OpenMMSecV2/IMDL/generative/flux_1/imgs/4639b2c1f6074b76b2cbe3898eafad29.png
50.639671325683594,19.49266242980957,0.0,AIGC,0,2,1,3,AIGC-Real,/mnt/public/public_datasets/OpenMMSecV2/AIGC/laion/27bda086c8884068bed3cc17cb51c01f.jpg
12.150382995605469,-23.561668395996094,0.0,IMDL,0,4,1,7,IMDL-Real,/mnt/public/public_datasets/OpenMMSecV2/IMDL/generative/coco/imgs/8e18caa6e3214c7cb7536512647a7ae5.jpg
30.307418823242188,14.173413276672363,0.0,AIGC,0,2,1,3,AIGC-Real,/mnt/public/public_datasets/OpenMMSecV2/AIGC/laion/69ba5a8141d74be3b29e375f0d1de4bc.jpg
28.382144927978516,-5.038726329803467,0.0,IMDL,0,4,1,7,IMDL-Real,/mnt/public/public_datasets/OpenMMSecV2/IMDL/generative/coco/imgs/805b97c1821745cdb48f426a2f61bd6c.jpg
14.427886962890625,56.91965866088867,0.0,Doc,1,3,2,6,Document-Fake,/mnt/public/public_datasets/OpenMMSecV2/Doc/non_aigc/cpmv/imgs/354ce67ce8ea48e8b655f731f27bce14.jpg
56.735923767089844,21.600845336914062,0.0,Doc,0,3,1,5,Document-Real,/mnt/public/public_datasets/OpenMMSecV2/Doc/Real/995047755b2a44f6b32fd65b8094b72c.jpg
-26.759029388427734,-44.50956344604492,0.0,IMDL,1,4,2,8,IMDL-Fake,/mnt/public/public_datasets/OpenMMSecV2/IMDL/non_generative/manual_ps/imgs/67b8599fe5f44773957687a41264c40d.jpg
-33.491539001464844,-27.468935012817383,0.0,deepfake,0,1,1,1,Deepfake-Real,/mnt/public/public_datasets/OpenMMSecV2/Deepfake/Real/FF++/33fafcfa6c4449acbca1982e41085090.png
15.688572883605957,-22.485309600830078,0.0,Doc,0,3,1,5,Document-Real,/mnt/public/public_datasets/OpenMMSecV2/Doc/Real/03e6ca0a8120400583139d1cea5364c3.jpg
-44.0854377746582,7.8038506507873535,0.0,AIGC,1,2,2,4,AIGC-Fake,/mnt/public/public_datasets/OpenMMSecV2/AIGC/GAN/ProGAN/37602aabcf6d470d80baef98816b00df.jpg
-56.09123992919922,9.004796981811523,0.0,AIGC,1,2,2,4,AIGC-Fake,/mnt/public/public_datasets/OpenMMSecV2/AIGC/autoregressive_model/tamingtransformers/b080a00cc4274e9a913d97a006750c2c.jpg
4.623058319091797,61.989967346191406,0.0,Doc,1,3,2,6,Document-Fake,/mnt/public/public_datasets/OpenMMSecV2/Doc/non_aigc/generation/imgs/570fb29b517443de8f1fd66566833001.jpg
-8.056037902832031,10.033944129943848,0.0,IMDL,1,4,2,8,IMDL-Fake,/mnt/public/public_datasets/OpenMMSecV2/IMDL/non_generative/manual_ps/imgs/05cb7e10fbef43e192129560d842f9d2.tif
49.30501174926758,30.98857307434082,0.0,Doc,0,3,1,5,Document-Real,/mnt/public/public_datasets/OpenMMSecV2/Doc/Real/ee0dac5c80d24c0dae427c38df73fe7e.jpg
12.8851957321167,57.457679748535156,0.0,Doc,0,3,1,5,Document-Real,/mnt/public/public_datasets/OpenMMSecV2/Doc/Real/8c6ae7447c244570ba27284af27d68fe.jpg
-40.552635192871094,11.851526260375977,0.0,deepfake,1,1,2,2,Deepfake-Fake,/mnt/public/public_datasets/OpenMMSecV2/Deepfake/Fake/EntireFaceSynthesis/StyleGAN3/8938485290574d7bbf43c35df8803432.png
0.858475923538208,61.38670349121094,0.0,Doc,1,3,2,6,Document-Fake,/mnt/public/public_datasets/OpenMMSecV2/Doc/non_aigc/copy-move/imgs/b932a29c36b541808367f792816cf1e9.jpg
32.77633285522461,-17.71394920349121,0.0,Doc,1,3,2,6,Document-Fake,/mnt/public/public_datasets/OpenMMSecV2/Doc/aigc/textdiff/imgs/8eb7722846dc49398842834980ea04c0.jpg
6.964749336242676,1.6076138019561768,0.0,IMDL,0,4,1,7,IMDL-Real,/mnt/public/public_datasets/OpenMMSecV2/IMDL/non_generative/manual_ps/imgs/10281c7c4bcd42ba84ae4b6b43c83d5f.jpg
13.39061450958252,2.3440539836883545,0.0,AIGC,0,2,1,3,AIGC-Real,/mnt/public/public_datasets/OpenMMSecV2/AIGC/laion/24c8a1fba1014e2d9547751f43a436a9.jpg
14.51667594909668,-31.832427978515625,0.0,IMDL,0,4,1,7,IMDL-Real,/mnt/public/public_datasets/OpenMMSecV2/IMDL/generative/flux_1/imgs/8e3858b4fda64229b2f776e9a5c4e8f4.png
-42.851829528808594,12.183674812316895,0.0,AIGC,1,2,2,4,AIGC-Fake,/mnt/public/public_datasets/OpenMMSecV2/AIGC/GAN/ProGAN/5c262392296f460e94f245a7ffddc88b.jpg
5.349457740783691,-35.721778869628906,0.0,IMDL,0,4,1,7,IMDL-Real,/mnt/public/public_datasets/OpenMMSecV2/IMDL/generative/coco/imgs/d7b0692a734a459781628103773ad1b5.jpg
24.557878494262695,52.16486358642578,0.0,Doc,1,3,2,6,Document-Fake,/mnt/public/public_datasets/OpenMMSecV2/Doc/non_aigc/generation/imgs/ce6fb2bf019d45b1b125e828bce292be.jpg
25.907421112060547,18.421812057495117,0.0,AIGC,0,2,1,3,AIGC-Real,/mnt/public/public_datasets/OpenMMSecV2/AIGC/laion/4493c3f25d644a36b0f305345db21aae.jpg
-17.40110969543457,6.782283306121826,0.0,AIGC,1,2,2,4,AIGC-Fake,/mnt/public/public_datasets/OpenMMSecV2/AIGC/commercial/wukong/imgs/8375fe25bb3b4d84907a2a38b07af85d.png
-25.152057647705078,5.047359943389893,0.0,IMDL,1,4,2,8,IMDL-Fake,/mnt/public/public_datasets/OpenMMSecV2/IMDL/generative/stable_diffusion/imgs/540bca7af43f4c05bfd43ade6b13f12e.png
17.94575309753418,8.68067741394043,0.0,AIGC,0,2,1,3,AIGC-Real,/mnt/public/public_datasets/OpenMMSecV2/AIGC/other/online/imgs/2ed31fd85d8f45b98213c9b87d3de354.jpg
11.349706649780273,-1.7392410039901733,0.0,IMDL,1,4,2,8,IMDL-Fake,/mnt/public/public_datasets/OpenMMSecV2/IMDL/non_generative/manual_ps/imgs/2e3249e650d7458e9de72797b0aae0d9.jpg
6.327980041503906,-14.011576652526855,0.0,AIGC,0,2,1,3,AIGC-Real,/mnt/public/public_datasets/OpenMMSecV2/AIGC/laion/c6ad49dfcb0d4f83b737552b14e4af5f.jpg
-29.383609771728516,-42.806800842285156,0.0,deepfake,0,1,1,1,Deepfake-Real,/mnt/public/public_datasets/OpenMMSecV2/Deepfake/Real/FF++/23b3f0792195460cb4fd5e48798c7a48.png
-57.759525299072266,6.924017906188965,0.0,deepfake,1,1,2,2,Deepfake-Fake,/mnt/public/public_datasets/OpenMMSecV2/Deepfake/Fake/FaceEditing/StarGANv2/56d8d2fe75f342578ec0ac512ca0329f.jpg
-20.672603607177734,2.919656276702881,0.0,AIGC,1,2,2,4,AIGC-Fake,/mnt/public/public_datasets/OpenMMSecV2/AIGC/commercial/wukong/imgs/eae8370c65854bbcae256f065979359f.png
-49.108795166015625,-36.59587478637695,0.0,deepfake,0,1,1,1,Deepfake-Real,/mnt/public/public_datasets/OpenMMSecV2/Deepfake/Real/CelebDF-v2/52c5a52ed6244c62a9e938eb71bfba51.png
-61.51191711425781,-12.467069625854492,0.0,deepfake,1,1,2,2,Deepfake-Fake,/mnt/public/public_datasets/OpenMMSecV2/Deepfake/Fake/EntireFaceSynthesis/RDDM/0591fbe618d141f08feac93bcfd1a6e6.png
27.275218963623047,18.736228942871094,0.0,AIGC,0,2,1,3,AIGC-Real,/mnt/public/public_datasets/OpenMMSecV2/AIGC/laion/4dc3e28e611540f28b50ac74906925fa.jpg
-0.607177197933197,23.717992782592773,0.0,AIGC,1,2,2,4,AIGC-Fake,/mnt/public/public_datasets/OpenMMSecV2/AIGC/commercial/dalle/1094b863e8894b0289c72dae548d5419.jpg
-43.449737548828125,-3.386451482772827,0.0,deepfake,1,1,2,2,Deepfake-Fake,/mnt/public/public_datasets/OpenMMSecV2/Deepfake/Fake/FaceEditing/StarGANv2/0fad6fc8e4654f5b9e2d551421dd4294.jpg
-45.387672424316406,-37.790042877197266,0.0,deepfake,0,1,1,1,Deepfake-Real,/mnt/public/public_datasets/OpenMMSecV2/Deepfake/Real/CelebDF-v2/8f468178d26c494d900617b215dab9e4.png
-32.30221939086914,-28.54999542236328,0.0,deepfake,0,1,1,1,Deepfake-Real,/mnt/public/public_datasets/OpenMMSecV2/Deepfake/Real/CelebDF-v2/7ec9c300f6e24766a5e66554e4543b04.png
-30.58971405029297,-24.75579833984375,0.0,deepfake,0,1,1,1,Deepfake-Real,/mnt/public/public_datasets/OpenMMSecV2/Deepfake/Real/DFD/e8bbd06162cf4404a146b0a94e7fed87.png
-22.497163772583008,8.436418533325195,0.0,AIGC,1,2,2,4,AIGC-Fake,/mnt/public/public_datasets/OpenMMSecV2/AIGC/commercial/wukong/imgs/6a79d8ceed9d49a281ee97890f95ff25.png
-38.56088638305664,-37.452152252197266,0.0,deepfake,1,1,2,2,Deepfake-Fake,/mnt/public/public_datasets/OpenMMSecV2/Deepfake/Fake/FaceSwap/FaceDancer/39bd39bc386647fa8b1b9d5a304c2eeb.png
23.819189071655273,-23.881736755371094,0.0,IMDL,1,4,2,8,IMDL-Fake,/mnt/public/public_datasets/OpenMMSecV2/IMDL/non_generative/manual_ps/imgs/e108a85f510b4992aaa05368136280b4.jpg
5.274977207183838,62.01963806152344,0.0,Doc,1,3,2,6,Document-Fake,/mnt/public/public_datasets/OpenMMSecV2/Doc/non_aigc/copy-move/imgs/6a54b5d7cbe44467b50189dc828bdc4d.jpg
-55.041221618652344,8.777875900268555,0.0,AIGC,1,2,2,4,AIGC-Fake,/mnt/public/public_datasets/OpenMMSecV2/AIGC/autoregressive_model/tamingtransformers/5d32378f83054f8ab4aa9d068096e7b6.jpg
16.850067138671875,-5.1171183586120605,0.0,AIGC,1,2,2,4,AIGC-Fake,/mnt/public/public_datasets/OpenMMSecV2/AIGC/other/online/imgs/22a4a6994fa547c1a6d470f0ff91705d.jpg
-31.919384002685547,-35.12762451171875,0.0,deepfake,0,1,1,1,Deepfake-Real,/mnt/public/public_datasets/OpenMMSecV2/Deepfake/Real/UADFV/b55d76e279d2452a9a84b09210946c8d.png
13.770413398742676,-32.1744270324707,0.0,IMDL,0,4,1,7,IMDL-Real,/mnt/public/public_datasets/OpenMMSecV2/IMDL/generative/stable_diffusion/imgs/7dcf5e0e7368442fa8f5f1e02b58edfe.png
1.3245729207992554,0.0573391392827034,0.0,AIGC,0,2,1,3,AIGC-Real,/mnt/public/public_datasets/OpenMMSecV2/AIGC/other/online/imgs/c6973cf898b04328b9d99d426ac2e96f.jpg
18.744056701660156,-2.4306607246398926,0.0,AIGC,0,2,1,3,AIGC-Real,/mnt/public/public_datasets/OpenMMSecV2/AIGC/laion/301beb272ba3498687cf74cdad1d555f.jpg
0.996330201625824,-38.66971969604492,0.0,Doc,0,3,1,5,Document-Real,/mnt/public/public_datasets/OpenMMSecV2/Doc/Real/1edce4dfdd5141298f5069164c80783c.jpg
-59.191139221191406,-13.016643524169922,0.0,deepfake,1,1,2,2,Deepfake-Fake,/mnt/public/public_datasets/OpenMMSecV2/Deepfake/Fake/FaceReenactment/MCNet/0f985f354150447580ec45cd820f592d.png
12.661871910095215,-21.546079635620117,0.0,IMDL,0,4,1,7,IMDL-Real,/mnt/public/public_datasets/OpenMMSecV2/IMDL/generative/coco/imgs/888b812b6fd8405b80ca3ba5e883cba4.jpg
-29.634870529174805,-43.826141357421875,0.0,deepfake,0,1,1,1,Deepfake-Real,/mnt/public/public_datasets/OpenMMSecV2/Deepfake/Real/FF++/b7c60218f3fd4b71b8e76952af7b6748.png
-42.68220138549805,-30.08647346496582,0.0,deepfake,0,1,1,1,Deepfake-Real,/mnt/public/public_datasets/OpenMMSecV2/Deepfake/Real/CelebDF-v2/9ef98f8c0a0447c8aeb1f7ec4cb867c5.png
15.929081916809082,6.3596510887146,0.0,IMDL,1,4,2,8,IMDL-Fake,/mnt/public/public_datasets/OpenMMSecV2/IMDL/generative/stable_diffusion/imgs/ee309882cc3c47e1928b81fb77d90619.png
55.75070571899414,23.609098434448242,0.0,Doc,0,3,1,5,Document-Real,/mnt/public/public_datasets/OpenMMSecV2/Doc/Real/50d2a89628c94b54ab6c0fdffd277128.jpg
9.011987686157227,49.376060485839844,0.0,Doc,1,3,2,6,Document-Fake,/mnt/public/public_datasets/OpenMMSecV2/Doc/non_aigc/cpmv/imgs/06aa919ad5e94a3cbc68b9516b63d96c.jpg
32.26629638671875,-22.795316696166992,0.0,Doc,1,3,2,6,Document-Fake,/mnt/public/public_datasets/OpenMMSecV2/Doc/aigc/udifftext/imgs/6fa15b6dbe1244ccb636a73b644c14ad.jpg
-54.77268981933594,2.409996271133423,0.0,deepfake,1,1,2,2,Deepfake-Fake,/mnt/public/public_datasets/OpenMMSecV2/Deepfake/Fake/FaceEditing/StarGAN/5b88bc2cf9ca44dc8d27a49702da22b7.jpg
-19.18346405029297,11.260749816894531,0.0,IMDL,1,4,2,8,IMDL-Fake,/mnt/public/public_datasets/OpenMMSecV2/IMDL/generative/stable_diffusion/imgs/6d4b9be21a684df09cbad1ff63728337.png
14.295426368713379,-7.413333892822266,0.0,AIGC,0,2,1,3,AIGC-Real,/mnt/public/public_datasets/OpenMMSecV2/AIGC/laion/e2fd8191f5374d58af79eba464e4bf8d.jpg
9.657282829284668,-36.113670349121094,0.0,IMDL,0,4,1,7,IMDL-Real,/mnt/public/public_datasets/OpenMMSecV2/IMDL/generative/coco/imgs/16212df8a73d4872a174819a49f41138.jpg
-57.38618850708008,-6.463164806365967,0.0,deepfake,1,1,2,2,Deepfake-Fake,/mnt/public/public_datasets/OpenMMSecV2/Deepfake/Fake/EntireFaceSynthesis/SiT-XL/975f2ff6e5f44321b3e49bd667ef5e64.png
8.716389656066895,-5.999674320220947,0.0,IMDL,1,4,2,8,IMDL-Fake,/mnt/public/public_datasets/OpenMMSecV2/IMDL/generative/gan_mat/imgs/d6996745bd9b44e88be67597fbe6e5c7.png
40.974788665771484,-20.882259368896484,0.0,Doc,0,3,1,5,Document-Real,/mnt/public/public_datasets/OpenMMSecV2/Doc/Real/13115c245c0141e7be37a52e1f1648ac.jpg
-1.2585090398788452,7.465240001678467,0.0,AIGC,0,2,1,3,AIGC-Real,/mnt/public/public_datasets/OpenMMSecV2/AIGC/laion/b5c7f5ce14974974ab1b48f792097ec6.jpg
-48.29302215576172,-35.29342269897461,0.0,deepfake,0,1,1,1,Deepfake-Real,/mnt/public/public_datasets/OpenMMSecV2/Deepfake/Real/FFHQ/15166fdc79ed4d8696505c89e9a74551.jpg
42.71884536743164,42.94523239135742,0.0,Doc,0,3,1,5,Document-Real,/mnt/public/public_datasets/OpenMMSecV2/Doc/Real/30622ba6c51945d6aafb815d6759a826.jpg
-55.35108184814453,8.4632568359375,0.0,AIGC,1,2,2,4,AIGC-Fake,/mnt/public/public_datasets/OpenMMSecV2/AIGC/autoregressive_model/tamingtransformers/23bdafd7055a4e1da244bf4acb0c3d22.jpg
12.88879108428955,4.3188700675964355,0.0,AIGC,0,2,1,3,AIGC-Real,/mnt/public/public_datasets/OpenMMSecV2/AIGC/laion/e1385a22bacb4fc0963d2dd142abc586.jpg
-57.41557312011719,-7.575809478759766,0.0,deepfake,1,1,2,2,Deepfake-Fake,/mnt/public/public_datasets/OpenMMSecV2/Deepfake/Fake/FaceSwap/InSwapper/0a8b59c090864e5180726774877eb1b1.png
-5.9222092628479,7.413821697235107,0.0,IMDL,1,4,2,8,IMDL-Fake,/mnt/public/public_datasets/OpenMMSecV2/IMDL/generative/gan_mat/imgs/3813bbda50a5431da016a2f8508aecca.tiff
-55.7067985534668,-6.339804172515869,0.0,deepfake,1,1,2,2,Deepfake-Fake,/mnt/public/public_datasets/OpenMMSecV2/Deepfake/Fake/FaceReenactment/MRAA/c4c137c6bb8d4b99b26feb97583c251a.png
1.7151315212249756,60.05426025390625,0.0,Doc,1,3,2,6,Document-Fake,/mnt/public/public_datasets/OpenMMSecV2/Doc/non_aigc/copy-move/imgs/8fa0a00f73b4413585c9386281928dca.jpg
35.08312225341797,-9.640813827514648,0.0,Doc,0,3,1,5,Document-Real,/mnt/public/public_datasets/OpenMMSecV2/Doc/Real/4f9b2c484fe44f0b8e66759e6d6a4f48.jpg
7.571857929229736,-22.10075569152832,0.0,IMDL,0,4,1,7,IMDL-Real,/mnt/public/public_datasets/OpenMMSecV2/IMDL/generative/stable_diffusion/imgs/3b66d8be05c747e1a3ad61b44988d430.png
15.19777774810791,0.6782099604606628,0.0,IMDL,1,4,2,8,IMDL-Fake,/mnt/public/public_datasets/OpenMMSecV2/IMDL/generative/stable_diffusion/imgs/f910832c48e24a1b9be661ebb5f7191b.png
14.728669166564941,-32.37983703613281,0.0,IMDL,0,4,1,7,IMDL-Real,/mnt/public/public_datasets/OpenMMSecV2/IMDL/generative/coco/imgs/3c0b1429fba8462b9e2af719b5a84d55.jpg
23.10871696472168,56.5761604309082,0.0,Doc,1,3,2,6,Document-Fake,/mnt/public/public_datasets/OpenMMSecV2/Doc/non_aigc/copy-move/imgs/01e32c8eeaeb44ce846d9ceedc441f9f.jpg
-48.941646575927734,-9.633624076843262,0.0,deepfake,1,1,2,2,Deepfake-Fake,/mnt/public/public_datasets/OpenMMSecV2/Deepfake/Fake/EntireFaceSynthesis/StyleGAN-XL/84e5126e5a9940b7ab0b42fbb6b7fcab.png
35.18896484375,-12.707109451293945,0.0,Doc,1,3,2,6,Document-Fake,/mnt/public/public_datasets/OpenMMSecV2/Doc/aigc/udifftext/imgs/7eb58c36cfec40a5872ad80a25b4e491.jpg
16.545780181884766,-24.477474212646484,0.0,IMDL,0,4,1,7,IMDL-Real,/mnt/public/public_datasets/OpenMMSecV2/IMDL/generative/stable_diffusion/imgs/71dd7738b50c4267ad9a5e33a0ae2b4e.png
48.070640563964844,34.5460205078125,0.0,Doc,1,3,2,6,Document-Fake,/mnt/public/public_datasets/OpenMMSecV2/Doc/non_aigc/cover/imgs/3821a40933684f898d52e409faf0460f.jpg
28.290708541870117,5.219728946685791,0.0,AIGC,0,2,1,3,AIGC-Real,/mnt/public/public_datasets/OpenMMSecV2/AIGC/laion/e039f3515b5043279b36cce9abee3144.jpg
22.700197219848633,1.3075612783432007,0.0,AIGC,0,2,1,3,AIGC-Real,/mnt/public/public_datasets/OpenMMSecV2/AIGC/laion/93f87c77c0a148b18f24f2387f200049.jpg
41.1002311706543,38.11604690551758,0.0,Doc,0,3,1,5,Document-Real,/mnt/public/public_datasets/OpenMMSecV2/Doc/Real/974e5985d24844d3bf8ecf7f652b6cd1.jpg
40.71333312988281,43.82932662963867,0.0,Doc,1,3,2,6,Document-Fake,/mnt/public/public_datasets/OpenMMSecV2/Doc/non_aigc/inpaint/imgs/28a6f45e0d7f45ff8af2d5d64085a295.jpg
-4.599846363067627,-26.432832717895508,0.0,IMDL,0,4,1,7,IMDL-Real,/mnt/public/public_datasets/OpenMMSecV2/IMDL/generative/flux_1/imgs/d35ca5c23cd54618ab24f1922a5b00b1.png
-41.430519104003906,-1.8257485628128052,0.0,deepfake,1,1,2,2,Deepfake-Fake,/mnt/public/public_datasets/OpenMMSecV2/Deepfake/Fake/FaceEditing/StarGANv2/a08edb3e07914fc78e05549dd89eacf4.jpg
8.250000953674316,-29.68998908996582,0.0,IMDL,0,4,1,7,IMDL-Real,/mnt/public/public_datasets/OpenMMSecV2/IMDL/generative/stable_diffusion/imgs/bc7369e657f84c65a6cba213043f3c91.png
-17.24142837524414,-3.73661470413208,0.0,IMDL,1,4,2,8,IMDL-Fake,/mnt/public/public_datasets/OpenMMSecV2/IMDL/generative/stable_diffusion/imgs/ab12ac4387f1422ba68611b5449b602b.png
-17.061540603637695,-14.514531135559082,0.0,AIGC,1,2,2,4,AIGC-Fake,/mnt/public/public_datasets/OpenMMSecV2/AIGC/other/online/imgs/5e2219ec33b347e4aeab598df5c2bee0.jpg
2.340139627456665,60.053977966308594,0.0,Doc,1,3,2,6,Document-Fake,/mnt/public/public_datasets/OpenMMSecV2/Doc/non_aigc/generation/imgs/447bc8759cf949d481af09618012f9b3.jpg
-2.9368128776550293,-23.687646865844727,0.0,IMDL,1,4,2,8,IMDL-Fake,/mnt/public/public_datasets/OpenMMSecV2/IMDL/non_generative/manual_ps/imgs/37bce708d6374f2e86d31a72fdd49acd.jpg
33.17167282104492,-14.985201835632324,0.0,Doc,1,3,2,6,Document-Fake,/mnt/public/public_datasets/OpenMMSecV2/Doc/aigc/stefann/imgs/eb64caee8a8b46959484bf444c9e5c24.jpg
0.3575288951396942,17.959186553955078,0.0,AIGC,1,2,2,4,AIGC-Fake,/mnt/public/public_datasets/OpenMMSecV2/AIGC/commercial/ideogram/87c5731dceb14458be6fc8b9d8e17567.jpg
40.283607482910156,44.360809326171875,0.0,Doc,0,3,1,5,Document-Real,/mnt/public/public_datasets/OpenMMSecV2/Doc/Real/09365978c1174b36b6f74fa828349ce4.jpg
-55.22533416748047,-11.28943920135498,0.0,deepfake,1,1,2,2,Deepfake-Fake,/mnt/public/public_datasets/OpenMMSecV2/Deepfake/Fake/FaceReenactment/MRAA/f8dc482f44e640ea89670d17c0e91d99.png
1.0407956838607788,20.597673416137695,0.0,AIGC,1,2,2,4,AIGC-Fake,/mnt/public/public_datasets/OpenMMSecV2/AIGC/commercial/firefly/d39ca2ec904b429c8bfe65ed679adcdc.jpg
-50.975425720214844,-6.550245761871338,0.0,deepfake,1,1,2,2,Deepfake-Fake,/mnt/public/public_datasets/OpenMMSecV2/Deepfake/Fake/FaceEditing/StarGAN/fb00cf66449b409ca45769a488c5adba.jpg
-0.2625073492527008,59.613075256347656,0.0,Doc,1,3,2,6,Document-Fake,/mnt/public/public_datasets/OpenMMSecV2/Doc/non_aigc/generation/imgs/5f76a96dd9b44d06b78035b856e0f04b.jpg
32.647220611572266,-26.87212371826172,0.0,Doc,0,3,1,5,Document-Real,/mnt/public/public_datasets/OpenMMSecV2/Doc/aigc/derend/imgs/e2f1bb370040491f8708422f5762efd3.jpg
-46.63538360595703,1.634217381477356,0.0,deepfake,1,1,2,2,Deepfake-Fake,/mnt/public/public_datasets/OpenMMSecV2/Deepfake/Fake/FaceEditing/StarGANv2/f269bedc3ced402fb6cd26144205d925.jpg
-6.598987579345703,-26.67559814453125,0.0,IMDL,1,4,2,8,IMDL-Fake,/mnt/public/public_datasets/OpenMMSecV2/IMDL/non_generative/manual_ps/imgs/7c7404954b73480b90591e109bf649f9.jpg
-58.94386291503906,-4.382436275482178,0.0,deepfake,1,1,2,2,Deepfake-Fake,/mnt/public/public_datasets/OpenMMSecV2/Deepfake/Fake/FaceSwap/UniFace/1a121f347cde48fda4288f54c4bb71b2.png
5.7008843421936035,-2.824032783508301,0.0,IMDL,0,4,1,7,IMDL-Real,/mnt/public/public_datasets/OpenMMSecV2/IMDL/generative/stable_diffusion/imgs/2efdd360a44b40f59957bed8b7dacdcb.png
-4.245220184326172,-19.782413482666016,0.0,IMDL,1,4,2,8,IMDL-Fake,/mnt/public/public_datasets/OpenMMSecV2/IMDL/generative/flux_1/imgs/70527f2e80524be589942d1342e90723.png
-31.511329650878906,-43.51673126220703,0.0,deepfake,0,1,1,1,Deepfake-Real,/mnt/public/public_datasets/OpenMMSecV2/Deepfake/Real/FF++/f865bd2734eb42cca38704f07ac9cdbb.png
5.042913436889648,46.41401290893555,0.0,Doc,0,3,1,5,Document-Real,/mnt/public/public_datasets/OpenMMSecV2/Doc/Real/1fffb71df6cb4d5eaffd87c91d1e91fd.jpg
13.477668762207031,-14.992951393127441,0.0,IMDL,0,4,1,7,IMDL-Real,/mnt/public/public_datasets/OpenMMSecV2/IMDL/generative/coco/imgs/b05a2bdcc9ea4afdb3e048b9be2470bc.jpg
30.194963455200195,-17.621414184570312,0.0,Doc,1,3,2,6,Document-Fake,/mnt/public/public_datasets/OpenMMSecV2/Doc/aigc/textdiff/imgs/f0ef173d18b84cc2b786352605db1951.jpg
8.257088661193848,-10.771602630615234,0.0,IMDL,0,4,1,7,IMDL-Real,/mnt/public/public_datasets/OpenMMSecV2/IMDL/generative/flux_1/imgs/64a7e067d8a740d4967d640cbccc4b62.png
21.751617431640625,64.89764404296875,0.0,Doc,1,3,2,6,Document-Fake,/mnt/public/public_datasets/OpenMMSecV2/Doc/non_aigc/generation/imgs/dd80397cc63d43219da4b2ee748fe910.jpg
-34.55642318725586,-24.193500518798828,0.0,deepfake,0,1,1,1,Deepfake-Real,/mnt/public/public_datasets/OpenMMSecV2/Deepfake/Real/FF++/5e6cf1a8bfdb460a9b461666f1162087.png
7.249759674072266,-26.14837074279785,0.0,IMDL,1,4,2,8,IMDL-Fake,/mnt/public/public_datasets/OpenMMSecV2/IMDL/generative/gan_mat/imgs/ebb7f7fa4b714824a818ce99b3e59d1a.tiff
-11.16793441772461,-2.7159273624420166,0.0,IMDL,1,4,2,8,IMDL-Fake,/mnt/public/public_datasets/OpenMMSecV2/IMDL/generative/stable_diffusion/imgs/540c75c5e10649bab7cc6b1675bb97e1.png
14.464980125427246,-29.9577579498291,0.0,AIGC,0,2,1,3,AIGC-Real,/mnt/public/public_datasets/OpenMMSecV2/AIGC/commercial/wukong/imgs/07a1a3aef2604526a16acaaa66ab19ee.JPEG
-41.43007278442383,-40.45400619506836,0.0,deepfake,0,1,1,1,Deepfake-Real,/mnt/public/public_datasets/OpenMMSecV2/Deepfake/Real/FF++/a9d32059670043a3a79baae7e6a1161b.png
5.580152988433838,1.549570083618164,0.0,AIGC,0,2,1,3,AIGC-Real,/mnt/public/public_datasets/OpenMMSecV2/AIGC/laion/9098ad61d4b24645b7c501b3337edf40.jpg
-15.211366653442383,19.39472198486328,0.0,IMDL,1,4,2,8,IMDL-Fake,/mnt/public/public_datasets/OpenMMSecV2/IMDL/generative/paintbyexample/imgs/27d31a9fb7a646f491110472b9c24c6d.jpg
-17.33179473876953,-24.84598159790039,0.0,AIGC,0,2,1,3,AIGC-Real,/mnt/public/public_datasets/OpenMMSecV2/AIGC/laion/b5203515558e4b168fb3377f598d6987.jpg
-26.55838966369629,-42.03586959838867,0.0,deepfake,0,1,1,1,Deepfake-Real,/mnt/public/public_datasets/OpenMMSecV2/Deepfake/Real/CelebDF-v2/28e810058358417592effffaec93dacd.png
9.906949996948242,-4.809597492218018,0.0,IMDL,1,4,2,8,IMDL-Fake,/mnt/public/public_datasets/OpenMMSecV2/IMDL/non_generative/manual_ps/imgs/9b5020b2e4524d3caef636960623fbfb.tif
35.564273834228516,-20.752559661865234,0.0,Doc,1,3,2,6,Document-Fake,/mnt/public/public_datasets/OpenMMSecV2/Doc/aigc/textdiff/imgs/487590d907e24034abf8d455582aca08.jpg
-7.065213680267334,22.084104537963867,0.0,AIGC,0,2,1,3,AIGC-Real,/mnt/public/public_datasets/OpenMMSecV2/AIGC/laion/1411568a91204b78a9241aedd1bfcc70.jpg
-10.474968910217285,-13.617398262023926,0.0,AIGC,1,2,2,4,AIGC-Fake,/mnt/public/public_datasets/OpenMMSecV2/AIGC/other/online/imgs/20f89711305249f0841c47d9b2311048.jpg
11.946113586425781,-25.06285858154297,0.0,IMDL,0,4,1,7,IMDL-Real,/mnt/public/public_datasets/OpenMMSecV2/IMDL/generative/flux_1/imgs/337cf4bf497a4f87b8bedce7962a4151.png
-13.018598556518555,-2.841193437576294,0.0,IMDL,1,4,2,8,IMDL-Fake,/mnt/public/public_datasets/OpenMMSecV2/IMDL/generative/stable_diffusion/imgs/af83af0b9e0d48d293dbf93f0b60acd1.png
19.745635986328125,63.96392822265625,0.0,Doc,1,3,2,6,Document-Fake,/mnt/public/public_datasets/OpenMMSecV2/Doc/non_aigc/copy-move/imgs/2e9ccffe8f274a7fbbb1ad4990a691ac.jpg
-12.216397285461426,13.137090682983398,0.0,deepfake,0,1,1,1,Deepfake-Real,/mnt/public/public_datasets/OpenMMSecV2/Deepfake/Real/DFD/f6d848e100e34324a508ec1b1b0ba32d.png
-12.194315910339355,-13.78309440612793,0.0,AIGC,1,2,2,4,AIGC-Fake,/mnt/public/public_datasets/OpenMMSecV2/AIGC/other/online/imgs/7fbd7a9a77154396ab1ef47d82ad7b79.jpg
14.335963249206543,-38.26930236816406,0.0,IMDL,0,4,1,7,IMDL-Real,/mnt/public/public_datasets/OpenMMSecV2/IMDL/generative/coco/imgs/93336d85c4204f1f99e2480c8421bed3.jpg
31.14311408996582,20.283220291137695,0.0,AIGC,0,2,1,3,AIGC-Real,/mnt/public/public_datasets/OpenMMSecV2/AIGC/laion/513c5f60eaa24d90a2ee6480a2b6215e.jpg
-46.554264068603516,4.6414008140563965,0.0,AIGC,1,2,2,4,AIGC-Fake,/mnt/public/public_datasets/OpenMMSecV2/AIGC/autoregressive_model/tamingtransformers/32187022839140ceb1413c885b21d350.jpg
-25.015457153320312,-30.509246826171875,0.0,deepfake,0,1,1,1,Deepfake-Real,/mnt/public/public_datasets/OpenMMSecV2/Deepfake/Real/VFHQ/b3fabef3134c4d8984b924a639669164.png
-29.673696517944336,-38.618831634521484,0.0,deepfake,0,1,1,1,Deepfake-Real,/mnt/public/public_datasets/OpenMMSecV2/Deepfake/Real/CelebDF-v2/853939bdb77d4ec49b1d51b84a2c8fe7.png
5.406182765960693,43.99705123901367,0.0,Doc,0,3,1,5,Document-Real,/mnt/public/public_datasets/OpenMMSecV2/Doc/Real/30114d57287a4f45b7490d42fb968dc5.jpg
4.4891204833984375,-21.16290855407715,0.0,IMDL,0,4,1,7,IMDL-Real,/mnt/public/public_datasets/OpenMMSecV2/IMDL/generative/stable_diffusion/imgs/97fe20fb50684c6fada65863fe0f2a85.png
3.044612407684326,-25.63800048828125,0.0,IMDL,0,4,1,7,IMDL-Real,/mnt/public/public_datasets/OpenMMSecV2/IMDL/generative/stable_diffusion/imgs/77bccb5fca6f41d5aa5ec025a7e69d17.png
21.042633056640625,55.60616683959961,0.0,Doc,1,3,2,6,Document-Fake,/mnt/public/public_datasets/OpenMMSecV2/Doc/non_aigc/copy-move/imgs/e3b810f00e9f4fcc842e736bfe0a3178.jpg
-8.20351791381836,-5.787454128265381,0.0,IMDL,1,4,2,8,IMDL-Fake,/mnt/public/public_datasets/OpenMMSecV2/IMDL/non_generative/manual_ps/imgs/23c8e6aa35b14232a7543ed991faeac4.jpg
18.60786247253418,-1.370427131652832,0.0,AIGC,1,2,2,4,AIGC-Fake,/mnt/public/public_datasets/OpenMMSecV2/AIGC/other/online/imgs/bc31c422711a41a694bc5385d6f23fd2.jpg
51.52199172973633,17.80663299560547,0.0,Doc,0,3,1,5,Document-Real,/mnt/public/public_datasets/OpenMMSecV2/Doc/Real/51348617351e48f7a1e17c9d8b53305f.jpg
16.9710750579834,8.549925804138184,0.0,AIGC,1,2,2,4,AIGC-Fake,/mnt/public/public_datasets/OpenMMSecV2/AIGC/other/online/imgs/274d0f1fa4f24c8a9917c1b0b9fe6a20.jpg
18.804454803466797,57.769405364990234,0.0,Doc,1,3,2,6,Document-Fake,/mnt/public/public_datasets/OpenMMSecV2/Doc/non_aigc/generation/imgs/4d1e225991b0403e9436b759ca44c6b5.jpg
0.7884947061538696,3.556814193725586,0.0,IMDL,1,4,2,8,IMDL-Fake,/mnt/public/public_datasets/OpenMMSecV2/IMDL/non_generative/manual_ps/imgs/1113e75b8b5144918d5636761f3deb7c.jpg
-1.7527830600738525,19.231351852416992,0.0,IMDL,1,4,2,8,IMDL-Fake,/mnt/public/public_datasets/OpenMMSecV2/IMDL/generative/stable_diffusion/imgs/74afc3439cac484eb942d83faeba9871.png
-44.54524612426758,-36.158180236816406,0.0,deepfake,0,1,1,1,Deepfake-Real,/mnt/public/public_datasets/OpenMMSecV2/Deepfake/Real/CelebDF-v2/72f31dc45d784823ae47bdd564424224.png
-46.711063385009766,-23.629810333251953,0.0,deepfake,1,1,2,2,Deepfake-Fake,/mnt/public/public_datasets/OpenMMSecV2/Deepfake/Fake/FaceSwap/FSGAN/d68f11850ac54979974cd5112f3bda1d.png
-39.9647216796875,-37.768455505371094,0.0,deepfake,0,1,1,1,Deepfake-Real,/mnt/public/public_datasets/OpenMMSecV2/Deepfake/Real/FF++/618ff3a1ce62498bbe27b02ece5354f1.png
-5.125631809234619,17.536479949951172,0.0,AIGC,1,2,2,4,AIGC-Fake,/mnt/public/public_datasets/OpenMMSecV2/AIGC/commercial/imagen/6b950c90dfbf4fca8b193f6101037d04.jpg
22.026018142700195,-33.252471923828125,0.0,Doc,0,3,1,5,Document-Real,/mnt/public/public_datasets/OpenMMSecV2/Doc/Real/d92555e52f2a43a6be9982620cb48a83.jpg
47.740028381347656,39.19706344604492,0.0,Doc,1,3,2,6,Document-Fake,/mnt/public/public_datasets/OpenMMSecV2/Doc/non_aigc/cover/imgs/d4e7c483ed8947deb758a5cfb59d0c48.jpg
47.75810241699219,33.30652618408203,0.0,Doc,1,3,2,6,Document-Fake,/mnt/public/public_datasets/OpenMMSecV2/Doc/non_aigc/cover/imgs/f1e57a975ab24a188b99e7606e2972e7.jpg
20.515993118286133,-0.8654112219810486,0.0,Doc,1,3,2,6,Document-Fake,/mnt/public/public_datasets/OpenMMSecV2/Doc/aigc/textocr/imgs/74a0bee611714117a6636aec48fe4fba.jpg
-44.11227035522461,-21.70516586303711,0.0,deepfake,1,1,2,2,Deepfake-Fake,/mnt/public/public_datasets/OpenMMSecV2/Deepfake/Fake/EntireFaceSynthesis/StyleGAN-XL/2b515c2c0f5b421ea939abd28e8122b2.png
27.731609344482422,21.75594139099121,0.0,AIGC,0,2,1,3,AIGC-Real,/mnt/public/public_datasets/OpenMMSecV2/AIGC/laion/e0f27365adf541bba5a93fe38f5dd4eb.jpg
-3.404588222503662,-20.236526489257812,0.0,IMDL,0,4,1,7,IMDL-Real,/mnt/public/public_datasets/OpenMMSecV2/IMDL/generative/stable_diffusion/imgs/cca52da9d7ae4a5f983d407b57621730.png
10.732181549072266,-36.98463439941406,0.0,IMDL,1,4,2,8,IMDL-Fake,/mnt/public/public_datasets/OpenMMSecV2/IMDL/generative/flux_1/imgs/7d1ba0c18e2a49b9bc337447db36b018.png
56.563385009765625,23.081418991088867,0.0,Doc,0,3,1,5,Document-Real,/mnt/public/public_datasets/OpenMMSecV2/Doc/Real/8f88bf7617c445e4afa5196f8a7ed336.jpg
33.119232177734375,-23.33585548400879,0.0,Doc,0,3,1,5,Document-Real,/mnt/public/public_datasets/OpenMMSecV2/Doc/aigc/derend/imgs/81e44044d57e4a008b4ddcc478f206cf.jpg
-36.14374923706055,-38.430355072021484,0.0,deepfake,0,1,1,1,Deepfake-Real,/mnt/public/public_datasets/OpenMMSecV2/Deepfake/Real/FF++/23e39aba7d5d4f688c913e664eec9deb.png
11.697745323181152,-26.952314376831055,0.0,IMDL,0,4,1,7,IMDL-Real,/mnt/public/public_datasets/OpenMMSecV2/IMDL/generative/flux_1/imgs/58d80a6e61a644a98d032f0dfb71cea8.png
44.04472732543945,-17.461227416992188,0.0,Doc,0,3,1,5,Document-Real,/mnt/public/public_datasets/OpenMMSecV2/Doc/Real/51948914e8714f61a242eb51e138b442.jpg
-40.592655181884766,-41.06043243408203,0.0,deepfake,0,1,1,1,Deepfake-Real,/mnt/public/public_datasets/OpenMMSecV2/Deepfake/Real/FF++/6cafb1fb84ed4a7a8265099fb8fa5d82.png
-41.98183822631836,-40.029151916503906,0.0,deepfake,0,1,1,1,Deepfake-Real,/mnt/public/public_datasets/OpenMMSecV2/Deepfake/Real/FF++/40e63c9ebd1f47de8a6365753a5e9e4c.png
19.900785446166992,-1.4170811176300049,0.0,AIGC,0,2,1,3,AIGC-Real,/mnt/public/public_datasets/OpenMMSecV2/AIGC/laion/7aba01139c844f4a9b26b300c450e0b2.jpg
32.415401458740234,-26.74723243713379,0.0,Doc,0,3,1,5,Document-Real,/mnt/public/public_datasets/OpenMMSecV2/Doc/Real/841eddd1e8b740538a5cda94d053b22f.jpg
32.64698028564453,-26.872034072875977,0.0,Doc,0,3,1,5,Document-Real,/mnt/public/public_datasets/OpenMMSecV2/Doc/Real/93a167a915a140f3b7795dca66bacb6a.jpg
-18.845605850219727,25.57977294921875,0.0,IMDL,1,4,2,8,IMDL-Fake,/mnt/public/public_datasets/OpenMMSecV2/IMDL/generative/stable_diffusion/imgs/1b7f8f37008c4ca78d7a1f971923d2e7.jpg
49.16237258911133,28.1575984954834,0.0,AIGC,0,2,1,3,AIGC-Real,/mnt/public/public_datasets/OpenMMSecV2/AIGC/laion/81eae93b4b7e43d8b10411b65b3afa56.jpg
-0.0891529843211174,47.525733947753906,0.0,Doc,0,3,1,5,Document-Real,/mnt/public/public_datasets/OpenMMSecV2/Doc/Real/5090da04357e482ba91a01afaa7e7723.jpg
17.64015007019043,-10.910270690917969,0.0,IMDL,1,4,2,8,IMDL-Fake,/mnt/public/public_datasets/OpenMMSecV2/IMDL/generative/paintbyexample/imgs/35d0cb1edf734646a642a2c59f36e824.tiff
19.245689392089844,65.5022964477539,0.0,Doc,1,3,2,6,Document-Fake,/mnt/public/public_datasets/OpenMMSecV2/Doc/non_aigc/generation/imgs/2cbc0747bd594ee6875a00f12d9b8d93.jpg
6.785506725311279,45.11898422241211,0.0,Doc,1,3,2,6,Document-Fake,/mnt/public/public_datasets/OpenMMSecV2/Doc/non_aigc/cpmv/imgs/9b338c2b376d49c6ab9dde61fe0e1d0a.jpg
14.30850887298584,5.6011576652526855,0.0,AIGC,1,2,2,4,AIGC-Fake,/mnt/public/public_datasets/OpenMMSecV2/AIGC/other/online/imgs/8ab41fdc36654d28bbc8655c29aa13b6.jpg
-17.10393714904785,21.169301986694336,0.0,IMDL,1,4,2,8,IMDL-Fake,/mnt/public/public_datasets/OpenMMSecV2/IMDL/generative/paintbyexample/imgs/b937bb70085245e5ab2e444c11371ae8.jpg
-57.11053466796875,6.934360504150391,0.0,deepfake,1,1,2,2,Deepfake-Fake,/mnt/public/public_datasets/OpenMMSecV2/Deepfake/Fake/FaceEditing/StarGANv2/5768b69bd5184dffaa568dc1bd77ca3d.jpg
29.45816421508789,-17.247461318969727,0.0,Doc,0,3,1,5,Document-Real,/mnt/public/public_datasets/OpenMMSecV2/Doc/Real/d22482487ac04f22bdd8f9843e80211d.jpg
-51.914676666259766,-6.828452110290527,0.0,deepfake,1,1,2,2,Deepfake-Fake,/mnt/public/public_datasets/OpenMMSecV2/Deepfake/Fake/EntireFaceSynthesis/SD-2.1/49bab6b725204328ba7ecd920f0a9fdd.png
4.071328639984131,21.917953491210938,0.0,AIGC,1,2,2,4,AIGC-Fake,/mnt/public/public_datasets/OpenMMSecV2/AIGC/commercial/firefly/d24e57d720c2438db825ef9b6bc4815f.jpg
21.25790786743164,54.99365234375,0.0,Doc,1,3,2,6,Document-Fake,/mnt/public/public_datasets/OpenMMSecV2/Doc/non_aigc/copy-move/imgs/478204acab6d4a068d0b41e3de876ba3.jpg
-41.09017562866211,4.931385517120361,0.0,deepfake,1,1,2,2,Deepfake-Fake,/mnt/public/public_datasets/OpenMMSecV2/Deepfake/Fake/FaceEditing/StarGANv2/5aea2c5ecdb64da5ba611930d20860a0.jpg
23.152755737304688,-15.785816192626953,0.0,Doc,0,3,1,5,Document-Real,/mnt/public/public_datasets/OpenMMSecV2/Doc/Real/81e9e52feb6d4bae9845f5f3af32d95a.jpg
30.898284912109375,-28.76922607421875,0.0,IMDL,1,4,2,8,IMDL-Fake,/mnt/public/public_datasets/OpenMMSecV2/IMDL/generative/stable_diffusion/imgs/8bfe7061a43f4abab04ee530609d5ea2.png
17.139833450317383,8.044279098510742,0.0,AIGC,1,2,2,4,AIGC-Fake,/mnt/public/public_datasets/OpenMMSecV2/AIGC/other/online/imgs/6c11ad5564b44187b16483c6db96f4aa.jpg
-16.738037109375,-19.605728149414062,0.0,AIGC,0,2,1,3,AIGC-Real,/mnt/public/public_datasets/OpenMMSecV2/AIGC/laion/99a9679d4ce84b51abcec7a02154c05e.jpg
-46.942508697509766,-25.657127380371094,0.0,deepfake,1,1,2,2,Deepfake-Fake,/mnt/public/public_datasets/OpenMMSecV2/Deepfake/Fake/FaceSwap/BlendFace/0425ab483d944898b8d318414ec51324.png
18.641368865966797,55.63105010986328,0.0,Doc,1,3,2,6,Document-Fake,/mnt/public/public_datasets/OpenMMSecV2/Doc/non_aigc/generation/imgs/123a2a74a50d4117bf207cc11ee64aa2.jpg
-21.736583709716797,4.836624622344971,0.0,AIGC,1,2,2,4,AIGC-Fake,/mnt/public/public_datasets/OpenMMSecV2/AIGC/GAN/styleGANs/964589ae6de64171ad15db7248035266.jpg
-29.83628273010254,-36.8284912109375,0.0,deepfake,0,1,1,1,Deepfake-Real,/mnt/public/public_datasets/OpenMMSecV2/Deepfake/Real/CelebDF-v2/8a89d455ec58490c907df937705c8ecf.png
-7.649264335632324,13.45995807647705,0.0,AIGC,0,2,1,3,AIGC-Real,/mnt/public/public_datasets/OpenMMSecV2/AIGC/commercial/wukong/imgs/fac22d3a661e49c29313610c07d68326.JPEG
23.583505630493164,-16.413787841796875,0.0,Doc,0,3,1,5,Document-Real,/mnt/public/public_datasets/OpenMMSecV2/Doc/Real/c9b488dab43d428b901aeba97611cbb9.jpg
8.758304595947266,-3.7410030364990234,0.0,IMDL,0,4,1,7,IMDL-Real,/mnt/public/public_datasets/OpenMMSecV2/IMDL/generative/stable_diffusion/imgs/1282aa6d60464305b192b8d2a35e703d.png
27.668241500854492,6.997254371643066,0.0,AIGC,0,2,1,3,AIGC-Real,/mnt/public/public_datasets/OpenMMSecV2/AIGC/laion/e8b37b53574d4d9185d96160959801ae.jpg
-20.363927841186523,1.9577175378799438,0.0,AIGC,1,2,2,4,AIGC-Fake,/mnt/public/public_datasets/OpenMMSecV2/AIGC/latent_diffusion/systematic/799cd640de414d0e99d2f3f96a05e347.jpg
-14.800683975219727,-13.704232215881348,0.0,AIGC,1,2,2,4,AIGC-Fake,/mnt/public/public_datasets/OpenMMSecV2/AIGC/other/online/imgs/f0d850875523407690166d89750c9337.jpg
35.43401336669922,-22.113855361938477,0.0,Doc,1,3,2,6,Document-Fake,/mnt/public/public_datasets/OpenMMSecV2/Doc/aigc/textocr/imgs/b52634a64be341f3afe537081573574f.jpg
25.907482147216797,0.9134305715560913,0.0,IMDL,1,4,2,8,IMDL-Fake,/mnt/public/public_datasets/OpenMMSecV2/IMDL/non_generative/manual_ps/imgs/e07dac389e76480fb889f64c4c31b426.jpg
-41.61552810668945,-26.190820693969727,0.0,deepfake,0,1,1,1,Deepfake-Real,/mnt/public/public_datasets/OpenMMSecV2/Deepfake/Real/CelebDF-v2/1795546d6ecb4ea2b216837173054652.png
-14.112068176269531,12.902094841003418,0.0,IMDL,1,4,2,8,IMDL-Fake,/mnt/public/public_datasets/OpenMMSecV2/IMDL/non_generative/manual_ps/imgs/8c88f95efb9a4c398f2a9e723a1a5318.tif
-4.426127910614014,-9.040792465209961,0.0,IMDL,1,4,2,8,IMDL-Fake,/mnt/public/public_datasets/OpenMMSecV2/IMDL/non_generative/manual_ps/imgs/aff12be15bf44cd7aac188545924b364.jpg
-4.337205410003662,-1.711815357208252,0.0,IMDL,1,4,2,8,IMDL-Fake,/mnt/public/public_datasets/OpenMMSecV2/IMDL/generative/stable_diffusion/imgs/29acab08c39545eca390fff5be7ddc12.png
6.610845565795898,-1.711534023284912,0.0,AIGC,0,2,1,3,AIGC-Real,/mnt/public/public_datasets/OpenMMSecV2/AIGC/laion/8e501a101b43473791eeb60295d314c0.jpg
4.08082389831543,21.31034278869629,0.0,AIGC,1,2,2,4,AIGC-Fake,/mnt/public/public_datasets/OpenMMSecV2/AIGC/commercial/imagen/9010ba140e2a4e76ad75e1aa4c0f91d5.jpg
53.51526641845703,18.6688232421875,0.0,Doc,0,3,1,5,Document-Real,/mnt/public/public_datasets/OpenMMSecV2/Doc/Real/3bcd9de5bae44041ab46e7351bd8e199.jpg
5.1897664070129395,7.979414939880371,0.0,AIGC,1,2,2,4,AIGC-Fake,/mnt/public/public_datasets/OpenMMSecV2/AIGC/other/online/imgs/9ff3907fd24347ca93327046018543cf.jpg
-44.691322326660156,-26.952651977539062,0.0,deepfake,0,1,1,1,Deepfake-Real,/mnt/public/public_datasets/OpenMMSecV2/Deepfake/Real/FF++/04696d1f699443cfbfecf9d9b1962630.png
16.141754150390625,-30.74309730529785,0.0,IMDL,0,4,1,7,IMDL-Real,/mnt/public/public_datasets/OpenMMSecV2/IMDL/generative/coco/imgs/c0fbe122b37a4d57a37013d473cbae4d.jpg
-4.248993873596191,-5.224212169647217,0.0,IMDL,1,4,2,8,IMDL-Fake,/mnt/public/public_datasets/OpenMMSecV2/IMDL/non_generative/manual_ps/imgs/9c9370c426c848dabfabed736689c765.jpg
-1.7198121547698975,-20.449663162231445,0.0,IMDL,0,4,1,7,IMDL-Real,/mnt/public/public_datasets/OpenMMSecV2/IMDL/generative/stable_diffusion/imgs/a0eea116efb64d8d91515746db6efb6f.png
5.660660743713379,-18.53722381591797,0.0,IMDL,0,4,1,7,IMDL-Real,/mnt/public/public_datasets/OpenMMSecV2/IMDL/generative/coco/imgs/825da9f86d3e4744b6639e76d9ccca52.jpg
29.49614715576172,14.599448204040527,0.0,AIGC,0,2,1,3,AIGC-Real,/mnt/public/public_datasets/OpenMMSecV2/AIGC/laion/f57d725a245d4e6aa067bd3e5e196f33.jpg
4.641238689422607,-5.615061283111572,0.0,IMDL,1,4,2,8,IMDL-Fake,/mnt/public/public_datasets/OpenMMSecV2/IMDL/generative/stable_diffusion/imgs/969faaebf29445da8d2d254a93cc8390.png
-38.205989837646484,-31.09560775756836,0.0,deepfake,1,1,2,2,Deepfake-Fake,/mnt/public/public_datasets/OpenMMSecV2/Deepfake/Fake/EntireFaceSynthesis/SiT-XL/95a0cba0ad8c4473ad6adf00344c42be.png
-9.256702423095703,7.67962646484375,0.0,IMDL,1,4,2,8,IMDL-Fake,/mnt/public/public_datasets/OpenMMSecV2/IMDL/non_generative/manual_ps/imgs/be46a6ead8da4fc9b9d15a8d83ab28f4.jpg
41.1290283203125,-19.212995529174805,0.0,Doc,0,3,1,5,Document-Real,/mnt/public/public_datasets/OpenMMSecV2/Doc/aigc/derend/imgs/16a3ab01a95549b1b80ce0b3835939dd.jpg
-38.104400634765625,-41.21542739868164,0.0,deepfake,0,1,1,1,Deepfake-Real,/mnt/public/public_datasets/OpenMMSecV2/Deepfake/Real/FF++/06dd7a48ded8450c875600f413d3cb4e.png
18.499807357788086,-29.529117584228516,0.0,IMDL,0,4,1,7,IMDL-Real,/mnt/public/public_datasets/OpenMMSecV2/IMDL/generative/stable_diffusion/imgs/f48661a52c6c439cbec87d3741149a3e.png
-9.171265602111816,-21.679058074951172,0.0,IMDL,1,4,2,8,IMDL-Fake,/mnt/public/public_datasets/OpenMMSecV2/IMDL/generative/stable_diffusion/imgs/3fb9e52bce26452bafb15301bd4a3c72.png
-5.986161708831787,-10.474090576171875,0.0,AIGC,0,2,1,3,AIGC-Real,/mnt/public/public_datasets/OpenMMSecV2/AIGC/other/online/imgs/cef47da30c5142fcb90a1d43ad78bea2.jpg
-39.86977005004883,6.54520845413208,0.0,deepfake,1,1,2,2,Deepfake-Fake,/mnt/public/public_datasets/OpenMMSecV2/Deepfake/Fake/FaceSwap/UniFace/c838a308733048ce8fc95f04f7a28256.png
-6.683898448944092,9.397468566894531,0.0,IMDL,1,4,2,8,IMDL-Fake,/mnt/public/public_datasets/OpenMMSecV2/IMDL/non_generative/manual_ps/imgs/19fb8c44e95d4ba48c824f9e27449359.jpg
24.32426643371582,-0.16599087417125702,0.0,AIGC,0,2,1,3,AIGC-Real,/mnt/public/public_datasets/OpenMMSecV2/AIGC/laion/763ebed4f3df4516b68f639010a3d82a.jpg
-36.201332092285156,-33.79353713989258,0.0,deepfake,0,1,1,1,Deepfake-Real,/mnt/public/public_datasets/OpenMMSecV2/Deepfake/Real/DFD/d147443515ed48a6a3386ebb80fd29a2.png
-21.765405654907227,-34.63870620727539,0.0,deepfake,0,1,1,1,Deepfake-Real,/mnt/public/public_datasets/OpenMMSecV2/Deepfake/Real/FFHQ/f9f7bd1d794b41ea901ca5e16db0ac89.jpeg
14.286884307861328,-35.79990005493164,0.0,IMDL,0,4,1,7,IMDL-Real,/mnt/public/public_datasets/OpenMMSecV2/IMDL/generative/coco/imgs/bcea426b79744dea8cf206917d12a276.jpg
12.33066463470459,-11.534795761108398,0.0,IMDL,0,4,1,7,IMDL-Real,/mnt/public/public_datasets/OpenMMSecV2/IMDL/generative/stable_diffusion/imgs/4c447e46aea741909250782ea5eb73f4.png
-52.67391586303711,-9.332063674926758,0.0,deepfake,1,1,2,2,Deepfake-Fake,/mnt/public/public_datasets/OpenMMSecV2/Deepfake/Fake/FaceReenactment/DaGAN/8dd76d1cd389443ab58e9a7deb5c71e3.png
-45.88832473754883,-40.74871826171875,0.0,deepfake,0,1,1,1,Deepfake-Real,/mnt/public/public_datasets/OpenMMSecV2/Deepfake/Real/FF++/f6c7b1d5214c4ac6aca9b5a4a3909da7.png
29.15081787109375,-5.004303932189941,0.0,Doc,1,3,2,6,Document-Fake,/mnt/public/public_datasets/OpenMMSecV2/Doc/aigc/textocr/imgs/a4934db677d04585a1747427fc71bf84.jpg
-18.80193328857422,-28.805797576904297,0.0,deepfake,0,1,1,1,Deepfake-Real,/mnt/public/public_datasets/OpenMMSecV2/Deepfake/Real/FFHQ/e29514bcb165400e92f8f038434a8a3c.jpeg
20.78858184814453,-7.875838756561279,0.0,AIGC,0,2,1,3,AIGC-Real,/mnt/public/public_datasets/OpenMMSecV2/AIGC/laion/72d4fba6cc364b6c9ce4f816e5be6ce4.jpg
-48.42296600341797,-22.519847869873047,0.0,deepfake,1,1,2,2,Deepfake-Fake,/mnt/public/public_datasets/OpenMMSecV2/Deepfake/Fake/FaceReenactment/Wav2Lip/97850a15416d43fa88fb87542d1e833d.png
32.2266960144043,-21.433837890625,0.0,Doc,1,3,2,6,Document-Fake,/mnt/public/public_datasets/OpenMMSecV2/Doc/aigc/textocr/imgs/17c7dd1d3656488aa011deb42b32ae9e.jpg
-17.961645126342773,25.33049774169922,0.0,IMDL,1,4,2,8,IMDL-Fake,/mnt/public/public_datasets/OpenMMSecV2/IMDL/generative/gan_mat/imgs/26bb8ff293f4483cb96a831e3e709537.jpg
-31.134580612182617,-38.237003326416016,0.0,deepfake,1,1,2,2,Deepfake-Fake,/mnt/public/public_datasets/OpenMMSecV2/Deepfake/Fake/FaceSwap/FaceDancer/54063f046af04ba390c894b9c3b04320.png
1.8657160997390747,60.59831619262695,0.0,Doc,1,3,2,6,Document-Fake,/mnt/public/public_datasets/OpenMMSecV2/Doc/non_aigc/copy-move/imgs/85d198f7755141d098c330231d2ab171.jpg
20.193044662475586,-1.055411696434021,0.0,AIGC,0,2,1,3,AIGC-Real,/mnt/public/public_datasets/OpenMMSecV2/AIGC/pixel_diffusion/adm/imgs/d90a22bbe7d34b7da4e1affc17eb9b2e.JPEG
17.8708553314209,-13.874523162841797,0.0,Doc,0,3,1,5,Document-Real,/mnt/public/public_datasets/OpenMMSecV2/Doc/Real/001eb53c7b234f76bd9a8efa3086140d.jpg
-16.62993049621582,24.69411277770996,0.0,IMDL,1,4,2,8,IMDL-Fake,/mnt/public/public_datasets/OpenMMSecV2/IMDL/generative/gan_mat/imgs/04475b348e664c1a9e5a4124059dbdef.jpg
-18.761856079101562,26.39624786376953,0.0,IMDL,1,4,2,8,IMDL-Fake,/mnt/public/public_datasets/OpenMMSecV2/IMDL/generative/paintbyexample/imgs/fcbfb6edf3224c67b49266018b44ff18.jpg
9.784223556518555,-24.666919708251953,0.0,IMDL,0,4,1,7,IMDL-Real,/mnt/public/public_datasets/OpenMMSecV2/IMDL/generative/coco/imgs/49de8b714fbc43a19fe7af331906b888.jpg
3.6372456550598145,14.96381664276123,0.0,AIGC,1,2,2,4,AIGC-Fake,/mnt/public/public_datasets/OpenMMSecV2/AIGC/latent_diffusion/systematic/b4d532474ec246bf9f234faad8d4059f.jpg
-18.755950927734375,19.435741424560547,0.0,IMDL,1,4,2,8,IMDL-Fake,/mnt/public/public_datasets/OpenMMSecV2/IMDL/generative/paintbyexample/imgs/5e51977fe00646c78b380f6bdd9eca02.png
-39.0206413269043,-14.378484725952148,0.0,deepfake,1,1,2,2,Deepfake-Fake,/mnt/public/public_datasets/OpenMMSecV2/Deepfake/Fake/FaceSwap/Deepfake/d453a4f6660b448a8a7e4a1f79c47ee3.png
11.77507209777832,-7.761929035186768,0.0,AIGC,0,2,1,3,AIGC-Real,/mnt/public/public_datasets/OpenMMSecV2/AIGC/laion/bc34f8fd164343338ac96dd427d3e21b.jpg
2.866024971008301,-7.29529333114624,0.0,AIGC,0,2,1,3,AIGC-Real,/mnt/public/public_datasets/OpenMMSecV2/AIGC/other/online/imgs/aa151cb69ad84a4b95a04f482228cf9d.jpg
-48.42790985107422,6.194874286651611,0.0,AIGC,1,2,2,4,AIGC-Fake,/mnt/public/public_datasets/OpenMMSecV2/AIGC/autoregressive_model/tamingtransformers/ba8778e0291d48e4b4717137ef6155e0.jpg
26.217653274536133,-24.767051696777344,0.0,IMDL,0,4,1,7,IMDL-Real,/mnt/public/public_datasets/OpenMMSecV2/IMDL/generative/stable_diffusion/imgs/db732de549df477cb408f5c5bb97b6ac.png
38.20167541503906,42.96425247192383,0.0,Doc,0,3,1,5,Document-Real,/mnt/public/public_datasets/OpenMMSecV2/Doc/Real/fc2c89b8979b4516b13e9b904f518308.jpg
54.432220458984375,18.66826629638672,0.0,Doc,0,3,1,5,Document-Real,/mnt/public/public_datasets/OpenMMSecV2/Doc/Real/e991b9d0ef244243a6a08101c4670519.jpg
27.95146369934082,9.296998977661133,0.0,AIGC,0,2,1,3,AIGC-Real,/mnt/public/public_datasets/OpenMMSecV2/AIGC/laion/1a41db60bf254a5d966f84e961681331.jpg
14.311376571655273,-26.915939331054688,0.0,IMDL,0,4,1,7,IMDL-Real,/mnt/public/public_datasets/OpenMMSecV2/IMDL/generative/coco/imgs/529f28bffffa48baac250b1273a080da.jpg
-31.68077278137207,-42.675052642822266,0.0,deepfake,0,1,1,1,Deepfake-Real,/mnt/public/public_datasets/OpenMMSecV2/Deepfake/Real/FF++/9dc121e551ae4eb3a451db6b60ebcca4.png
-21.63396644592285,-30.699556350708008,0.0,deepfake,0,1,1,1,Deepfake-Real,/mnt/public/public_datasets/OpenMMSecV2/Deepfake/Real/VFHQ/825678fb2bfb4b66b22f78e70ada8dd7.png
19.595312118530273,66.36774444580078,0.0,Doc,1,3,2,6,Document-Fake,/mnt/public/public_datasets/OpenMMSecV2/Doc/non_aigc/generation/imgs/01c71d8656604402b1e142d086acab37.jpg
-29.169071197509766,-33.8779182434082,0.0,deepfake,0,1,1,1,Deepfake-Real,/mnt/public/public_datasets/OpenMMSecV2/Deepfake/Real/CelebDF-v2/8653b72b729b409090a88b7faef79306.png
40.985145568847656,-12.497220039367676,0.0,Doc,0,3,1,5,Document-Real,/mnt/public/public_datasets/OpenMMSecV2/Doc/Real/2278ec3e9d9d4d659ea5949fec75a50e.jpg
29.892980575561523,-10.066914558410645,0.0,Doc,1,3,2,6,Document-Fake,/mnt/public/public_datasets/OpenMMSecV2/Doc/aigc/textocr/imgs/8ecd50a66dd84224afe4d9812e868e31.jpg
-39.28631591796875,-27.563114166259766,0.0,deepfake,0,1,1,1,Deepfake-Real,/mnt/public/public_datasets/OpenMMSecV2/Deepfake/Real/CelebA/6d9492b819c6473a9f19b38e87c1a970.jpg
9.615143775939941,55.389034271240234,0.0,Doc,1,3,2,6,Document-Fake,/mnt/public/public_datasets/OpenMMSecV2/Doc/non_aigc/insert/imgs/c73d81a7a8374c609aa2c749ced56a51.jpg
-17.41429328918457,27.211713790893555,0.0,IMDL,1,4,2,8,IMDL-Fake,/mnt/public/public_datasets/OpenMMSecV2/IMDL/generative/gan_mat/imgs/cf1a5bb06c934df8a83702e03e1109b2.jpg
42.23137664794922,43.701942443847656,0.0,Doc,0,3,1,5,Document-Real,/mnt/public/public_datasets/OpenMMSecV2/Doc/Real/8188d6c6c33347e8bb89f4966ced0dc2.jpg
-3.7869009971618652,18.73191261291504,0.0,AIGC,1,2,2,4,AIGC-Fake,/mnt/public/public_datasets/OpenMMSecV2/AIGC/latent_diffusion/systematic/ba2806bf37404206a2fae2b970f906c2.jpg
16.48330307006836,-33.660457611083984,0.0,IMDL,1,4,2,8,IMDL-Fake,/mnt/public/public_datasets/OpenMMSecV2/IMDL/generative/stable_diffusion/imgs/276c0b7c26004bc4a9d81bdf1057fc8b.png
-18.379501342773438,26.054241180419922,0.0,IMDL,1,4,2,8,IMDL-Fake,/mnt/public/public_datasets/OpenMMSecV2/IMDL/generative/paintbyexample/imgs/19506d71d1ad40be8da36e2b9e6d1686.png
-16.027172088623047,19.81896209716797,0.0,IMDL,1,4,2,8,IMDL-Fake,/mnt/public/public_datasets/OpenMMSecV2/IMDL/generative/gan_mat/imgs/6ddb203da5b9402fbf9b493cf4980981.tiff
-50.827999114990234,-1.8825690746307373,0.0,deepfake,1,1,2,2,Deepfake-Fake,/mnt/public/public_datasets/OpenMMSecV2/Deepfake/Fake/FaceEditing/StarGAN/b608a7300da947278f815cd72f93b75d.jpg
-16.530847549438477,-4.985044956207275,0.0,AIGC,1,2,2,4,AIGC-Fake,/mnt/public/public_datasets/OpenMMSecV2/AIGC/pixel_diffusion/adm/imgs/b93669fdc77940b997ba6b8c01ba4ddb.png
-57.62352752685547,5.363698959350586,0.0,deepfake,1,1,2,2,Deepfake-Fake,/mnt/public/public_datasets/OpenMMSecV2/Deepfake/Fake/FaceEditing/StarGANv2/23819f38f2784985aeca9bc366f9da49.jpg
-44.82755661010742,0.9606320858001709,0.0,AIGC,1,2,2,4,AIGC-Fake,/mnt/public/public_datasets/OpenMMSecV2/AIGC/GAN/styleGANs/0a4f39eed1264e389800075a40b59a09.jpg
6.347256183624268,-8.613661766052246,0.0,AIGC,0,2,1,3,AIGC-Real,/mnt/public/public_datasets/OpenMMSecV2/AIGC/other/online/imgs/8e50980b40b344cbbbb274a375856e85.jpg
-45.74760055541992,10.580171585083008,0.0,deepfake,1,1,2,2,Deepfake-Fake,/mnt/public/public_datasets/OpenMMSecV2/Deepfake/Fake/EntireFaceSynthesis/StyleGAN2/576e4a4edfe44a27a5f6f50d808b21ce.png
9.293286323547363,-25.111194610595703,0.0,IMDL,0,4,1,7,IMDL-Real,/mnt/public/public_datasets/OpenMMSecV2/IMDL/generative/coco/imgs/72699ee46fdd4f62931a75b5e981683c.jpg
11.295352935791016,-4.87085485458374,0.0,IMDL,0,4,1,7,IMDL-Real,/mnt/public/public_datasets/OpenMMSecV2/IMDL/non_generative/manual_ps/imgs/57b53687d72d4839a1ecf72d8ca007bc.jpg
15.10904312133789,-8.639498710632324,0.0,IMDL,0,4,1,7,IMDL-Real,/mnt/public/public_datasets/OpenMMSecV2/IMDL/non_generative/manual_ps/imgs/040f350855ee448cbeb8b5ee57a45f79.jpg
-16.108427047729492,4.430507183074951,0.0,AIGC,1,2,2,4,AIGC-Fake,/mnt/public/public_datasets/OpenMMSecV2/AIGC/pixel_diffusion/adm/imgs/30a8726ca60c4812b5a7a37e0b255c2d.png
-54.29528045654297,-6.368342399597168,0.0,deepfake,1,1,2,2,Deepfake-Fake,/mnt/public/public_datasets/OpenMMSecV2/Deepfake/Fake/FaceReenactment/LIA/e4eac7d711e4401f903655a8b4a71a35.png
-57.21723937988281,-9.072793006896973,0.0,deepfake,1,1,2,2,Deepfake-Fake,/mnt/public/public_datasets/OpenMMSecV2/Deepfake/Fake/FaceReenactment/HyperReenact/d099d4013578412694ef19042eb296af.png
-0.1505686491727829,-37.49425506591797,0.0,IMDL,1,4,2,8,IMDL-Fake,/mnt/public/public_datasets/OpenMMSecV2/IMDL/generative/gan_mat/imgs/91edf21ae0134d868fd30f3a2f393093.jpg
-8.010222434997559,-5.142763137817383,0.0,IMDL,1,4,2,8,IMDL-Fake,/mnt/public/public_datasets/OpenMMSecV2/IMDL/non_generative/manual_ps/imgs/612ceeba5f574a3da419a70b2a32e779.jpg
-27.817726135253906,-41.42510986328125,0.0,deepfake,1,1,2,2,Deepfake-Fake,/mnt/public/public_datasets/OpenMMSecV2/Deepfake/Fake/FaceReenactment/LIA/2ebee45a86eb401fa07a014c2f70b7e6.png
35.75686264038086,-17.56269073486328,0.0,Doc,0,3,1,5,Document-Real,/mnt/public/public_datasets/OpenMMSecV2/Doc/Real/5ad0fb1a5076447b939038fb2dc5f617.jpg
-31.025705337524414,12.16305923461914,0.0,AIGC,1,2,2,4,AIGC-Fake,/mnt/public/public_datasets/OpenMMSecV2/AIGC/GAN/BigGAN/0fcef440d42647c1affa391bc0c46846.jpg
32.007469177246094,8.230023384094238,0.0,AIGC,0,2,1,3,AIGC-Real,/mnt/public/public_datasets/OpenMMSecV2/AIGC/laion/70e38363ac87445eb5fc47ebac0c17fc.jpg
-52.602882385253906,-16.434947967529297,0.0,deepfake,1,1,2,2,Deepfake-Fake,/mnt/public/public_datasets/OpenMMSecV2/Deepfake/Fake/FaceReenactment/FS_vid2vid/c1bf0c5aa16d4fa79e793c25f9a5fceb.png
-51.64580154418945,-11.259279251098633,0.0,deepfake,1,1,2,2,Deepfake-Fake,/mnt/public/public_datasets/OpenMMSecV2/Deepfake/Fake/FaceReenactment/TPSMM/69b4af5652e145bfb79b6ecad469da75.png
-42.593505859375,-23.68722152709961,0.0,deepfake,1,1,2,2,Deepfake-Fake,/mnt/public/public_datasets/OpenMMSecV2/Deepfake/Fake/FaceSwap/Deepfake/496077b11132420099f56e7c9360e284.png
15.49856185913086,-19.857019424438477,0.0,IMDL,0,4,1,7,IMDL-Real,/mnt/public/public_datasets/OpenMMSecV2/IMDL/generative/coco/imgs/9278f7427b86482386b9479a216c11d0.jpg
-4.519743919372559,-26.401273727416992,0.0,IMDL,1,4,2,8,IMDL-Fake,/mnt/public/public_datasets/OpenMMSecV2/IMDL/generative/stable_diffusion/imgs/e54bd71b263649ffb50b68d6fdd6d2d8.png
-8.602828025817871,-0.40532445907592773,0.0,IMDL,1,4,2,8,IMDL-Fake,/mnt/public/public_datasets/OpenMMSecV2/IMDL/generative/stable_diffusion/imgs/daa0c37a46c841bf80a3b7dec0ff9cb3.png
16.334619522094727,-7.970859050750732,0.0,Doc,1,3,2,6,Document-Fake,/mnt/public/public_datasets/OpenMMSecV2/Doc/aigc/textocr/imgs/4bf476c2050c4d67b96954abadc0ea2d.jpg
18.695589065551758,9.939922332763672,0.0,AIGC,0,2,1,3,AIGC-Real,/mnt/public/public_datasets/OpenMMSecV2/AIGC/laion/acaef3c641ca4df8bf9dad0411d5911c.jpg
4.871341705322266,-12.692683219909668,0.0,IMDL,0,4,1,7,IMDL-Real,/mnt/public/public_datasets/OpenMMSecV2/IMDL/generative/coco/imgs/94bc748d6c104e608dc317b8943528a6.jpg
12.781169891357422,54.208866119384766,0.0,Doc,1,3,2,6,Document-Fake,/mnt/public/public_datasets/OpenMMSecV2/Doc/non_aigc/insert/imgs/e9d6548c276940979a1c753e79231441.jpg
48.45758056640625,31.938682556152344,0.0,Doc,0,3,1,5,Document-Real,/mnt/public/public_datasets/OpenMMSecV2/Doc/Real/6dfdd713a9be473f8bb30a996dd86b9a.jpg
47.59657287597656,37.345149993896484,0.0,Doc,0,3,1,5,Document-Real,/mnt/public/public_datasets/OpenMMSecV2/Doc/Real/68b0255ec31a4498b83747f9214ce15b.jpg
-2.715108633041382,-20.009035110473633,0.0,IMDL,0,4,1,7,IMDL-Real,/mnt/public/public_datasets/OpenMMSecV2/IMDL/generative/stable_diffusion/imgs/63e71bfe4b314163bf77149c1c817b72.png
-42.3927001953125,-12.137290954589844,0.0,deepfake,1,1,2,2,Deepfake-Fake,/mnt/public/public_datasets/OpenMMSecV2/Deepfake/Fake/FaceSwap/FaceShifter/ef97c016056a4d60841d96c56f6abe5b.png
23.669649124145508,-8.240581512451172,0.0,Doc,1,3,2,6,Document-Fake,/mnt/public/public_datasets/OpenMMSecV2/Doc/non_aigc/cpmv/imgs/d44ed173fdd941eeb6cdaf12cced9cd4.jpg
-1.900357723236084,25.06185531616211,0.0,AIGC,1,2,2,4,AIGC-Fake,/mnt/public/public_datasets/OpenMMSecV2/AIGC/latent_diffusion/systematic/dc8aa872c1864d5fbfcd88e15362a563.jpg
32.873260498046875,-3.8191111087799072,0.0,AIGC,0,2,1,3,AIGC-Real,/mnt/public/public_datasets/OpenMMSecV2/AIGC/laion/6e1a4dcbf8294bf9974b5a9a1f813050.jpg
2.345614433288574,23.193801879882812,0.0,AIGC,1,2,2,4,AIGC-Fake,/mnt/public/public_datasets/OpenMMSecV2/AIGC/latent_diffusion/systematic/1434fbb60392409b922b784e05dbf471.jpg
-38.57977294921875,-14.438774108886719,0.0,deepfake,1,1,2,2,Deepfake-Fake,/mnt/public/public_datasets/OpenMMSecV2/Deepfake/Fake/FaceSwap/FSGAN/c0e04fa5371544329c037940d802531f.png
-4.813851356506348,3.442093849182129,0.0,IMDL,0,4,1,7,IMDL-Real,/mnt/public/public_datasets/OpenMMSecV2/IMDL/non_generative/manual_ps/imgs/6fda926b3c36470ca46af25dd921ae07.jpg
17.263460159301758,-12.629554748535156,0.0,IMDL,0,4,1,7,IMDL-Real,/mnt/public/public_datasets/OpenMMSecV2/IMDL/generative/stable_diffusion/imgs/44f98924949d40998b2e08e5993eb349.png
19.775882720947266,63.467979431152344,0.0,Doc,1,3,2,6,Document-Fake,/mnt/public/public_datasets/OpenMMSecV2/Doc/non_aigc/generation/imgs/8abe632e7c5d4dfda5a4b6820c17620f.jpg
2.2737793922424316,-39.052955627441406,0.0,IMDL,0,4,1,7,IMDL-Real,/mnt/public/public_datasets/OpenMMSecV2/IMDL/generative/coco/imgs/b17b668bedf74d17a072f00d3990a805.jpg
-22.23773956298828,-27.44463348388672,0.0,IMDL,0,4,1,7,IMDL-Real,/mnt/public/public_datasets/OpenMMSecV2/IMDL/generative/coco/imgs/4109d5847710418dab6512380938f0e6.jpg
18.684661865234375,-26.362276077270508,0.0,IMDL,0,4,1,7,IMDL-Real,/mnt/public/public_datasets/OpenMMSecV2/IMDL/generative/coco/imgs/3aa979bb3638421ab6788bfb2eb87dea.jpg
27.462087631225586,-24.353836059570312,0.0,AIGC,0,2,1,3,AIGC-Real,/mnt/public/public_datasets/OpenMMSecV2/AIGC/other/online/imgs/9177fed5e3f1434d891328cffe026f05.jpg
-3.781203508377075,23.759279251098633,0.0,AIGC,1,2,2,4,AIGC-Fake,/mnt/public/public_datasets/OpenMMSecV2/AIGC/latent_diffusion/systematic/2fbc4daaf62f499e85c336cfc37dbd4c.jpg
33.73839569091797,-19.920429229736328,0.0,Doc,1,3,2,6,Document-Fake,/mnt/public/public_datasets/OpenMMSecV2/Doc/aigc/udifftext/imgs/c8d8c942a4944946b9259d2370e09be0.jpg
3.316359519958496,49.468475341796875,0.0,Doc,0,3,1,5,Document-Real,/mnt/public/public_datasets/OpenMMSecV2/Doc/Real/22d0851b87f7437cbe85d03f9e505149.jpg
-48.76481246948242,-12.802579879760742,0.0,deepfake,1,1,2,2,Deepfake-Fake,/mnt/public/public_datasets/OpenMMSecV2/Deepfake/Fake/FaceSwap/FSGAN/ad78496c6c8c4bc7ac1d39db24377807.png
6.963409423828125,56.96494674682617,0.0,Doc,1,3,2,6,Document-Fake,/mnt/public/public_datasets/OpenMMSecV2/Doc/non_aigc/copy-move/imgs/f4a3a46f75f64f3eaca2f4dbcf07efdb.jpg
-51.48456573486328,6.55991268157959,0.0,AIGC,1,2,2,4,AIGC-Fake,/mnt/public/public_datasets/OpenMMSecV2/AIGC/autoregressive_model/tamingtransformers/e59988f4bdda4483a6925bb7bbde1d0a.jpg
29.301776885986328,-9.783906936645508,0.0,Doc,1,3,2,6,Document-Fake,/mnt/public/public_datasets/OpenMMSecV2/Doc/aigc/textocr/imgs/cb050a7bb2464c2983f8578969fc4895.jpg
-1.7119834423065186,28.29813575744629,0.0,AIGC,0,2,1,3,AIGC-Real,/mnt/public/public_datasets/OpenMMSecV2/AIGC/laion/3a772132002a454daf0d73147e791df3.jpg
35.053375244140625,-21.571149826049805,0.0,Doc,1,3,2,6,Document-Fake,/mnt/public/public_datasets/OpenMMSecV2/Doc/aigc/textdiff/imgs/8008eb952a114816a11e9ae4405469f7.jpg
24.280609130859375,51.10107421875,0.0,Doc,1,3,2,6,Document-Fake,/mnt/public/public_datasets/OpenMMSecV2/Doc/non_aigc/generation/imgs/2fec6a651cee4c2394b9e7993c228153.jpg
36.21229553222656,-19.822708129882812,0.0,IMDL,0,4,1,7,IMDL-Real,/mnt/public/public_datasets/OpenMMSecV2/IMDL/generative/stable_diffusion/imgs/435520c04af5422a8a82eb69e287cccc.png
-51.15074157714844,7.591309547424316,0.0,deepfake,1,1,2,2,Deepfake-Fake,/mnt/public/public_datasets/OpenMMSecV2/Deepfake/Fake/FaceEditing/e4e/a016a0c94dd84f6fbca8a1bd39857e36.jpg
6.8491106033325195,-3.0561347007751465,0.0,IMDL,0,4,1,7,IMDL-Real,/mnt/public/public_datasets/OpenMMSecV2/IMDL/generative/flux_1/imgs/2bc197b633144279acbdf1c1fc8d43fa.png
18.839954376220703,64.4150619506836,0.0,Doc,1,3,2,6,Document-Fake,/mnt/public/public_datasets/OpenMMSecV2/Doc/non_aigc/generation/imgs/7d8ae7c7670f43b4a09a43fb90a54996.jpg
38.26769256591797,-11.675619125366211,0.0,Doc,0,3,1,5,Document-Real,/mnt/public/public_datasets/OpenMMSecV2/Doc/Real/9ca4c8406ed941129e584fd3223f9af2.jpg
-37.611351013183594,-35.53676986694336,0.0,deepfake,0,1,1,1,Deepfake-Real,/mnt/public/public_datasets/OpenMMSecV2/Deepfake/Real/FF++/d1a640d4ddcc4046a4dce7ee2c3e3536.png
6.738167762756348,21.15378189086914,0.0,IMDL,1,4,2,8,IMDL-Fake,/mnt/public/public_datasets/OpenMMSecV2/IMDL/non_generative/manual_ps/imgs/e231bba27809472da409f6f0b6720e0f.jpg
-55.34375,-1.2684872150421143,0.0,deepfake,1,1,2,2,Deepfake-Fake,/mnt/public/public_datasets/OpenMMSecV2/Deepfake/Fake/FaceEditing/StarGAN/2ae176a05ed347d7a16c304f17ee7051.jpg
48.981258392333984,38.60542297363281,0.0,Doc,0,3,1,5,Document-Real,/mnt/public/public_datasets/OpenMMSecV2/Doc/Real/36d7a903bec54db19ca033184987126a.jpg
50.22452926635742,18.34724998474121,0.0,AIGC,0,2,1,3,AIGC-Real,/mnt/public/public_datasets/OpenMMSecV2/AIGC/laion/76038cae2c4645b9bb75b98dff925659.jpg
41.27326965332031,39.63422775268555,0.0,Doc,0,3,1,5,Document-Real,/mnt/public/public_datasets/OpenMMSecV2/Doc/Real/3c6b324b35dd4dbea6cf064079d9fca4.jpg
-54.898948669433594,-7.446730136871338,0.0,deepfake,1,1,2,2,Deepfake-Fake,/mnt/public/public_datasets/OpenMMSecV2/Deepfake/Fake/FaceReenactment/OneShot/bb5a731db6fa44f89366ad574509af26.png
19.253643035888672,-9.351973533630371,0.0,Doc,1,3,2,6,Document-Fake,/mnt/public/public_datasets/OpenMMSecV2/Doc/aigc/textdiff/imgs/6f61f59678634cf5917e3d2e15e51133.jpg
4.807392120361328,7.459346771240234,0.0,AIGC,1,2,2,4,AIGC-Fake,/mnt/public/public_datasets/OpenMMSecV2/AIGC/other/online/imgs/8fab3bebce6248f6900826d06dea5f67.jpg
22.620412826538086,64.13018798828125,0.0,Doc,1,3,2,6,Document-Fake,/mnt/public/public_datasets/OpenMMSecV2/Doc/non_aigc/copy-move/imgs/00ff1199977a41f58724f44a13761faf.jpg
19.9104061126709,21.160280227661133,0.0,AIGC,0,2,1,3,AIGC-Real,/mnt/public/public_datasets/OpenMMSecV2/AIGC/laion/e0df3c98f75948f39e299be82104d188.jpg
18.818723678588867,64.94991302490234,0.0,Doc,1,3,2,6,Document-Fake,/mnt/public/public_datasets/OpenMMSecV2/Doc/non_aigc/generation/imgs/4c17df4989f5401cb97235bc00412960.jpg
-53.86087417602539,-10.366286277770996,0.0,deepfake,1,1,2,2,Deepfake-Fake,/mnt/public/public_datasets/OpenMMSecV2/Deepfake/Fake/FaceSwap/InSwapper/d1ebfcc00c7f4affa2e64a9b65762842.png
-19.457426071166992,4.866402626037598,0.0,AIGC,1,2,2,4,AIGC-Fake,/mnt/public/public_datasets/OpenMMSecV2/AIGC/pixel_diffusion/glide/imgs/898c06a9663a4c39a69e2caf310160be.png
13.78178596496582,4.7108635902404785,0.0,AIGC,0,2,1,3,AIGC-Real,/mnt/public/public_datasets/OpenMMSecV2/AIGC/laion/086b7f31ebc74663bb6eac6ec27dc29c.jpg
-35.99687957763672,1.1509813070297241,0.0,AIGC,1,2,2,4,AIGC-Fake,/mnt/public/public_datasets/OpenMMSecV2/AIGC/GAN/StyleSANXL/a70d6bbe72cc4d109e7cf3abea748f94.jpg
-0.6041141748428345,60.10494613647461,0.0,Doc,1,3,2,6,Document-Fake,/mnt/public/public_datasets/OpenMMSecV2/Doc/non_aigc/copy-move/imgs/fb40e3268d944956ac8241f6a4e8a198.jpg
23.582277297973633,8.308389663696289,0.0,AIGC,0,2,1,3,AIGC-Real,/mnt/public/public_datasets/OpenMMSecV2/AIGC/laion/cae9ccd9cb7949258173d36776b44176.jpg
51.158111572265625,25.264711380004883,0.0,Doc,0,3,1,5,Document-Real,/mnt/public/public_datasets/OpenMMSecV2/Doc/Real/0568bf169c064f0fa222fdebd7a846cb.jpg
18.60162353515625,65.4350814819336,0.0,Doc,1,3,2,6,Document-Fake,/mnt/public/public_datasets/OpenMMSecV2/Doc/non_aigc/generation/imgs/973d2256f3fd40d9910730a8a3d3e8e9.jpg
-45.85710525512695,-35.99813461303711,0.0,deepfake,0,1,1,1,Deepfake-Real,/mnt/public/public_datasets/OpenMMSecV2/Deepfake/Real/CelebDF-v2/2c0dc7795266412299540c6c20c2198f.png
23.50815200805664,56.342376708984375,0.0,Doc,1,3,2,6,Document-Fake,/mnt/public/public_datasets/OpenMMSecV2/Doc/non_aigc/generation/imgs/9c7761f57ddd427093f9215af859c680.jpg
-19.537172317504883,9.487600326538086,0.0,IMDL,1,4,2,8,IMDL-Fake,/mnt/public/public_datasets/OpenMMSecV2/IMDL/non_generative/manual_ps/imgs/9d0da58ab54d42f790fae2a84f6df44a.jpg
2.1632118225097656,2.116518020629883,0.0,IMDL,1,4,2,8,IMDL-Fake,/mnt/public/public_datasets/OpenMMSecV2/IMDL/non_generative/manual_ps/imgs/4abf13d508f54de89d4c378a65771d9e.tif
1.3830021619796753,22.071767807006836,0.0,AIGC,1,2,2,4,AIGC-Fake,/mnt/public/public_datasets/OpenMMSecV2/AIGC/other/online/imgs/7cd1361372fd473893b31b54a37ab2ec.jpg
-30.78721809387207,-34.776981353759766,0.0,deepfake,0,1,1,1,Deepfake-Real,/mnt/public/public_datasets/OpenMMSecV2/Deepfake/Real/CelebDF-v2/451c8d3b412145aab1b75202e3071e88.png
41.48222351074219,41.9532470703125,0.0,Doc,1,3,2,6,Document-Fake,/mnt/public/public_datasets/OpenMMSecV2/Doc/non_aigc/cpmv/imgs/58a2cbdcc3044aaba7b98a12b5da3a90.jpg
-43.55549621582031,-3.289510726928711,0.0,deepfake,1,1,2,2,Deepfake-Fake,/mnt/public/public_datasets/OpenMMSecV2/Deepfake/Fake/FaceEditing/StarGANv2/551fba1b8d0246e49fbe44b1c531298f.jpg
-41.91032409667969,-15.62100887298584,0.0,deepfake,1,1,2,2,Deepfake-Fake,/mnt/public/public_datasets/OpenMMSecV2/Deepfake/Fake/FaceSwap/FaceShifter/c035bdaeb6334f2fae938ef361d1440a.png
19.21501350402832,-19.600862503051758,0.0,Doc,1,3,2,6,Document-Fake,/mnt/public/public_datasets/OpenMMSecV2/Doc/aigc/derend/imgs/50fcb875f65c4d4dbddfbf86690f1ce0.jpg
7.704719543457031,-10.221755027770996,0.0,AIGC,0,2,1,3,AIGC-Real,/mnt/public/public_datasets/OpenMMSecV2/AIGC/other/online/imgs/a6b78ec031924195825878148526f8b4.jpg
5.280025482177734,-1.5857062339782715,0.0,IMDL,1,4,2,8,IMDL-Fake,/mnt/public/public_datasets/OpenMMSecV2/IMDL/generative/stable_diffusion/imgs/45c1c5fd4d0d42779b746ef096e35aee.png
8.908758163452148,-31.740734100341797,0.0,AIGC,0,2,1,3,AIGC-Real,/mnt/public/public_datasets/OpenMMSecV2/AIGC/pixel_diffusion/adm/imgs/bba2140bfa5d4d0681fe91e8452cebd2.JPEG
-1.8868740797042847,27.60732078552246,0.0,AIGC,1,2,2,4,AIGC-Fake,/mnt/public/public_datasets/OpenMMSecV2/AIGC/latent_diffusion/systematic/09e50f8e52e3444f975f9ff90196e33d.jpg
30.28324317932129,19.442974090576172,0.0,AIGC,0,2,1,3,AIGC-Real,/mnt/public/public_datasets/OpenMMSecV2/AIGC/laion/0416117d35644e09a1cdbbb37993e0b4.jpg
3.5692403316497803,48.23564910888672,0.0,Doc,1,3,2,6,Document-Fake,/mnt/public/public_datasets/OpenMMSecV2/Doc/non_aigc/cover/imgs/92912046f6d74607bb4dc694df2c6347.jpg
47.99594497680664,38.24644470214844,0.0,Doc,0,3,1,5,Document-Real,/mnt/public/public_datasets/OpenMMSecV2/Doc/Real/cb0958ba0d774736bd9a3a671591a6b9.jpg
25.35498046875,50.05410385131836,0.0,Doc,1,3,2,6,Document-Fake,/mnt/public/public_datasets/OpenMMSecV2/Doc/non_aigc/generation/imgs/db97a60d82af4134b4be911640af3137.jpg
31.71048355102539,12.586267471313477,0.0,AIGC,0,2,1,3,AIGC-Real,/mnt/public/public_datasets/OpenMMSecV2/AIGC/laion/0e55d6f528dc40478097e96b809e643e.jpg
21.41253089904785,-2.4609456062316895,0.0,IMDL,0,4,1,7,IMDL-Real,/mnt/public/public_datasets/OpenMMSecV2/IMDL/generative/flux_1/imgs/e203c6ef9c244a4d8df62b33302b6a16.png
-42.8583984375,12.273530006408691,0.0,AIGC,1,2,2,4,AIGC-Fake,/mnt/public/public_datasets/OpenMMSecV2/AIGC/GAN/ProGAN/bbc7db9f61264248bc6cf94b2a5fbd46.jpg
-46.53153991699219,10.773750305175781,0.0,deepfake,1,1,2,2,Deepfake-Fake,/mnt/public/public_datasets/OpenMMSecV2/Deepfake/Fake/EntireFaceSynthesis/StyleGAN2/8d71a10b456a4e81b9a1046e8c7c0069.png
-54.902008056640625,-0.48840707540512085,0.0,deepfake,1,1,2,2,Deepfake-Fake,/mnt/public/public_datasets/OpenMMSecV2/Deepfake/Fake/FaceEditing/StarGAN/38d9e7cbf6ec4f65b4d08abbf6ce28f9.jpg
5.4311203956604,8.289934158325195,0.0,AIGC,1,2,2,4,AIGC-Fake,/mnt/public/public_datasets/OpenMMSecV2/AIGC/other/online/imgs/17d9c92d587e483fa68b8c8a8f68576a.jpg
13.40538215637207,-25.394662857055664,0.0,IMDL,0,4,1,7,IMDL-Real,/mnt/public/public_datasets/OpenMMSecV2/IMDL/generative/coco/imgs/99ada2eae51c4c55af7ce273dbdfcc5b.jpg
12.402426719665527,-33.6710205078125,0.0,IMDL,0,4,1,7,IMDL-Real,/mnt/public/public_datasets/OpenMMSecV2/IMDL/generative/coco/imgs/39957fccdef04e059f73d2a51c127a95.jpg
1.2401182651519775,48.332035064697266,0.0,Doc,0,3,1,5,Document-Real,/mnt/public/public_datasets/OpenMMSecV2/Doc/Real/e035b5730ad54372be7f935b61e4a071.jpg
43.04625701904297,-21.799781799316406,0.0,Doc,1,3,2,6,Document-Fake,/mnt/public/public_datasets/OpenMMSecV2/Doc/aigc/stefann/imgs/c5642972befc42aca5123549e14cb209.jpg
23.796934127807617,8.425164222717285,0.0,AIGC,0,2,1,3,AIGC-Real,/mnt/public/public_datasets/OpenMMSecV2/AIGC/laion/c8002b919c8343b0990f37ffb445a99f.jpg
13.507285118103027,-22.32421875,0.0,IMDL,0,4,1,7,IMDL-Real,/mnt/public/public_datasets/OpenMMSecV2/IMDL/generative/coco/imgs/9ccfe5d8a3f341d9b40bfd55fbbdc312.jpg
-48.58403778076172,-1.6984128952026367,0.0,deepfake,1,1,2,2,Deepfake-Fake,/mnt/public/public_datasets/OpenMMSecV2/Deepfake/Fake/EntireFaceSynthesis/DiT-XL/ebea820d18b54ffcaf1950081c8a299f.png
-40.12839126586914,-2.6876142024993896,0.0,deepfake,0,1,1,1,Deepfake-Real,/mnt/public/public_datasets/OpenMMSecV2/Deepfake/Real/FFHQ/faba6f8d6dac4ad7932937c8eda6ee28.jpeg
17.627870559692383,-30.214141845703125,0.0,IMDL,0,4,1,7,IMDL-Real,/mnt/public/public_datasets/OpenMMSecV2/IMDL/generative/stable_diffusion/imgs/b2cf6883aad64e69a7bd8be866b4fa9c.png
0.4511028826236725,-36.68852233886719,0.0,IMDL,1,4,2,8,IMDL-Fake,/mnt/public/public_datasets/OpenMMSecV2/IMDL/generative/stable_diffusion/imgs/e2e5c5a9b7fe467fb273a25f8317ddb2.png
-4.5863447189331055,2.3064703941345215,0.0,IMDL,0,4,1,7,IMDL-Real,/mnt/public/public_datasets/OpenMMSecV2/IMDL/non_generative/manual_ps/imgs/ac8cf654b8254d42a96ee65e82ebdf31.jpg
38.28047180175781,41.21025848388672,0.0,Doc,1,3,2,6,Document-Fake,/mnt/public/public_datasets/OpenMMSecV2/Doc/non_aigc/cover/imgs/c507f6da90ce4fee9404273e8601e431.jpg
-43.8182373046875,-35.57727813720703,0.0,deepfake,0,1,1,1,Deepfake-Real,/mnt/public/public_datasets/OpenMMSecV2/Deepfake/Real/CelebDF-v2/5a8d4b12a3a945979cf116f98a443fe0.png
21.955345153808594,56.739158630371094,0.0,Doc,1,3,2,6,Document-Fake,/mnt/public/public_datasets/OpenMMSecV2/Doc/non_aigc/copy-move/imgs/58b4c9bfbd5d44d89c0ba13f34f6a447.jpg
8.870950698852539,15.508384704589844,0.0,AIGC,0,2,1,3,AIGC-Real,/mnt/public/public_datasets/OpenMMSecV2/AIGC/laion/e2832ce50bbb40e38582e24f6e51e3e6.jpg
24.994327545166016,51.82573318481445,0.0,Doc,1,3,2,6,Document-Fake,/mnt/public/public_datasets/OpenMMSecV2/Doc/non_aigc/copy-move/imgs/0485aec3cedd4083a6b5daafa04dfc49.jpg
19.703128814697266,-21.58148765563965,0.0,IMDL,0,4,1,7,IMDL-Real,/mnt/public/public_datasets/OpenMMSecV2/IMDL/generative/flux_1/imgs/e31126056ed246deadd10d34c55938d7.png
3.5891525745391846,61.082584381103516,0.0,Doc,1,3,2,6,Document-Fake,/mnt/public/public_datasets/OpenMMSecV2/Doc/non_aigc/copy-move/imgs/5947a1edf1c24e1f9063d80ff94f867e.jpg
3.008699417114258,62.90773391723633,0.0,Doc,1,3,2,6,Document-Fake,/mnt/public/public_datasets/OpenMMSecV2/Doc/non_aigc/generation/imgs/6d31d95640864a26bb647f764e312c36.jpg
-19.848966598510742,-16.998886108398438,0.0,AIGC,1,2,2,4,AIGC-Fake,/mnt/public/public_datasets/OpenMMSecV2/AIGC/GAN/StyleSANXL/171983100c2a43fb9d2814af62a2c042.jpg
-12.771620750427246,-15.794793128967285,0.0,IMDL,1,4,2,8,IMDL-Fake,/mnt/public/public_datasets/OpenMMSecV2/IMDL/generative/flux_1/imgs/8550983452a14a22b0e8f1c7c6f58ba1.png
21.217058181762695,65.84568786621094,0.0,Doc,1,3,2,6,Document-Fake,/mnt/public/public_datasets/OpenMMSecV2/Doc/non_aigc/generation/imgs/324934ec4d4a459c92cc22467f46b2fa.jpg
1.2561296224594116,-14.369776725769043,0.0,AIGC,0,2,1,3,AIGC-Real,/mnt/public/public_datasets/OpenMMSecV2/AIGC/GAN/BigGAN/imgs/850a95250d164299881d5f1847645c32.JPEG
25.070653915405273,52.77445602416992,0.0,Doc,1,3,2,6,Document-Fake,/mnt/public/public_datasets/OpenMMSecV2/Doc/non_aigc/generation/imgs/5ca7b63ebabe4cd1920cb528e1ac1059.jpg
-34.053043365478516,-20.184589385986328,0.0,deepfake,0,1,1,1,Deepfake-Real,/mnt/public/public_datasets/OpenMMSecV2/Deepfake/Real/FF++/7e4e93e75919469fb7cb9f48e23496eb.png
15.618343353271484,7.067013263702393,0.0,AIGC,1,2,2,4,AIGC-Fake,/mnt/public/public_datasets/OpenMMSecV2/AIGC/other/online/imgs/4f38201429b64acbb7e72e3a0de5b3f2.jpg
34.739166259765625,2.051513433456421,0.0,AIGC,0,2,1,3,AIGC-Real,/mnt/public/public_datasets/OpenMMSecV2/AIGC/laion/42de318810424063870d60e53d1757f0.jpg
15.424076080322266,9.81900691986084,0.0,IMDL,0,4,1,7,IMDL-Real,/mnt/public/public_datasets/OpenMMSecV2/IMDL/generative/stable_diffusion/imgs/b09a5f7a0b1641c5977b54a53680c2ac.png
27.280941009521484,-13.201343536376953,0.0,Doc,0,3,1,5,Document-Real,/mnt/public/public_datasets/OpenMMSecV2/Doc/Real/404187a2ae2243b593524d5dd33d68a9.jpg
17.121641159057617,8.04914665222168,0.0,AIGC,1,2,2,4,AIGC-Fake,/mnt/public/public_datasets/OpenMMSecV2/AIGC/other/online/imgs/650bdeced4f94e3fa843046b1b5e4175.jpg
31.08753204345703,19.942747116088867,0.0,AIGC,0,2,1,3,AIGC-Real,/mnt/public/public_datasets/OpenMMSecV2/AIGC/laion/ac60de338a0b460d8c1aa2639b945a47.jpg
4.695816516876221,3.2939510345458984,0.0,IMDL,1,4,2,8,IMDL-Fake,/mnt/public/public_datasets/OpenMMSecV2/IMDL/non_generative/manual_ps/imgs/2422966c5d184f32859f928d79123ea3.jpg
42.42194366455078,40.017364501953125,0.0,Doc,1,3,2,6,Document-Fake,/mnt/public/public_datasets/OpenMMSecV2/Doc/non_aigc/cpmv/imgs/7e9f6d49e7ec4b5f9a5606d6efa90308.jpg
35.883663177490234,-19.320430755615234,0.0,Doc,0,3,1,5,Document-Real,/mnt/public/public_datasets/OpenMMSecV2/Doc/aigc/derend/imgs/397083a7b8ca4ea6837bb0c51efd8571.jpg
-29.20020294189453,-41.43352127075195,0.0,deepfake,0,1,1,1,Deepfake-Real,/mnt/public/public_datasets/OpenMMSecV2/Deepfake/Real/UADFV/2a75a0548ee849e79db2c293cdfa333f.png
-8.0,6.784919738769531,0.0,IMDL,1,4,2,8,IMDL-Fake,/mnt/public/public_datasets/OpenMMSecV2/IMDL/non_generative/manual_ps/imgs/e3061956d30d4ac3a147e8968089d5a9.jpg
-46.51948165893555,-35.28961181640625,0.0,deepfake,0,1,1,1,Deepfake-Real,/mnt/public/public_datasets/OpenMMSecV2/Deepfake/Real/CelebDF-v2/d4fda6bbc68346bca8175a74925342a1.png
8.123858451843262,56.55819320678711,0.0,Doc,1,3,2,6,Document-Fake,/mnt/public/public_datasets/OpenMMSecV2/Doc/non_aigc/cpmv/imgs/8903c3131c314bea9bd901969affd91f.jpg
11.730095863342285,-29.410358428955078,0.0,AIGC,1,2,2,4,AIGC-Fake,/mnt/public/public_datasets/OpenMMSecV2/AIGC/latent_diffusion/systematic/ae3ac19e959142b4b92ccb341cdffffc.jpg
-41.40822982788086,-16.380096435546875,0.0,deepfake,0,1,1,1,Deepfake-Real,/mnt/public/public_datasets/OpenMMSecV2/Deepfake/Real/CelebDF-v2/863e2e5a4c184f3abd9ef18d74d6e173.png
4.845244407653809,-1.6028105020523071,0.0,IMDL,0,4,1,7,IMDL-Real,/mnt/public/public_datasets/OpenMMSecV2/IMDL/generative/stable_diffusion/imgs/bc322d32a2964caf942af1cd0aa1362e.png
-9.48780632019043,2.609800338745117,0.0,IMDL,1,4,2,8,IMDL-Fake,/mnt/public/public_datasets/OpenMMSecV2/IMDL/generative/stable_diffusion/imgs/b91cd3a3e6af4c39afc3e9fb1a0ec72b.tiff
-59.294315338134766,2.8490805625915527,0.0,deepfake,1,1,2,2,Deepfake-Fake,/mnt/public/public_datasets/OpenMMSecV2/Deepfake/Fake/FaceSwap/FSGAN/50c0c4b676604795be65705eea6c078a.png
-12.459221839904785,3.6876394748687744,0.0,AIGC,1,2,2,4,AIGC-Fake,/mnt/public/public_datasets/OpenMMSecV2/AIGC/GAN/GigaGAN/695b25ccd1d64a089506e81a6c849318.jpg
-2.2139735221862793,-26.478717803955078,0.0,Doc,0,3,1,5,Document-Real,/mnt/public/public_datasets/OpenMMSecV2/Doc/Real/208e5bc6b61345a1a5db5e395917da73.jpg
-33.205013275146484,-25.790428161621094,0.0,deepfake,0,1,1,1,Deepfake-Real,/mnt/public/public_datasets/OpenMMSecV2/Deepfake/Real/FF++/23b57e89648b4554850a9fa126289743.png
56.600059509277344,21.3363037109375,0.0,Doc,0,3,1,5,Document-Real,/mnt/public/public_datasets/OpenMMSecV2/Doc/Real/91a4ce40acd840eaadcee783d2137eed.jpg
3.1083734035491943,-3.389369010925293,0.0,IMDL,1,4,2,8,IMDL-Fake,/mnt/public/public_datasets/OpenMMSecV2/IMDL/non_generative/manual_ps/imgs/a4d3ef8b8f424724af15769e4732ff73.jpg
17.538755416870117,-13.18643569946289,0.0,Doc,1,3,2,6,Document-Fake,/mnt/public/public_datasets/OpenMMSecV2/Doc/aigc/textocr/imgs/b257ab46c2d64236b147b03cbcf6b01a.jpg
-34.30648422241211,-23.633047103881836,0.0,deepfake,0,1,1,1,Deepfake-Real,/mnt/public/public_datasets/OpenMMSecV2/Deepfake/Real/FF++/dbd9297624cf4eb1b842cd25eb6b08d5.png
-39.553592681884766,-17.926403045654297,0.0,deepfake,0,1,1,1,Deepfake-Real,/mnt/public/public_datasets/OpenMMSecV2/Deepfake/Real/DFD/068c33d7fafa44179c870a9c41055c6f.png
-27.641441345214844,-45.056514739990234,0.0,deepfake,0,1,1,1,Deepfake-Real,/mnt/public/public_datasets/OpenMMSecV2/Deepfake/Real/UADFV/cb6abb4d8d0346ac9bffb13275d699c7.png
-11.140056610107422,10.850826263427734,0.0,IMDL,1,4,2,8,IMDL-Fake,/mnt/public/public_datasets/OpenMMSecV2/IMDL/non_generative/manual_ps/imgs/7158a7fd89b1423ba29775b03c4fac38.jpg
-22.750347137451172,5.415170192718506,0.0,AIGC,1,2,2,4,AIGC-Fake,/mnt/public/public_datasets/OpenMMSecV2/AIGC/GAN/styleGANs/5e9f45fb578c48a3a134861c1b506887.jpg
-31.24715232849121,11.908063888549805,0.0,AIGC,1,2,2,4,AIGC-Fake,/mnt/public/public_datasets/OpenMMSecV2/AIGC/GAN/BigGAN/cdda310f5c814cd286302061c6b8c2ba.jpg
-42.599754333496094,-30.248811721801758,0.0,deepfake,0,1,1,1,Deepfake-Real,/mnt/public/public_datasets/OpenMMSecV2/Deepfake/Real/FF++/bf5a016e96bd42c9b8ec6496f3233e80.png
32.479637145996094,-13.817132949829102,0.0,Doc,0,3,1,5,Document-Real,/mnt/public/public_datasets/OpenMMSecV2/Doc/Real/14080e9a4bd04c37b5bb5054b2f373b3.jpg
30.018474578857422,17.082080841064453,0.0,AIGC,0,2,1,3,AIGC-Real,/mnt/public/public_datasets/OpenMMSecV2/AIGC/laion/cb8d442f315d4e9b8f8ba0abfa2b180d.jpg
-56.49662780761719,-1.4776909351348877,0.0,deepfake,1,1,2,2,Deepfake-Fake,/mnt/public/public_datasets/OpenMMSecV2/Deepfake/Fake/FaceEditing/StarGAN/b1afd0ece9444093bd09398e27aec302.jpg
2.242567300796509,0.48667359352111816,0.0,IMDL,0,4,1,7,IMDL-Real,/mnt/public/public_datasets/OpenMMSecV2/IMDL/non_generative/manual_ps/imgs/30307de99e1b41e79c5220374938c887.jpg
38.96974182128906,-23.16264533996582,0.0,Doc,0,3,1,5,Document-Real,/mnt/public/public_datasets/OpenMMSecV2/Doc/Real/5932d42c15ff401faf7164524f1560a7.jpg
5.332006931304932,19.72471809387207,0.0,AIGC,1,2,2,4,AIGC-Fake,/mnt/public/public_datasets/OpenMMSecV2/AIGC/latent_diffusion/systematic/b381051ea0d04d78bd69d231b9b27548.jpg
27.214155197143555,2.4371590614318848,0.0,AIGC,0,2,1,3,AIGC-Real,/mnt/public/public_datasets/OpenMMSecV2/AIGC/laion/05dea69232d343c3b2198497e514c56c.jpg
4.6024298667907715,44.432861328125,0.0,Doc,0,3,1,5,Document-Real,/mnt/public/public_datasets/OpenMMSecV2/Doc/Real/8dbf46f196bb4beea83b3a455e8ce949.jpg
38.41659927368164,-24.217466354370117,0.0,Doc,1,3,2,6,Document-Fake,/mnt/public/public_datasets/OpenMMSecV2/Doc/aigc/textdiff/imgs/526003f602fc4780baa2d3d5e5789e24.jpg
3.373140573501587,-36.498992919921875,0.0,IMDL,0,4,1,7,IMDL-Real,/mnt/public/public_datasets/OpenMMSecV2/IMDL/generative/stable_diffusion/imgs/ecf04c39ca894908a2e89b70bf6d8db2.png
23.29541778564453,52.67729568481445,0.0,Doc,1,3,2,6,Document-Fake,/mnt/public/public_datasets/OpenMMSecV2/Doc/non_aigc/generation/imgs/d1f84e900c684d37ac21d76cc893cb27.jpg
6.519772529602051,-36.49099349975586,0.0,IMDL,0,4,1,7,IMDL-Real,/mnt/public/public_datasets/OpenMMSecV2/IMDL/generative/coco/imgs/b8cd6507da41400baf7c34595cef4191.jpg
-46.017730712890625,10.94836711883545,0.0,deepfake,1,1,2,2,Deepfake-Fake,/mnt/public/public_datasets/OpenMMSecV2/Deepfake/Fake/EntireFaceSynthesis/StyleGAN2/e88bb40ece5c4c78a92f67a91ae179b5.png
3.486191987991333,-17.018049240112305,0.0,IMDL,0,4,1,7,IMDL-Real,/mnt/public/public_datasets/OpenMMSecV2/IMDL/generative/stable_diffusion/imgs/6ab258e2280d40f98dc941409ba58f7a.png
-45.92525100708008,-15.077398300170898,0.0,deepfake,1,1,2,2,Deepfake-Fake,/mnt/public/public_datasets/OpenMMSecV2/Deepfake/Fake/EntireFaceSynthesis/SiT-XL/936ad946f13d4dd4a4ebbb786f195d9b.png
-47.272342681884766,-36.68928527832031,0.0,deepfake,0,1,1,1,Deepfake-Real,/mnt/public/public_datasets/OpenMMSecV2/Deepfake/Real/CelebDF-v2/60240697823a499cb7dc85279a3a94d0.png
9.968192100524902,-7.655777931213379,0.0,Doc,0,3,1,5,Document-Real,/mnt/public/public_datasets/OpenMMSecV2/Doc/Real/ed51f645b2114153a5b69bfcec0d9a62.jpg
33.32113265991211,11.076766967773438,0.0,Doc,1,3,2,6,Document-Fake,/mnt/public/public_datasets/OpenMMSecV2/Doc/aigc/textocr/imgs/ce69d62999ff4383a32deb8c1c0fc5ca.jpg
31.719314575195312,-19.805084228515625,0.0,Doc,0,3,1,5,Document-Real,/mnt/public/public_datasets/OpenMMSecV2/Doc/Real/bbbf158a16224572b76417c14f92c1a3.jpg
20.4738712310791,8.45017147064209,0.0,AIGC,0,2,1,3,AIGC-Real,/mnt/public/public_datasets/OpenMMSecV2/AIGC/laion/64e07a0a275d4ff5b3e2636055aa0bb2.jpg
54.278587341308594,17.655885696411133,0.0,Doc,0,3,1,5,Document-Real,/mnt/public/public_datasets/OpenMMSecV2/Doc/Real/2638eb4855234f2b987aa46f908efb3d.jpg
-32.96866226196289,-40.561767578125,0.0,deepfake,0,1,1,1,Deepfake-Real,/mnt/public/public_datasets/OpenMMSecV2/Deepfake/Real/FF++/864e1751d8e84505861dbc1f22baa657.png
6.563504695892334,19.85252571105957,0.0,AIGC,1,2,2,4,AIGC-Fake,/mnt/public/public_datasets/OpenMMSecV2/AIGC/commercial/dalle/a2fc3babada0418c9225b04b5a81defb.jpg
25.224580764770508,55.072330474853516,0.0,Doc,1,3,2,6,Document-Fake,/mnt/public/public_datasets/OpenMMSecV2/Doc/non_aigc/copy-move/imgs/fd796be04dcb4dd3a7b0f33277820223.jpg
-55.70746612548828,9.104348182678223,0.0,AIGC,1,2,2,4,AIGC-Fake,/mnt/public/public_datasets/OpenMMSecV2/AIGC/autoregressive_model/tamingtransformers/a90e093141e64877a4e639a4d7bc8163.jpg
0.24824847280979156,61.07087326049805,0.0,Doc,1,3,2,6,Document-Fake,/mnt/public/public_datasets/OpenMMSecV2/Doc/non_aigc/copy-move/imgs/82cf24f3201749a394c7788af7c0eb14.jpg
-19.65679168701172,23.888853073120117,0.0,IMDL,1,4,2,8,IMDL-Fake,/mnt/public/public_datasets/OpenMMSecV2/IMDL/generative/gan_mat/imgs/24d5511e60d8486196d863003a6d315f.jpg
-52.37228012084961,-6.971189975738525,0.0,deepfake,1,1,2,2,Deepfake-Fake,/mnt/public/public_datasets/OpenMMSecV2/Deepfake/Fake/FaceSwap/FSGAN/af9db2d1b6af4be9b3f431f79c9d5761.png
0.4842090308666229,59.088260650634766,0.0,Doc,1,3,2,6,Document-Fake,/mnt/public/public_datasets/OpenMMSecV2/Doc/non_aigc/copy-move/imgs/69a82df1f5ff43a3930323a5a1bad355.jpg
21.035667419433594,8.460830688476562,0.0,AIGC,0,2,1,3,AIGC-Real,/mnt/public/public_datasets/OpenMMSecV2/AIGC/laion/280238b6e9e44e438fae14d61361c13e.jpg
-27.698246002197266,6.699579238891602,0.0,IMDL,1,4,2,8,IMDL-Fake,/mnt/public/public_datasets/OpenMMSecV2/IMDL/non_generative/manual_ps/imgs/276eab40a8094caa8b2bf8493792e19e.jpg
8.719526290893555,-30.813087463378906,0.0,IMDL,0,4,1,7,IMDL-Real,/mnt/public/public_datasets/OpenMMSecV2/IMDL/generative/stable_diffusion/imgs/9f9ffe68d9554e5f9be2584900c98213.png
39.47541046142578,-10.633956909179688,0.0,Doc,0,3,1,5,Document-Real,/mnt/public/public_datasets/OpenMMSecV2/Doc/aigc/stefann/imgs/986d2a4430874515805bd83e909ac954.jpg
-28.14899444580078,14.107359886169434,0.0,AIGC,1,2,2,4,AIGC-Fake,/mnt/public/public_datasets/OpenMMSecV2/AIGC/pixel_diffusion/glide/b6d2ee15b0de4c98a5f515ad9a57c0bc.jpg
44.622283935546875,-17.6240177154541,0.0,Doc,0,3,1,5,Document-Real,/mnt/public/public_datasets/OpenMMSecV2/Doc/Real/17ddc59005104deaba80bc915d0cbcf5.jpg
30.15682029724121,8.12374210357666,0.0,AIGC,0,2,1,3,AIGC-Real,/mnt/public/public_datasets/OpenMMSecV2/AIGC/laion/2c41fe6b1d5d47819d761a0c298fd4bf.jpg
-1.401906967163086,10.889544486999512,0.0,AIGC,1,2,2,4,AIGC-Fake,/mnt/public/public_datasets/OpenMMSecV2/AIGC/latent_diffusion/systematic/6195c74713284d5d9577aa0c396fad68.jpg
-27.795774459838867,-42.90456008911133,0.0,deepfake,0,1,1,1,Deepfake-Real,/mnt/public/public_datasets/OpenMMSecV2/Deepfake/Real/FF++/e72ec4568d0143908c1751f8a5b0b8ce.png
11.789667129516602,-10.859861373901367,0.0,AIGC,1,2,2,4,AIGC-Fake,/mnt/public/public_datasets/OpenMMSecV2/AIGC/pixel_diffusion/guided_diffusion/4492bf922d7c4d329058474e8d92c633.jpg
31.45132827758789,-23.36969566345215,0.0,Doc,1,3,2,6,Document-Fake,/mnt/public/public_datasets/OpenMMSecV2/Doc/aigc/textdiff/imgs/5deb3f91c3804e8eb8041d25f100ecfc.jpg
5.796480655670166,-11.076011657714844,0.0,AIGC,0,2,1,3,AIGC-Real,/mnt/public/public_datasets/OpenMMSecV2/AIGC/GAN/BigGAN/imgs/b70a4c8cc84d4902a7c7ad58fd8c33f0.JPEG
-47.31581115722656,7.281890869140625,0.0,deepfake,1,1,2,2,Deepfake-Fake,/mnt/public/public_datasets/OpenMMSecV2/Deepfake/Fake/FaceEditing/e4e/1c8032448c1b482db9b6018ef21f5120.jpg
-32.46373748779297,-31.580259323120117,0.0,deepfake,0,1,1,1,Deepfake-Real,/mnt/public/public_datasets/OpenMMSecV2/Deepfake/Real/CelebDF-v2/d4375295ff624ffb949a7a5e5eda1e8b.png
-49.229393005371094,-7.696834087371826,0.0,deepfake,1,1,2,2,Deepfake-Fake,/mnt/public/public_datasets/OpenMMSecV2/Deepfake/Fake/FaceSwap/UniFace/7a3e5733ff724bbcb4c344607370bc01.png
-55.431148529052734,-7.550355911254883,0.0,deepfake,1,1,2,2,Deepfake-Fake,/mnt/public/public_datasets/OpenMMSecV2/Deepfake/Fake/FaceReenactment/FS_vid2vid/45da03461490428b8a141ff3a322020e.png
-48.21920394897461,5.876709461212158,0.0,deepfake,1,1,2,2,Deepfake-Fake,/mnt/public/public_datasets/OpenMMSecV2/Deepfake/Fake/FaceEditing/e4e/1b6fd6ef36ad49dbacabdaef3b282c1e.jpg
-45.20005798339844,-0.07295992970466614,0.0,deepfake,1,1,2,2,Deepfake-Fake,/mnt/public/public_datasets/OpenMMSecV2/Deepfake/Fake/FaceEditing/StarGANv2/de80d2497f6c4826b37973b5210552a3.jpg
-40.01564407348633,6.742042064666748,0.0,deepfake,1,1,2,2,Deepfake-Fake,/mnt/public/public_datasets/OpenMMSecV2/Deepfake/Fake/FaceSwap/e4s/3295aca0ebe14c80be609b17c38dc031.png
-43.00800323486328,-10.972081184387207,0.0,deepfake,1,1,2,2,Deepfake-Fake,/mnt/public/public_datasets/OpenMMSecV2/Deepfake/Fake/FaceSwap/e4s/7112148c3813465895bba7bef3103f04.png
-4.340677738189697,24.439008712768555,0.0,AIGC,1,2,2,4,AIGC-Fake,/mnt/public/public_datasets/OpenMMSecV2/AIGC/commercial/ideogram/71f68c01379a4228957be87196be222b.jpg
-47.732940673828125,2.4426374435424805,0.0,deepfake,1,1,2,2,Deepfake-Fake,/mnt/public/public_datasets/OpenMMSecV2/Deepfake/Fake/FaceEditing/StarGAN/05865420ebdd4d86b891f4bd5ebb1177.jpg
-45.47112274169922,11.121528625488281,0.0,deepfake,1,1,2,2,Deepfake-Fake,/mnt/public/public_datasets/OpenMMSecV2/Deepfake/Fake/EntireFaceSynthesis/StyleGAN2/f16c9445f25940a0b26b9224391ff103.png
-11.449586868286133,8.888567924499512,0.0,IMDL,1,4,2,8,IMDL-Fake,/mnt/public/public_datasets/OpenMMSecV2/IMDL/non_generative/manual_ps/imgs/57fffcbbec8948139901691f3b11f6e6.jpg
-41.72597885131836,-41.61601257324219,0.0,deepfake,0,1,1,1,Deepfake-Real,/mnt/public/public_datasets/OpenMMSecV2/Deepfake/Real/FF++/ec507185c29d4385b6e4646208f0c288.png
-54.54192352294922,-13.377880096435547,0.0,deepfake,1,1,2,2,Deepfake-Fake,/mnt/public/public_datasets/OpenMMSecV2/Deepfake/Fake/FaceReenactment/MRAA/ec4e3f6d85d14199850305b3f9d1ec9c.png
40.57313919067383,34.383201599121094,0.0,IMDL,0,4,1,7,IMDL-Real,/mnt/public/public_datasets/OpenMMSecV2/IMDL/generative/stable_diffusion/imgs/b231775c13d44de1a98046bc8b8be405.png
-3.764495849609375,-17.635210037231445,0.0,IMDL,1,4,2,8,IMDL-Fake,/mnt/public/public_datasets/OpenMMSecV2/IMDL/non_generative/manual_ps/imgs/8a8b82322936497784b99ec689ff4ea0.jpg
7.751108169555664,-13.756604194641113,0.0,IMDL,0,4,1,7,IMDL-Real,/mnt/public/public_datasets/OpenMMSecV2/IMDL/generative/coco/imgs/4fccc9cfb789477dab306ee3643af4d9.jpg
14.014634132385254,57.904579162597656,0.0,Doc,1,3,2,6,Document-Fake,/mnt/public/public_datasets/OpenMMSecV2/Doc/non_aigc/generation/imgs/2b4163093774465a9163c086db44ba18.jpg
-44.74104690551758,12.044272422790527,0.0,AIGC,1,2,2,4,AIGC-Fake,/mnt/public/public_datasets/OpenMMSecV2/AIGC/GAN/ProGAN/5602dbe6c2a440d69ea7c06b7eceb63b.jpg
-18.720060348510742,2.3488550186157227,0.0,IMDL,0,4,1,7,IMDL-Real,/mnt/public/public_datasets/OpenMMSecV2/IMDL/generative/flux_1/imgs/3a172e91d0334b8dad626b5c77318385.png
11.29942798614502,-39.63953399658203,0.0,IMDL,0,4,1,7,IMDL-Real,/mnt/public/public_datasets/OpenMMSecV2/IMDL/generative/coco/imgs/c0ac0388a1a54214b325ddd19294e55e.jpg
-20.793865203857422,12.029427528381348,0.0,AIGC,1,2,2,4,AIGC-Fake,/mnt/public/public_datasets/OpenMMSecV2/AIGC/pixel_diffusion/guided_diffusion/0721f925c5c149908e62f08801b4a79d.jpg
-8.307950973510742,-9.840066909790039,0.0,IMDL,0,4,1,7,IMDL-Real,/mnt/public/public_datasets/OpenMMSecV2/IMDL/non_generative/manual_ps/imgs/7eb19e5d71b5458e8d0f51d72b8eeae7.jpg
-27.703786849975586,-36.37605285644531,0.0,deepfake,0,1,1,1,Deepfake-Real,/mnt/public/public_datasets/OpenMMSecV2/Deepfake/Real/CelebDF-v2/545690271d814c059b00b40da8e3ff5b.png
16.84041404724121,-6.073720932006836,0.0,IMDL,0,4,1,7,IMDL-Real,/mnt/public/public_datasets/OpenMMSecV2/IMDL/generative/flux_1/imgs/d466978c7b8e4c5fb778e2e4522a7349.png
14.90636920928955,6.586052417755127,0.0,AIGC,1,2,2,4,AIGC-Fake,/mnt/public/public_datasets/OpenMMSecV2/AIGC/other/online/imgs/fde4a0de22e4455ebad84fc3952ba7bf.jpg
-31.87407875061035,-22.867103576660156,0.0,deepfake,0,1,1,1,Deepfake-Real,/mnt/public/public_datasets/OpenMMSecV2/Deepfake/Real/FF++/c77f8c48efc04b5cae344bf4b4859695.png
33.276187896728516,16.129867553710938,0.0,AIGC,0,2,1,3,AIGC-Real,/mnt/public/public_datasets/OpenMMSecV2/AIGC/laion/6f421025280a4d7fa8e6e7b380a387d7.jpg
-54.55437088012695,3.9492011070251465,0.0,deepfake,1,1,2,2,Deepfake-Fake,/mnt/public/public_datasets/OpenMMSecV2/Deepfake/Fake/FaceEditing/StarGANv2/a432db91da674b2e9b2f47e74daa7395.jpg
44.27521514892578,-19.931480407714844,0.0,Doc,0,3,1,5,Document-Real,/mnt/public/public_datasets/OpenMMSecV2/Doc/aigc/derend/imgs/914c84a50809409e9d8a4118e0e656d3.jpg
5.7082624435424805,43.132930755615234,0.0,Doc,0,3,1,5,Document-Real,/mnt/public/public_datasets/OpenMMSecV2/Doc/Real/67beea34ac054c938789e33d05dd67ba.jpg
34.040958404541016,-28.15093231201172,0.0,Doc,1,3,2,6,Document-Fake,/mnt/public/public_datasets/OpenMMSecV2/Doc/aigc/textdiff/imgs/75e4ce0f805341b0a866e2159a4fe8f3.jpg
44.75988006591797,38.18737030029297,0.0,Doc,0,3,1,5,Document-Real,/mnt/public/public_datasets/OpenMMSecV2/Doc/Real/1f95f481884749f5a9c2fd663a4df9f6.jpg
-49.44491958618164,-35.4483757019043,0.0,deepfake,0,1,1,1,Deepfake-Real,/mnt/public/public_datasets/OpenMMSecV2/Deepfake/Real/CelebDF-v2/47a499a1a44c41a1bd14b5cb2998fbbc.png
8.245072364807129,-0.6187333464622498,0.0,IMDL,0,4,1,7,IMDL-Real,/mnt/public/public_datasets/OpenMMSecV2/IMDL/non_generative/manual_ps/imgs/d0a2e5005448479388109fca79661791.jpg
6.041658401489258,44.30976867675781,0.0,Doc,0,3,1,5,Document-Real,/mnt/public/public_datasets/OpenMMSecV2/Doc/Real/514378c3ac094bce9f5e5361e9579349.jpg
39.964656829833984,-23.158693313598633,0.0,Doc,0,3,1,5,Document-Real,/mnt/public/public_datasets/OpenMMSecV2/Doc/Real/9937aed66d2c47d19105f4a9d06460f4.jpg
-1.080972671508789,28.27042007446289,0.0,AIGC,1,2,2,4,AIGC-Fake,/mnt/public/public_datasets/OpenMMSecV2/AIGC/latent_diffusion/systematic/8e328d5637404141a9d3b27a886067e0.jpg
11.746844291687012,-39.36808395385742,0.0,IMDL,0,4,1,7,IMDL-Real,/mnt/public/public_datasets/OpenMMSecV2/IMDL/generative/stable_diffusion/imgs/ef000abb637e4a6fbac5ba3cce2c8a64.png
-37.92340087890625,0.8356010913848877,0.0,AIGC,1,2,2,4,AIGC-Fake,/mnt/public/public_datasets/OpenMMSecV2/AIGC/GAN/styleGANs/69f690134b27419ea3450240f1cb1663.jpg
-20.501380920410156,-34.720394134521484,0.0,IMDL,0,4,1,7,IMDL-Real,/mnt/public/public_datasets/OpenMMSecV2/IMDL/generative/stable_diffusion/imgs/3b3dc8e4b484430d8566d314c5c4d923.png
20.648801803588867,-30.414478302001953,0.0,IMDL,0,4,1,7,IMDL-Real,/mnt/public/public_datasets/OpenMMSecV2/IMDL/generative/flux_1/imgs/6a6e7afb3bbc4848b92054571429599d.png
19.58260154724121,-28.01936149597168,0.0,IMDL,0,4,1,7,IMDL-Real,/mnt/public/public_datasets/OpenMMSecV2/IMDL/generative/flux_1/imgs/ddc1d56197d140c489e3f8f7533a30af.png
-10.198161125183105,-10.332104682922363,0.0,AIGC,0,2,1,3,AIGC-Real,/mnt/public/public_datasets/OpenMMSecV2/AIGC/pixel_diffusion/adm/imgs/8f97384e747849fe93cb1c1816dba824.JPEG
25.14546775817871,54.25294494628906,0.0,Doc,1,3,2,6,Document-Fake,/mnt/public/public_datasets/OpenMMSecV2/Doc/non_aigc/generation/imgs/e055c9d9b6ee435eae2c3a8826fa108d.jpg
17.10557746887207,-33.776206970214844,0.0,AIGC,1,2,2,4,AIGC-Fake,/mnt/public/public_datasets/OpenMMSecV2/AIGC/pixel_diffusion/adm/imgs/3d43c069b9d64659950695e669855222.PNG
-44.98160171508789,0.4911695718765259,0.0,deepfake,1,1,2,2,Deepfake-Fake,/mnt/public/public_datasets/OpenMMSecV2/Deepfake/Fake/EntireFaceSynthesis/WhichisReal/4c63efc255d84a2a90f0d87b261bc987.png
-7.785042762756348,-3.325554370880127,0.0,IMDL,1,4,2,8,IMDL-Fake,/mnt/public/public_datasets/OpenMMSecV2/IMDL/generative/stable_diffusion/imgs/2aedf53ea8124b389f35a9d79ff07462.png
-50.91800308227539,-13.236541748046875,0.0,deepfake,1,1,2,2,Deepfake-Fake,/mnt/public/public_datasets/OpenMMSecV2/Deepfake/Fake/FaceSwap/BlendFace/52fb39146e0247a896e1bb4a1d0f972e.png
26.49118423461914,1.680878758430481,0.0,AIGC,0,2,1,3,AIGC-Real,/mnt/public/public_datasets/OpenMMSecV2/AIGC/laion/80f7a9383961452cb8e3efbdaed57e98.jpg
-42.679443359375,-1.01694655418396,0.0,deepfake,1,1,2,2,Deepfake-Fake,/mnt/public/public_datasets/OpenMMSecV2/Deepfake/Fake/FaceEditing/StarGANv2/695cce63408d4b86ad253a43689b49f7.jpg
31.4627685546875,10.749417304992676,0.0,AIGC,0,2,1,3,AIGC-Real,/mnt/public/public_datasets/OpenMMSecV2/AIGC/laion/c304ec50949842ffbedf8924e5b5cd2e.jpg
-29.598772048950195,-43.61178970336914,0.0,deepfake,0,1,1,1,Deepfake-Real,/mnt/public/public_datasets/OpenMMSecV2/Deepfake/Real/FF++/1f8c7a3a756d4762be93539651edcfce.png
-18.862728118896484,-28.98419761657715,0.0,deepfake,0,1,1,1,Deepfake-Real,/mnt/public/public_datasets/OpenMMSecV2/Deepfake/Real/FFHQ/32544f7d9b824e16ad40c59ac2e75278.jpeg
40.9349365234375,41.5833625793457,0.0,Doc,0,3,1,5,Document-Real,/mnt/public/public_datasets/OpenMMSecV2/Doc/Real/8bfb58479c874c129f60078d6ad527f2.jpg
-15.798527717590332,1.5129101276397705,0.0,AIGC,1,2,2,4,AIGC-Fake,/mnt/public/public_datasets/OpenMMSecV2/AIGC/pixel_diffusion/adm/imgs/0eb1814e3d36451c89243adff62aed75.PNG
0.829472541809082,4.746376991271973,0.0,AIGC,0,2,1,3,AIGC-Real,/mnt/public/public_datasets/OpenMMSecV2/AIGC/other/online/imgs/fde146e9326f423e89e6dd91f0fef0ea.jpg
-6.510491847991943,8.765084266662598,0.0,IMDL,1,4,2,8,IMDL-Fake,/mnt/public/public_datasets/OpenMMSecV2/IMDL/non_generative/manual_ps/imgs/0d0b22d16ea341519e4b6d501e02d074.jpg
5.007220268249512,-23.134414672851562,0.0,AIGC,0,2,1,3,AIGC-Real,/mnt/public/public_datasets/OpenMMSecV2/AIGC/laion/a3feba20245747b490cce1f9de1b840f.jpg
-53.673118591308594,-1.2683242559432983,0.0,deepfake,1,1,2,2,Deepfake-Fake,/mnt/public/public_datasets/OpenMMSecV2/Deepfake/Fake/FaceEditing/StarGAN/5c5f012815c1491f896d2ad632e87a51.jpg
29.77971839904785,21.45447540283203,0.0,AIGC,0,2,1,3,AIGC-Real,/mnt/public/public_datasets/OpenMMSecV2/AIGC/laion/438a6ea7e60c4b89b4d0b751aa82ac68.jpg
-27.951435089111328,-36.544254302978516,0.0,deepfake,0,1,1,1,Deepfake-Real,/mnt/public/public_datasets/OpenMMSecV2/Deepfake/Real/CelebDF-v2/e708281a18d947a1afa4da8a0be2ada3.png
-27.381418228149414,9.485983848571777,0.0,AIGC,1,2,2,4,AIGC-Fake,/mnt/public/public_datasets/OpenMMSecV2/AIGC/GAN/GigaGAN/910192dd9b384beba92e101db8b5332e.jpg
-28.305816650390625,-19.484973907470703,0.0,deepfake,0,1,1,1,Deepfake-Real,/mnt/public/public_datasets/OpenMMSecV2/Deepfake/Real/DFD/8f486e97019f454089116771854e40a0.png
-48.54745101928711,6.7597479820251465,0.0,AIGC,1,2,2,4,AIGC-Fake,/mnt/public/public_datasets/OpenMMSecV2/AIGC/autoregressive_model/tamingtransformers/0ba9dd733c294e2abbab3e34721a696b.jpg
8.311497688293457,-26.51681900024414,0.0,IMDL,0,4,1,7,IMDL-Real,/mnt/public/public_datasets/OpenMMSecV2/IMDL/generative/coco/imgs/de5b5575ff294f4991e2f5bc2fe6b2a9.jpg
4.763000965118408,-12.59913444519043,0.0,IMDL,0,4,1,7,IMDL-Real,/mnt/public/public_datasets/OpenMMSecV2/IMDL/generative/coco/imgs/a45c122b74eb45f79cba6805177279e1.jpg
-30.488536834716797,-29.921180725097656,0.0,deepfake,0,1,1,1,Deepfake-Real,/mnt/public/public_datasets/OpenMMSecV2/Deepfake/Real/CelebDF-v2/8169278fa2e1480a9d715caa906b2860.png
-17.101741790771484,3.0793380737304688,0.0,IMDL,1,4,2,8,IMDL-Fake,/mnt/public/public_datasets/OpenMMSecV2/IMDL/non_generative/manual_ps/imgs/e020d99cc8324193a59e6df80ad3f0d2.jpg
18.883562088012695,-11.555534362792969,0.0,Doc,1,3,2,6,Document-Fake,/mnt/public/public_datasets/OpenMMSecV2/Doc/aigc/textocr/imgs/948f8a3435c54e549aca10e4fea4642a.jpg
13.476974487304688,-36.99097442626953,0.0,IMDL,0,4,1,7,IMDL-Real,/mnt/public/public_datasets/OpenMMSecV2/IMDL/generative/stable_diffusion/imgs/d254d2b49c724b38ab126b8bf3fc7c59.png
-57.46268081665039,8.39122486114502,0.0,deepfake,1,1,2,2,Deepfake-Fake,/mnt/public/public_datasets/OpenMMSecV2/Deepfake/Fake/FaceEditing/StarGANv2/8e60ccb1891f4cb8b849f96e754552ff.jpg
-34.97040939331055,-30.672222137451172,0.0,deepfake,0,1,1,1,Deepfake-Real,/mnt/public/public_datasets/OpenMMSecV2/Deepfake/Real/DFD/74336eeed6b8490b991ae47e1f83dc42.png
-6.804119110107422,11.136984825134277,0.0,IMDL,1,4,2,8,IMDL-Fake,/mnt/public/public_datasets/OpenMMSecV2/IMDL/non_generative/manual_ps/imgs/0e2ccf10b0d04ff3a92a0e8b4dae5aa1.jpg
41.853702545166016,41.602779388427734,0.0,Doc,1,3,2,6,Document-Fake,/mnt/public/public_datasets/OpenMMSecV2/Doc/non_aigc/cover/imgs/de35b9cbf6ef4b5cbc2da57517cd6df3.jpg
-19.018545150756836,25.004262924194336,0.0,IMDL,1,4,2,8,IMDL-Fake,/mnt/public/public_datasets/OpenMMSecV2/IMDL/generative/paintbyexample/imgs/d923daaf3bcd4b9c98e74e6bebdca5fb.tiff
-31.0489501953125,-41.71641540527344,0.0,deepfake,0,1,1,1,Deepfake-Real,/mnt/public/public_datasets/OpenMMSecV2/Deepfake/Real/FF++/83dbc0b181944fb2bc3770b7f8464f62.png
15.206656455993652,-14.091840744018555,0.0,IMDL,0,4,1,7,IMDL-Real,/mnt/public/public_datasets/OpenMMSecV2/IMDL/generative/coco/imgs/5d8d5407c9a2471d82a34dd099403e5d.jpg
-1.2687897682189941,60.21070861816406,0.0,Doc,1,3,2,6,Document-Fake,/mnt/public/public_datasets/OpenMMSecV2/Doc/non_aigc/generation/imgs/b331329cfc134bc3aeb6049dc08adcf9.jpg
1.5563278198242188,58.9730224609375,0.0,Doc,1,3,2,6,Document-Fake,/mnt/public/public_datasets/OpenMMSecV2/Doc/non_aigc/generation/imgs/3e2ffab897864e4094409e1d0f9c9ae9.jpg
-27.2178955078125,12.049446105957031,0.0,AIGC,1,2,2,4,AIGC-Fake,/mnt/public/public_datasets/OpenMMSecV2/AIGC/latent_diffusion/vqdiffusion/5646f4aeca5548139d61c0c2baa5e7db.jpg
-48.404354095458984,-35.3306999206543,0.0,deepfake,1,1,2,2,Deepfake-Fake,/mnt/public/public_datasets/OpenMMSecV2/Deepfake/Fake/FaceReenactment/HeyGen/e3a093ac07ce4e999a74d528f628a951.png
-49.843570709228516,-9.609658241271973,0.0,deepfake,1,1,2,2,Deepfake-Fake,/mnt/public/public_datasets/OpenMMSecV2/Deepfake/Fake/EntireFaceSynthesis/StyleGAN-XL/600ab690990c4ae9a5f055506eddc950.png
-0.8866645693778992,-2.2759878635406494,0.0,IMDL,1,4,2,8,IMDL-Fake,/mnt/public/public_datasets/OpenMMSecV2/IMDL/non_generative/manual_ps/imgs/38a11a6b761740e0a5fa9eda065bab0f.jpg
13.018464088439941,59.86161422729492,0.0,Doc,1,3,2,6,Document-Fake,/mnt/public/public_datasets/OpenMMSecV2/Doc/non_aigc/inpaint/imgs/a78b357df4b14be99d505a01cba3b9d5.jpg
1.4950013160705566,57.573944091796875,0.0,Doc,1,3,2,6,Document-Fake,/mnt/public/public_datasets/OpenMMSecV2/Doc/non_aigc/generation/imgs/7e92768313c5466cb6048979c04201fc.jpg
-52.32605743408203,-16.258014678955078,0.0,deepfake,1,1,2,2,Deepfake-Fake,/mnt/public/public_datasets/OpenMMSecV2/Deepfake/Fake/FaceReenactment/TPSMM/08f1e97f1bea4c44a5f3d19e4f603770.png
10.467395782470703,-18.216581344604492,0.0,IMDL,0,4,1,7,IMDL-Real,/mnt/public/public_datasets/OpenMMSecV2/IMDL/generative/coco/imgs/fb91654f707f449c81a832646483e973.jpg
4.030933856964111,59.69439697265625,0.0,Doc,1,3,2,6,Document-Fake,/mnt/public/public_datasets/OpenMMSecV2/Doc/non_aigc/copy-move/imgs/9b30ed3f114d418bbf03db2d190a3db3.jpg
-31.983856201171875,-40.015281677246094,0.0,deepfake,0,1,1,1,Deepfake-Real,/mnt/public/public_datasets/OpenMMSecV2/Deepfake/Real/FF++/687e6f0d9aa8433498b2a89499231d86.png
-4.72910213470459,-26.500694274902344,0.0,AIGC,0,2,1,3,AIGC-Real,/mnt/public/public_datasets/OpenMMSecV2/AIGC/laion/d25b515e9b514d16804286913bf91234.jpg
0.33397364616394043,60.20206832885742,0.0,Doc,1,3,2,6,Document-Fake,/mnt/public/public_datasets/OpenMMSecV2/Doc/non_aigc/copy-move/imgs/b51e9d83c8134d9cbdcbc03c2fadaaa2.jpg
-12.465880393981934,-12.4725341796875,0.0,AIGC,1,2,2,4,AIGC-Fake,/mnt/public/public_datasets/OpenMMSecV2/AIGC/other/online/imgs/112371b3507043d49d1c53dfef06b5c0.jpg
-32.7868537902832,-25.363309860229492,0.0,deepfake,0,1,1,1,Deepfake-Real,/mnt/public/public_datasets/OpenMMSecV2/Deepfake/Real/FF++/d8e1dae282af4232ab778092042cf572.png
-59.71467208862305,-6.9732818603515625,0.0,deepfake,1,1,2,2,Deepfake-Fake,/mnt/public/public_datasets/OpenMMSecV2/Deepfake/Fake/FaceReenactment/MRAA/4be21554b10e401fb4b6470d11b86531.png
25.528409957885742,-16.733747482299805,0.0,Doc,0,3,1,5,Document-Real,/mnt/public/public_datasets/OpenMMSecV2/Doc/Real/40ab977af42340e59f77937963f2a54c.jpg
54.01694869995117,22.146352767944336,0.0,Doc,0,3,1,5,Document-Real,/mnt/public/public_datasets/OpenMMSecV2/Doc/Real/da91bb597def49e58bbe27e7b2d7210e.jpg
-3.496028423309326,-20.521432876586914,0.0,IMDL,0,4,1,7,IMDL-Real,/mnt/public/public_datasets/OpenMMSecV2/IMDL/generative/stable_diffusion/imgs/ebafb30d6a0a405485973974aa128c6e.png
-31.619991302490234,-22.690309524536133,0.0,deepfake,0,1,1,1,Deepfake-Real,/mnt/public/public_datasets/OpenMMSecV2/Deepfake/Real/FF++/e12a007e957d437fbaa7ba79b1146d8b.png
-43.50844192504883,6.067279815673828,0.0,deepfake,1,1,2,2,Deepfake-Fake,/mnt/public/public_datasets/OpenMMSecV2/Deepfake/Fake/EntireFaceSynthesis/SiT-XL/36d6c9cc71474087b19c32eebef88004.png
-42.53157424926758,0.4350551664829254,0.0,AIGC,1,2,2,4,AIGC-Fake,/mnt/public/public_datasets/OpenMMSecV2/AIGC/GAN/ProjectedGAN/e0e168dac290425a9196053c529c6ae4.jpg
-43.98598098754883,10.185478210449219,0.0,deepfake,1,1,2,2,Deepfake-Fake,/mnt/public/public_datasets/OpenMMSecV2/Deepfake/Fake/FaceEditing/e4e/b4a5e72d75e545eb8d748c6f082d6177.jpg
-51.02710723876953,12.74506950378418,0.0,AIGC,1,2,2,4,AIGC-Fake,/mnt/public/public_datasets/OpenMMSecV2/AIGC/autoregressive_model/tamingtransformers/c6da53c343dd40f0a7df9c5bf7097a50.jpg
28.638931274414062,9.349777221679688,0.0,AIGC,0,2,1,3,AIGC-Real,/mnt/public/public_datasets/OpenMMSecV2/AIGC/laion/0d19e3f0d8d84bf0b08dc4d68bab7d5e.jpg
-21.532072067260742,-34.56769561767578,0.0,deepfake,0,1,1,1,Deepfake-Real,/mnt/public/public_datasets/OpenMMSecV2/Deepfake/Real/VFHQ/1968d4b25b634d2fac301a9ed083c3ea.png
-19.77096176147461,5.217764377593994,0.0,AIGC,1,2,2,4,AIGC-Fake,/mnt/public/public_datasets/OpenMMSecV2/AIGC/pixel_diffusion/guided_diffusion/e22a14b1f7de45dca24a29835f942f0d.jpg
-50.7918701171875,1.3765827417373657,0.0,deepfake,1,1,2,2,Deepfake-Fake,/mnt/public/public_datasets/OpenMMSecV2/Deepfake/Fake/FaceReenactment/MRAA/10bb78e846654df78221f96252211296.png
15.320526123046875,7.644388675689697,0.0,AIGC,1,2,2,4,AIGC-Fake,/mnt/public/public_datasets/OpenMMSecV2/AIGC/other/online/imgs/be17cd1407804133a6f433a346bc1e3f.jpg
-44.98299026489258,5.41555118560791,0.0,AIGC,1,2,2,4,AIGC-Fake,/mnt/public/public_datasets/OpenMMSecV2/AIGC/autoregressive_model/tamingtransformers/018dc934a7e74a04aab698f9f19b8dc0.jpg
9.325557708740234,-7.7139573097229,0.0,IMDL,1,4,2,8,IMDL-Fake,/mnt/public/public_datasets/OpenMMSecV2/IMDL/non_generative/manual_ps/imgs/2bde395b3c5e4635bec54291a79d0828.jpg
-29.568721771240234,13.818507194519043,0.0,AIGC,1,2,2,4,AIGC-Fake,/mnt/public/public_datasets/OpenMMSecV2/AIGC/pixel_diffusion/guided_diffusion/d2105ce4362b4128a38b39b3b42c7bea.jpg
-41.819759368896484,-40.80827713012695,0.0,deepfake,1,1,2,2,Deepfake-Fake,/mnt/public/public_datasets/OpenMMSecV2/Deepfake/Fake/FaceSwap/FaceShifter/07d0909e4ebd44d883e0b13e204630b1.png
3.300869941711426,51.63506317138672,0.0,Doc,0,3,1,5,Document-Real,/mnt/public/public_datasets/OpenMMSecV2/Doc/Real/af254dc950a9466e9df4fa2a2c15fa3d.jpg
-16.721607208251953,-16.012405395507812,0.0,deepfake,0,1,1,1,Deepfake-Real,/mnt/public/public_datasets/OpenMMSecV2/Deepfake/Real/FFHQ/81bd0fc02b91448c92704ed2a59eda28.jpeg
-45.39078903198242,-15.377142906188965,0.0,deepfake,1,1,2,2,Deepfake-Fake,/mnt/public/public_datasets/OpenMMSecV2/Deepfake/Fake/FaceSwap/FSGAN/5a11de3135a34b76ab6fa9e214093a90.png
-39.84040451049805,-41.84840393066406,0.0,deepfake,0,1,1,1,Deepfake-Real,/mnt/public/public_datasets/OpenMMSecV2/Deepfake/Real/FF++/6aba0c1dfdc34497956225ae30c4d198.png
39.686363220214844,44.43663024902344,0.0,Doc,1,3,2,6,Document-Fake,/mnt/public/public_datasets/OpenMMSecV2/Doc/non_aigc/cover/imgs/e37ef529bb9146d9a12f4a9b1943745a.jpg
-60.679386138916016,-10.677249908447266,0.0,deepfake,1,1,2,2,Deepfake-Fake,/mnt/public/public_datasets/OpenMMSecV2/Deepfake/Fake/EntireFaceSynthesis/RDDM/25ab9694647c442683e7d4ce654e9fb9.png
-29.072538375854492,-44.48128890991211,0.0,deepfake,0,1,1,1,Deepfake-Real,/mnt/public/public_datasets/OpenMMSecV2/Deepfake/Real/FF++/4995e61e65c84c3c977a13f9358300f6.png
1.7366148233413696,-23.571863174438477,0.0,IMDL,1,4,2,8,IMDL-Fake,/mnt/public/public_datasets/OpenMMSecV2/IMDL/non_generative/manual_ps/imgs/a0bb817b711349a0ac4d8695d743355e.jpg
14.536714553833008,-30.079423904418945,0.0,IMDL,0,4,1,7,IMDL-Real,/mnt/public/public_datasets/OpenMMSecV2/IMDL/generative/coco/imgs/5b5db72e32a24e0a9c5726ea03befb9d.jpg
-23.094039916992188,12.448526382446289,0.0,AIGC,1,2,2,4,AIGC-Fake,/mnt/public/public_datasets/OpenMMSecV2/AIGC/GAN/GigaGAN/4e4e7ca5ede54878bc66d9b9627fbfd2.jpg
-40.4734001159668,-27.286033630371094,0.0,deepfake,0,1,1,1,Deepfake-Real,/mnt/public/public_datasets/OpenMMSecV2/Deepfake/Real/CelebDF-v2/61f100eb88ec4b4c956bd2e586545cc8.png
-17.55921173095703,21.611970901489258,0.0,IMDL,1,4,2,8,IMDL-Fake,/mnt/public/public_datasets/OpenMMSecV2/IMDL/generative/gan_mat/imgs/95932b12700a4ef3aca3fc867f27f481.jpg
8.323179244995117,-23.640710830688477,0.0,IMDL,1,4,2,8,IMDL-Fake,/mnt/public/public_datasets/OpenMMSecV2/IMDL/non_generative/manual_ps/imgs/9ba6cb5c1aff421e85c711efd89c2630.jpg
31.860584259033203,14.483062744140625,0.0,AIGC,0,2,1,3,AIGC-Real,/mnt/public/public_datasets/OpenMMSecV2/AIGC/laion/70ae26195d6c436ba5578f80e1e5e3cb.jpg
-10.930360794067383,12.522974967956543,0.0,IMDL,1,4,2,8,IMDL-Fake,/mnt/public/public_datasets/OpenMMSecV2/IMDL/non_generative/manual_ps/imgs/e8027b7ee968471cbcdb583d845a8072.jpg
8.929191589355469,-27.430871963500977,0.0,IMDL,0,4,1,7,IMDL-Real,/mnt/public/public_datasets/OpenMMSecV2/IMDL/generative/coco/imgs/02fe7409bdea43a8946abcf8d7333977.jpg
4.472866058349609,61.96735763549805,0.0,Doc,1,3,2,6,Document-Fake,/mnt/public/public_datasets/OpenMMSecV2/Doc/non_aigc/generation/imgs/d461e4137a0f41a3aae73a7ba20913e2.jpg
-32.269622802734375,-34.45503616333008,0.0,deepfake,0,1,1,1,Deepfake-Real,/mnt/public/public_datasets/OpenMMSecV2/Deepfake/Real/CelebDF-v2/fa20cab0aeb44cdfaa83308254afa615.png
-16.234384536743164,4.609713554382324,0.0,AIGC,1,2,2,4,AIGC-Fake,/mnt/public/public_datasets/OpenMMSecV2/AIGC/pixel_diffusion/guided_diffusion/c550173b0f37420983c15e472206cc93.jpg
16.89553451538086,-20.442138671875,0.0,Doc,0,3,1,5,Document-Real,/mnt/public/public_datasets/OpenMMSecV2/Doc/Real/8ab8312e04e045b3a562e2702e2e6f1f.jpg
-18.088525772094727,28.203540802001953,0.0,IMDL,1,4,2,8,IMDL-Fake,/mnt/public/public_datasets/OpenMMSecV2/IMDL/generative/stable_diffusion/imgs/d15d2b740f054682a715f524d440da3b.tiff
3.2492010593414307,60.982276916503906,0.0,Doc,1,3,2,6,Document-Fake,/mnt/public/public_datasets/OpenMMSecV2/Doc/non_aigc/copy-move/imgs/c4f7b9f0ff1d45f7a0f95d3fa4c9d1fe.jpg
-1.2961702346801758,21.179075241088867,0.0,AIGC,1,2,2,4,AIGC-Fake,/mnt/public/public_datasets/OpenMMSecV2/AIGC/latent_diffusion/systematic/5173d231d97d493a9463f0dac06cace7.jpg
13.131438255310059,-16.1883602142334,0.0,IMDL,0,4,1,7,IMDL-Real,/mnt/public/public_datasets/OpenMMSecV2/IMDL/generative/coco/imgs/86e587c9ec7f4ee7b485aabe442360f0.jpg
18.666465759277344,8.635771751403809,0.0,AIGC,0,2,1,3,AIGC-Real,/mnt/public/public_datasets/OpenMMSecV2/AIGC/laion/0dbd8d51ffff40bd85b79292cf3180c1.jpg
32.76411819458008,-18.15805435180664,0.0,Doc,0,3,1,5,Document-Real,/mnt/public/public_datasets/OpenMMSecV2/Doc/Real/85015c361c3e40fca0389547b33fec85.jpg
47.58503723144531,33.89237976074219,0.0,Doc,0,3,1,5,Document-Real,/mnt/public/public_datasets/OpenMMSecV2/Doc/Real/5f79de090f6b4468b6ec8a7b710b7e3b.jpg
-45.022701263427734,-29.586877822875977,0.0,deepfake,1,1,2,2,Deepfake-Fake,/mnt/public/public_datasets/OpenMMSecV2/Deepfake/Fake/FaceSwap/FaceShifter/45475436efe745ffb58a6021925aec96.png
-33.971073150634766,-18.51957893371582,0.0,AIGC,1,2,2,4,AIGC-Fake,/mnt/public/public_datasets/OpenMMSecV2/AIGC/other/online/imgs/c7d7f1c4f357488ba6c35cc0adb62f34.jpg
19.637767791748047,21.222740173339844,0.0,AIGC,0,2,1,3,AIGC-Real,/mnt/public/public_datasets/OpenMMSecV2/AIGC/laion/a0d08fec112c41b8bde0f779fe943ab6.jpg
-16.135635375976562,-14.383742332458496,0.0,AIGC,1,2,2,4,AIGC-Fake,/mnt/public/public_datasets/OpenMMSecV2/AIGC/latent_diffusion/systematic/4340b4770e694f6da574d0dfb2ad43fa.jpg
-58.035858154296875,-8.431770324707031,0.0,deepfake,1,1,2,2,Deepfake-Fake,/mnt/public/public_datasets/OpenMMSecV2/Deepfake/Fake/FaceReenactment/PIRender/334e22607e3145d5bc892ba901a136c3.png
-38.66361999511719,14.032837867736816,0.0,AIGC,1,2,2,4,AIGC-Fake,/mnt/public/public_datasets/OpenMMSecV2/AIGC/pixel_diffusion/glide/bc327ea08ec94dec835ec5a5b4121f2d.jpg
-58.785804748535156,-11.975068092346191,0.0,deepfake,1,1,2,2,Deepfake-Fake,/mnt/public/public_datasets/OpenMMSecV2/Deepfake/Fake/FaceReenactment/FS_vid2vid/f7fd4933f92d4510bfc20395bfcb0613.png
-9.164128303527832,-21.696197509765625,0.0,IMDL,1,4,2,8,IMDL-Fake,/mnt/public/public_datasets/OpenMMSecV2/IMDL/generative/stable_diffusion/imgs/21c4ae0c00bd4fe49319ea2b4e397c41.jpg
32.20466232299805,2.86391544342041,0.0,AIGC,0,2,1,3,AIGC-Real,/mnt/public/public_datasets/OpenMMSecV2/AIGC/laion/8d1c928f5bc04f99a67688094004bada.jpg
24.29498291015625,-13.280263900756836,0.0,Doc,0,3,1,5,Document-Real,/mnt/public/public_datasets/OpenMMSecV2/Doc/Real/3b3b2ce9eacd4ef398b79a88782d30b8.jpg
9.728551864624023,-39.5151252746582,0.0,IMDL,0,4,1,7,IMDL-Real,/mnt/public/public_datasets/OpenMMSecV2/IMDL/generative/stable_diffusion/imgs/660e3a68628143258f43b6484adbeb31.png
28.05706214904785,21.65575408935547,0.0,AIGC,0,2,1,3,AIGC-Real,/mnt/public/public_datasets/OpenMMSecV2/AIGC/laion/e82e49819ced42a5900b6d2ea83eecf0.jpg
-36.311702728271484,-19.384634017944336,0.0,deepfake,1,1,2,2,Deepfake-Fake,/mnt/public/public_datasets/OpenMMSecV2/Deepfake/Fake/FaceSwap/FaceShifter/ba630b727188490bb2dcf6656d559720.png
-1.0265846252441406,-0.0012054640101268888,0.0,IMDL,0,4,1,7,IMDL-Real,/mnt/public/public_datasets/OpenMMSecV2/IMDL/generative/coco/imgs/4e50924c39f84edabec48548bf57bf88.jpg
15.221614837646484,54.0048828125,0.0,Doc,1,3,2,6,Document-Fake,/mnt/public/public_datasets/OpenMMSecV2/Doc/non_aigc/cpmv/imgs/befdf661b091427caa9d56d8f9d65e28.jpg
12.86854362487793,-17.732616424560547,0.0,IMDL,1,4,2,8,IMDL-Fake,/mnt/public/public_datasets/OpenMMSecV2/IMDL/generative/paintbyexample/imgs/61f86c55aea84c93a9fd8a22d4e89edf.png
-32.776123046875,-26.99167823791504,0.0,deepfake,0,1,1,1,Deepfake-Real,/mnt/public/public_datasets/OpenMMSecV2/Deepfake/Real/FF++/24fa4dd6606b433d8bc88497447557ad.png
-59.25954055786133,-3.632019519805908,0.0,deepfake,1,1,2,2,Deepfake-Fake,/mnt/public/public_datasets/OpenMMSecV2/Deepfake/Fake/FaceSwap/UniFace/ffdf02c050d540b8bc68af7b193bf534.png
-38.06157684326172,0.512736976146698,0.0,deepfake,1,1,2,2,Deepfake-Fake,/mnt/public/public_datasets/OpenMMSecV2/Deepfake/Fake/EntireFaceSynthesis/WhichisReal/ea04296952804712a23e19f9839eebd6.png
34.95606994628906,-10.61195182800293,0.0,Doc,0,3,1,5,Document-Real,/mnt/public/public_datasets/OpenMMSecV2/Doc/Real/be54e0235a874c66a2f8a12b6953f1c9.jpg
-9.615249633789062,-10.341143608093262,0.0,IMDL,0,4,1,7,IMDL-Real,/mnt/public/public_datasets/OpenMMSecV2/IMDL/non_generative/manual_ps/imgs/f92aef13acb34cba8330232b095eb94c.jpg
-6.189595699310303,-1.1820265054702759,0.0,Doc,0,3,1,5,Document-Real,/mnt/public/public_datasets/OpenMMSecV2/Doc/Real/f0017deee3ca48e0a732e65b77b115a1.jpg
17.212852478027344,-7.593687534332275,0.0,Doc,0,3,1,5,Document-Real,/mnt/public/public_datasets/OpenMMSecV2/Doc/Real/3792d337eecf48399b128e385464c1ca.jpg
15.790194511413574,59.64973831176758,0.0,Doc,1,3,2,6,Document-Fake,/mnt/public/public_datasets/OpenMMSecV2/Doc/non_aigc/generation/imgs/85e69509ace240ffbe823c6a4d832ee4.jpg
-57.265689849853516,-6.772105693817139,0.0,deepfake,1,1,2,2,Deepfake-Fake,/mnt/public/public_datasets/OpenMMSecV2/Deepfake/Fake/FaceReenactment/OneShot/4fc8496600604cb7a1de63bc88e456f1.png
18.7069034576416,-6.355841159820557,0.0,AIGC,0,2,1,3,AIGC-Real,/mnt/public/public_datasets/OpenMMSecV2/AIGC/laion/63aeb7e771e64331888683cf22c0a173.jpg
-51.99203109741211,11.730734825134277,0.0,AIGC,1,2,2,4,AIGC-Fake,/mnt/public/public_datasets/OpenMMSecV2/AIGC/autoregressive_model/tamingtransformers/6bf2129f6e954f1aa6e19a4727539f2a.jpg
-57.40633773803711,-10.85629653930664,0.0,deepfake,1,1,2,2,Deepfake-Fake,/mnt/public/public_datasets/OpenMMSecV2/Deepfake/Fake/FaceReenactment/HyperReenact/99a6f80d222e47df8830e64f4fda1396.png
-27.655136108398438,-19.027530670166016,0.0,IMDL,0,4,1,7,IMDL-Real,/mnt/public/public_datasets/OpenMMSecV2/IMDL/non_generative/manual_ps/imgs/2b3c105d2d4d49f1a9d86e4b839b9551.jpg
5.714073181152344,19.712276458740234,0.0,AIGC,1,2,2,4,AIGC-Fake,/mnt/public/public_datasets/OpenMMSecV2/AIGC/commercial/ideogram/9b0a0391d36b4a1cabd08ed86dab656c.jpg
-8.380233764648438,17.124826431274414,0.0,Doc,1,3,2,6,Document-Fake,/mnt/public/public_datasets/OpenMMSecV2/Doc/aigc/textocr/imgs/cc61d76154994091a7ba6d6d0fdfa6e5.jpg
9.970131874084473,18.160768508911133,0.0,AIGC,0,2,1,3,AIGC-Real,/mnt/public/public_datasets/OpenMMSecV2/AIGC/other/online/imgs/6e32466b33c54134b0ed60bac6a5d5fa.jpg
-28.928211212158203,-40.827796936035156,0.0,deepfake,0,1,1,1,Deepfake-Real,/mnt/public/public_datasets/OpenMMSecV2/Deepfake/Real/FF++/f1baafc1bf2b449eb8bfcde92c915f9d.png
3.331639289855957,0.10383833199739456,0.0,IMDL,0,4,1,7,IMDL-Real,/mnt/public/public_datasets/OpenMMSecV2/IMDL/non_generative/manual_ps/imgs/cd53e557b92d40598d682dfb3d43b819.jpg
-31.457168579101562,-44.256832122802734,0.0,deepfake,0,1,1,1,Deepfake-Real,/mnt/public/public_datasets/OpenMMSecV2/Deepfake/Real/FF++/c87b864d689f44d2824e596e42ba38ee.png
29.70416831970215,16.00083351135254,0.0,AIGC,0,2,1,3,AIGC-Real,/mnt/public/public_datasets/OpenMMSecV2/AIGC/laion/0664208d2696405dbf9fe6e258f90aa5.jpg
11.713658332824707,-7.776546955108643,0.0,IMDL,1,4,2,8,IMDL-Fake,/mnt/public/public_datasets/OpenMMSecV2/IMDL/generative/flux_1/imgs/1eb01e4deed74aa2acbfdbff25512309.png
-25.571138381958008,13.592369079589844,0.0,AIGC,1,2,2,4,AIGC-Fake,/mnt/public/public_datasets/OpenMMSecV2/AIGC/pixel_diffusion/glide/4eb444e83e654a4398815adff2b9dffd.jpg
45.69272232055664,43.43026351928711,0.0,Doc,0,3,1,5,Document-Real,/mnt/public/public_datasets/OpenMMSecV2/Doc/Real/6f8a035fb09a455fa3608115938e43ef.jpg
-44.48408889770508,9.458027839660645,0.0,AIGC,1,2,2,4,AIGC-Fake,/mnt/public/public_datasets/OpenMMSecV2/AIGC/autoregressive_model/tamingtransformers/85ce6dbb5cfb4ef89c85c230e71f5e4f.jpg
-11.656865119934082,-13.795997619628906,0.0,AIGC,1,2,2,4,AIGC-Fake,/mnt/public/public_datasets/OpenMMSecV2/AIGC/other/online/imgs/43dbb9998c9d4f239915a56d45652a03.jpg
-28.53499984741211,12.586174964904785,0.0,AIGC,1,2,2,4,AIGC-Fake,/mnt/public/public_datasets/OpenMMSecV2/AIGC/latent_diffusion/vqdiffusion/imgs/ace1a91b1c804c51b30edce021680f1a.png
23.19877052307129,55.91619873046875,0.0,Doc,1,3,2,6,Document-Fake,/mnt/public/public_datasets/OpenMMSecV2/Doc/non_aigc/generation/imgs/f81f2dff51d4486ca4fc0c4f397f9033.jpg
28.50349235534668,18.412879943847656,0.0,AIGC,0,2,1,3,AIGC-Real,/mnt/public/public_datasets/OpenMMSecV2/AIGC/laion/5bb25bed31394310adef8307fd39a4ab.jpg
21.103988647460938,-34.259708404541016,0.0,AIGC,1,2,2,4,AIGC-Fake,/mnt/public/public_datasets/OpenMMSecV2/AIGC/latent_diffusion/systematic/a4fc31dc289548c2be4130be719feec6.jpg
8.987927436828613,-13.736113548278809,0.0,IMDL,0,4,1,7,IMDL-Real,/mnt/public/public_datasets/OpenMMSecV2/IMDL/generative/stable_diffusion/imgs/455c15f7386449c2b01bf51bf7c4cfe0.png
19.415149688720703,21.557598114013672,0.0,IMDL,1,4,2,8,IMDL-Fake,/mnt/public/public_datasets/OpenMMSecV2/IMDL/non_generative/manual_ps/imgs/52d1567d7a884ff6bf24a0e836800efc.jpg
9.396125793457031,-4.996203422546387,0.0,AIGC,0,2,1,3,AIGC-Real,/mnt/public/public_datasets/OpenMMSecV2/AIGC/latent_diffusion/vqdiffusion/imgs/fd1e4061d6cf4672a8dca3c6002ea2bf.JPEG
-56.802310943603516,9.565006256103516,0.0,AIGC,1,2,2,4,AIGC-Fake,/mnt/public/public_datasets/OpenMMSecV2/AIGC/autoregressive_model/tamingtransformers/51e5a35083eb4e979459a6bd3fb25e9c.jpg
30.553939819335938,14.422468185424805,0.0,AIGC,0,2,1,3,AIGC-Real,/mnt/public/public_datasets/OpenMMSecV2/AIGC/laion/14b2af56e23c45389d314e235e27ee47.jpg
31.322587966918945,19.59054183959961,0.0,AIGC,0,2,1,3,AIGC-Real,/mnt/public/public_datasets/OpenMMSecV2/AIGC/laion/de1530810c504c88a7aaba09fbb4f905.jpg
53.66952896118164,19.176834106445312,0.0,Doc,0,3,1,5,Document-Real,/mnt/public/public_datasets/OpenMMSecV2/Doc/Real/8104148cf0014c099a49002eda8b3820.jpg
12.78528118133545,-32.18495178222656,0.0,IMDL,0,4,1,7,IMDL-Real,/mnt/public/public_datasets/OpenMMSecV2/IMDL/generative/coco/imgs/0603de1241274632b2102dc00851c118.jpg
-4.728878974914551,6.174314975738525,0.0,IMDL,1,4,2,8,IMDL-Fake,/mnt/public/public_datasets/OpenMMSecV2/IMDL/generative/paintbyexample/imgs/d71f1d55ed2e4257b0e081a58ecbe653.png
4.6212286949157715,-14.875802993774414,0.0,IMDL,0,4,1,7,IMDL-Real,/mnt/public/public_datasets/OpenMMSecV2/IMDL/generative/flux_1/imgs/175a501c0b194eb49f568843943dd6ad.png
29.229368209838867,-19.691308975219727,0.0,Doc,0,3,1,5,Document-Real,/mnt/public/public_datasets/OpenMMSecV2/Doc/Real/d8d9478baf024c9bab617579a2600981.jpg
-42.02571487426758,-29.100208282470703,0.0,deepfake,0,1,1,1,Deepfake-Real,/mnt/public/public_datasets/OpenMMSecV2/Deepfake/Real/FF++/7ea105891a2a40d192c719b105272d1b.png
-40.64471435546875,-37.6896858215332,0.0,deepfake,0,1,1,1,Deepfake-Real,/mnt/public/public_datasets/OpenMMSecV2/Deepfake/Real/FF++/da7e20a8352e4b129a581d530e768805.png
-27.731836318969727,15.0391206741333,0.0,AIGC,1,2,2,4,AIGC-Fake,/mnt/public/public_datasets/OpenMMSecV2/AIGC/GAN/styleGANs/5dd65eb181194017b7dbeea2d4cf12c4.jpg
22.664220809936523,-25.507368087768555,0.0,Doc,1,3,2,6,Document-Fake,/mnt/public/public_datasets/OpenMMSecV2/Doc/aigc/textocr/imgs/23145ba65af74d65a1046fdb570ba768.jpg
1.8388384580612183,4.038118839263916,0.0,IMDL,1,4,2,8,IMDL-Fake,/mnt/public/public_datasets/OpenMMSecV2/IMDL/non_generative/manual_ps/imgs/24f42f7aeb514df8af11ef5213746a53.tif
-14.020914077758789,-12.88895034790039,0.0,AIGC,1,2,2,4,AIGC-Fake,/mnt/public/public_datasets/OpenMMSecV2/AIGC/other/online/imgs/43d0ddcd00e944469390fe8a1d06e7a3.jpg
-43.400123596191406,-23.64972686767578,0.0,deepfake,1,1,2,2,Deepfake-Fake,/mnt/public/public_datasets/OpenMMSecV2/Deepfake/Fake/FaceSwap/InSwapper/7ff1fbaa553f4639b739638f576ddd1e.png
-47.698036193847656,7.289719104766846,0.0,deepfake,1,1,2,2,Deepfake-Fake,/mnt/public/public_datasets/OpenMMSecV2/Deepfake/Fake/FaceEditing/e4e/5241a9f80f334ffd867498367af6d295.jpg
5.708689212799072,-26.01409339904785,0.0,IMDL,1,4,2,8,IMDL-Fake,/mnt/public/public_datasets/OpenMMSecV2/IMDL/generative/flux_1/imgs/c0de2af39d69469f8b116f3bcb4dc840.png
-56.703556060791016,-1.2827595472335815,0.0,deepfake,1,1,2,2,Deepfake-Fake,/mnt/public/public_datasets/OpenMMSecV2/Deepfake/Fake/FaceEditing/StarGAN/b8acb1de0a69484faab013a9e193019c.jpg
-0.7934848070144653,11.167168617248535,0.0,AIGC,0,2,1,3,AIGC-Real,/mnt/public/public_datasets/OpenMMSecV2/AIGC/laion/0cee3befb0a04644891ba0ed2d771879.jpg
17.08460807800293,54.386505126953125,0.0,Doc,1,3,2,6,Document-Fake,/mnt/public/public_datasets/OpenMMSecV2/Doc/non_aigc/generation/imgs/415ffa6a5a3f47f79274ef62cba79e44.jpg
6.438432693481445,4.630086898803711,0.0,IMDL,0,4,1,7,IMDL-Real,/mnt/public/public_datasets/OpenMMSecV2/IMDL/non_generative/manual_ps/imgs/ddb9d55aa3bf4e44b364d42bccb2a41c.jpg
5.553824424743652,21.259885787963867,0.0,AIGC,1,2,2,4,AIGC-Fake,/mnt/public/public_datasets/OpenMMSecV2/AIGC/latent_diffusion/systematic/6bcf88cc61f2427fb60e056e1d1bd644.jpg
-22.005680084228516,-34.131935119628906,0.0,deepfake,0,1,1,1,Deepfake-Real,/mnt/public/public_datasets/OpenMMSecV2/Deepfake/Real/VFHQ/6122521b96884ddaa6dac42905b5e952.png
6.32993221282959,-22.49960708618164,0.0,IMDL,0,4,1,7,IMDL-Real,/mnt/public/public_datasets/OpenMMSecV2/IMDL/generative/flux_1/imgs/a527863d703a44ef9639ecc56fa55b1f.png
-38.0825309753418,0.6758049130439758,0.0,deepfake,1,1,2,2,Deepfake-Fake,/mnt/public/public_datasets/OpenMMSecV2/Deepfake/Fake/EntireFaceSynthesis/WhichisReal/cc36f932daab477dbb9910703e1c02cb.png
-55.53095245361328,-2.620063066482544,0.0,deepfake,1,1,2,2,Deepfake-Fake,/mnt/public/public_datasets/OpenMMSecV2/Deepfake/Fake/FaceEditing/StarGAN/5c4b4936b112429dbecc1756bd508991.jpg
11.999001502990723,-10.194507598876953,0.0,AIGC,0,2,1,3,AIGC-Real,/mnt/public/public_datasets/OpenMMSecV2/AIGC/commercial/wukong/imgs/4cce3f83f74e439fba0bf9ba2b76267d.JPEG
3.103687286376953,2.7934160232543945,0.0,IMDL,1,4,2,8,IMDL-Fake,/mnt/public/public_datasets/OpenMMSecV2/IMDL/non_generative/manual_ps/imgs/2334202845274ca88b338ae099e8c085.jpg
11.80237102508545,-16.576271057128906,0.0,IMDL,0,4,1,7,IMDL-Real,/mnt/public/public_datasets/OpenMMSecV2/IMDL/generative/flux_1/imgs/7f921d612eb34132b47d1db4f710ba07.png
29.573955535888672,3.179994583129883,0.0,AIGC,0,2,1,3,AIGC-Real,/mnt/public/public_datasets/OpenMMSecV2/AIGC/laion/40d723468d2f43a6856948ac14c9a466.jpg
-7.530245780944824,13.63601016998291,0.0,IMDL,1,4,2,8,IMDL-Fake,/mnt/public/public_datasets/OpenMMSecV2/IMDL/non_generative/manual_ps/imgs/314931a6865741e7a546cff52e62a992.jpg
-31.598669052124023,-31.577674865722656,0.0,deepfake,0,1,1,1,Deepfake-Real,/mnt/public/public_datasets/OpenMMSecV2/Deepfake/Real/FF++/ed1ac548fc5e4d019a7535ca52e39f10.png
19.568218231201172,-28.251819610595703,0.0,IMDL,0,4,1,7,IMDL-Real,/mnt/public/public_datasets/OpenMMSecV2/IMDL/generative/coco/imgs/14c71c3e8fbb4e24b56e597b2c050101.jpg
-48.01931381225586,8.234055519104004,0.0,deepfake,1,1,2,2,Deepfake-Fake,/mnt/public/public_datasets/OpenMMSecV2/Deepfake/Fake/FaceEditing/e4e/60391c7ec0224d94b5949bbd347b32c6.jpg
-40.511253356933594,14.900130271911621,0.0,deepfake,1,1,2,2,Deepfake-Fake,/mnt/public/public_datasets/OpenMMSecV2/Deepfake/Fake/EntireFaceSynthesis/SD-2.1/2f8cdfbae2224073a7c37437ca6b3dc8.png
23.189552307128906,54.34543991088867,0.0,Doc,1,3,2,6,Document-Fake,/mnt/public/public_datasets/OpenMMSecV2/Doc/non_aigc/generation/imgs/36bd0339c4dd49d180b36f733b00ebad.jpg
2.2290215492248535,11.745421409606934,0.0,Doc,1,3,2,6,Document-Fake,/mnt/public/public_datasets/OpenMMSecV2/Doc/aigc/textocr/imgs/3ca2ec9f64c24317b5ad79095cb1dbf2.jpg
3.5465657711029053,49.17575454711914,0.0,Doc,0,3,1,5,Document-Real,/mnt/public/public_datasets/OpenMMSecV2/Doc/Real/54b4d29ddfce4884884906aa49d2d8c2.jpg
-20.10725212097168,23.091232299804688,0.0,IMDL,1,4,2,8,IMDL-Fake,/mnt/public/public_datasets/OpenMMSecV2/IMDL/generative/gan_mat/imgs/098e344ee0bb42308133c7a1b0577bc4.jpg
-27.097225189208984,-29.804670333862305,0.0,deepfake,0,1,1,1,Deepfake-Real,/mnt/public/public_datasets/OpenMMSecV2/Deepfake/Real/FF++/3d80905f782140cba67123cc80095b55.png
38.86991500854492,-24.336950302124023,0.0,Doc,1,3,2,6,Document-Fake,/mnt/public/public_datasets/OpenMMSecV2/Doc/aigc/anytext/imgs/0a43ea9109d746c7bc5cbcd161455f81.jpg
47.03702163696289,34.896907806396484,0.0,Doc,1,3,2,6,Document-Fake,/mnt/public/public_datasets/OpenMMSecV2/Doc/non_aigc/inpaint/imgs/b1a0da4fdb6148ea8ef6b121fe1ec005.jpg
-41.806724548339844,12.379644393920898,0.0,deepfake,1,1,2,2,Deepfake-Fake,/mnt/public/public_datasets/OpenMMSecV2/Deepfake/Fake/EntireFaceSynthesis/StyleGAN2/0e32ce2bbca74e6a973da27f22243c8d.png
-20.58346176147461,-24.39332389831543,0.0,deepfake,0,1,1,1,Deepfake-Real,/mnt/public/public_datasets/OpenMMSecV2/Deepfake/Real/FFHQ/cfad54a5445049c9863c72e371255c8d.jpg
29.229368209838867,-19.69131851196289,0.0,Doc,0,3,1,5,Document-Real,/mnt/public/public_datasets/OpenMMSecV2/Doc/aigc/stefann/imgs/b7737c896bc24408a6d8da8e86eee5fe.jpg
-43.1987190246582,-6.351064682006836,0.0,AIGC,1,2,2,4,AIGC-Fake,/mnt/public/public_datasets/OpenMMSecV2/AIGC/other/online/imgs/4a85583ba18c42e1a432ae64b0f8eec4.jpg
-43.34347152709961,-32.658790588378906,0.0,deepfake,0,1,1,1,Deepfake-Real,/mnt/public/public_datasets/OpenMMSecV2/Deepfake/Real/CelebDF-v2/cc9df157eeae4b84bd3c79dc0592fcfa.png
-43.084075927734375,-26.842432022094727,0.0,deepfake,0,1,1,1,Deepfake-Real,/mnt/public/public_datasets/OpenMMSecV2/Deepfake/Real/CelebDF-v2/809d8379be58497fa068dcc947b848aa.png
-10.147303581237793,9.92496395111084,0.0,IMDL,1,4,2,8,IMDL-Fake,/mnt/public/public_datasets/OpenMMSecV2/IMDL/non_generative/manual_ps/imgs/562e4eaa761049539ec75834ef5bd787.jpg
0.5979623794555664,-0.9366596341133118,0.0,IMDL,1,4,2,8,IMDL-Fake,/mnt/public/public_datasets/OpenMMSecV2/IMDL/non_generative/manual_ps/imgs/4a934de9ba1d41cca84fd9c9d8edd69d.tif
-40.91625213623047,-40.518836975097656,0.0,deepfake,0,1,1,1,Deepfake-Real,/mnt/public/public_datasets/OpenMMSecV2/Deepfake/Real/FF++/36c96ffa64fb4baaa2c3d28a0d296f1d.png
25.567800521850586,51.89114761352539,0.0,Doc,1,3,2,6,Document-Fake,/mnt/public/public_datasets/OpenMMSecV2/Doc/non_aigc/generation/imgs/6e01eb3e48f24a33abe6405d9c0af165.jpg
-34.134864807128906,-28.14300537109375,0.0,deepfake,0,1,1,1,Deepfake-Real,/mnt/public/public_datasets/OpenMMSecV2/Deepfake/Real/FF++/8d8fac9e967246ada57103410a0ade2b.png
38.532066345214844,-12.142437934875488,0.0,Doc,0,3,1,5,Document-Real,/mnt/public/public_datasets/OpenMMSecV2/Doc/Real/926805aa2f63462da15cb2531fe1c5c9.jpg
5.089960098266602,46.20536422729492,0.0,Doc,0,3,1,5,Document-Real,/mnt/public/public_datasets/OpenMMSecV2/Doc/Real/6488cce19f104d388fdced45d649e258.jpg
18.797800064086914,21.553293228149414,0.0,AIGC,1,2,2,4,AIGC-Fake,/mnt/public/public_datasets/OpenMMSecV2/AIGC/other/online/imgs/ae5d09bd502b4537bd0b7734e9ddc9ec.jpg
6.410187721252441,4.718873023986816,0.0,IMDL,0,4,1,7,IMDL-Real,/mnt/public/public_datasets/OpenMMSecV2/IMDL/non_generative/manual_ps/imgs/813e404be1714dbe8591ee0bc2bda135.jpg
8.009968757629395,-26.25277328491211,0.0,IMDL,0,4,1,7,IMDL-Real,/mnt/public/public_datasets/OpenMMSecV2/IMDL/generative/coco/imgs/1d0431af64f6491f8b4e50707b01fd26.jpg
-40.21662521362305,-31.129364013671875,0.0,deepfake,0,1,1,1,Deepfake-Real,/mnt/public/public_datasets/OpenMMSecV2/Deepfake/Real/DFD/643a6e38488144a08dbed98da3feb4f6.png
40.5232048034668,33.505104064941406,0.0,Doc,1,3,2,6,Document-Fake,/mnt/public/public_datasets/OpenMMSecV2/Doc/non_aigc/generation/imgs/6703f0ef1e994080b735d02946b32dc9.jpg
14.175119400024414,-17.32815170288086,0.0,IMDL,0,4,1,7,IMDL-Real,/mnt/public/public_datasets/OpenMMSecV2/IMDL/generative/coco/imgs/000e2345a342453d803aeefc401afda0.jpg
-18.204301834106445,11.479164123535156,0.0,AIGC,1,2,2,4,AIGC-Fake,/mnt/public/public_datasets/OpenMMSecV2/AIGC/commercial/wukong/imgs/8457872f7b2642f49566e0921a5cbc07.png
-23.445287704467773,-22.12582015991211,0.0,deepfake,0,1,1,1,Deepfake-Real,/mnt/public/public_datasets/OpenMMSecV2/Deepfake/Real/FFHQ/b1f23e5aff384a8696bbd5467375584c.jpeg
-44.6217041015625,-39.85676574707031,0.0,deepfake,0,1,1,1,Deepfake-Real,/mnt/public/public_datasets/OpenMMSecV2/Deepfake/Real/CelebDF-v2/c6af4e46b8334721a74291c407dfd8f5.png
-28.86334228515625,-43.70962142944336,0.0,deepfake,0,1,1,1,Deepfake-Real,/mnt/public/public_datasets/OpenMMSecV2/Deepfake/Real/FF++/beb2dd699c79443ea78b078f561b9b6c.png
-8.358075141906738,10.863332748413086,0.0,IMDL,1,4,2,8,IMDL-Fake,/mnt/public/public_datasets/OpenMMSecV2/IMDL/non_generative/manual_ps/imgs/c41bc5717a064ec881fc711c983cd16e.tif
-42.60142517089844,9.21035385131836,0.0,AIGC,1,2,2,4,AIGC-Fake,/mnt/public/public_datasets/OpenMMSecV2/AIGC/GAN/styleGANs/ba2ae9e2840841b98209f5f24d2e1008.jpg
1.5485901832580566,47.52879333496094,0.0,Doc,0,3,1,5,Document-Real,/mnt/public/public_datasets/OpenMMSecV2/Doc/Real/2bab486b1f7d412992eeb056d8c850ec.jpg
26.48979949951172,-24.675148010253906,0.0,IMDL,1,4,2,8,IMDL-Fake,/mnt/public/public_datasets/OpenMMSecV2/IMDL/generative/stable_diffusion/imgs/1bebcc0971024700a058f86f9c5ede8a.png
13.512491226196289,58.036041259765625,0.0,Doc,0,3,1,5,Document-Real,/mnt/public/public_datasets/OpenMMSecV2/Doc/Real/9ec0d009377841dd8ae162828264ba08.jpg
46.689449310302734,38.8040771484375,0.0,Doc,0,3,1,5,Document-Real,/mnt/public/public_datasets/OpenMMSecV2/Doc/Real/aba7c65c338f4ff18cc8d90abb0065a7.jpg
46.596153259277344,39.89644241333008,0.0,Doc,0,3,1,5,Document-Real,/mnt/public/public_datasets/OpenMMSecV2/Doc/Real/868787d7cdee4331b272a2adf061d32b.jpg
-30.01987648010254,-44.559059143066406,0.0,deepfake,0,1,1,1,Deepfake-Real,/mnt/public/public_datasets/OpenMMSecV2/Deepfake/Real/FF++/4316af1963564e06a1557fbbec8be930.png
-19.669391632080078,27.040363311767578,0.0,IMDL,1,4,2,8,IMDL-Fake,/mnt/public/public_datasets/OpenMMSecV2/IMDL/generative/paintbyexample/imgs/90b89402119f47ba8627491c054d86e8.jpg
4.183469772338867,-2.832449197769165,0.0,IMDL,0,4,1,7,IMDL-Real,/mnt/public/public_datasets/OpenMMSecV2/IMDL/generative/coco/imgs/77d001b3af4d477b9a25ce7c528d02df.jpg
12.703421592712402,-36.69146728515625,0.0,IMDL,0,4,1,7,IMDL-Real,/mnt/public/public_datasets/OpenMMSecV2/IMDL/generative/flux_1/imgs/468d5f6a6a834e789cb907901e4c2dbe.png
29.892894744873047,18.680540084838867,0.0,AIGC,0,2,1,3,AIGC-Real,/mnt/public/public_datasets/OpenMMSecV2/AIGC/laion/a12e2863e3d9429c9dc43040eb188a01.jpg
40.76142120361328,40.725807189941406,0.0,Doc,0,3,1,5,Document-Real,/mnt/public/public_datasets/OpenMMSecV2/Doc/Real/6f26f409de2c4cfaacd808936828c90b.jpg
13.536746978759766,-7.991886138916016,0.0,AIGC,1,2,2,4,AIGC-Fake,/mnt/public/public_datasets/OpenMMSecV2/AIGC/pixel_diffusion/adm/imgs/786a02f0eb60485eae7424bb48e04c7f.PNG
17.037107467651367,-29.582853317260742,0.0,IMDL,0,4,1,7,IMDL-Real,/mnt/public/public_datasets/OpenMMSecV2/IMDL/generative/coco/imgs/400a9a19f5d54f558ff6f402508ff55b.jpg
11.911175727844238,-33.88433837890625,0.0,IMDL,0,4,1,7,IMDL-Real,/mnt/public/public_datasets/OpenMMSecV2/IMDL/generative/coco/imgs/18ae6cabec4449b09f6946b2230f0a95.jpg
0.958439290523529,22.293310165405273,0.0,deepfake,1,1,2,2,Deepfake-Fake,/mnt/public/public_datasets/OpenMMSecV2/Deepfake/Fake/EntireFaceSynthesis/MidJounery/a2a21e05e1554158bfd94fd0e2145a1f.png
-11.604732513427734,16.21785545349121,0.0,IMDL,1,4,2,8,IMDL-Fake,/mnt/public/public_datasets/OpenMMSecV2/IMDL/non_generative/manual_ps/imgs/f99b8ed715f54a42ae2adb66f6ccc7b5.jpg
-40.314674377441406,14.189178466796875,0.0,deepfake,1,1,2,2,Deepfake-Fake,/mnt/public/public_datasets/OpenMMSecV2/Deepfake/Fake/EntireFaceSynthesis/SD-2.1/58b79eeb7fc9454ca87eb59fd7004150.png
-24.48126792907715,13.811771392822266,0.0,AIGC,1,2,2,4,AIGC-Fake,/mnt/public/public_datasets/OpenMMSecV2/AIGC/pixel_diffusion/glide/imgs/6536c2ce043e47eea780fd6c851c5ded.png
-46.42436981201172,3.1047585010528564,0.0,AIGC,1,2,2,4,AIGC-Fake,/mnt/public/public_datasets/OpenMMSecV2/AIGC/autoregressive_model/tamingtransformers/024aad8153f04a7dbce32dc54d6b02b2.jpg
55.397457122802734,21.178964614868164,0.0,Doc,0,3,1,5,Document-Real,/mnt/public/public_datasets/OpenMMSecV2/Doc/Real/5c66435e670a4495852a619f01a430e2.jpg
-49.13261413574219,7.851622104644775,0.0,AIGC,1,2,2,4,AIGC-Fake,/mnt/public/public_datasets/OpenMMSecV2/AIGC/autoregressive_model/tamingtransformers/32f1daa8ed1742329aa137fee16e6b1b.jpg
-51.92154312133789,11.955787658691406,0.0,AIGC,1,2,2,4,AIGC-Fake,/mnt/public/public_datasets/OpenMMSecV2/AIGC/autoregressive_model/tamingtransformers/dbc889264bb443de9433a4f13c2ab35a.jpg
48.75110626220703,37.91977310180664,0.0,Doc,1,3,2,6,Document-Fake,/mnt/public/public_datasets/OpenMMSecV2/Doc/non_aigc/cover/imgs/449f69909e86427c9e7bbf58c32130ff.jpg
16.719905853271484,-17.05575942993164,0.0,IMDL,0,4,1,7,IMDL-Real,/mnt/public/public_datasets/OpenMMSecV2/IMDL/generative/flux_1/imgs/68f9eaaa4cb44fa1beaed5f929664ce6.png
-0.4790467619895935,59.6617317199707,0.0,Doc,1,3,2,6,Document-Fake,/mnt/public/public_datasets/OpenMMSecV2/Doc/non_aigc/generation/imgs/3fa9163adbbc416989192fc124fea53a.jpg
-39.81731414794922,-13.2523193359375,0.0,deepfake,1,1,2,2,Deepfake-Fake,/mnt/public/public_datasets/OpenMMSecV2/Deepfake/Fake/FaceSwap/SimSwap/591c885a315d4a25b6d8a74039bf4037.png
-51.302223205566406,10.408869743347168,0.0,deepfake,1,1,2,2,Deepfake-Fake,/mnt/public/public_datasets/OpenMMSecV2/Deepfake/Fake/FaceEditing/e4e/2e959d2eb7ba44538b56d871adc838c9.jpg
50.12791442871094,31.573806762695312,0.0,Doc,1,3,2,6,Document-Fake,/mnt/public/public_datasets/OpenMMSecV2/Doc/non_aigc/generation/imgs/94add257544d435c95c06afad36ccb3d.jpg
24.580698013305664,-0.2663973271846771,0.0,AIGC,0,2,1,3,AIGC-Real,/mnt/public/public_datasets/OpenMMSecV2/AIGC/laion/07e53464f76743599db8ade90da843e8.jpg
-9.404081344604492,6.332123756408691,0.0,IMDL,1,4,2,8,IMDL-Fake,/mnt/public/public_datasets/OpenMMSecV2/IMDL/non_generative/manual_ps/imgs/a200a0be1889444188bcdc05a12225b2.jpg
-54.487770080566406,9.562225341796875,0.0,AIGC,1,2,2,4,AIGC-Fake,/mnt/public/public_datasets/OpenMMSecV2/AIGC/autoregressive_model/tamingtransformers/f36afc353c03405cb63e8e43b035175f.jpg
4.247826099395752,-1.0959720611572266,0.0,IMDL,0,4,1,7,IMDL-Real,/mnt/public/public_datasets/OpenMMSecV2/IMDL/generative/coco/imgs/5b65f4404230434587cf5990942c5e73.jpg
4.829987049102783,-6.051656246185303,0.0,IMDL,0,4,1,7,IMDL-Real,/mnt/public/public_datasets/OpenMMSecV2/IMDL/generative/coco/imgs/a94cae5111d041408a6599308bb14056.jpg
15.973777770996094,8.307670593261719,0.0,AIGC,1,2,2,4,AIGC-Fake,/mnt/public/public_datasets/OpenMMSecV2/AIGC/other/online/imgs/856b100315cb4855856a76bc2494139b.jpg
8.79129695892334,3.5533695220947266,0.0,IMDL,1,4,2,8,IMDL-Fake,/mnt/public/public_datasets/OpenMMSecV2/IMDL/generative/stable_diffusion/imgs/96f1ae814f8b4617a66cc91754f2dbd8.png
-45.00434112548828,-39.0047721862793,0.0,deepfake,0,1,1,1,Deepfake-Real,/mnt/public/public_datasets/OpenMMSecV2/Deepfake/Real/CelebDF-v2/479862d2fb5444e8b8a5c0a4e5cd3b1a.png
-26.065658569335938,-29.452173233032227,0.0,deepfake,0,1,1,1,Deepfake-Real,/mnt/public/public_datasets/OpenMMSecV2/Deepfake/Real/FF++/0b810636e24d4dd2b3e9809d3a5787be.png
28.152833938598633,4.521580219268799,0.0,AIGC,0,2,1,3,AIGC-Real,/mnt/public/public_datasets/OpenMMSecV2/AIGC/laion/c6beff1af64946298395c0e21b551aac.jpg
-46.66871643066406,-27.715877532958984,0.0,deepfake,1,1,2,2,Deepfake-Fake,/mnt/public/public_datasets/OpenMMSecV2/Deepfake/Fake/FaceSwap/FaceShifter/8d620b03a294472c942e3cad90562f93.png
31.43984603881836,-5.149240493774414,0.0,AIGC,0,2,1,3,AIGC-Real,/mnt/public/public_datasets/OpenMMSecV2/AIGC/laion/50c88772e3ec4f769b17cc527bc3cde4.jpg
-46.96488952636719,-23.244598388671875,0.0,deepfake,0,1,1,1,Deepfake-Real,/mnt/public/public_datasets/OpenMMSecV2/Deepfake/Real/CelebDF-v2/f47f8371273e4562b7dbf21616bb086b.png
-50.98040008544922,-13.785079956054688,0.0,deepfake,1,1,2,2,Deepfake-Fake,/mnt/public/public_datasets/OpenMMSecV2/Deepfake/Fake/FaceSwap/FaceDancer/fd0d7f5b82824cdc84fe4c21f95cc848.png
5.8159966468811035,-2.054377555847168,0.0,AIGC,0,2,1,3,AIGC-Real,/mnt/public/public_datasets/OpenMMSecV2/AIGC/laion/1429ba89deca4a3fa74f08d2eb1b6ccb.jpg
40.06473922729492,-12.785626411437988,0.0,Doc,0,3,1,5,Document-Real,/mnt/public/public_datasets/OpenMMSecV2/Doc/Real/bbe82a0cb0b74917a1859338974c3c2c.jpg
19.763511657714844,4.668243885040283,0.0,IMDL,1,4,2,8,IMDL-Fake,/mnt/public/public_datasets/OpenMMSecV2/IMDL/non_generative/manual_ps/imgs/ac819ec0e2254f81901e7724463b9af8.tif
3.0273079872131348,46.50689697265625,0.0,Doc,0,3,1,5,Document-Real,/mnt/public/public_datasets/OpenMMSecV2/Doc/Real/388399454df242eea28e955df173fe81.jpg
-2.4853343963623047,-18.672819137573242,0.0,IMDL,0,4,1,7,IMDL-Real,/mnt/public/public_datasets/OpenMMSecV2/IMDL/generative/stable_diffusion/imgs/f272cf697c884daeb0f6ad45fc9d53d6.png
0.8273035883903503,-1.8346160650253296,0.0,IMDL,0,4,1,7,IMDL-Real,/mnt/public/public_datasets/OpenMMSecV2/IMDL/generative/coco/imgs/a46319ef7d3d4aae879b72deba376113.jpg
-40.130409240722656,-35.772056579589844,0.0,deepfake,0,1,1,1,Deepfake-Real,/mnt/public/public_datasets/OpenMMSecV2/Deepfake/Real/FF++/9f9095e4b0f44a51948c912b412675bf.png
-2.3910019397735596,22.136093139648438,0.0,AIGC,1,2,2,4,AIGC-Fake,/mnt/public/public_datasets/OpenMMSecV2/AIGC/latent_diffusion/systematic/dd6a35a4b8eb408bb64ff0ceab203a33.jpg
-3.73579740524292,-9.085389137268066,0.0,Doc,0,3,1,5,Document-Real,/mnt/public/public_datasets/OpenMMSecV2/Doc/Real/3dbdd784ac3246be8718121a16dff53d.jpg
7.513829708099365,-27.87352752685547,0.0,IMDL,1,4,2,8,IMDL-Fake,/mnt/public/public_datasets/OpenMMSecV2/IMDL/non_generative/manual_ps/imgs/db544a601d9b46e6b44edd4d36478716.jpg
29.15420913696289,19.217470169067383,0.0,AIGC,0,2,1,3,AIGC-Real,/mnt/public/public_datasets/OpenMMSecV2/AIGC/laion/332267fa778647969da1e4638ed15f9f.jpg
15.860340118408203,53.45785140991211,0.0,Doc,1,3,2,6,Document-Fake,/mnt/public/public_datasets/OpenMMSecV2/Doc/non_aigc/generation/imgs/ce7ecaac78e24b578423cec53c334e40.jpg
30.809030532836914,11.131653785705566,0.0,AIGC,0,2,1,3,AIGC-Real,/mnt/public/public_datasets/OpenMMSecV2/AIGC/laion/1e9714285d124f53933a9166a5e4314a.jpg
57.104312896728516,22.420103073120117,0.0,Doc,0,3,1,5,Document-Real,/mnt/public/public_datasets/OpenMMSecV2/Doc/Real/1899b0a6b6794c6986f35ec49f192cd5.jpg
28.0574951171875,9.174766540527344,0.0,AIGC,0,2,1,3,AIGC-Real,/mnt/public/public_datasets/OpenMMSecV2/AIGC/laion/30bbf6ebf2d04739946f8580e6207431.jpg
-54.46445083618164,-14.12475299835205,0.0,deepfake,1,1,2,2,Deepfake-Fake,/mnt/public/public_datasets/OpenMMSecV2/Deepfake/Fake/FaceSwap/FaceDancer/1014ec602c25498bbaff517b26b6260e.png
10.682732582092285,-35.64225769042969,0.0,IMDL,1,4,2,8,IMDL-Fake,/mnt/public/public_datasets/OpenMMSecV2/IMDL/generative/gan_mat/imgs/846299bbbf434f82966c43abb283f714.tiff
-15.363853454589844,3.095902919769287,0.0,AIGC,1,2,2,4,AIGC-Fake,/mnt/public/public_datasets/OpenMMSecV2/AIGC/other/online/imgs/1ef539ba08c84ae9aa64baae41e4e9a6.jpg
-15.172660827636719,-14.3621187210083,0.0,AIGC,1,2,2,4,AIGC-Fake,/mnt/public/public_datasets/OpenMMSecV2/AIGC/other/online/imgs/68348d7f9e814a9b86889645e6fd7f21.jpg
28.355148315429688,19.272987365722656,0.0,AIGC,0,2,1,3,AIGC-Real,/mnt/public/public_datasets/OpenMMSecV2/AIGC/laion/3a1e1b137ca2414bbeb1777e5e6dd4f8.jpg
20.29470443725586,-10.997886657714844,0.0,Doc,1,3,2,6,Document-Fake,/mnt/public/public_datasets/OpenMMSecV2/Doc/aigc/textocr/imgs/15ee7b45bc8e4538b3d17cc71b78239a.jpg
38.14666748046875,-22.19464874267578,0.0,Doc,0,3,1,5,Document-Real,/mnt/public/public_datasets/OpenMMSecV2/Doc/Real/4a83760a13884a4fa80ea8f0e226be68.jpg
-8.999799728393555,16.358802795410156,0.0,IMDL,1,4,2,8,IMDL-Fake,/mnt/public/public_datasets/OpenMMSecV2/IMDL/non_generative/manual_ps/imgs/5c4153a727924b45b8335d16e252e0da.jpg
1.0434954166412354,5.8040452003479,0.0,IMDL,0,4,1,7,IMDL-Real,/mnt/public/public_datasets/OpenMMSecV2/IMDL/generative/coco/imgs/b612684269ee435ebe4fb6b38d98d380.jpg
0.48206931352615356,22.192407608032227,0.0,AIGC,1,2,2,4,AIGC-Fake,/mnt/public/public_datasets/OpenMMSecV2/AIGC/commercial/dalle/3fbfc3eda76c478f939f0b04aa804c6b.jpg
-46.54399108886719,3.789125442504883,0.0,AIGC,1,2,2,4,AIGC-Fake,/mnt/public/public_datasets/OpenMMSecV2/AIGC/autoregressive_model/tamingtransformers/6fbba2384a14411b89f4ad145c95952d.jpg
10.854324340820312,52.77853012084961,0.0,Doc,1,3,2,6,Document-Fake,/mnt/public/public_datasets/OpenMMSecV2/Doc/non_aigc/inpaint/imgs/7b7b1818d7b74bc9a18d44dfc8ceb236.jpg
-10.984429359436035,-5.386016845703125,0.0,IMDL,1,4,2,8,IMDL-Fake,/mnt/public/public_datasets/OpenMMSecV2/IMDL/non_generative/manual_ps/imgs/ca8774f2899a4c20b90580c00ef61f86.jpg
22.487367630004883,62.69661331176758,0.0,Doc,1,3,2,6,Document-Fake,/mnt/public/public_datasets/OpenMMSecV2/Doc/non_aigc/copy-move/imgs/9502a8137eb64b2497e2f1be27b8bd64.jpg
13.584551811218262,-8.246623039245605,0.0,AIGC,0,2,1,3,AIGC-Real,/mnt/public/public_datasets/OpenMMSecV2/AIGC/pixel_diffusion/glide/imgs/a05a4ed1aa9941d290ecc63af08fc7c2.JPEG
3.2789556980133057,62.1769905090332,0.0,Doc,1,3,2,6,Document-Fake,/mnt/public/public_datasets/OpenMMSecV2/Doc/non_aigc/generation/imgs/5d1841fc6fa144c89908383756620e48.jpg
25.636375427246094,8.90952205657959,0.0,AIGC,0,2,1,3,AIGC-Real,/mnt/public/public_datasets/OpenMMSecV2/AIGC/laion/da446e4dfad1464a97e9b2473dcc9c13.jpg
-25.591346740722656,7.855998992919922,0.0,AIGC,1,2,2,4,AIGC-Fake,/mnt/public/public_datasets/OpenMMSecV2/AIGC/commercial/imagen/b2b925b1ff174c3e8c0bdaf5e2f46a18.jpg
19.74266242980957,66.51229095458984,0.0,Doc,1,3,2,6,Document-Fake,/mnt/public/public_datasets/OpenMMSecV2/Doc/non_aigc/copy-move/imgs/2426daaa30294474834996ac4d18f065.jpg
-22.290510177612305,-27.40538215637207,0.0,deepfake,0,1,1,1,Deepfake-Real,/mnt/public/public_datasets/OpenMMSecV2/Deepfake/Real/VFHQ/afac56854c1a425f81e5386dd4cb55b7.png
52.63755798339844,17.8771915435791,0.0,Doc,0,3,1,5,Document-Real,/mnt/public/public_datasets/OpenMMSecV2/Doc/Real/3028a52b264344c689965781426cdc54.jpg
-6.3514323234558105,-0.8413819074630737,0.0,IMDL,1,4,2,8,IMDL-Fake,/mnt/public/public_datasets/OpenMMSecV2/IMDL/generative/stable_diffusion/imgs/419bcaa8b0334a18b03f9234a61de05a.png
-0.38814258575439453,-5.490202903747559,0.0,IMDL,1,4,2,8,IMDL-Fake,/mnt/public/public_datasets/OpenMMSecV2/IMDL/generative/flux_1/imgs/1599e20e4c2b40f8b283abe7d887abbd.png
15.435341835021973,-14.917046546936035,0.0,AIGC,1,2,2,4,AIGC-Fake,/mnt/public/public_datasets/OpenMMSecV2/AIGC/pixel_diffusion/adm/imgs/0d0435c50b104520938cf4a16217ed81.PNG
18.0616455078125,-3.794205904006958,0.0,AIGC,1,2,2,4,AIGC-Fake,/mnt/public/public_datasets/OpenMMSecV2/AIGC/other/online/imgs/1623183a56eb428eb5087efe3db2eb9c.jpg
55.43815231323242,21.634536743164062,0.0,Doc,0,3,1,5,Document-Real,/mnt/public/public_datasets/OpenMMSecV2/Doc/Real/b9193cd0f2dd4fa085ecd9fe884f62aa.jpg
3.071000576019287,0.7007757425308228,0.0,IMDL,1,4,2,8,IMDL-Fake,/mnt/public/public_datasets/OpenMMSecV2/IMDL/non_generative/manual_ps/imgs/3bf6f5ecb94d4ea4a3e7f9405a7e8e5f.jpg
15.89907455444336,59.06071472167969,0.0,Doc,1,3,2,6,Document-Fake,/mnt/public/public_datasets/OpenMMSecV2/Doc/non_aigc/generation/imgs/c789f4afabaf47bca5b2cd805fcf75a8.jpg
33.38141632080078,-9.217527389526367,0.0,Doc,1,3,2,6,Document-Fake,/mnt/public/public_datasets/OpenMMSecV2/Doc/aigc/udifftext/imgs/d6741ad4807340a6b012d5f3e60b1005.jpg
-50.783538818359375,-9.318032264709473,0.0,deepfake,1,1,2,2,Deepfake-Fake,/mnt/public/public_datasets/OpenMMSecV2/Deepfake/Fake/FaceReenactment/DaGAN/d8251d1f6f5e4e788b5a7df795e8afac.png
-49.363731384277344,8.312249183654785,0.0,deepfake,1,1,2,2,Deepfake-Fake,/mnt/public/public_datasets/OpenMMSecV2/Deepfake/Fake/FaceEditing/e4e/87a2025116dc4abc99b3662e78fa1456.jpg
-44.08832931518555,10.145599365234375,0.0,AIGC,1,2,2,4,AIGC-Fake,/mnt/public/public_datasets/OpenMMSecV2/AIGC/autoregressive_model/tamingtransformers/4d0767d921e049359257242749139df2.jpg
-0.8708510994911194,-8.005234718322754,0.0,IMDL,0,4,1,7,IMDL-Real,/mnt/public/public_datasets/OpenMMSecV2/IMDL/generative/stable_diffusion/imgs/844adf2a28a0459897a79539e83427a9.png
-5.142375946044922,6.928053855895996,0.0,IMDL,0,4,1,7,IMDL-Real,/mnt/public/public_datasets/OpenMMSecV2/IMDL/generative/coco/imgs/08bb392c1967437fa74c6ef2eeba6452.jpg
-39.10665512084961,-32.04362869262695,0.0,deepfake,0,1,1,1,Deepfake-Real,/mnt/public/public_datasets/OpenMMSecV2/Deepfake/Real/DFD/ea739cbbc8ea4e5b8dbb756129de32f1.png
-46.7130012512207,7.8000569343566895,0.0,deepfake,1,1,2,2,Deepfake-Fake,/mnt/public/public_datasets/OpenMMSecV2/Deepfake/Fake/FaceEditing/e4e/b92c3958b495491ba93458da278dea85.jpg
10.714929580688477,-26.291982650756836,0.0,IMDL,0,4,1,7,IMDL-Real,/mnt/public/public_datasets/OpenMMSecV2/IMDL/generative/coco/imgs/60942e64d75c44109253987ffbe81098.jpg
18.385337829589844,-1.8790110349655151,0.0,AIGC,0,2,1,3,AIGC-Real,/mnt/public/public_datasets/OpenMMSecV2/AIGC/laion/8c41faf118074a459031442f727c37a6.jpg
-47.57555389404297,-7.838665008544922,0.0,deepfake,1,1,2,2,Deepfake-Fake,/mnt/public/public_datasets/OpenMMSecV2/Deepfake/Fake/FaceEditing/StarGANv2/b3d0e830519e46b59af32ea05fe057f5.jpg
-43.8520393371582,8.90461540222168,0.0,AIGC,1,2,2,4,AIGC-Fake,/mnt/public/public_datasets/OpenMMSecV2/AIGC/autoregressive_model/tamingtransformers/90011df70a3a4ca1b447d3db8111ab71.jpg
-3.7804765701293945,0.9594017267227173,0.0,IMDL,0,4,1,7,IMDL-Real,/mnt/public/public_datasets/OpenMMSecV2/IMDL/non_generative/manual_ps/imgs/bc85f1f5b69843c4860b356302e9c4a0.jpg
20.413177490234375,-11.000616073608398,0.0,Doc,1,3,2,6,Document-Fake,/mnt/public/public_datasets/OpenMMSecV2/Doc/aigc/textocr/imgs/32f360cbbd5142e09e75ed66d100e2e9.jpg
2.492309331893921,-27.51140022277832,0.0,IMDL,0,4,1,7,IMDL-Real,/mnt/public/public_datasets/OpenMMSecV2/IMDL/generative/stable_diffusion/imgs/0390c313fed548219e4cc5ac0c7842ec.png
25.670461654663086,-16.73581886291504,0.0,Doc,0,3,1,5,Document-Real,/mnt/public/public_datasets/OpenMMSecV2/Doc/Real/e62b8bd995594913903fc0e7d4ba4d2b.jpg
-38.528053283691406,-13.462409973144531,0.0,deepfake,1,1,2,2,Deepfake-Fake,/mnt/public/public_datasets/OpenMMSecV2/Deepfake/Fake/FaceSwap/FSGAN/05e3684e7b4c4d68be880e80cb6aaaa5.png
11.950136184692383,-36.703094482421875,0.0,IMDL,0,4,1,7,IMDL-Real,/mnt/public/public_datasets/OpenMMSecV2/IMDL/generative/coco/imgs/5cbaf13d9adb433598a10dcb747c422d.jpg
21.308082580566406,62.15843963623047,0.0,Doc,1,3,2,6,Document-Fake,/mnt/public/public_datasets/OpenMMSecV2/Doc/non_aigc/generation/imgs/f5631e931546404486534631d3641186.jpg
3.2123634815216064,-9.060436248779297,0.0,AIGC,1,2,2,4,AIGC-Fake,/mnt/public/public_datasets/OpenMMSecV2/AIGC/other/online/imgs/7cdf6004292b4cd39eefbdac28d76b10.jpg
16.394222259521484,-13.99364948272705,0.0,AIGC,1,2,2,4,AIGC-Fake,/mnt/public/public_datasets/OpenMMSecV2/AIGC/pixel_diffusion/adm/imgs/be49c35d7621499790e9e4dbf887ad46.PNG
-26.820537567138672,16.467525482177734,0.0,AIGC,1,2,2,4,AIGC-Fake,/mnt/public/public_datasets/OpenMMSecV2/AIGC/GAN/styleGANs/b97a2fb748c84e80a2a9dcdafab5e6bd.jpg
-5.8051838874816895,-6.354154109954834,0.0,IMDL,1,4,2,8,IMDL-Fake,/mnt/public/public_datasets/OpenMMSecV2/IMDL/non_generative/manual_ps/imgs/eed41cfc874847f9a1fa452d0e10ba72.jpg
-51.22200393676758,-17.138887405395508,0.0,deepfake,1,1,2,2,Deepfake-Fake,/mnt/public/public_datasets/OpenMMSecV2/Deepfake/Fake/FaceReenactment/TPSMM/03335fa8995f4661a169d2cd4f3033db.png
-35.11073684692383,-24.731658935546875,0.0,deepfake,0,1,1,1,Deepfake-Real,/mnt/public/public_datasets/OpenMMSecV2/Deepfake/Real/FF++/da2ba8df45914216bb72280f96513c8b.png
-0.798434317111969,16.247512817382812,0.0,IMDL,1,4,2,8,IMDL-Fake,/mnt/public/public_datasets/OpenMMSecV2/IMDL/generative/stable_diffusion/imgs/118c749c874d4089a63918085b1429ee.png
-47.69075393676758,-36.68299102783203,0.0,deepfake,1,1,2,2,Deepfake-Fake,/mnt/public/public_datasets/OpenMMSecV2/Deepfake/Fake/EntireFaceSynthesis/DiT-XL/eaa83c959f0f4a86a7b4fe4a197c721c.png
-40.059112548828125,-40.028865814208984,0.0,deepfake,0,1,1,1,Deepfake-Real,/mnt/public/public_datasets/OpenMMSecV2/Deepfake/Real/FF++/d67cadbed29643868c13588369857014.png
-32.004112243652344,-38.72570037841797,0.0,deepfake,1,1,2,2,Deepfake-Fake,/mnt/public/public_datasets/OpenMMSecV2/Deepfake/Fake/FaceSwap/FaceShifter/2b7eb40a506841a78f8ab5b4d6f3b70b.png
54.35193634033203,19.46305274963379,0.0,Doc,0,3,1,5,Document-Real,/mnt/public/public_datasets/OpenMMSecV2/Doc/Real/d69b4346376a46c4b11da4d57541d5e8.jpg
-49.93098831176758,10.539223670959473,0.0,deepfake,1,1,2,2,Deepfake-Fake,/mnt/public/public_datasets/OpenMMSecV2/Deepfake/Fake/FaceEditing/e4e/baee6017925842baae70d391ff6a2cde.jpg
-9.637578010559082,-14.672019958496094,0.0,IMDL,1,4,2,8,IMDL-Fake,/mnt/public/public_datasets/OpenMMSecV2/IMDL/generative/flux_1/imgs/18506933641a44d288202855c7fa866f.png
-45.106689453125,-23.86776351928711,0.0,deepfake,1,1,2,2,Deepfake-Fake,/mnt/public/public_datasets/OpenMMSecV2/Deepfake/Fake/FaceSwap/InSwapper/b01cd8045bde4a58a1491bb350733f72.png
-26.464805603027344,-40.99271774291992,0.0,deepfake,0,1,1,1,Deepfake-Real,/mnt/public/public_datasets/OpenMMSecV2/Deepfake/Real/CelebDF-v2/b0f73233cd9a4d39b9a6c7c6a0b51161.png
40.528846740722656,-18.75895881652832,0.0,Doc,0,3,1,5,Document-Real,/mnt/public/public_datasets/OpenMMSecV2/Doc/Real/fe3ba5fb7afe4f06b1233a2337d72214.jpg
-32.46751403808594,-30.30718994140625,0.0,deepfake,0,1,1,1,Deepfake-Real,/mnt/public/public_datasets/OpenMMSecV2/Deepfake/Real/CelebDF-v2/f361cb3076d14735a78cd963acee389d.png
-18.758148193359375,27.894018173217773,0.0,IMDL,1,4,2,8,IMDL-Fake,/mnt/public/public_datasets/OpenMMSecV2/IMDL/generative/gan_mat/imgs/aefdea7f4d304c7f97a9fa8af2b7ccca.jpg
-25.256593704223633,-42.480045318603516,0.0,deepfake,0,1,1,1,Deepfake-Real,/mnt/public/public_datasets/OpenMMSecV2/Deepfake/Real/UADFV/591b5bc7348245ba851188b7a5c7bb61.png
-7.54483699798584,-26.859811782836914,0.0,IMDL,0,4,1,7,IMDL-Real,/mnt/public/public_datasets/OpenMMSecV2/IMDL/non_generative/manual_ps/imgs/94f47530981f4ef99a551e5e24e132b2.jpg
-46.07602310180664,-24.991085052490234,0.0,deepfake,1,1,2,2,Deepfake-Fake,/mnt/public/public_datasets/OpenMMSecV2/Deepfake/Fake/FaceSwap/BlendFace/8998dc022a3c46928feb685277e08426.png
13.814269065856934,-28.86121368408203,0.0,IMDL,0,4,1,7,IMDL-Real,/mnt/public/public_datasets/OpenMMSecV2/IMDL/generative/coco/imgs/36ff4190a3784b19b704dbef791266bd.jpg
0.25843319296836853,61.04801940917969,0.0,Doc,1,3,2,6,Document-Fake,/mnt/public/public_datasets/OpenMMSecV2/Doc/non_aigc/copy-move/imgs/a1e1b687e1994d7faae1392899395d11.jpg
17.314558029174805,-11.940192222595215,0.0,IMDL,1,4,2,8,IMDL-Fake,/mnt/public/public_datasets/OpenMMSecV2/IMDL/non_generative/manual_ps/imgs/3adbe7cbbfc6464eb75dce09c5cfd299.tif
56.18666076660156,20.194107055664062,0.0,Doc,0,3,1,5,Document-Real,/mnt/public/public_datasets/OpenMMSecV2/Doc/Real/ba68577efd7a4afdae3ff5f3b0da261c.jpg
46.95033264160156,41.68321990966797,0.0,Doc,0,3,1,5,Document-Real,/mnt/public/public_datasets/OpenMMSecV2/Doc/Real/6c32329804d2450094c56ccc958a2662.jpg
-14.857770919799805,2.6380455493927,0.0,AIGC,0,2,1,3,AIGC-Real,/mnt/public/public_datasets/OpenMMSecV2/AIGC/other/online/imgs/e83ae2e4213d44ccab7c2c3786d75138.jpg
-29.369308471679688,-35.558109283447266,0.0,deepfake,0,1,1,1,Deepfake-Real,/mnt/public/public_datasets/OpenMMSecV2/Deepfake/Real/CelebDF-v2/31b1975646d44c8fbf17486cfc185cfa.png
32.815826416015625,-4.923008918762207,0.0,Doc,1,3,2,6,Document-Fake,/mnt/public/public_datasets/OpenMMSecV2/Doc/aigc/textocr/imgs/299ab99bd39d452185b6cbf55e3458ba.jpg
27.429290771484375,16.715343475341797,0.0,AIGC,0,2,1,3,AIGC-Real,/mnt/public/public_datasets/OpenMMSecV2/AIGC/laion/c2f891a43eaf4522b570e905a07552cd.jpg
-17.861591339111328,27.97369384765625,0.0,IMDL,1,4,2,8,IMDL-Fake,/mnt/public/public_datasets/OpenMMSecV2/IMDL/generative/paintbyexample/imgs/bb4e3ff728df4a5785fa24faa871cdb3.png
-20.8758487701416,4.968316555023193,0.0,AIGC,1,2,2,4,AIGC-Fake,/mnt/public/public_datasets/OpenMMSecV2/AIGC/latent_diffusion/systematic/d1ee132d7db54464b1e9cdeaa8cd0c55.jpg
-45.217098236083984,-28.648401260375977,0.0,deepfake,0,1,1,1,Deepfake-Real,/mnt/public/public_datasets/OpenMMSecV2/Deepfake/Real/CelebDF-v2/337360021ce646ce9c4365a28ef5dc99.png
-31.642858505249023,-25.115861892700195,0.0,deepfake,1,1,2,2,Deepfake-Fake,/mnt/public/public_datasets/OpenMMSecV2/Deepfake/Fake/FaceSwap/BlendFace/4131ec3f63264680936be0346846c884.png
-16.427656173706055,16.135086059570312,0.0,IMDL,1,4,2,8,IMDL-Fake,/mnt/public/public_datasets/OpenMMSecV2/IMDL/generative/paintbyexample/imgs/934e048561c6469daa648ba993b47b82.jpg
-41.933502197265625,7.612014293670654,0.0,deepfake,1,1,2,2,Deepfake-Fake,/mnt/public/public_datasets/OpenMMSecV2/Deepfake/Fake/EntireFaceSynthesis/SD-2.1/b17bc34af9c24776a0f99a4f88e618f4.png
-10.836064338684082,7.7118377685546875,0.0,IMDL,0,4,1,7,IMDL-Real,/mnt/public/public_datasets/OpenMMSecV2/IMDL/non_generative/manual_ps/imgs/ff4c50f30d8d405ab69a949eba31e1f5.jpg
-57.89115905761719,8.935133934020996,0.0,deepfake,1,1,2,2,Deepfake-Fake,/mnt/public/public_datasets/OpenMMSecV2/Deepfake/Fake/FaceEditing/StarGANv2/f585eaf99ead4883a6141c49afde2d9e.jpg
14.103259086608887,-3.781367778778076,0.0,AIGC,0,2,1,3,AIGC-Real,/mnt/public/public_datasets/OpenMMSecV2/AIGC/other/online/imgs/56dc1c6e15c442e2a4c7eb41681324ab.jpg
39.96878433227539,-9.100189208984375,0.0,Doc,0,3,1,5,Document-Real,/mnt/public/public_datasets/OpenMMSecV2/Doc/Real/c3b0df96162a46adb19837114b889d26.jpg
12.843334197998047,2.5205793380737305,0.0,IMDL,1,4,2,8,IMDL-Fake,/mnt/public/public_datasets/OpenMMSecV2/IMDL/non_generative/manual_ps/imgs/9980e9d031db4f409cdcfe1ac8123007.jpg
-40.76173400878906,12.851245880126953,0.0,deepfake,1,1,2,2,Deepfake-Fake,/mnt/public/public_datasets/OpenMMSecV2/Deepfake/Fake/EntireFaceSynthesis/StyleGAN3/c9a7a38ffade4815b04952b0a7aa90a4.png
29.30084228515625,17.7722225189209,0.0,AIGC,0,2,1,3,AIGC-Real,/mnt/public/public_datasets/OpenMMSecV2/AIGC/laion/fc54963cad094e408706aa963efd9441.jpg
-41.64314651489258,-37.20365524291992,0.0,deepfake,0,1,1,1,Deepfake-Real,/mnt/public/public_datasets/OpenMMSecV2/Deepfake/Real/FF++/5645355f4d154e80a62030890dd13a59.png
26.18262481689453,18.133852005004883,0.0,AIGC,0,2,1,3,AIGC-Real,/mnt/public/public_datasets/OpenMMSecV2/AIGC/laion/ac3bded121084563a01552985ac681b1.jpg
-38.86093521118164,-31.780376434326172,0.0,deepfake,0,1,1,1,Deepfake-Real,/mnt/public/public_datasets/OpenMMSecV2/Deepfake/Real/DFD/2464e9e3bd0b41069ff55119ecbc563c.png
-44.51274108886719,-22.49739646911621,0.0,deepfake,1,1,2,2,Deepfake-Fake,/mnt/public/public_datasets/OpenMMSecV2/Deepfake/Fake/FaceSwap/InSwapper/f062266de2cf4b4eb1054fbb286f66c9.png
4.778392791748047,20.61873435974121,0.0,AIGC,1,2,2,4,AIGC-Fake,/mnt/public/public_datasets/OpenMMSecV2/AIGC/other/online/imgs/f21bb859ad0f4eec8f3669ea73d96704.jpg
-0.979977011680603,-36.1353759765625,0.0,Doc,0,3,1,5,Document-Real,/mnt/public/public_datasets/OpenMMSecV2/Doc/Real/814ed3cd663b4b31a7f2879fd647e967.jpg
41.2940788269043,38.29737091064453,0.0,Doc,0,3,1,5,Document-Real,/mnt/public/public_datasets/OpenMMSecV2/Doc/Real/fdfbd8e3573c4dd3a6378d9f167fd2e6.jpg
37.09967041015625,-12.72312068939209,0.0,Doc,0,3,1,5,Document-Real,/mnt/public/public_datasets/OpenMMSecV2/Doc/Real/b7fd232ebe524469bd5d3bbf2bf5f4ee.jpg
18.3275089263916,-30.49150276184082,0.0,AIGC,0,2,1,3,AIGC-Real,/mnt/public/public_datasets/OpenMMSecV2/AIGC/laion/31f9d7a61ba24a1f908610b4267c7ea9.jpg
37.27217483520508,-24.308879852294922,0.0,Doc,0,3,1,5,Document-Real,/mnt/public/public_datasets/OpenMMSecV2/Doc/aigc/derend/imgs/c985d9d397304816a9b00074f411a826.jpg
-49.77555465698242,7.891900539398193,0.0,AIGC,1,2,2,4,AIGC-Fake,/mnt/public/public_datasets/OpenMMSecV2/AIGC/autoregressive_model/tamingtransformers/e7767e1a597041ba8525052a1878ba3a.jpg
33.5418586730957,18.11913299560547,0.0,AIGC,0,2,1,3,AIGC-Real,/mnt/public/public_datasets/OpenMMSecV2/AIGC/laion/f0d88c1206d6409cb8da59a6ef6c35a5.jpg
15.865653038024902,-35.13349151611328,0.0,IMDL,0,4,1,7,IMDL-Real,/mnt/public/public_datasets/OpenMMSecV2/IMDL/generative/coco/imgs/747fb176ea1040af86dad1d218867b14.jpg
10.691187858581543,-32.43702697753906,0.0,IMDL,0,4,1,7,IMDL-Real,/mnt/public/public_datasets/OpenMMSecV2/IMDL/generative/coco/imgs/c23fd36e8bd844a887953a3e3dfb1752.jpg
-28.199434280395508,-45.868160247802734,0.0,deepfake,0,1,1,1,Deepfake-Real,/mnt/public/public_datasets/OpenMMSecV2/Deepfake/Real/CelebDF-v2/9d394ba068c7468ca5d48f8596ef56b6.png
25.804346084594727,-29.115127563476562,0.0,Doc,0,3,1,5,Document-Real,/mnt/public/public_datasets/OpenMMSecV2/Doc/Real/fa2e7bcbaa6e4cf3a66a8c83b2278054.jpg
16.631704330444336,8.161491394042969,0.0,AIGC,0,2,1,3,AIGC-Real,/mnt/public/public_datasets/OpenMMSecV2/AIGC/laion/ae1b44f72ec54584928f940ef6cc2c72.jpg
-49.12065505981445,-21.84248161315918,0.0,deepfake,1,1,2,2,Deepfake-Fake,/mnt/public/public_datasets/OpenMMSecV2/Deepfake/Fake/FaceSwap/FaceDancer/b9a61e91f1a04c37978bb10d0b3ba328.png
7.510162353515625,-27.06474494934082,0.0,IMDL,0,4,1,7,IMDL-Real,/mnt/public/public_datasets/OpenMMSecV2/IMDL/generative/flux_1/imgs/baac6178547c4c669dba49fa9e3e9392.png
-51.812618255615234,-1.6673564910888672,0.0,deepfake,1,1,2,2,Deepfake-Fake,/mnt/public/public_datasets/OpenMMSecV2/Deepfake/Fake/FaceEditing/StarGAN/57f8711666aa40f8babd7456e0faca9c.jpg
-8.382018089294434,11.912160873413086,0.0,IMDL,1,4,2,8,IMDL-Fake,/mnt/public/public_datasets/OpenMMSecV2/IMDL/non_generative/manual_ps/imgs/0dc49792e96a40b180ca4d6cd6f4c83c.jpg
7.615079879760742,-11.188424110412598,0.0,IMDL,0,4,1,7,IMDL-Real,/mnt/public/public_datasets/OpenMMSecV2/IMDL/generative/coco/imgs/c26ad3b861a24f5b9691adf1bdb7aecd.jpg
-58.395328521728516,-12.067337989807129,0.0,deepfake,1,1,2,2,Deepfake-Fake,/mnt/public/public_datasets/OpenMMSecV2/Deepfake/Fake/FaceReenactment/DaGAN/a4a5989066ba46dbbe6059b04f77fba0.png
32.230587005615234,12.064273834228516,0.0,AIGC,0,2,1,3,AIGC-Real,/mnt/public/public_datasets/OpenMMSecV2/AIGC/laion/42f567bc22c24e969aceae076748371d.jpg
9.220584869384766,55.58063888549805,0.0,Doc,1,3,2,6,Document-Fake,/mnt/public/public_datasets/OpenMMSecV2/Doc/non_aigc/cpmv/imgs/a48870d5d2f741bdbd251a81c40d5ec6.jpg
-21.731067657470703,-30.34810447692871,0.0,deepfake,0,1,1,1,Deepfake-Real,/mnt/public/public_datasets/OpenMMSecV2/Deepfake/Real/DFD/8aa1aa07adae431898587a0083ba7da7.png
-5.516496181488037,12.570435523986816,0.0,IMDL,1,4,2,8,IMDL-Fake,/mnt/public/public_datasets/OpenMMSecV2/IMDL/non_generative/manual_ps/imgs/207d3d19fbb34a13aea89b00190dba4f.jpg
-15.202589988708496,-14.872116088867188,0.0,deepfake,0,1,1,1,Deepfake-Real,/mnt/public/public_datasets/OpenMMSecV2/Deepfake/Real/FFHQ/ef9a87f3f6a344fd94336250f326b92c.jpeg
-16.767229080200195,7.874660968780518,0.0,AIGC,1,2,2,4,AIGC-Fake,/mnt/public/public_datasets/OpenMMSecV2/AIGC/commercial/wukong/imgs/c52e489f3d9b4567b7acfbf4053ca977.png
7.257620811462402,0.24899718165397644,0.0,AIGC,0,2,1,3,AIGC-Real,/mnt/public/public_datasets/OpenMMSecV2/AIGC/other/online/imgs/7a319f9c02c643378ee1dd6a192c3eb7.jpg
12.428964614868164,-30.515117645263672,0.0,IMDL,0,4,1,7,IMDL-Real,/mnt/public/public_datasets/OpenMMSecV2/IMDL/generative/coco/imgs/f70e1a01ba0c47ee8ac5ebc5ea1760e9.jpg
-0.7423809766769409,-20.7985897064209,0.0,IMDL,0,4,1,7,IMDL-Real,/mnt/public/public_datasets/OpenMMSecV2/IMDL/generative/flux_1/imgs/684592103e6f4049814a8712d821cf91.png
7.766942977905273,-25.249441146850586,0.0,IMDL,0,4,1,7,IMDL-Real,/mnt/public/public_datasets/OpenMMSecV2/IMDL/generative/coco/imgs/14c35a71f5cf48d5adc98e24fb923379.jpg
1.3246387243270874,-8.907370567321777,0.0,IMDL,1,4,2,8,IMDL-Fake,/mnt/public/public_datasets/OpenMMSecV2/IMDL/non_generative/manual_ps/imgs/2918cca949524b668301b1c458569d94.jpg
28.61412811279297,-17.3671875,0.0,Doc,0,3,1,5,Document-Real,/mnt/public/public_datasets/OpenMMSecV2/Doc/Real/2abf23d1b7ff48d59b65dd5c805ce11d.jpg
4.596597671508789,-7.902218341827393,0.0,IMDL,1,4,2,8,IMDL-Fake,/mnt/public/public_datasets/OpenMMSecV2/IMDL/non_generative/manual_ps/imgs/3febbff005374878ae147ef72dcc3e22.jpg
-43.939361572265625,7.793349742889404,0.0,AIGC,1,2,2,4,AIGC-Fake,/mnt/public/public_datasets/OpenMMSecV2/AIGC/autoregressive_model/tamingtransformers/3d25b1fc66a1405d9fbd5445b6174261.jpg
-59.6239013671875,-7.599106788635254,0.0,deepfake,1,1,2,2,Deepfake-Fake,/mnt/public/public_datasets/OpenMMSecV2/Deepfake/Fake/FaceReenactment/MRAA/e572155ad6814e75a2eece5c4c098ef1.png
27.463117599487305,3.8053505420684814,0.0,AIGC,0,2,1,3,AIGC-Real,/mnt/public/public_datasets/OpenMMSecV2/AIGC/laion/788feb6c9e5b48969262274ccf3c7be2.jpg
31.556901931762695,17.31803321838379,0.0,AIGC,0,2,1,3,AIGC-Real,/mnt/public/public_datasets/OpenMMSecV2/AIGC/laion/804351d31b08443896878f62c798dad9.jpg
10.857671737670898,-6.748300075531006,0.0,AIGC,0,2,1,3,AIGC-Real,/mnt/public/public_datasets/OpenMMSecV2/AIGC/laion/b76f6b9d789c494ab2e79e4023cd1014.jpg
-39.607051849365234,-35.54243087768555,0.0,deepfake,0,1,1,1,Deepfake-Real,/mnt/public/public_datasets/OpenMMSecV2/Deepfake/Real/DFD/9ff1c44e21f647de8288a61ae2ce97c3.png
-28.653953552246094,-25.201818466186523,0.0,deepfake,0,1,1,1,Deepfake-Real,/mnt/public/public_datasets/OpenMMSecV2/Deepfake/Real/FFHQ/c1696a63f1e048959f9a5e630796b78b.jpg
2.787748098373413,21.848169326782227,0.0,IMDL,1,4,2,8,IMDL-Fake,/mnt/public/public_datasets/OpenMMSecV2/IMDL/generative/flux_1/imgs/a651d72e847e44dcac015cb8d9572373.png
20.39616584777832,64.33817291259766,0.0,Doc,1,3,2,6,Document-Fake,/mnt/public/public_datasets/OpenMMSecV2/Doc/non_aigc/generation/imgs/bf08fdb68056457ba4e0771f2e28ec3b.jpg
-16.451139450073242,3.1774051189422607,0.0,AIGC,0,2,1,3,AIGC-Real,/mnt/public/public_datasets/OpenMMSecV2/AIGC/other/online/imgs/ceaf12c8779b4ac2858cbd185fddb1b8.jpg
44.95395278930664,39.95241928100586,0.0,Doc,0,3,1,5,Document-Real,/mnt/public/public_datasets/OpenMMSecV2/Doc/Real/c8d61036800240bc8857ec551e9deea8.jpg
32.78351593017578,-24.25437355041504,0.0,Doc,0,3,1,5,Document-Real,/mnt/public/public_datasets/OpenMMSecV2/Doc/Real/fa24d14d26af4a04868fd6ef591845bd.jpg
47.349822998046875,35.317649841308594,0.0,Doc,0,3,1,5,Document-Real,/mnt/public/public_datasets/OpenMMSecV2/Doc/Real/ef056176c9b0435ea7838a6dab8d314e.jpg
5.514472484588623,17.811546325683594,0.0,AIGC,1,2,2,4,AIGC-Fake,/mnt/public/public_datasets/OpenMMSecV2/AIGC/other/online/imgs/46b503d6a34d431e8c6ead63c31f1b00.jpg
-9.188462257385254,10.057816505432129,0.0,IMDL,1,4,2,8,IMDL-Fake,/mnt/public/public_datasets/OpenMMSecV2/IMDL/non_generative/manual_ps/imgs/883c95f1c713439abd492e8e2e287ed0.tif
-59.04341125488281,-11.380615234375,0.0,deepfake,1,1,2,2,Deepfake-Fake,/mnt/public/public_datasets/OpenMMSecV2/Deepfake/Fake/FaceReenactment/DaGAN/d1d2a16ff0014d46b314c459dac12b47.png
-27.88922119140625,-26.06509017944336,0.0,deepfake,0,1,1,1,Deepfake-Real,/mnt/public/public_datasets/OpenMMSecV2/Deepfake/Real/VFHQ/5fcb9850bce644e69a98047605299bfd.png
15.1400728225708,52.99755096435547,0.0,Doc,1,3,2,6,Document-Fake,/mnt/public/public_datasets/OpenMMSecV2/Doc/non_aigc/generation/imgs/205eab65743743bc8ff7c528127f97b4.jpg
40.52421188354492,-11.87514591217041,0.0,Doc,0,3,1,5,Document-Real,/mnt/public/public_datasets/OpenMMSecV2/Doc/Real/cba56288599643cbbfd895e6e9a8ea81.jpg
13.368043899536133,-15.298714637756348,0.0,IMDL,0,4,1,7,IMDL-Real,/mnt/public/public_datasets/OpenMMSecV2/IMDL/generative/stable_diffusion/imgs/f05461359d5e499a9ee135dc82ccbb21.png
45.42237091064453,40.12246322631836,0.0,Doc,1,3,2,6,Document-Fake,/mnt/public/public_datasets/OpenMMSecV2/Doc/non_aigc/cpmv/imgs/67515901fe9147e0a866fd2d4d9834ed.jpg
-28.300806045532227,-42.06993103027344,0.0,deepfake,0,1,1,1,Deepfake-Real,/mnt/public/public_datasets/OpenMMSecV2/Deepfake/Real/FF++/0a5c3639e1b74334909323cfc2022388.png
15.599868774414062,-11.01257610321045,0.0,IMDL,0,4,1,7,IMDL-Real,/mnt/public/public_datasets/OpenMMSecV2/IMDL/non_generative/manual_ps/imgs/f4be7204af3443e9bb5183f24077482d.jpg
28.06410026550293,-5.040371894836426,0.0,AIGC,0,2,1,3,AIGC-Real,/mnt/public/public_datasets/OpenMMSecV2/AIGC/laion/ab87c6699f02400e8593073f5f066071.jpg
-25.372535705566406,9.195350646972656,0.0,AIGC,1,2,2,4,AIGC-Fake,/mnt/public/public_datasets/OpenMMSecV2/AIGC/pixel_diffusion/adm/imgs/2b5047110a224aa9b4a45fb915a93d66.png
-44.12991714477539,-37.75822067260742,0.0,deepfake,0,1,1,1,Deepfake-Real,/mnt/public/public_datasets/OpenMMSecV2/Deepfake/Real/CelebDF-v2/4686b680be5142f288953048b3e435f2.png
9.276732444763184,57.4189338684082,0.0,Doc,1,3,2,6,Document-Fake,/mnt/public/public_datasets/OpenMMSecV2/Doc/non_aigc/cover/imgs/b56427c61fd244e2a45a3fe0b3c7f084.jpg
54.53131866455078,18.803974151611328,0.0,Doc,0,3,1,5,Document-Real,/mnt/public/public_datasets/OpenMMSecV2/Doc/Real/5fbf9b21b3fb4ac3bdfc2556a112daa6.jpg
12.511507034301758,53.02537155151367,0.0,Doc,1,3,2,6,Document-Fake,/mnt/public/public_datasets/OpenMMSecV2/Doc/non_aigc/inpaint/imgs/e3a1f94f7a414274adac5d8fdf20ebf0.jpg
-32.34683609008789,-29.9368953704834,0.0,deepfake,0,1,1,1,Deepfake-Real,/mnt/public/public_datasets/OpenMMSecV2/Deepfake/Real/CelebDF-v2/9b93ceb380c44fb3bd13f7c0132ddc63.png
30.125308990478516,20.25749397277832,0.0,AIGC,0,2,1,3,AIGC-Real,/mnt/public/public_datasets/OpenMMSecV2/AIGC/laion/fc72bd5d34194ca38b3974bd09d10b97.jpg
-27.294771194458008,9.577420234680176,0.0,AIGC,1,2,2,4,AIGC-Fake,/mnt/public/public_datasets/OpenMMSecV2/AIGC/GAN/BigGAN/imgs/89246241c50a4d03936e4dfc6e4d3f4f.png
46.413299560546875,33.08218765258789,0.0,Doc,1,3,2,6,Document-Fake,/mnt/public/public_datasets/OpenMMSecV2/Doc/non_aigc/cpmv/imgs/bed3f71395084d2db0e585c8a99b9843.jpg
-34.78773498535156,-30.41798973083496,0.0,deepfake,0,1,1,1,Deepfake-Real,/mnt/public/public_datasets/OpenMMSecV2/Deepfake/Real/DFD/5f97372267404da3953fa98d1f4f8f7a.png
-21.522396087646484,14.051941871643066,0.0,IMDL,1,4,2,8,IMDL-Fake,/mnt/public/public_datasets/OpenMMSecV2/IMDL/non_generative/manual_ps/imgs/c9fdae05b56242ecb2019bc903e016e6.jpg
37.39247512817383,-21.03900909423828,0.0,Doc,0,3,1,5,Document-Real,/mnt/public/public_datasets/OpenMMSecV2/Doc/Real/50fd1a2fdd8b4ffabe1efead52f6bb35.jpg
-34.076839447021484,-20.96306800842285,0.0,deepfake,0,1,1,1,Deepfake-Real,/mnt/public/public_datasets/OpenMMSecV2/Deepfake/Real/VFHQ/7c4099d5b1d44fec96bd2fee673b327e.png
19.85814666748047,-27.996137619018555,0.0,IMDL,0,4,1,7,IMDL-Real,/mnt/public/public_datasets/OpenMMSecV2/IMDL/generative/coco/imgs/27b6b07692e9453c95b95f74310f7048.jpg
17.97162628173828,-5.3720903396606445,0.0,AIGC,1,2,2,4,AIGC-Fake,/mnt/public/public_datasets/OpenMMSecV2/AIGC/other/online/imgs/31f2d30141d044b7a2fa954d02ae951e.jpg
31.25648307800293,14.829731941223145,0.0,AIGC,0,2,1,3,AIGC-Real,/mnt/public/public_datasets/OpenMMSecV2/AIGC/laion/415da0b8f2f64ce1aa26c6086a9da9f3.jpg
35.22986602783203,-18.96009635925293,0.0,Doc,1,3,2,6,Document-Fake,/mnt/public/public_datasets/OpenMMSecV2/Doc/aigc/textdiff/imgs/903214ae60d445ee8deabcf3b724e145.jpg
19.58027458190918,-4.010407447814941,0.0,AIGC,0,2,1,3,AIGC-Real,/mnt/public/public_datasets/OpenMMSecV2/AIGC/other/online/imgs/ad7dd7d8b56e49fe8349c3cacd98786d.jpg
45.825836181640625,43.1932373046875,0.0,Doc,0,3,1,5,Document-Real,/mnt/public/public_datasets/OpenMMSecV2/Doc/Real/f96ceee11ef94b388e879f95cc4f1d19.jpg
-16.698284149169922,-16.70522689819336,0.0,AIGC,0,2,1,3,AIGC-Real,/mnt/public/public_datasets/OpenMMSecV2/AIGC/laion/a5f0c51a20ec453e920e9ad69601fd46.jpg
-2.83518385887146,24.04303550720215,0.0,AIGC,1,2,2,4,AIGC-Fake,/mnt/public/public_datasets/OpenMMSecV2/AIGC/commercial/firefly/2371cf470d814b14b4132534a61988ee.jpg
-33.332401275634766,-28.26570701599121,0.0,deepfake,0,1,1,1,Deepfake-Real,/mnt/public/public_datasets/OpenMMSecV2/Deepfake/Real/FF++/a1dab2adcafb419eabfd1609b60a8f58.png
30.595308303833008,19.486051559448242,0.0,AIGC,0,2,1,3,AIGC-Real,/mnt/public/public_datasets/OpenMMSecV2/AIGC/laion/e66c17be2d054b55959fb0eac7bf609d.jpg
9.487039566040039,-9.660707473754883,0.0,IMDL,0,4,1,7,IMDL-Real,/mnt/public/public_datasets/OpenMMSecV2/IMDL/generative/stable_diffusion/imgs/c0dc5d904e054711a09320e1dfe73233.png
18.028493881225586,-33.92129135131836,0.0,AIGC,1,2,2,4,AIGC-Fake,/mnt/public/public_datasets/OpenMMSecV2/AIGC/pixel_diffusion/adm/imgs/56d079bd1ba941fdb74d3154645c702b.PNG
-40.392513275146484,-16.619199752807617,0.0,deepfake,0,1,1,1,Deepfake-Real,/mnt/public/public_datasets/OpenMMSecV2/Deepfake/Real/VFHQ/41b3eb8f99584c5b8715e98663100e2e.png
16.170246124267578,54.234947204589844,0.0,Doc,1,3,2,6,Document-Fake,/mnt/public/public_datasets/OpenMMSecV2/Doc/non_aigc/generation/imgs/6b19182d322e4e9989dec3f1db261249.jpg
-29.914762496948242,-32.92625427246094,0.0,deepfake,1,1,2,2,Deepfake-Fake,/mnt/public/public_datasets/OpenMMSecV2/Deepfake/Fake/EntireFaceSynthesis/DiT-XL/0039fb03a12740d6ba4b6e258a727c8c.png
13.785623550415039,-3.0242249965667725,0.0,AIGC,0,2,1,3,AIGC-Real,/mnt/public/public_datasets/OpenMMSecV2/AIGC/laion/35bdd0ee90194f979cf93b9e8f8eff5a.jpg
-28.35470962524414,-32.67779541015625,0.0,deepfake,0,1,1,1,Deepfake-Real,/mnt/public/public_datasets/OpenMMSecV2/Deepfake/Real/CelebDF-v2/6130a0e95e7e48b99f9bdd23852bb7e6.png
-46.35451889038086,-37.274261474609375,0.0,deepfake,0,1,1,1,Deepfake-Real,/mnt/public/public_datasets/OpenMMSecV2/Deepfake/Real/CelebDF-v2/9dca6e3bf8da477e88d32b9680364838.png
-52.597293853759766,9.058802604675293,0.0,deepfake,1,1,2,2,Deepfake-Fake,/mnt/public/public_datasets/OpenMMSecV2/Deepfake/Fake/FaceEditing/e4e/14b82b10d94e434aa31d126bbfd382c2.jpg
28.452436447143555,13.945511817932129,0.0,AIGC,0,2,1,3,AIGC-Real,/mnt/public/public_datasets/OpenMMSecV2/AIGC/laion/7353646c92e44006ba8e7a6b5790f5a1.jpg
13.51304817199707,57.11305618286133,0.0,Doc,1,3,2,6,Document-Fake,/mnt/public/public_datasets/OpenMMSecV2/Doc/non_aigc/inpaint/imgs/5129c4a9032b45059bce5c5719d789af.jpg
-19.672414779663086,-17.934457778930664,0.0,deepfake,0,1,1,1,Deepfake-Real,/mnt/public/public_datasets/OpenMMSecV2/Deepfake/Real/FFHQ/e640dcaf8cee420899b8ba8652f9a1d1.jpeg
-0.9085509181022644,-26.052791595458984,0.0,IMDL,0,4,1,7,IMDL-Real,/mnt/public/public_datasets/OpenMMSecV2/IMDL/generative/stable_diffusion/imgs/410ce06b4d2c4ea08e5a126bd026002b.png
-21.6363582611084,6.065249919891357,0.0,AIGC,0,2,1,3,AIGC-Real,/mnt/public/public_datasets/OpenMMSecV2/AIGC/other/online/imgs/15a421636118451a895064477a2df37f.jpg
3.2748851776123047,20.52385139465332,0.0,AIGC,0,2,1,3,AIGC-Real,/mnt/public/public_datasets/OpenMMSecV2/AIGC/laion/8a3b3dd971d44bc78765276d77eae4d7.jpg
36.795658111572266,-24.395761489868164,0.0,Doc,1,3,2,6,Document-Fake,/mnt/public/public_datasets/OpenMMSecV2/Doc/aigc/derend/imgs/7cfcab2acb1345d883221e2501f8f5b6.jpg
-45.15875244140625,-15.482956886291504,0.0,deepfake,1,1,2,2,Deepfake-Fake,/mnt/public/public_datasets/OpenMMSecV2/Deepfake/Fake/FaceReenactment/LIA/b0e1ef6e7b7840fc80cad3204838fdf7.png
18.558141708374023,21.12877655029297,0.0,AIGC,1,2,2,4,AIGC-Fake,/mnt/public/public_datasets/OpenMMSecV2/AIGC/other/online/imgs/2014d19a59e74034b636903691f8961c.jpg
54.038482666015625,21.34624481201172,0.0,Doc,0,3,1,5,Document-Real,/mnt/public/public_datasets/OpenMMSecV2/Doc/Real/13c143f99e3f466fbe975d1584aac0b5.jpg
30.872304916381836,-25.412473678588867,0.0,Doc,0,3,1,5,Document-Real,/mnt/public/public_datasets/OpenMMSecV2/Doc/Real/2058be2252944b75af8c08b63dc242ec.jpg
-12.361310958862305,13.193700790405273,0.0,deepfake,1,1,2,2,Deepfake-Fake,/mnt/public/public_datasets/OpenMMSecV2/Deepfake/Fake/FaceSwap/Unknow_FS/43c1870265cd4e34abf1e11188309b9f.png
31.70184898376465,13.183040618896484,0.0,AIGC,0,2,1,3,AIGC-Real,/mnt/public/public_datasets/OpenMMSecV2/AIGC/laion/35390d8fef8745fb97b1f736f9435b19.jpg
-57.05461502075195,5.786195278167725,0.0,deepfake,1,1,2,2,Deepfake-Fake,/mnt/public/public_datasets/OpenMMSecV2/Deepfake/Fake/FaceEditing/StarGANv2/65b997166bf34a8e86b9115b59dd662c.jpg
17.821392059326172,-31.135601043701172,0.0,IMDL,0,4,1,7,IMDL-Real,/mnt/public/public_datasets/OpenMMSecV2/IMDL/generative/stable_diffusion/imgs/867d82048fa24050a17caab94f4c2beb.png
9.627422332763672,-33.20205307006836,0.0,IMDL,0,4,1,7,IMDL-Real,/mnt/public/public_datasets/OpenMMSecV2/IMDL/generative/stable_diffusion/imgs/e24a1e3469a5413e953e1777946f6b33.png
0.7313109040260315,-1.1158798933029175,0.0,IMDL,1,4,2,8,IMDL-Fake,/mnt/public/public_datasets/OpenMMSecV2/IMDL/non_generative/manual_ps/imgs/1d8e4478f925447fa276243beea14d81.tif
-9.82457160949707,12.610034942626953,0.0,IMDL,1,4,2,8,IMDL-Fake,/mnt/public/public_datasets/OpenMMSecV2/IMDL/non_generative/manual_ps/imgs/9058ae813d044d2ca2319113ac29b533.tif
31.957929611206055,1.2290765047073364,0.0,Doc,1,3,2,6,Document-Fake,/mnt/public/public_datasets/OpenMMSecV2/Doc/aigc/textocr/imgs/9310fddb970b4a6bbfdd4672a7ea30c7.jpg
48.10836410522461,30.698423385620117,0.0,Doc,0,3,1,5,Document-Real,/mnt/public/public_datasets/OpenMMSecV2/Doc/Real/71140da2239e457e8fe0bb9f90b0c530.jpg
-53.84120559692383,-0.5229064226150513,0.0,deepfake,1,1,2,2,Deepfake-Fake,/mnt/public/public_datasets/OpenMMSecV2/Deepfake/Fake/FaceEditing/StarGAN/abe8539dfebe4c4c8f114aa2ad40a1f7.jpg
-37.027984619140625,-34.432247161865234,0.0,deepfake,0,1,1,1,Deepfake-Real,/mnt/public/public_datasets/OpenMMSecV2/Deepfake/Real/FF++/8775b83657194ccdb7ef82d6c1f164e1.png
-16.5628604888916,16.62344741821289,0.0,IMDL,1,4,2,8,IMDL-Fake,/mnt/public/public_datasets/OpenMMSecV2/IMDL/generative/stable_diffusion/imgs/3e709ad5fa414fb49407e7b9b380b554.jpg
0.8906928896903992,-40.28852844238281,0.0,IMDL,1,4,2,8,IMDL-Fake,/mnt/public/public_datasets/OpenMMSecV2/IMDL/generative/paintbyexample/imgs/b53dbde79a724957ac3a933eda313187.png
35.94663619995117,-14.942094802856445,0.0,Doc,0,3,1,5,Document-Real,/mnt/public/public_datasets/OpenMMSecV2/Doc/Real/b9e46387aebb4c9f8ecf5174c3c83655.jpg
-44.34617233276367,-36.62324523925781,0.0,deepfake,0,1,1,1,Deepfake-Real,/mnt/public/public_datasets/OpenMMSecV2/Deepfake/Real/CelebDF-v2/26bbe16397134977bd41bd352c32bdbc.png
13.455279350280762,0.4798796772956848,0.0,AIGC,0,2,1,3,AIGC-Real,/mnt/public/public_datasets/OpenMMSecV2/AIGC/pixel_diffusion/glide/imgs/7c08b50ee6244fa696d9d3a100b71de7.JPEG
-15.76600456237793,15.263164520263672,0.0,IMDL,1,4,2,8,IMDL-Fake,/mnt/public/public_datasets/OpenMMSecV2/IMDL/generative/paintbyexample/imgs/371c9b97d3024b82a69e8f80b582af01.jpg
29.661659240722656,-15.968249320983887,0.0,Doc,1,3,2,6,Document-Fake,/mnt/public/public_datasets/OpenMMSecV2/Doc/aigc/mostel/imgs/299fed92800d43279d3e2abbe9a4d6e6.jpg
-14.508404731750488,-2.8274917602539062,0.0,IMDL,1,4,2,8,IMDL-Fake,/mnt/public/public_datasets/OpenMMSecV2/IMDL/generative/stable_diffusion/imgs/24a66d4b58ac4924b0314bb188a511bc.png
-33.12822723388672,-27.61945152282715,0.0,deepfake,0,1,1,1,Deepfake-Real,/mnt/public/public_datasets/OpenMMSecV2/Deepfake/Real/FF++/be42926034994baf80253304075587f4.png
-41.27300262451172,11.596542358398438,0.0,deepfake,1,1,2,2,Deepfake-Fake,/mnt/public/public_datasets/OpenMMSecV2/Deepfake/Fake/EntireFaceSynthesis/StyleGAN3/b91bfda530aa491692c10cde8121734d.png
18.875471115112305,21.328584671020508,0.0,AIGC,1,2,2,4,AIGC-Fake,/mnt/public/public_datasets/OpenMMSecV2/AIGC/other/online/imgs/2afbadd05ba745e99388b7f1047a7cf7.jpg
12.210591316223145,-17.850324630737305,0.0,IMDL,0,4,1,7,IMDL-Real,/mnt/public/public_datasets/OpenMMSecV2/IMDL/generative/coco/imgs/421bab0618744ca783869f5023f78926.jpg
36.55619430541992,-22.576868057250977,0.0,Doc,1,3,2,6,Document-Fake,/mnt/public/public_datasets/OpenMMSecV2/Doc/aigc/textdiff/imgs/172c2cd9e5c34d57a73ae4758a54092a.jpg
31.771047592163086,-3.4042153358459473,0.0,AIGC,1,2,2,4,AIGC-Fake,/mnt/public/public_datasets/OpenMMSecV2/AIGC/latent_diffusion/systematic/371e4005d07b4a7987586c9a166e2ef2.jpg
-1.629511833190918,-38.739688873291016,0.0,AIGC,0,2,1,3,AIGC-Real,/mnt/public/public_datasets/OpenMMSecV2/AIGC/laion/3af886a6c318419a8414b89bf1d0292b.jpg
11.841882705688477,-26.7141170501709,0.0,IMDL,0,4,1,7,IMDL-Real,/mnt/public/public_datasets/OpenMMSecV2/IMDL/generative/coco/imgs/548e3946273440c1a653f248ce030c3c.jpg
39.819854736328125,40.00760269165039,0.0,Doc,0,3,1,5,Document-Real,/mnt/public/public_datasets/OpenMMSecV2/Doc/Real/4bfbc0776d2e4dfdb90c3bc99fb89a92.jpg
23.615386962890625,-8.241239547729492,0.0,Doc,0,3,1,5,Document-Real,/mnt/public/public_datasets/OpenMMSecV2/Doc/Real/4524b715726145feb1e21119bc7c6056.jpg
40.470481872558594,40.97884750366211,0.0,Doc,0,3,1,5,Document-Real,/mnt/public/public_datasets/OpenMMSecV2/Doc/Real/96dc813ff19e4216b6a6e2331dc263de.jpg
-48.38848876953125,13.236040115356445,0.0,deepfake,1,1,2,2,Deepfake-Fake,/mnt/public/public_datasets/OpenMMSecV2/Deepfake/Fake/EntireFaceSynthesis/SD-2.1/f36987bbe35b4401a6423bed0df9fda8.png
-14.749835014343262,-12.520866394042969,0.0,AIGC,1,2,2,4,AIGC-Fake,/mnt/public/public_datasets/OpenMMSecV2/AIGC/other/online/imgs/0fc554bf3443408eb23c621aafbc2dea.jpg
34.26314163208008,-26.223560333251953,0.0,Doc,0,3,1,5,Document-Real,/mnt/public/public_datasets/OpenMMSecV2/Doc/Real/ef12643960c74083b5d30c19c0530f20.jpg
26.095684051513672,16.443866729736328,0.0,AIGC,0,2,1,3,AIGC-Real,/mnt/public/public_datasets/OpenMMSecV2/AIGC/laion/cbcd692f8eae4a97adc0bbbfc0eadc39.jpg
19.83591651916504,-7.137710094451904,0.0,AIGC,0,2,1,3,AIGC-Real,/mnt/public/public_datasets/OpenMMSecV2/AIGC/pixel_diffusion/adm/imgs/c092dc0a95604029aea0714a6130f990.JPEG
29.642127990722656,20.56447982788086,0.0,AIGC,0,2,1,3,AIGC-Real,/mnt/public/public_datasets/OpenMMSecV2/AIGC/laion/047720d9bf254dc485524463712a8c21.jpg
-52.44456100463867,8.634774208068848,0.0,deepfake,1,1,2,2,Deepfake-Fake,/mnt/public/public_datasets/OpenMMSecV2/Deepfake/Fake/FaceEditing/e4e/d27bce59f11040c9bdd75ca615140342.jpg
-44.68050765991211,7.818582534790039,0.0,AIGC,1,2,2,4,AIGC-Fake,/mnt/public/public_datasets/OpenMMSecV2/AIGC/autoregressive_model/tamingtransformers/97d6f1eefbc04b29923c1722e4f106f1.jpg
53.38404846191406,20.02608871459961,0.0,Doc,0,3,1,5,Document-Real,/mnt/public/public_datasets/OpenMMSecV2/Doc/Real/738e8c2fb1d74b3cb6edc19a69521f2a.jpg
15.168889045715332,-17.184438705444336,0.0,IMDL,0,4,1,7,IMDL-Real,/mnt/public/public_datasets/OpenMMSecV2/IMDL/generative/coco/imgs/fb685c2739ea4f9296d535eb9148cf84.jpg
12.260149955749512,8.62007999420166,0.0,AIGC,0,2,1,3,AIGC-Real,/mnt/public/public_datasets/OpenMMSecV2/AIGC/other/online/imgs/56f60fdce30344018248a15c47be6f1a.jpg
-38.41255187988281,-25.124135971069336,0.0,deepfake,0,1,1,1,Deepfake-Real,/mnt/public/public_datasets/OpenMMSecV2/Deepfake/Real/CelebDF-v2/75e8625ba0674c6281b8c2fecd84c3a5.png
20.91609001159668,66.05382537841797,0.0,Doc,1,3,2,6,Document-Fake,/mnt/public/public_datasets/OpenMMSecV2/Doc/non_aigc/generation/imgs/2d0e8b6b3ded4e7b8784185376b0bfb9.jpg
3.0622048377990723,4.123424053192139,0.0,AIGC,0,2,1,3,AIGC-Real,/mnt/public/public_datasets/OpenMMSecV2/AIGC/laion/ba4091f4472e453bb3ac774c9dccaa04.jpg
2.783735752105713,-3.9969420433044434,0.0,Doc,0,3,1,5,Document-Real,/mnt/public/public_datasets/OpenMMSecV2/Doc/Real/12ee62e45ed7404f8c9b412c13fa072f.jpg
20.483915328979492,-9.86303424835205,0.0,Doc,0,3,1,5,Document-Real,/mnt/public/public_datasets/OpenMMSecV2/Doc/Real/fd627d108ef34769852b510fee4d780c.jpg
28.568262100219727,-5.043756008148193,0.0,IMDL,0,4,1,7,IMDL-Real,/mnt/public/public_datasets/OpenMMSecV2/IMDL/generative/coco/imgs/76ee04c3a98e450cb6b7f2d5419f065b.jpg
29.858856201171875,8.136828422546387,0.0,AIGC,0,2,1,3,AIGC-Real,/mnt/public/public_datasets/OpenMMSecV2/AIGC/laion/801bc3beb6264524854067bfb033d5d5.jpg
-16.465890884399414,3.3379311561584473,0.0,IMDL,0,4,1,7,IMDL-Real,/mnt/public/public_datasets/OpenMMSecV2/IMDL/generative/stable_diffusion/imgs/0409e98e2c7e42aebcccc941c7b74f9f.png
2.702723503112793,-36.068580627441406,0.0,AIGC,0,2,1,3,AIGC-Real,/mnt/public/public_datasets/OpenMMSecV2/AIGC/laion/2a81edad94b548709390ad556894a758.jpg
-15.88607406616211,-16.90569496154785,0.0,AIGC,1,2,2,4,AIGC-Fake,/mnt/public/public_datasets/OpenMMSecV2/AIGC/other/online/imgs/7463ca0ac72d4a669a6361abe4109968.jpg
10.094552040100098,-10.522055625915527,0.0,IMDL,0,4,1,7,IMDL-Real,/mnt/public/public_datasets/OpenMMSecV2/IMDL/generative/coco/imgs/fcd79bfb2a40489585d99e98b8ae89a5.jpg
-54.12855911254883,-0.9273567199707031,0.0,deepfake,1,1,2,2,Deepfake-Fake,/mnt/public/public_datasets/OpenMMSecV2/Deepfake/Fake/FaceEditing/StarGAN/75ec719a69aa42ed8c08aa9ba07ac662.jpg
15.07371997833252,-19.93849754333496,0.0,IMDL,0,4,1,7,IMDL-Real,/mnt/public/public_datasets/OpenMMSecV2/IMDL/generative/coco/imgs/e39186133a9b4e0eb39f35bdfbf17b7b.jpg
-12.532368659973145,-12.859562873840332,0.0,AIGC,1,2,2,4,AIGC-Fake,/mnt/public/public_datasets/OpenMMSecV2/AIGC/other/online/imgs/dd4941fe311d41c19d02882ba9ecfe07.jpg
31.343523025512695,15.311355590820312,0.0,AIGC,0,2,1,3,AIGC-Real,/mnt/public/public_datasets/OpenMMSecV2/AIGC/laion/6d72974b090842c59e761958371d831e.jpg
-53.369598388671875,-3.902801990509033,0.0,deepfake,1,1,2,2,Deepfake-Fake,/mnt/public/public_datasets/OpenMMSecV2/Deepfake/Fake/EntireFaceSynthesis/DiT-XL/2dc9d635f9b249d592b0ea4d9c6ba739.png
-57.68829345703125,-6.398694038391113,0.0,deepfake,1,1,2,2,Deepfake-Fake,/mnt/public/public_datasets/OpenMMSecV2/Deepfake/Fake/FaceReenactment/MRAA/b96dfa04386f4d139e37b8c94544e068.png
-50.134490966796875,11.51177978515625,0.0,AIGC,1,2,2,4,AIGC-Fake,/mnt/public/public_datasets/OpenMMSecV2/AIGC/GAN/ProjectedGAN/e4ab61a9c5104208b3b66a6c1626d99a.jpg
-39.01971435546875,-40.72383499145508,0.0,deepfake,0,1,1,1,Deepfake-Real,/mnt/public/public_datasets/OpenMMSecV2/Deepfake/Real/FF++/9eb19c45c01440d6b4951628c4764a89.png
-52.09770584106445,8.126463890075684,0.0,deepfake,1,1,2,2,Deepfake-Fake,/mnt/public/public_datasets/OpenMMSecV2/Deepfake/Fake/FaceEditing/e4e/db3a4d77a0ba4b20b2652e0d9fb5cf84.jpg
3.4160983562469482,5.794167518615723,0.0,IMDL,0,4,1,7,IMDL-Real,/mnt/public/public_datasets/OpenMMSecV2/IMDL/non_generative/manual_ps/imgs/aa166da2dfe44027b48a90a3d915b544.jpg
4.273773670196533,18.71902084350586,0.0,AIGC,1,2,2,4,AIGC-Fake,/mnt/public/public_datasets/OpenMMSecV2/AIGC/latent_diffusion/systematic/cef3fad8e66244bdaf2acd279fe5ddae.jpg
7.175217628479004,44.66569137573242,0.0,Doc,0,3,1,5,Document-Real,/mnt/public/public_datasets/OpenMMSecV2/Doc/Real/3c0dafe25866448982802a105435a70c.jpg
28.708295822143555,-20.22755241394043,0.0,Doc,0,3,1,5,Document-Real,/mnt/public/public_datasets/OpenMMSecV2/Doc/Real/4e960fd4183a4ecb8c656106f97c2a2b.jpg
-41.00893020629883,-30.53352928161621,0.0,deepfake,0,1,1,1,Deepfake-Real,/mnt/public/public_datasets/OpenMMSecV2/Deepfake/Real/FF++/ec903f258ca4457084bdd5395778ac8b.png
1.7961889505386353,47.05490493774414,0.0,Doc,0,3,1,5,Document-Real,/mnt/public/public_datasets/OpenMMSecV2/Doc/Real/498eca6e768f40d8a48f60c786cb8ac9.jpg
16.64893341064453,-4.562731742858887,0.0,AIGC,1,2,2,4,AIGC-Fake,/mnt/public/public_datasets/OpenMMSecV2/AIGC/other/online/imgs/06530f46483e4f7fa87a9430c2428650.jpg
-44.73503112792969,-40.879356384277344,0.0,deepfake,0,1,1,1,Deepfake-Real,/mnt/public/public_datasets/OpenMMSecV2/Deepfake/Real/FF++/b09a9d4ab9a74d0fa64a4a07b2c7e1ee.png
33.97868728637695,9.585587501525879,0.0,AIGC,0,2,1,3,AIGC-Real,/mnt/public/public_datasets/OpenMMSecV2/AIGC/laion/736f0f1e5c234f94ba86c4784239bedb.jpg
12.170289993286133,53.424598693847656,0.0,Doc,1,3,2,6,Document-Fake,/mnt/public/public_datasets/OpenMMSecV2/Doc/non_aigc/inpaint/imgs/67f1205d98194f6f9fb3fca36aa2ec8f.jpg
24.516794204711914,62.52317428588867,0.0,Doc,1,3,2,6,Document-Fake,/mnt/public/public_datasets/OpenMMSecV2/Doc/non_aigc/generation/imgs/a45b53c561da4c0485b14131ceded494.jpg
-46.60129928588867,-38.2108154296875,0.0,deepfake,1,1,2,2,Deepfake-Fake,/mnt/public/public_datasets/OpenMMSecV2/Deepfake/Fake/FaceSwap/InSwapper/d01ba29c063c4d03b294308b36059849.png
-27.223892211914062,-33.06665802001953,0.0,deepfake,0,1,1,1,Deepfake-Real,/mnt/public/public_datasets/OpenMMSecV2/Deepfake/Real/VFHQ/7c521ddd3a494c489a261bae0348d28d.png
-21.256410598754883,10.617276191711426,0.0,AIGC,1,2,2,4,AIGC-Fake,/mnt/public/public_datasets/OpenMMSecV2/AIGC/pixel_diffusion/adm/imgs/3b1fe5f32e7a45ccaa2f13f7cec22e5d.PNG
54.45700454711914,23.35108757019043,0.0,Doc,0,3,1,5,Document-Real,/mnt/public/public_datasets/OpenMMSecV2/Doc/Real/1058f423c69e4efe80c7ba1e3f9fbe44.jpg
-38.840721130371094,-34.673606872558594,0.0,deepfake,0,1,1,1,Deepfake-Real,/mnt/public/public_datasets/OpenMMSecV2/Deepfake/Real/DFD/9e9a4c57bb19440a95e107b3fc07a9a6.png
-42.25241470336914,12.258672714233398,0.0,deepfake,1,1,2,2,Deepfake-Fake,/mnt/public/public_datasets/OpenMMSecV2/Deepfake/Fake/EntireFaceSynthesis/StyleGAN2/bf721d45fc914c98bb1494cdcb9a2cdc.png
8.4895601272583,-34.22845458984375,0.0,IMDL,1,4,2,8,IMDL-Fake,/mnt/public/public_datasets/OpenMMSecV2/IMDL/generative/stable_diffusion/imgs/3be6d982d3774079987e2042066d50bb.png
6.504227161407471,-36.15958786010742,0.0,IMDL,0,4,1,7,IMDL-Real,/mnt/public/public_datasets/OpenMMSecV2/IMDL/generative/coco/imgs/cbdef504e8194b34951aedb2ac4e7c29.jpg
35.18940353393555,-12.706265449523926,0.0,Doc,1,3,2,6,Document-Fake,/mnt/public/public_datasets/OpenMMSecV2/Doc/aigc/mostel/imgs/90a17da204c14542a8184db1db1cb59e.jpg
-34.5848274230957,-18.85948371887207,0.0,deepfake,0,1,1,1,Deepfake-Real,/mnt/public/public_datasets/OpenMMSecV2/Deepfake/Real/FF++/97aa3234d6b5409eb515050870a6b977.png
32.218544006347656,8.014845848083496,0.0,AIGC,0,2,1,3,AIGC-Real,/mnt/public/public_datasets/OpenMMSecV2/AIGC/laion/fade832467a94d0db272ae0d98754054.jpg
-0.7747216820716858,15.97681713104248,0.0,IMDL,1,4,2,8,IMDL-Fake,/mnt/public/public_datasets/OpenMMSecV2/IMDL/generative/flux_1/imgs/c78756577e484c23bcf02b01e7a6a454.png
-34.088714599609375,-25.102928161621094,0.0,deepfake,0,1,1,1,Deepfake-Real,/mnt/public/public_datasets/OpenMMSecV2/Deepfake/Real/FF++/f6063532fbf047aba408cfe1e99e98bc.png
-0.5493475794792175,-39.718502044677734,0.0,IMDL,0,4,1,7,IMDL-Real,/mnt/public/public_datasets/OpenMMSecV2/IMDL/generative/coco/imgs/7360d8f182084d049143fbd7b38abf80.jpg
-31.70968246459961,-31.056678771972656,0.0,deepfake,0,1,1,1,Deepfake-Real,/mnt/public/public_datasets/OpenMMSecV2/Deepfake/Real/CelebDF-v2/b9879846b6294588b43ec17324c443ec.png
-25.86198616027832,-44.04887008666992,0.0,deepfake,0,1,1,1,Deepfake-Real,/mnt/public/public_datasets/OpenMMSecV2/Deepfake/Real/FF++/166b306911db4881ae6da7d5b5e69fbd.png
-47.869285583496094,-19.730587005615234,0.0,deepfake,0,1,1,1,Deepfake-Real,/mnt/public/public_datasets/OpenMMSecV2/Deepfake/Real/CelebDF-v2/bcda903b8f494f35be4637198ba200a3.png
23.861976623535156,55.21152114868164,0.0,Doc,1,3,2,6,Document-Fake,/mnt/public/public_datasets/OpenMMSecV2/Doc/non_aigc/copy-move/imgs/ad6c900227ad477aa711b024f06d101e.jpg
31.066843032836914,20.631935119628906,0.0,AIGC,0,2,1,3,AIGC-Real,/mnt/public/public_datasets/OpenMMSecV2/AIGC/laion/ef032bd06c33488790a75a5fac8c63e9.jpg
23.644994735717773,53.72116470336914,0.0,Doc,1,3,2,6,Document-Fake,/mnt/public/public_datasets/OpenMMSecV2/Doc/non_aigc/generation/imgs/01de85945c7647b6a4ae0cea7b7aa1bd.jpg
7.855072021484375,-2.2441444396972656,0.0,IMDL,1,4,2,8,IMDL-Fake,/mnt/public/public_datasets/OpenMMSecV2/IMDL/generative/stable_diffusion/imgs/9e6f822b73dd431c820b16655c56dbfb.png
-8.362778663635254,9.243786811828613,0.0,IMDL,1,4,2,8,IMDL-Fake,/mnt/public/public_datasets/OpenMMSecV2/IMDL/non_generative/manual_ps/imgs/3dee43a994c448989f3a83f3089dd3c9.jpg
-40.126808166503906,-27.61651039123535,0.0,deepfake,0,1,1,1,Deepfake-Real,/mnt/public/public_datasets/OpenMMSecV2/Deepfake/Real/CelebDF-v2/ef76c7a100574899a3e499ae0fc950af.png
-53.52389907836914,10.580456733703613,0.0,AIGC,1,2,2,4,AIGC-Fake,/mnt/public/public_datasets/OpenMMSecV2/AIGC/autoregressive_model/tamingtransformers/90d1381cec994c38b5b63e823aeb0ef2.jpg
31.376148223876953,20.399085998535156,0.0,AIGC,0,2,1,3,AIGC-Real,/mnt/public/public_datasets/OpenMMSecV2/AIGC/laion/19336031118b480988c497b49bf313c0.jpg
16.187767028808594,50.42103958129883,0.0,Doc,1,3,2,6,Document-Fake,/mnt/public/public_datasets/OpenMMSecV2/Doc/non_aigc/generation/imgs/c608b18a8f94424d90e9a89461f055ec.jpg
3.6304094791412354,-36.57136154174805,0.0,IMDL,0,4,1,7,IMDL-Real,/mnt/public/public_datasets/OpenMMSecV2/IMDL/generative/flux_1/imgs/114bef7321aa42daa046cc5cb906f5b3.png
12.701972961425781,-18.868789672851562,0.0,IMDL,0,4,1,7,IMDL-Real,/mnt/public/public_datasets/OpenMMSecV2/IMDL/generative/stable_diffusion/imgs/f1bcba0f735647e2a209aea9d206ef81.png
38.96737289428711,39.906578063964844,0.0,Doc,0,3,1,5,Document-Real,/mnt/public/public_datasets/OpenMMSecV2/Doc/Real/65a738ff9b224606af6dfa052cfd8085.jpg
20.61196517944336,2.9828100204467773,0.0,AIGC,0,2,1,3,AIGC-Real,/mnt/public/public_datasets/OpenMMSecV2/AIGC/laion/340aa2cb49e94833b275fd7e5bc7ed01.jpg
33.307655334472656,-18.813858032226562,0.0,Doc,0,3,1,5,Document-Real,/mnt/public/public_datasets/OpenMMSecV2/Doc/Real/797f025ee8e44404b54f06e8b33fb72f.jpg
1.1398303508758545,-22.95937728881836,0.0,IMDL,0,4,1,7,IMDL-Real,/mnt/public/public_datasets/OpenMMSecV2/IMDL/generative/flux_1/imgs/885fe7f5e9754afc9fbced206ae2898c.png
-17.6976375579834,23.76981544494629,0.0,IMDL,1,4,2,8,IMDL-Fake,/mnt/public/public_datasets/OpenMMSecV2/IMDL/generative/paintbyexample/imgs/d448bfe99bb344deb2d1029f1ec909af.tiff
-30.053373336791992,-42.298683166503906,0.0,deepfake,0,1,1,1,Deepfake-Real,/mnt/public/public_datasets/OpenMMSecV2/Deepfake/Real/FF++/ba14dae8a3b44e07bc34cd036e620c0a.png
55.215660095214844,21.532392501831055,0.0,Doc,0,3,1,5,Document-Real,/mnt/public/public_datasets/OpenMMSecV2/Doc/Real/767efbc67f114c73a9274eff43509162.jpg
22.999778747558594,-16.77370834350586,0.0,Doc,0,3,1,5,Document-Real,/mnt/public/public_datasets/OpenMMSecV2/Doc/Real/32125b105a8c46a5a3f2d854529b2f81.jpg
-46.77302932739258,4.610323429107666,0.0,AIGC,1,2,2,4,AIGC-Fake,/mnt/public/public_datasets/OpenMMSecV2/AIGC/autoregressive_model/tamingtransformers/d691bfaae04f41b2845dee415e443d31.jpg
43.93563461303711,41.65788269042969,0.0,Doc,0,3,1,5,Document-Real,/mnt/public/public_datasets/OpenMMSecV2/Doc/Real/0fbbe051b5364801828bbbbdf92fe324.jpg
48.06053161621094,41.446441650390625,0.0,Doc,0,3,1,5,Document-Real,/mnt/public/public_datasets/OpenMMSecV2/Doc/Real/f6221b96017546d787ca64a8fde5c61b.jpg
-24.50385093688965,7.989904880523682,0.0,AIGC,1,2,2,4,AIGC-Fake,/mnt/public/public_datasets/OpenMMSecV2/AIGC/latent_diffusion/systematic/12518653ae614d30a0c7c48873658080.jpg
1.5117703676223755,-25.08024024963379,0.0,IMDL,0,4,1,7,IMDL-Real,/mnt/public/public_datasets/OpenMMSecV2/IMDL/generative/stable_diffusion/imgs/216b7a65520b408d9649e280d2e0cc12.png
52.88446044921875,18.669816970825195,0.0,Doc,0,3,1,5,Document-Real,/mnt/public/public_datasets/OpenMMSecV2/Doc/Real/153e31dda1574c3dbe22b4173f83fc50.jpg
24.86465072631836,0.2637527585029602,0.0,AIGC,0,2,1,3,AIGC-Real,/mnt/public/public_datasets/OpenMMSecV2/AIGC/laion/b00e2c5417764ab681d6fe4b1e5ff1b1.jpg
52.62324142456055,20.05595588684082,0.0,Doc,0,3,1,5,Document-Real,/mnt/public/public_datasets/OpenMMSecV2/Doc/Real/4f5a78817c82447b8caff2c40a8c48f0.jpg
-18.710506439208984,6.2568769454956055,0.0,IMDL,1,4,2,8,IMDL-Fake,/mnt/public/public_datasets/OpenMMSecV2/IMDL/non_generative/manual_ps/imgs/e2c60e859eb245ce8c389bad5ce55370.jpg
-39.66704177856445,-38.178306579589844,0.0,deepfake,0,1,1,1,Deepfake-Real,/mnt/public/public_datasets/OpenMMSecV2/Deepfake/Real/FF++/982e6603a937431ab6cbe9072fac758f.png
-56.413002014160156,-13.395424842834473,0.0,deepfake,1,1,2,2,Deepfake-Fake,/mnt/public/public_datasets/OpenMMSecV2/Deepfake/Fake/FaceReenactment/HyperReenact/bbb542f25af444739b6aae9bc3cb0020.png
-42.783782958984375,-15.30378246307373,0.0,deepfake,1,1,2,2,Deepfake-Fake,/mnt/public/public_datasets/OpenMMSecV2/Deepfake/Fake/FaceSwap/UniFace/de7369094f0c4ae29ee4b6bf1531f062.png
11.739081382751465,-9.621953964233398,0.0,AIGC,0,2,1,3,AIGC-Real,/mnt/public/public_datasets/OpenMMSecV2/AIGC/GAN/BigGAN/imgs/bd07a22f764b4d8fb3af7277b35a595d.JPEG
2.7132725715637207,47.96818161010742,0.0,Doc,1,3,2,6,Document-Fake,/mnt/public/public_datasets/OpenMMSecV2/Doc/non_aigc/cpmv/imgs/3e569d3dab10402483e3884c53beeee3.jpg
-22.269426345825195,-33.87002182006836,0.0,deepfake,0,1,1,1,Deepfake-Real,/mnt/public/public_datasets/OpenMMSecV2/Deepfake/Real/VFHQ/19da5aaf339b421d9c84efe0a702850e.png
48.75287628173828,29.51134490966797,0.0,Doc,0,3,1,5,Document-Real,/mnt/public/public_datasets/OpenMMSecV2/Doc/Real/05d2890a9b474efcb60af0957ad1bcf8.jpg
2.088146448135376,20.857866287231445,0.0,AIGC,1,2,2,4,AIGC-Fake,/mnt/public/public_datasets/OpenMMSecV2/AIGC/commercial/ideogram/6755e29eb09643dc981d7f63ecefb7d3.jpg
9.830180168151855,-19.792367935180664,0.0,AIGC,1,2,2,4,AIGC-Fake,/mnt/public/public_datasets/OpenMMSecV2/AIGC/GAN/styleGANs/365f4414a7a347469e9c32da94fc3616.jpg
41.855411529541016,40.29047775268555,0.0,Doc,1,3,2,6,Document-Fake,/mnt/public/public_datasets/OpenMMSecV2/Doc/non_aigc/insert/imgs/1f3858bf36df4bc5aea2eba7d5406daa.jpg
-8.608076095581055,0.37074407935142517,0.0,IMDL,1,4,2,8,IMDL-Fake,/mnt/public/public_datasets/OpenMMSecV2/IMDL/non_generative/manual_ps/imgs/0df9bb370d6b45a987e437a21c2b95ee.jpg
48.89760208129883,38.025230407714844,0.0,Doc,1,3,2,6,Document-Fake,/mnt/public/public_datasets/OpenMMSecV2/Doc/non_aigc/cpmv/imgs/b3855b63f1e2482788607690c8e12033.jpg
13.499798774719238,-12.619671821594238,0.0,AIGC,1,2,2,4,AIGC-Fake,/mnt/public/public_datasets/OpenMMSecV2/AIGC/pixel_diffusion/adm/imgs/afcd8bdbd67f49869a9162e35c52caed.png
10.158232688903809,-35.510372161865234,0.0,IMDL,0,4,1,7,IMDL-Real,/mnt/public/public_datasets/OpenMMSecV2/IMDL/generative/coco/imgs/0cd2c2d0a54c4157a8352e7012fe7f87.jpg
27.068025588989258,2.15069317817688,0.0,AIGC,0,2,1,3,AIGC-Real,/mnt/public/public_datasets/OpenMMSecV2/AIGC/pixel_diffusion/glide/imgs/6f85eff4aa5d48579c7e33be7e655a0e.JPEG
8.577960014343262,3.1543691158294678,0.0,IMDL,0,4,1,7,IMDL-Real,/mnt/public/public_datasets/OpenMMSecV2/IMDL/non_generative/manual_ps/imgs/8a15f0cb6cb54953b78d3f2e63b67410.jpg
-15.475322723388672,14.702217102050781,0.0,IMDL,1,4,2,8,IMDL-Fake,/mnt/public/public_datasets/OpenMMSecV2/IMDL/generative/paintbyexample/imgs/2676c9e32b0747e0b89b910dc74eeabb.jpg
-52.70057678222656,3.316636800765991,0.0,deepfake,1,1,2,2,Deepfake-Fake,/mnt/public/public_datasets/OpenMMSecV2/Deepfake/Fake/EntireFaceSynthesis/StyleGAN-XL/d611e8ab9e60494b9cc6b4f9a7e0be12.png
11.82081413269043,-35.093692779541016,0.0,IMDL,0,4,1,7,IMDL-Real,/mnt/public/public_datasets/OpenMMSecV2/IMDL/generative/coco/imgs/c635c29531f3410a80571f6e8824ebd6.jpg
-13.258003234863281,11.179596900939941,0.0,IMDL,0,4,1,7,IMDL-Real,/mnt/public/public_datasets/OpenMMSecV2/IMDL/generative/flux_1/imgs/89e41f13ce3c46018a68bb5f75025986.png
33.75586700439453,1.0596710443496704,0.0,IMDL,1,4,2,8,IMDL-Fake,/mnt/public/public_datasets/OpenMMSecV2/IMDL/non_generative/manual_ps/imgs/2a6f4fc5b7214c70b4e5eb159b5c104e.jpg
52.942569732666016,19.04683494567871,0.0,Doc,0,3,1,5,Document-Real,/mnt/public/public_datasets/OpenMMSecV2/Doc/Real/72ea4fd035374917a5f703530f1eddad.jpg
-44.09050369262695,-23.076658248901367,0.0,deepfake,1,1,2,2,Deepfake-Fake,/mnt/public/public_datasets/OpenMMSecV2/Deepfake/Fake/FaceReenactment/Wav2Lip/4b25435a52eb494c966e1caab2aaaea7.png
16.523996353149414,62.42411804199219,0.0,Doc,1,3,2,6,Document-Fake,/mnt/public/public_datasets/OpenMMSecV2/Doc/non_aigc/generation/imgs/31d955a00b0c477aae34f09824ea2036.jpg
27.278799057006836,-13.950239181518555,0.0,Doc,0,3,1,5,Document-Real,/mnt/public/public_datasets/OpenMMSecV2/Doc/Real/15dba1de0eb64ddda1cba864918aea25.jpg
39.362098693847656,-18.930044174194336,0.0,Doc,0,3,1,5,Document-Real,/mnt/public/public_datasets/OpenMMSecV2/Doc/Real/3cca73e2ed014b858cb1bbb26aea6772.jpg
46.711402893066406,39.98885726928711,0.0,Doc,0,3,1,5,Document-Real,/mnt/public/public_datasets/OpenMMSecV2/Doc/Real/e2f2647366d64ca7adf4c5a68242c397.jpg
-31.400754928588867,-28.964622497558594,0.0,deepfake,0,1,1,1,Deepfake-Real,/mnt/public/public_datasets/OpenMMSecV2/Deepfake/Real/CelebDF-v2/9fd34846d4ec4c3086aa6e6efa168380.png
33.359046936035156,-25.93097686767578,0.0,Doc,0,3,1,5,Document-Real,/mnt/public/public_datasets/OpenMMSecV2/Doc/Real/0ee61759bdf94f89b7a1e816f58b4173.jpg
36.192710876464844,-17.23466682434082,0.0,Doc,0,3,1,5,Document-Real,/mnt/public/public_datasets/OpenMMSecV2/Doc/Real/124e6d1ac9624649b67fdc4367e16874.jpg
-20.057477951049805,25.140737533569336,0.0,IMDL,1,4,2,8,IMDL-Fake,/mnt/public/public_datasets/OpenMMSecV2/IMDL/generative/gan_mat/imgs/9c8bd35623064d51beffc25fb0270403.tiff
-13.85633373260498,12.545368194580078,0.0,IMDL,1,4,2,8,IMDL-Fake,/mnt/public/public_datasets/OpenMMSecV2/IMDL/generative/gan_mat/imgs/4e2c6972bbe94e4088778940a6308d37.png
-0.14241155982017517,-38.40645980834961,0.0,IMDL,0,4,1,7,IMDL-Real,/mnt/public/public_datasets/OpenMMSecV2/IMDL/generative/flux_1/imgs/31c4599834f34ccfb206d09afd1e6fff.png
-41.531211853027344,-38.78236389160156,0.0,deepfake,0,1,1,1,Deepfake-Real,/mnt/public/public_datasets/OpenMMSecV2/Deepfake/Real/FF++/6fa554e10f8e4b2d848b08428d1673eb.png
15.665273666381836,-11.014942169189453,0.0,Doc,0,3,1,5,Document-Real,/mnt/public/public_datasets/OpenMMSecV2/Doc/Real/8df9a44f9d7b4b3585f23f34d3459b2e.jpg
-30.378562927246094,-36.43244552612305,0.0,deepfake,0,1,1,1,Deepfake-Real,/mnt/public/public_datasets/OpenMMSecV2/Deepfake/Real/CelebDF-v2/5944f557459a44d58769931df97c1e84.png
23.093881607055664,-16.676244735717773,0.0,AIGC,0,2,1,3,AIGC-Real,/mnt/public/public_datasets/OpenMMSecV2/AIGC/commercial/wukong/imgs/fad2af735afd41d78036b3e5e6f71c68.JPEG
-13.207147598266602,-14.669794082641602,0.0,AIGC,1,2,2,4,AIGC-Fake,/mnt/public/public_datasets/OpenMMSecV2/AIGC/other/online/imgs/61a6ed94227944adab445961d06eb717.jpg
-30.476619720458984,-42.47621154785156,0.0,deepfake,0,1,1,1,Deepfake-Real,/mnt/public/public_datasets/OpenMMSecV2/Deepfake/Real/FF++/ddf76bf317644f49ace0dc723f78ad74.png
-42.044795989990234,-36.06789016723633,0.0,deepfake,0,1,1,1,Deepfake-Real,/mnt/public/public_datasets/OpenMMSecV2/Deepfake/Real/VFHQ/a0dc6a18e8d243f99f8bf6dcba6500b3.png
-50.28792190551758,6.259937763214111,0.0,deepfake,1,1,2,2,Deepfake-Fake,/mnt/public/public_datasets/OpenMMSecV2/Deepfake/Fake/FaceEditing/e4e/ace655630b764e8c96d2bb5bc63a7037.jpg
-19.23973846435547,26.606882095336914,0.0,IMDL,1,4,2,8,IMDL-Fake,/mnt/public/public_datasets/OpenMMSecV2/IMDL/generative/gan_mat/imgs/3579ef2041bb4224a81a964b88047723.jpg
11.007918357849121,-4.038102626800537,0.0,IMDL,1,4,2,8,IMDL-Fake,/mnt/public/public_datasets/OpenMMSecV2/IMDL/non_generative/manual_ps/imgs/0ab960bb87f34d2398eed36681db12d0.jpg
13.084870338439941,56.39155578613281,0.0,Doc,1,3,2,6,Document-Fake,/mnt/public/public_datasets/OpenMMSecV2/Doc/non_aigc/inpaint/imgs/c31dee03f3894a9d82d3d482e7483afe.jpg
29.091257095336914,20.523954391479492,0.0,AIGC,0,2,1,3,AIGC-Real,/mnt/public/public_datasets/OpenMMSecV2/AIGC/laion/972ad673cb234f2bb465a3dc1f7b897d.jpg
0.03299117833375931,-0.6468328833580017,0.0,AIGC,0,2,1,3,AIGC-Real,/mnt/public/public_datasets/OpenMMSecV2/AIGC/laion/d62d58ffa06b48c280cd920801673bc7.jpg
11.435065269470215,-12.49857234954834,0.0,IMDL,1,4,2,8,IMDL-Fake,/mnt/public/public_datasets/OpenMMSecV2/IMDL/non_generative/manual_ps/imgs/6dfc2d2b2d8c45aca2e7a0a319932b8c.jpg
-17.301815032958984,25.801645278930664,0.0,IMDL,1,4,2,8,IMDL-Fake,/mnt/public/public_datasets/OpenMMSecV2/IMDL/generative/paintbyexample/imgs/6fc02051c8524939a0eb4b172925a1ac.jpg
39.602134704589844,-18.955602645874023,0.0,Doc,0,3,1,5,Document-Real,/mnt/public/public_datasets/OpenMMSecV2/Doc/Real/8bce4f0986384559b996d724776c4ffd.jpg
30.872323989868164,-25.412460327148438,0.0,Doc,1,3,2,6,Document-Fake,/mnt/public/public_datasets/OpenMMSecV2/Doc/aigc/stefann/imgs/ad3e07d83fb3459e84f6c2274a117325.jpg
-31.126358032226562,-26.996984481811523,0.0,deepfake,0,1,1,1,Deepfake-Real,/mnt/public/public_datasets/OpenMMSecV2/Deepfake/Real/CelebDF-v2/5ffaeee67c2241698d8e80d23a265ed5.png
-53.80852508544922,-9.684890747070312,0.0,deepfake,1,1,2,2,Deepfake-Fake,/mnt/public/public_datasets/OpenMMSecV2/Deepfake/Fake/FaceReenactment/MRAA/25542086f1ed4b1a84cae493ad3fa7b2.png
42.41761779785156,-19.109148025512695,0.0,Doc,0,3,1,5,Document-Real,/mnt/public/public_datasets/OpenMMSecV2/Doc/Real/40b0faf9af244ca282d1275a68c162cb.jpg
2.30781888961792,5.523557186126709,0.0,IMDL,1,4,2,8,IMDL-Fake,/mnt/public/public_datasets/OpenMMSecV2/IMDL/non_generative/manual_ps/imgs/6cee179c5db14e87b15051b89d349585.tif
5.025155067443848,-2.46812105178833,0.0,IMDL,1,4,2,8,IMDL-Fake,/mnt/public/public_datasets/OpenMMSecV2/IMDL/generative/flux_1/imgs/cadd92fbcb114ff9ab97506884931a75.png
10.411370277404785,-24.222566604614258,0.0,IMDL,1,4,2,8,IMDL-Fake,/mnt/public/public_datasets/OpenMMSecV2/IMDL/generative/paintbyexample/imgs/cc71652495f24ed0975cc8b0715b1d50.tiff
24.195743560791016,64.4008560180664,0.0,Doc,1,3,2,6,Document-Fake,/mnt/public/public_datasets/OpenMMSecV2/Doc/non_aigc/copy-move/imgs/7f6d89a7df30400c874754e34766deef.jpg
14.479585647583008,-31.82346534729004,0.0,IMDL,0,4,1,7,IMDL-Real,/mnt/public/public_datasets/OpenMMSecV2/IMDL/generative/flux_1/imgs/a0f4a6e12dc145c6a22f19b56ed1fe2d.png
20.637773513793945,-4.070201873779297,0.0,AIGC,0,2,1,3,AIGC-Real,/mnt/public/public_datasets/OpenMMSecV2/AIGC/laion/67afc71de4d440d7a4867ba3a0338228.jpg
-52.71018981933594,3.401428699493408,0.0,deepfake,1,1,2,2,Deepfake-Fake,/mnt/public/public_datasets/OpenMMSecV2/Deepfake/Fake/EntireFaceSynthesis/StyleGAN-XL/0ac7ff7f2db0408a9f38179024b48a6c.png
0.7061536908149719,-26.157596588134766,0.0,IMDL,1,4,2,8,IMDL-Fake,/mnt/public/public_datasets/OpenMMSecV2/IMDL/non_generative/manual_ps/imgs/0bcad5ff14744e789066ed203e7c632d.jpg
-19.50981330871582,23.793813705444336,0.0,IMDL,1,4,2,8,IMDL-Fake,/mnt/public/public_datasets/OpenMMSecV2/IMDL/generative/paintbyexample/imgs/3e2fb18d06a64afbb35608bdac737030.tiff
-14.719375610351562,14.319042205810547,0.0,IMDL,1,4,2,8,IMDL-Fake,/mnt/public/public_datasets/OpenMMSecV2/IMDL/generative/gan_mat/imgs/f6e59215f18d42b4b5de844689825bc4.jpg
34.255550384521484,9.45213508605957,0.0,AIGC,0,2,1,3,AIGC-Real,/mnt/public/public_datasets/OpenMMSecV2/AIGC/laion/c5eb685c3a8347f79267bacc5a4e8767.jpg
17.723920822143555,-0.7633538842201233,0.0,IMDL,1,4,2,8,IMDL-Fake,/mnt/public/public_datasets/OpenMMSecV2/IMDL/non_generative/manual_ps/imgs/4fb761a6f83d411e8a4ba7ac4a3d24c7.tif
15.888230323791504,-6.93968391418457,0.0,IMDL,1,4,2,8,IMDL-Fake,/mnt/public/public_datasets/OpenMMSecV2/IMDL/non_generative/manual_ps/imgs/82f0e5e903da4aefb9bd0bba3284b3c3.jpg
-25.65639877319336,13.584835052490234,0.0,AIGC,1,2,2,4,AIGC-Fake,/mnt/public/public_datasets/OpenMMSecV2/AIGC/pixel_diffusion/guided_diffusion/f6a2abd39fbe438fb08fb596cd02b716.jpg
19.486156463623047,-31.583032608032227,0.0,IMDL,0,4,1,7,IMDL-Real,/mnt/public/public_datasets/OpenMMSecV2/IMDL/generative/stable_diffusion/imgs/456e4a7be68c4788ad5ced45386318c6.png
-3.49426531791687,16.88010597229004,0.0,AIGC,1,2,2,4,AIGC-Fake,/mnt/public/public_datasets/OpenMMSecV2/AIGC/latent_diffusion/systematic/ecc9bd4894c84612a33dd80f1d060aa1.jpg
-11.365540504455566,9.956743240356445,0.0,IMDL,1,4,2,8,IMDL-Fake,/mnt/public/public_datasets/OpenMMSecV2/IMDL/non_generative/manual_ps/imgs/4107057fa45a449d985650ad68642790.jpg
-47.794715881347656,-15.951725959777832,0.0,deepfake,1,1,2,2,Deepfake-Fake,/mnt/public/public_datasets/OpenMMSecV2/Deepfake/Fake/FaceReenactment/LIA/93e72a8013b8405ea36d86a8f81d2d5a.png
26.731992721557617,18.70107078552246,0.0,AIGC,0,2,1,3,AIGC-Real,/mnt/public/public_datasets/OpenMMSecV2/AIGC/laion/5711ee1138364f7e9663b95e719fb65c.jpg
27.75149154663086,20.06000518798828,0.0,AIGC,0,2,1,3,AIGC-Real,/mnt/public/public_datasets/OpenMMSecV2/AIGC/GAN/BigGAN/imgs/bf4b580465ff442ba4a9c49760467529.JPEG
-18.481306076049805,13.542177200317383,0.0,AIGC,1,2,2,4,AIGC-Fake,/mnt/public/public_datasets/OpenMMSecV2/AIGC/GAN/CIPS/1198b3b352ed472e90221597d2a5e071.jpg
-54.203125,9.426521301269531,0.0,AIGC,1,2,2,4,AIGC-Fake,/mnt/public/public_datasets/OpenMMSecV2/AIGC/autoregressive_model/tamingtransformers/6b9c642a63b446a4a121a8988ff73968.jpg
2.9760994911193848,1.9470782279968262,0.0,IMDL,1,4,2,8,IMDL-Fake,/mnt/public/public_datasets/OpenMMSecV2/IMDL/non_generative/manual_ps/imgs/3f78337b63e64b5eae975e03b3ca9965.jpg
-4.9813079833984375,-2.498972177505493,0.0,IMDL,1,4,2,8,IMDL-Fake,/mnt/public/public_datasets/OpenMMSecV2/IMDL/generative/stable_diffusion/imgs/667cd3c6810c409d8a979e3339c836f0.jpg
2.645721435546875,20.75048065185547,0.0,AIGC,1,2,2,4,AIGC-Fake,/mnt/public/public_datasets/OpenMMSecV2/AIGC/commercial/flux/ac5aae2d1f4c413b927751b566424de1.jpg
-8.584514617919922,5.103442192077637,0.0,IMDL,1,4,2,8,IMDL-Fake,/mnt/public/public_datasets/OpenMMSecV2/IMDL/generative/gan_mat/imgs/151868004e9b43eaa58753260036d038.jpg
3.4549334049224854,46.06199264526367,0.0,Doc,0,3,1,5,Document-Real,/mnt/public/public_datasets/OpenMMSecV2/Doc/Real/8aa3ecdcfcdc4b08a374d089de403835.jpg
-21.744220733642578,3.3900949954986572,0.0,AIGC,1,2,2,4,AIGC-Fake,/mnt/public/public_datasets/OpenMMSecV2/AIGC/GAN/styleGANs/49be3a8cecf04b9cbfa1ade721047fb8.jpg
-46.37366485595703,-23.671249389648438,0.0,deepfake,1,1,2,2,Deepfake-Fake,/mnt/public/public_datasets/OpenMMSecV2/Deepfake/Fake/FaceReenactment/MRAA/c86ffccb9c3147cd9cf74ddf36f4d54c.png
-34.906044006347656,-29.84770393371582,0.0,deepfake,0,1,1,1,Deepfake-Real,/mnt/public/public_datasets/OpenMMSecV2/Deepfake/Real/DFD/efe27286fbe54b2cb9c85a7dfb8c1655.png
5.143455505371094,43.494224548339844,0.0,Doc,0,3,1,5,Document-Real,/mnt/public/public_datasets/OpenMMSecV2/Doc/Real/2ac1decf605c42a681f611d301bdd470.jpg
-28.58534049987793,-19.790864944458008,0.0,deepfake,0,1,1,1,Deepfake-Real,/mnt/public/public_datasets/OpenMMSecV2/Deepfake/Real/DFD/70ad8a432caf4e619e6f781914b18ddb.png
-21.29002571105957,14.121747970581055,0.0,IMDL,1,4,2,8,IMDL-Fake,/mnt/public/public_datasets/OpenMMSecV2/IMDL/generative/flux_1/imgs/13fac25c39294136bc27556d13f52cf8.png
40.92591094970703,41.916908264160156,0.0,Doc,1,3,2,6,Document-Fake,/mnt/public/public_datasets/OpenMMSecV2/Doc/non_aigc/cover/imgs/b03d21c1ec094d0cb688a0d3531c4a11.jpg
22.738969802856445,53.34037780761719,0.0,Doc,1,3,2,6,Document-Fake,/mnt/public/public_datasets/OpenMMSecV2/Doc/non_aigc/generation/imgs/b4a9016a441046a59e849ab54fa204d3.jpg
-13.032357215881348,1.9267325401306152,0.0,AIGC,1,2,2,4,AIGC-Fake,/mnt/public/public_datasets/OpenMMSecV2/AIGC/latent_diffusion/systematic/2fe117d3d9af4ef89e926e8fd6f62074.jpg
-1.7229608297348022,-18.396650314331055,0.0,IMDL,0,4,1,7,IMDL-Real,/mnt/public/public_datasets/OpenMMSecV2/IMDL/generative/stable_diffusion/imgs/60fc1dfdd5b147dd8de5dab24423db70.png
-34.33815002441406,-23.201143264770508,0.0,deepfake,0,1,1,1,Deepfake-Real,/mnt/public/public_datasets/OpenMMSecV2/Deepfake/Real/FF++/a4bad6c6af034158ab791ea2b0038d2a.png
-50.8533935546875,-6.9138102531433105,0.0,deepfake,1,1,2,2,Deepfake-Fake,/mnt/public/public_datasets/OpenMMSecV2/Deepfake/Fake/FaceReenactment/LIA/1a0aee70ad654628bbbd698f9819bd30.png
26.87455940246582,17.19920539855957,0.0,AIGC,0,2,1,3,AIGC-Real,/mnt/public/public_datasets/OpenMMSecV2/AIGC/laion/f38bc1c326e34f6e80ffd0557c4283c7.jpg
7.748558521270752,-35.68525314331055,0.0,IMDL,1,4,2,8,IMDL-Fake,/mnt/public/public_datasets/OpenMMSecV2/IMDL/generative/flux_1/imgs/048f68a85ada4f76aa118906b6ba93dd.png
-3.569155216217041,-15.301815032958984,0.0,IMDL,0,4,1,7,IMDL-Real,/mnt/public/public_datasets/OpenMMSecV2/IMDL/generative/flux_1/imgs/11e6c4bd9f3c4250ab28fb8b58e606a2.png
-51.20809555053711,-11.926192283630371,0.0,deepfake,1,1,2,2,Deepfake-Fake,/mnt/public/public_datasets/OpenMMSecV2/Deepfake/Fake/EntireFaceSynthesis/SiT-XL/5a294903078a404594ef898cc3606d9e.png
-12.38487720489502,-2.3260374069213867,0.0,IMDL,1,4,2,8,IMDL-Fake,/mnt/public/public_datasets/OpenMMSecV2/IMDL/generative/stable_diffusion/imgs/cdcf4f3fc50146b185f04665a6520e8f.png
-28.390621185302734,-21.63147735595703,0.0,deepfake,0,1,1,1,Deepfake-Real,/mnt/public/public_datasets/OpenMMSecV2/Deepfake/Real/DFD/0b70f1b3d3364c69afcfb4a7ff60b622.png
-29.752683639526367,-27.433774948120117,0.0,deepfake,0,1,1,1,Deepfake-Real,/mnt/public/public_datasets/OpenMMSecV2/Deepfake/Real/CelebDF-v2/ee7275fd3c704cd6950d108937b240b5.png
15.524520874023438,-20.103118896484375,0.0,IMDL,0,4,1,7,IMDL-Real,/mnt/public/public_datasets/OpenMMSecV2/IMDL/generative/flux_1/imgs/e7955480769b4ca89662cc6d0e5147c5.png
-59.209815979003906,-3.66259765625,0.0,deepfake,1,1,2,2,Deepfake-Fake,/mnt/public/public_datasets/OpenMMSecV2/Deepfake/Fake/FaceSwap/UniFace/e49201a7131642949de49770b4daa930.png
-42.59761428833008,-15.471992492675781,0.0,deepfake,1,1,2,2,Deepfake-Fake,/mnt/public/public_datasets/OpenMMSecV2/Deepfake/Fake/FaceSwap/UniFace/3232454d98414b848dd09ecd4448d964.png
37.895668029785156,-9.564983367919922,0.0,Doc,0,3,1,5,Document-Real,/mnt/public/public_datasets/OpenMMSecV2/Doc/Real/f2628bf40a5f45169b8af726f2fcb387.jpg
-47.93028259277344,5.050388813018799,0.0,deepfake,1,1,2,2,Deepfake-Fake,/mnt/public/public_datasets/OpenMMSecV2/Deepfake/Fake/FaceEditing/e4e/5025434f55474d7a94fbcac9a8271069.jpg
-35.23679733276367,-34.70193862915039,0.0,deepfake,0,1,1,1,Deepfake-Real,/mnt/public/public_datasets/OpenMMSecV2/Deepfake/Real/DFD/e872e9062d7b459b9c1cccbd769d86ab.png
-10.775945663452148,-2.857203245162964,0.0,IMDL,1,4,2,8,IMDL-Fake,/mnt/public/public_datasets/OpenMMSecV2/IMDL/generative/flux_1/imgs/80b68a4b5c024d479154f38edd9b72ad.png
39.41001892089844,-23.604129791259766,0.0,Doc,0,3,1,5,Document-Real,/mnt/public/public_datasets/OpenMMSecV2/Doc/Real/423481b21596435bb397506d85bd59fe.jpg
-29.535015106201172,-41.911399841308594,0.0,deepfake,0,1,1,1,Deepfake-Real,/mnt/public/public_datasets/OpenMMSecV2/Deepfake/Real/FF++/acaf6b37648c4a7798ab8c65fcfc0761.png
4.413094520568848,-4.476330757141113,0.0,IMDL,0,4,1,7,IMDL-Real,/mnt/public/public_datasets/OpenMMSecV2/IMDL/generative/flux_1/imgs/c4a036db5b1743b198f163bbc8ef8ba9.png
1.095042109489441,19.925004959106445,0.0,AIGC,1,2,2,4,AIGC-Fake,/mnt/public/public_datasets/OpenMMSecV2/AIGC/commercial/dalle/d3b1f810a5a64af7b3b1f48c4c75828d.jpg
-43.41755294799805,-39.28327178955078,0.0,deepfake,0,1,1,1,Deepfake-Real,/mnt/public/public_datasets/OpenMMSecV2/Deepfake/Real/CelebDF-v2/99ed4681791b49c1902e767853228728.png
20.86471939086914,-30.224729537963867,0.0,AIGC,0,2,1,3,AIGC-Real,/mnt/public/public_datasets/OpenMMSecV2/AIGC/laion/1fdacea35666461992140d25123a70b1.jpg
38.275264739990234,-22.439453125,0.0,Doc,1,3,2,6,Document-Fake,/mnt/public/public_datasets/OpenMMSecV2/Doc/aigc/udifftext/imgs/0fc32ef802ba46489bf0c59c8a7c2b6d.jpg
3.489429473876953,-16.946794509887695,0.0,IMDL,0,4,1,7,IMDL-Real,/mnt/public/public_datasets/OpenMMSecV2/IMDL/generative/flux_1/imgs/4653fa7994ac44a28bcb11280924f7be.png
-53.71355438232422,7.058161735534668,0.0,AIGC,1,2,2,4,AIGC-Fake,/mnt/public/public_datasets/OpenMMSecV2/AIGC/GAN/styleGANs/1078c21ffc134940b3c890cbad85bae6.jpg
-0.016123218461871147,-5.661774635314941,0.0,IMDL,0,4,1,7,IMDL-Real,/mnt/public/public_datasets/OpenMMSecV2/IMDL/non_generative/manual_ps/imgs/d574b72cb0aa4cdeae504097a36d99da.jpg
-56.49611282348633,4.924911975860596,0.0,deepfake,1,1,2,2,Deepfake-Fake,/mnt/public/public_datasets/OpenMMSecV2/Deepfake/Fake/FaceEditing/StarGAN/063e2d43c4794866bb5761cd98441725.jpg
21.8226261138916,-30.746923446655273,0.0,IMDL,0,4,1,7,IMDL-Real,/mnt/public/public_datasets/OpenMMSecV2/IMDL/generative/coco/imgs/e964d47d191348e181b9f4e08e75bfb4.jpg
-13.21497917175293,6.7216267585754395,0.0,IMDL,1,4,2,8,IMDL-Fake,/mnt/public/public_datasets/OpenMMSecV2/IMDL/non_generative/manual_ps/imgs/73585d589fef49f9ab6f218fb74ef621.jpg
49.092647552490234,28.892702102661133,0.0,Doc,0,3,1,5,Document-Real,/mnt/public/public_datasets/OpenMMSecV2/Doc/Real/a6ae17beed5b47c5b8bd2a8a9a73b4de.jpg
-51.86687469482422,-9.951891899108887,0.0,deepfake,1,1,2,2,Deepfake-Fake,/mnt/public/public_datasets/OpenMMSecV2/Deepfake/Fake/FaceSwap/InSwapper/bfbadef2666946c3b18a54342dfb3901.png
-0.18537122011184692,49.54704284667969,0.0,Doc,0,3,1,5,Document-Real,/mnt/public/public_datasets/OpenMMSecV2/Doc/Real/4194001e10434d62a880cba6539c7e32.jpg
26.437368392944336,17.722978591918945,0.0,AIGC,0,2,1,3,AIGC-Real,/mnt/public/public_datasets/OpenMMSecV2/AIGC/laion/d71f5512d042439aacc60dccfd5b29d6.jpg
6.421123504638672,45.10519790649414,0.0,Doc,0,3,1,5,Document-Real,/mnt/public/public_datasets/OpenMMSecV2/Doc/Real/9f0730ac307e47dcbbd58f3e9e2b7af0.jpg
-15.481742858886719,24.798309326171875,0.0,IMDL,1,4,2,8,IMDL-Fake,/mnt/public/public_datasets/OpenMMSecV2/IMDL/non_generative/manual_ps/imgs/7db0d83e3b2c4301a54289bfb3fbf26f.jpg
-12.748852729797363,-12.627784729003906,0.0,AIGC,1,2,2,4,AIGC-Fake,/mnt/public/public_datasets/OpenMMSecV2/AIGC/other/online/imgs/fff15f3172c14b6384e054f730601f7b.jpg
-41.58863067626953,-28.832883834838867,0.0,deepfake,0,1,1,1,Deepfake-Real,/mnt/public/public_datasets/OpenMMSecV2/Deepfake/Real/FF++/94aeb9f191754469b283d1d200a047f3.png
-20.510225296020508,25.8083553314209,0.0,IMDL,1,4,2,8,IMDL-Fake,/mnt/public/public_datasets/OpenMMSecV2/IMDL/generative/gan_mat/imgs/a16848ccffa848cf873eb7734171bedb.tiff
-29.960906982421875,-30.410171508789062,0.0,deepfake,0,1,1,1,Deepfake-Real,/mnt/public/public_datasets/OpenMMSecV2/Deepfake/Real/CelebDF-v2/925e920e84bf45ea894cf5e9e3e1178a.png
5.987137794494629,22.250629425048828,0.0,AIGC,1,2,2,4,AIGC-Fake,/mnt/public/public_datasets/OpenMMSecV2/AIGC/commercial/imagen/2413c2194cc5494d8be17ff5fe936005.jpg
41.0089111328125,-22.267505645751953,0.0,Doc,0,3,1,5,Document-Real,/mnt/public/public_datasets/OpenMMSecV2/Doc/Real/e65dc752e45a4715a7da0b62636ffd47.jpg
18.820026397705078,-7.930268287658691,0.0,IMDL,0,4,1,7,IMDL-Real,/mnt/public/public_datasets/OpenMMSecV2/IMDL/generative/stable_diffusion/imgs/0771cb79193342f2a1951e7cdc92dfa0.png
31.494705200195312,18.58464813232422,0.0,AIGC,0,2,1,3,AIGC-Real,/mnt/public/public_datasets/OpenMMSecV2/AIGC/laion/e756e13808d749bfbe7bff0389bd8e01.jpg
-20.673025131225586,5.180703639984131,0.0,AIGC,1,2,2,4,AIGC-Fake,/mnt/public/public_datasets/OpenMMSecV2/AIGC/pixel_diffusion/glide/imgs/7f84bc92e96445ee92b45ffe6657ccb2.png
4.444252014160156,17.86185073852539,0.0,IMDL,0,4,1,7,IMDL-Real,/mnt/public/public_datasets/OpenMMSecV2/IMDL/generative/flux_1/imgs/67c824fe2dda43649bbddabfe052c957.png
-3.493781805038452,-25.206151962280273,0.0,IMDL,1,4,2,8,IMDL-Fake,/mnt/public/public_datasets/OpenMMSecV2/IMDL/generative/flux_1/imgs/a8bd4f1eac5e4f27a3218de8128ee421.png
-42.94092559814453,10.665275573730469,0.0,AIGC,1,2,2,4,AIGC-Fake,/mnt/public/public_datasets/OpenMMSecV2/AIGC/GAN/BigGAN/a5748d36a376469d84daa429f72cf23a.jpg
-12.15679931640625,0.8697928786277771,0.0,IMDL,1,4,2,8,IMDL-Fake,/mnt/public/public_datasets/OpenMMSecV2/IMDL/non_generative/manual_ps/imgs/8024b7f0231c4c939fe2b1b33ead672a.jpg
4.671430587768555,-28.607913970947266,0.0,AIGC,1,2,2,4,AIGC-Fake,/mnt/public/public_datasets/OpenMMSecV2/AIGC/GAN/GigaGAN/68ec1596cef54a4080e8bf6a27e95bd3.jpg
-0.5607355833053589,58.60334014892578,0.0,Doc,1,3,2,6,Document-Fake,/mnt/public/public_datasets/OpenMMSecV2/Doc/non_aigc/copy-move/imgs/aedd591e8f8a44c19f5f6157958c85a8.jpg
14.073477745056152,-35.659793853759766,0.0,IMDL,0,4,1,7,IMDL-Real,/mnt/public/public_datasets/OpenMMSecV2/IMDL/generative/stable_diffusion/imgs/6b1530e53c384c259c0a842ccb503ea5.png
32.88890838623047,-23.492647171020508,0.0,Doc,0,3,1,5,Document-Real,/mnt/public/public_datasets/OpenMMSecV2/Doc/Real/e7730663ef29497cbbaea5606ddbd917.jpg
33.28150177001953,-19.02737045288086,0.0,Doc,1,3,2,6,Document-Fake,/mnt/public/public_datasets/OpenMMSecV2/Doc/aigc/derend/imgs/ac1ad5e3672144c4a5edabec17fb8a29.jpg
3.020338535308838,60.380306243896484,0.0,Doc,1,3,2,6,Document-Fake,/mnt/public/public_datasets/OpenMMSecV2/Doc/non_aigc/copy-move/imgs/14e932345301460aad1b658e05b688ba.jpg
24.22447967529297,55.76339340209961,0.0,Doc,1,3,2,6,Document-Fake,/mnt/public/public_datasets/OpenMMSecV2/Doc/non_aigc/copy-move/imgs/ad5d2c2fc6334693b3867a3c4fb291d7.jpg
42.874332427978516,40.688514709472656,0.0,Doc,0,3,1,5,Document-Real,/mnt/public/public_datasets/OpenMMSecV2/Doc/Real/5434b199e6c84353af09e34fb195ed2c.jpg
-43.12492370605469,-26.653907775878906,0.0,deepfake,0,1,1,1,Deepfake-Real,/mnt/public/public_datasets/OpenMMSecV2/Deepfake/Real/CelebDF-v2/88971c312d494aeda9ab7b1566d21401.png
6.981146335601807,-11.793350219726562,0.0,AIGC,1,2,2,4,AIGC-Fake,/mnt/public/public_datasets/OpenMMSecV2/AIGC/pixel_diffusion/guided_diffusion/dcc99c4238fc410f8a7796a08c5c0911.jpg
-17.76961898803711,-2.5402326583862305,0.0,deepfake,0,1,1,1,Deepfake-Real,/mnt/public/public_datasets/OpenMMSecV2/Deepfake/Real/FFHQ/00157b4e26b74a5ead626845bd65d654.jpg
15.756487846374512,3.26963210105896,0.0,AIGC,0,2,1,3,AIGC-Real,/mnt/public/public_datasets/OpenMMSecV2/AIGC/laion/70af93825d7d426a8d7496812f61d3af.jpg
17.485803604125977,-2.4116389751434326,0.0,AIGC,0,2,1,3,AIGC-Real,/mnt/public/public_datasets/OpenMMSecV2/AIGC/laion/23860018a61f46adb3ef96daa46d4f4a.jpg
-29.02920913696289,-42.64194869995117,0.0,deepfake,0,1,1,1,Deepfake-Real,/mnt/public/public_datasets/OpenMMSecV2/Deepfake/Real/UADFV/f9cb254774bf442ba3f64f354616adc9.png
21.360797882080078,7.85913610458374,0.0,AIGC,0,2,1,3,AIGC-Real,/mnt/public/public_datasets/OpenMMSecV2/AIGC/laion/724ce0d79411410bac329efdf7e2fc1f.jpg
9.416525840759277,55.12546920776367,0.0,Doc,0,3,1,5,Document-Real,/mnt/public/public_datasets/OpenMMSecV2/Doc/Real/4efee3a090f4481e94d075b285acf101.jpg
24.036264419555664,-16.326887130737305,0.0,Doc,1,3,2,6,Document-Fake,/mnt/public/public_datasets/OpenMMSecV2/Doc/aigc/derend/imgs/2448696ccd1e45fdb6d7432cfb05d550.jpg
41.016658782958984,38.34221649169922,0.0,Doc,0,3,1,5,Document-Real,/mnt/public/public_datasets/OpenMMSecV2/Doc/Real/725c03739aa14772a2f33247393e5283.jpg
19.52431869506836,55.06713104248047,0.0,Doc,1,3,2,6,Document-Fake,/mnt/public/public_datasets/OpenMMSecV2/Doc/non_aigc/copy-move/imgs/5da91f3dbc8743a5be4367b9c27fa8ea.jpg
-58.65410232543945,-10.352278709411621,0.0,deepfake,1,1,2,2,Deepfake-Fake,/mnt/public/public_datasets/OpenMMSecV2/Deepfake/Fake/FaceReenactment/FS_vid2vid/dfd83157cd1947dab81b64bc0a79a067.png
7.3254780769348145,-14.980803489685059,0.0,IMDL,0,4,1,7,IMDL-Real,/mnt/public/public_datasets/OpenMMSecV2/IMDL/generative/flux_1/imgs/6bde7d5e8d8d4b92b89658c244b6501d.png
-1.4542691707611084,28.22075653076172,0.0,AIGC,1,2,2,4,AIGC-Fake,/mnt/public/public_datasets/OpenMMSecV2/AIGC/latent_diffusion/systematic/feb95eee31c048ccb31e4261ccaf516f.jpg
8.922896385192871,-25.927143096923828,0.0,IMDL,0,4,1,7,IMDL-Real,/mnt/public/public_datasets/OpenMMSecV2/IMDL/generative/coco/imgs/4c2577fe216048f49b37d5e7f4450687.jpg
-51.905818939208984,12.869980812072754,0.0,AIGC,1,2,2,4,AIGC-Fake,/mnt/public/public_datasets/OpenMMSecV2/AIGC/autoregressive_model/tamingtransformers/4450e17979b344aaabf71313b751db5c.jpg
20.531475067138672,-10.916787147521973,0.0,Doc,0,3,1,5,Document-Real,/mnt/public/public_datasets/OpenMMSecV2/Doc/Real/c002820cc82f44bfad7d7f42d85ae5ad.jpg
26.954370498657227,4.057287693023682,0.0,AIGC,0,2,1,3,AIGC-Real,/mnt/public/public_datasets/OpenMMSecV2/AIGC/laion/446a162df18340ccb93c40ca4f23bdb5.jpg
58.01656723022461,21.1153621673584,0.0,Doc,0,3,1,5,Document-Real,/mnt/public/public_datasets/OpenMMSecV2/Doc/Real/8fa23a2b1d354b28956241961dd2f4dd.jpg
3.208252191543579,-24.511014938354492,0.0,IMDL,0,4,1,7,IMDL-Real,/mnt/public/public_datasets/OpenMMSecV2/IMDL/generative/coco/imgs/0c81bd98135e4b9eb114613418f35103.jpg
4.873476982116699,60.95499038696289,0.0,Doc,1,3,2,6,Document-Fake,/mnt/public/public_datasets/OpenMMSecV2/Doc/non_aigc/copy-move/imgs/e3f253474d5a45db8340ab2944cf85a4.jpg
47.31877899169922,34.5474739074707,0.0,Doc,0,3,1,5,Document-Real,/mnt/public/public_datasets/OpenMMSecV2/Doc/Real/7fcdda6188f74c3ebb9d0b2bafc891c3.jpg
40.48786163330078,43.56904220581055,0.0,Doc,1,3,2,6,Document-Fake,/mnt/public/public_datasets/OpenMMSecV2/Doc/non_aigc/cover/imgs/3fdcf2aaba3f49759d5001b236a9bad4.jpg
57.81045913696289,23.335912704467773,0.0,AIGC,0,2,1,3,AIGC-Real,/mnt/public/public_datasets/OpenMMSecV2/AIGC/laion/ab05bc19fd664e02b9ac90efcb7deb40.jpg
-28.71926498413086,-32.91103744506836,0.0,deepfake,0,1,1,1,Deepfake-Real,/mnt/public/public_datasets/OpenMMSecV2/Deepfake/Real/CelebDF-v2/9671bd50f6c14a939ba115d32580dfb2.png
-22.703765869140625,16.798547744750977,0.0,AIGC,1,2,2,4,AIGC-Fake,/mnt/public/public_datasets/OpenMMSecV2/AIGC/latent_diffusion/systematic/401cec2a46774017bb7f0bbc05738e92.jpg
33.294586181640625,3.8518002033233643,0.0,AIGC,0,2,1,3,AIGC-Real,/mnt/public/public_datasets/OpenMMSecV2/AIGC/laion/e46be20502734310b644225bfaa93541.jpg
-34.10097885131836,-20.837158203125,0.0,deepfake,0,1,1,1,Deepfake-Real,/mnt/public/public_datasets/OpenMMSecV2/Deepfake/Real/VFHQ/5decfac29dd1400fb881a942d5213cf4.png
0.7901445031166077,25.22799301147461,0.0,AIGC,1,2,2,4,AIGC-Fake,/mnt/public/public_datasets/OpenMMSecV2/AIGC/latent_diffusion/systematic/705aa45527054a92bfb2dc3043a99f5e.jpg
-30.435949325561523,-41.69929504394531,0.0,deepfake,0,1,1,1,Deepfake-Real,/mnt/public/public_datasets/OpenMMSecV2/Deepfake/Real/FF++/c4f5f4ccd37a4c9987b3bbf790d60a08.png
11.438739776611328,-12.044452667236328,0.0,AIGC,1,2,2,4,AIGC-Fake,/mnt/public/public_datasets/OpenMMSecV2/AIGC/pixel_diffusion/adm/imgs/953be7f2f4f34748beed72a9298d25b4.png
1.9316885471343994,58.904232025146484,0.0,Doc,1,3,2,6,Document-Fake,/mnt/public/public_datasets/OpenMMSecV2/Doc/non_aigc/generation/imgs/365d745666b14a4db7193c6a1966fffe.jpg
-0.4849270284175873,20.451976776123047,0.0,AIGC,0,2,1,3,AIGC-Real,/mnt/public/public_datasets/OpenMMSecV2/AIGC/laion/c552725f975c4cddb9fdcad444b8f270.jpg
21.980308532714844,-9.29499626159668,0.0,Doc,1,3,2,6,Document-Fake,/mnt/public/public_datasets/OpenMMSecV2/Doc/aigc/derend/imgs/9808b8aac74a4c84ad3875e9f28eb6cd.jpg
-1.3707845211029053,4.82446813583374,0.0,AIGC,0,2,1,3,AIGC-Real,/mnt/public/public_datasets/OpenMMSecV2/AIGC/other/online/imgs/92b41c101cad48ab9f27bf7fc68c9641.jpg
41.035179138183594,39.28036880493164,0.0,Doc,1,3,2,6,Document-Fake,/mnt/public/public_datasets/OpenMMSecV2/Doc/non_aigc/cpmv/imgs/4f52480d03a042b1ba1facd50bb9d639.jpg
-57.192012786865234,5.350656032562256,0.0,deepfake,1,1,2,2,Deepfake-Fake,/mnt/public/public_datasets/OpenMMSecV2/Deepfake/Fake/FaceEditing/StarGANv2/b7aac786c92344f694ca5d24cc95e78d.jpg
34.69648742675781,-17.325054168701172,0.0,deepfake,0,1,1,1,Deepfake-Real,/mnt/public/public_datasets/OpenMMSecV2/Deepfake/Real/FF++/4434f5762f404e159a4e8917282126ec.png
-40.45173263549805,-16.64436149597168,0.0,deepfake,0,1,1,1,Deepfake-Real,/mnt/public/public_datasets/OpenMMSecV2/Deepfake/Real/VFHQ/58220a81d2a247a0960ace6deea0dc40.png
-35.18000411987305,-34.53224563598633,0.0,deepfake,0,1,1,1,Deepfake-Real,/mnt/public/public_datasets/OpenMMSecV2/Deepfake/Real/DFD/21bc266be87d416c8398b8ec2aa207b0.png
-45.21378707885742,-40.63520812988281,0.0,deepfake,0,1,1,1,Deepfake-Real,/mnt/public/public_datasets/OpenMMSecV2/Deepfake/Real/FF++/33ecb952deb84aa39918b465c7831c9a.png
-52.391761779785156,5.661787033081055,0.0,AIGC,1,2,2,4,AIGC-Fake,/mnt/public/public_datasets/OpenMMSecV2/AIGC/autoregressive_model/tamingtransformers/be7e44dcd68c49c09026711913b66e55.jpg
-6.439453125,6.95698356628418,0.0,IMDL,1,4,2,8,IMDL-Fake,/mnt/public/public_datasets/OpenMMSecV2/IMDL/non_generative/manual_ps/imgs/4e90f874e6c54240a1108f2b666023ab.jpg
-51.968727111816406,-1.128291130065918,0.0,deepfake,1,1,2,2,Deepfake-Fake,/mnt/public/public_datasets/OpenMMSecV2/Deepfake/Fake/FaceEditing/StarGAN/ba2fbfbbd18f485983f912a45c8d4a81.jpg
-49.86559295654297,6.255492687225342,0.0,AIGC,1,2,2,4,AIGC-Fake,/mnt/public/public_datasets/OpenMMSecV2/AIGC/autoregressive_model/tamingtransformers/a5700870fe5c49d08e92723735a0839a.jpg
16.183761596679688,61.233646392822266,0.0,Doc,1,3,2,6,Document-Fake,/mnt/public/public_datasets/OpenMMSecV2/Doc/non_aigc/generation/imgs/e1671c7987a74fada649668036b86955.jpg
3.348064661026001,61.95623779296875,0.0,Doc,1,3,2,6,Document-Fake,/mnt/public/public_datasets/OpenMMSecV2/Doc/non_aigc/generation/imgs/8ee372ac0680468881960a7a783bf3cf.jpg
7.882593154907227,-7.286254405975342,0.0,AIGC,0,2,1,3,AIGC-Real,/mnt/public/public_datasets/OpenMMSecV2/AIGC/other/online/imgs/181cbeb934e84b7aa123892742065066.jpg
27.96664810180664,-20.580703735351562,0.0,Doc,0,3,1,5,Document-Real,/mnt/public/public_datasets/OpenMMSecV2/Doc/Real/e22ebca68d0c438a9ecd3cd5176b5797.jpg
-54.68587112426758,-8.73526382446289,0.0,deepfake,1,1,2,2,Deepfake-Fake,/mnt/public/public_datasets/OpenMMSecV2/Deepfake/Fake/FaceReenactment/MRAA/5703e8a9df9a48679d0d54ea99fa5803.png
-42.02324295043945,-23.601835250854492,0.0,deepfake,0,1,1,1,Deepfake-Real,/mnt/public/public_datasets/OpenMMSecV2/Deepfake/Real/CelebDF-v2/00749a71e2c949aeb1c69db231754b51.png
16.67313003540039,62.89223861694336,0.0,Doc,1,3,2,6,Document-Fake,/mnt/public/public_datasets/OpenMMSecV2/Doc/non_aigc/generation/imgs/04030961e27944cf9807bc48b41e5b70.jpg
22.7082576751709,55.102684020996094,0.0,Doc,1,3,2,6,Document-Fake,/mnt/public/public_datasets/OpenMMSecV2/Doc/non_aigc/copy-move/imgs/2ff9125e615d48dda4cb531ab9b6c196.jpg
-29.89720916748047,-40.897605895996094,0.0,deepfake,0,1,1,1,Deepfake-Real,/mnt/public/public_datasets/OpenMMSecV2/Deepfake/Real/CelebDF-v2/6df24de004ce447bb4a2047ea76efa99.png
0.745680570602417,61.75435256958008,0.0,Doc,1,3,2,6,Document-Fake,/mnt/public/public_datasets/OpenMMSecV2/Doc/non_aigc/copy-move/imgs/c71f7b9ef9ae4c24a5f3f12870b3d144.jpg
19.921403884887695,10.249483108520508,0.0,AIGC,0,2,1,3,AIGC-Real,/mnt/public/public_datasets/OpenMMSecV2/AIGC/laion/21808bfc763b436b8e256447f3b69936.jpg
-18.243947982788086,26.901535034179688,0.0,IMDL,1,4,2,8,IMDL-Fake,/mnt/public/public_datasets/OpenMMSecV2/IMDL/generative/gan_mat/imgs/36bd872d92d949639a6c953a7d818a48.png
-18.593053817749023,13.645581245422363,0.0,AIGC,1,2,2,4,AIGC-Fake,/mnt/public/public_datasets/OpenMMSecV2/AIGC/GAN/CIPS/1a269a2fdfd441b4b31483e77606b47d.jpg
-49.056556701660156,5.155796051025391,0.0,deepfake,1,1,2,2,Deepfake-Fake,/mnt/public/public_datasets/OpenMMSecV2/Deepfake/Fake/FaceEditing/e4e/f1dd28994bdf45d8aa917eb0c12bf6db.jpg
6.013574123382568,-19.228652954101562,0.0,IMDL,0,4,1,7,IMDL-Real,/mnt/public/public_datasets/OpenMMSecV2/IMDL/generative/coco/imgs/a1a9b3c62b0945efa79dd02c94c9f33d.jpg
-34.5770263671875,-33.42300796508789,0.0,deepfake,0,1,1,1,Deepfake-Real,/mnt/public/public_datasets/OpenMMSecV2/Deepfake/Real/DFD/eb67700841854bb2b00700f0a870be69.png
-30.590593338012695,-38.012447357177734,0.0,deepfake,0,1,1,1,Deepfake-Real,/mnt/public/public_datasets/OpenMMSecV2/Deepfake/Real/FF++/3f96d1f109b2428aa7ef50fc85f14406.png
28.831605911254883,19.148048400878906,0.0,AIGC,0,2,1,3,AIGC-Real,/mnt/public/public_datasets/OpenMMSecV2/AIGC/laion/3d1dfba897f84e178ce238e9dd59974c.jpg
35.95384979248047,-14.171218872070312,0.0,Doc,0,3,1,5,Document-Real,/mnt/public/public_datasets/OpenMMSecV2/Doc/Real/fee74a20329141fe8acaa0479f7019c9.jpg
30.514606475830078,-22.230955123901367,0.0,Doc,0,3,1,5,Document-Real,/mnt/public/public_datasets/OpenMMSecV2/Doc/Real/65023225d7e24458910ce77abf0a178b.jpg
43.808990478515625,-21.628490447998047,0.0,Doc,0,3,1,5,Document-Real,/mnt/public/public_datasets/OpenMMSecV2/Doc/Real/72bcd428ac784f2dad026ef19c62d61b.jpg
13.432320594787598,-18.000259399414062,0.0,IMDL,0,4,1,7,IMDL-Real,/mnt/public/public_datasets/OpenMMSecV2/IMDL/generative/flux_1/imgs/16fb1e94f1f944879943b3814f504532.png
-21.03561019897461,7.171307563781738,0.0,IMDL,1,4,2,8,IMDL-Fake,/mnt/public/public_datasets/OpenMMSecV2/IMDL/generative/stable_diffusion/imgs/a3b99fa69ddb434f8260242f9e69c534.png
38.82614517211914,-25.09516143798828,0.0,Doc,1,3,2,6,Document-Fake,/mnt/public/public_datasets/OpenMMSecV2/Doc/aigc/anytext/imgs/ccc7598f502044b59b261818b59cb61c.jpg
-29.266963958740234,-39.260196685791016,0.0,deepfake,0,1,1,1,Deepfake-Real,/mnt/public/public_datasets/OpenMMSecV2/Deepfake/Real/CelebDF-v2/5f4dc5bcb6ff4b18adfb594779192e4b.png
18.3062744140625,-3.3942034244537354,0.0,AIGC,0,2,1,3,AIGC-Real,/mnt/public/public_datasets/OpenMMSecV2/AIGC/laion/0a9f37dd2e6a4183806be83fb4d2b25e.jpg
-60.81890106201172,-11.597994804382324,0.0,deepfake,1,1,2,2,Deepfake-Fake,/mnt/public/public_datasets/OpenMMSecV2/Deepfake/Fake/EntireFaceSynthesis/RDDM/731ed430cdb6481cae94bc7a6009b484.png
-38.836002349853516,-13.034353256225586,0.0,deepfake,1,1,2,2,Deepfake-Fake,/mnt/public/public_datasets/OpenMMSecV2/Deepfake/Fake/FaceSwap/Unknow_FS/b915e2a647404cc68b653b6a41bca9c8.png
-26.314247131347656,-32.474422454833984,0.0,deepfake,1,1,2,2,Deepfake-Fake,/mnt/public/public_datasets/OpenMMSecV2/Deepfake/Fake/FaceEditing/StarGANv2/db2af92f21d643c8a50f1baf4731558d.jpg
5.415646076202393,50.141048431396484,0.0,Doc,0,3,1,5,Document-Real,/mnt/public/public_datasets/OpenMMSecV2/Doc/Real/0b7d023772e3478dbff7e7b9814704a2.jpg
3.226492166519165,-19.845457077026367,0.0,IMDL,0,4,1,7,IMDL-Real,/mnt/public/public_datasets/OpenMMSecV2/IMDL/generative/coco/imgs/b856fcf15c274b06b986b92d3f2e1545.jpg
27.99480628967285,7.5413432121276855,0.0,AIGC,0,2,1,3,AIGC-Real,/mnt/public/public_datasets/OpenMMSecV2/AIGC/laion/7093fe27d6174d11bdf26c548b4ae592.jpg
-29.484689712524414,-37.554222106933594,0.0,deepfake,0,1,1,1,Deepfake-Real,/mnt/public/public_datasets/OpenMMSecV2/Deepfake/Real/CelebDF-v2/118ad837670e43c4a41e008ef43e8d89.png
24.59697723388672,6.168112754821777,0.0,AIGC,0,2,1,3,AIGC-Real,/mnt/public/public_datasets/OpenMMSecV2/AIGC/laion/305bb1e56f6e4ba9864dd3e5ce724b27.jpg
30.82149314880371,-14.275055885314941,0.0,Doc,1,3,2,6,Document-Fake,/mnt/public/public_datasets/OpenMMSecV2/Doc/aigc/anytext/imgs/d51b5c50874248d48ca6b678a12e1234.jpg
22.972171783447266,64.16436767578125,0.0,Doc,1,3,2,6,Document-Fake,/mnt/public/public_datasets/OpenMMSecV2/Doc/non_aigc/copy-move/imgs/283e04912da5420f89601c8931c7e7c6.jpg
1.3796477317810059,15.987069129943848,0.0,IMDL,1,4,2,8,IMDL-Fake,/mnt/public/public_datasets/OpenMMSecV2/IMDL/generative/flux_1/imgs/8b7b38990a4e41bba853a36bcb29daf1.png
15.728126525878906,-33.439697265625,0.0,IMDL,0,4,1,7,IMDL-Real,/mnt/public/public_datasets/OpenMMSecV2/IMDL/generative/coco/imgs/b895ff67d51746b98a8a6cce960572ca.jpg
56.046783447265625,22.34046173095703,0.0,Doc,0,3,1,5,Document-Real,/mnt/public/public_datasets/OpenMMSecV2/Doc/Real/2fc9fa3a416345f78cd109e0446d21e7.jpg
0.21429748833179474,17.789752960205078,0.0,AIGC,1,2,2,4,AIGC-Fake,/mnt/public/public_datasets/OpenMMSecV2/AIGC/latent_diffusion/systematic/8352ad3dd64143f0bb2b55b6a7ab2b4e.jpg
5.943026542663574,-38.02810287475586,0.0,IMDL,0,4,1,7,IMDL-Real,/mnt/public/public_datasets/OpenMMSecV2/IMDL/generative/stable_diffusion/imgs/23e6097d77a64ddba525c93eace0c887.png
12.09606647491455,-3.2978529930114746,0.0,IMDL,1,4,2,8,IMDL-Fake,/mnt/public/public_datasets/OpenMMSecV2/IMDL/non_generative/manual_ps/imgs/14a666b959644268929fc5bd410f816c.jpg
21.945592880249023,-31.731534957885742,0.0,IMDL,0,4,1,7,IMDL-Real,/mnt/public/public_datasets/OpenMMSecV2/IMDL/generative/coco/imgs/a9f849c7e0734500a211150f90e993eb.jpg
45.39255142211914,35.83082580566406,0.0,Doc,0,3,1,5,Document-Real,/mnt/public/public_datasets/OpenMMSecV2/Doc/Real/d673fb5b82cf4d4783fed0018b4811b3.jpg
14.710116386413574,-19.032020568847656,0.0,IMDL,0,4,1,7,IMDL-Real,/mnt/public/public_datasets/OpenMMSecV2/IMDL/generative/stable_diffusion/imgs/ee9dda92954b4176afc6b4c9b4002ca7.png
35.75705337524414,-17.5626163482666,0.0,Doc,0,3,1,5,Document-Real,/mnt/public/public_datasets/OpenMMSecV2/Doc/Real/dca3f027b57a4c2e808268ab4042c9bb.jpg
12.20740032196045,-16.840118408203125,0.0,IMDL,0,4,1,7,IMDL-Real,/mnt/public/public_datasets/OpenMMSecV2/IMDL/generative/flux_1/imgs/7efadca659ef4e5b84d154d897fa9745.png
17.46546173095703,-12.483641624450684,0.0,Doc,1,3,2,6,Document-Fake,/mnt/public/public_datasets/OpenMMSecV2/Doc/aigc/textocr/imgs/b1718d1abe1b4bca83b7e0f5bb4186dd.jpg
5.48573637008667,18.84172248840332,0.0,AIGC,1,2,2,4,AIGC-Fake,/mnt/public/public_datasets/OpenMMSecV2/AIGC/other/online/imgs/e14afb27a67f4ba5a01b4e759830d4c2.jpg
-0.8869687914848328,-7.6292405128479,0.0,AIGC,0,2,1,3,AIGC-Real,/mnt/public/public_datasets/OpenMMSecV2/AIGC/laion/cb9f54483ffd491a8afc91ea77185a26.jpg
-20.9967041015625,-29.559167861938477,0.0,AIGC,0,2,1,3,AIGC-Real,/mnt/public/public_datasets/OpenMMSecV2/AIGC/other/online/imgs/dde3090d3b534765bdddb7b3906b181d.jpg
33.7362174987793,-11.411211967468262,0.0,Doc,0,3,1,5,Document-Real,/mnt/public/public_datasets/OpenMMSecV2/Doc/Real/5c08df64d7304df09f066a8969310cdb.jpg
5.5603203773498535,2.4167113304138184,0.0,AIGC,0,2,1,3,AIGC-Real,/mnt/public/public_datasets/OpenMMSecV2/AIGC/laion/1a2640d815484bb5a1e2e823843b87a7.jpg
-9.686351776123047,11.751179695129395,0.0,IMDL,1,4,2,8,IMDL-Fake,/mnt/public/public_datasets/OpenMMSecV2/IMDL/non_generative/manual_ps/imgs/a6937a42c10440c3a4673890336d8f36.jpg
12.306049346923828,-39.579532623291016,0.0,IMDL,0,4,1,7,IMDL-Real,/mnt/public/public_datasets/OpenMMSecV2/IMDL/generative/coco/imgs/14613de60b404cdcb087e976e789faa5.jpg
-11.391199111938477,16.002771377563477,0.0,IMDL,1,4,2,8,IMDL-Fake,/mnt/public/public_datasets/OpenMMSecV2/IMDL/non_generative/manual_ps/imgs/2a7565c13fd34c11b2aba31d5295d432.jpg
33.417816162109375,-26.93124771118164,0.0,Doc,0,3,1,5,Document-Real,/mnt/public/public_datasets/OpenMMSecV2/Doc/Real/b76a92e6e03e444387b05ecc567ff2de.jpg
-59.26738739013672,-13.342704772949219,0.0,deepfake,1,1,2,2,Deepfake-Fake,/mnt/public/public_datasets/OpenMMSecV2/Deepfake/Fake/FaceReenactment/MCNet/fe7ca2a6ea5944128905be361fb8b265.png
21.363981246948242,57.04184341430664,0.0,Doc,1,3,2,6,Document-Fake,/mnt/public/public_datasets/OpenMMSecV2/Doc/non_aigc/generation/imgs/5b2998a9cf0847a2b5a9667a0e6ea1ac.jpg
-31.689319610595703,-42.300899505615234,0.0,deepfake,0,1,1,1,Deepfake-Real,/mnt/public/public_datasets/OpenMMSecV2/Deepfake/Real/FF++/063efa22275f468bbf129d892b9ca9b3.png
12.86882209777832,-4.803915977478027,0.0,AIGC,0,2,1,3,AIGC-Real,/mnt/public/public_datasets/OpenMMSecV2/AIGC/other/online/imgs/bebe9dc1b2d24aaf9a13790d80ffbab6.jpg
3.1024632453918457,59.39052963256836,0.0,Doc,1,3,2,6,Document-Fake,/mnt/public/public_datasets/OpenMMSecV2/Doc/non_aigc/generation/imgs/4b45ba4d43744ccca5912b81581b8b63.jpg
-34.57141876220703,-29.397695541381836,0.0,deepfake,0,1,1,1,Deepfake-Real,/mnt/public/public_datasets/OpenMMSecV2/Deepfake/Real/DFD/a13cf0a536834317887b9cb65ec2c52f.png
-39.678367614746094,13.809678077697754,0.0,deepfake,1,1,2,2,Deepfake-Fake,/mnt/public/public_datasets/OpenMMSecV2/Deepfake/Fake/EntireFaceSynthesis/StyleGAN3/112a8adc141b4b3abf5355a4c289165c.png
-56.191524505615234,-5.645143032073975,0.0,deepfake,1,1,2,2,Deepfake-Fake,/mnt/public/public_datasets/OpenMMSecV2/Deepfake/Fake/EntireFaceSynthesis/DiT-XL/ee35aeac10fb4e80bce2e9817728dc29.png
-31.34937858581543,-28.937644958496094,0.0,deepfake,0,1,1,1,Deepfake-Real,/mnt/public/public_datasets/OpenMMSecV2/Deepfake/Real/CelebDF-v2/11a620c1ff1d4c88b3da91e8f1217720.png
26.760143280029297,6.848793983459473,0.0,AIGC,0,2,1,3,AIGC-Real,/mnt/public/public_datasets/OpenMMSecV2/AIGC/laion/fc757f5d4af24dab90734ebdfeadf88c.jpg
-33.01509475708008,-43.018760681152344,0.0,deepfake,0,1,1,1,Deepfake-Real,/mnt/public/public_datasets/OpenMMSecV2/Deepfake/Real/FF++/62586074d3c34030aab8725e1c359fb0.png
4.755621910095215,-38.77348709106445,0.0,IMDL,0,4,1,7,IMDL-Real,/mnt/public/public_datasets/OpenMMSecV2/IMDL/generative/coco/imgs/3443e0e5e1fd410bad97822efa999ac4.jpg
22.029029846191406,65.6100845336914,0.0,Doc,1,3,2,6,Document-Fake,/mnt/public/public_datasets/OpenMMSecV2/Doc/non_aigc/copy-move/imgs/bb53aa0f3db84424a880e0e1fc931604.jpg
1.7127001285552979,-0.6448479294776917,0.0,IMDL,0,4,1,7,IMDL-Real,/mnt/public/public_datasets/OpenMMSecV2/IMDL/non_generative/manual_ps/imgs/1766448e49094a3fb54ea3cc239d94dc.jpg
-39.25727462768555,-25.53508758544922,0.0,deepfake,0,1,1,1,Deepfake-Real,/mnt/public/public_datasets/OpenMMSecV2/Deepfake/Real/CelebDF-v2/5700785790ed448eba9057577e236053.png
-21.74367332458496,3.3714003562927246,0.0,AIGC,1,2,2,4,AIGC-Fake,/mnt/public/public_datasets/OpenMMSecV2/AIGC/GAN/styleGANs/adc8c7d7d9df4c4d8c23d6af493d8914.jpg
14.667412757873535,57.40184020996094,0.0,Doc,1,3,2,6,Document-Fake,/mnt/public/public_datasets/OpenMMSecV2/Doc/non_aigc/insert/imgs/e277af8708a04cc49eef244f6847e5c3.jpg
20.408002853393555,10.68679141998291,0.0,AIGC,0,2,1,3,AIGC-Real,/mnt/public/public_datasets/OpenMMSecV2/AIGC/laion/c7adcb6a8dc54dcfbe2cbcfbc7325b12.jpg
5.020634174346924,17.505752563476562,0.0,AIGC,1,2,2,4,AIGC-Fake,/mnt/public/public_datasets/OpenMMSecV2/AIGC/other/online/imgs/d9bd03b2f8db4ab2aed2bad9f7c0808d.jpg
-45.93752670288086,10.52761173248291,0.0,deepfake,1,1,2,2,Deepfake-Fake,/mnt/public/public_datasets/OpenMMSecV2/Deepfake/Fake/EntireFaceSynthesis/StyleGAN2/bbbd7a8a80f644ae91a3ef2737a568f7.png
-24.058990478515625,10.995156288146973,0.0,AIGC,1,2,2,4,AIGC-Fake,/mnt/public/public_datasets/OpenMMSecV2/AIGC/latent_diffusion/systematic/d61ee8e4c36f4f31a7b5f816e6b7c8ea.jpg
-50.446563720703125,6.022054672241211,0.0,deepfake,1,1,2,2,Deepfake-Fake,/mnt/public/public_datasets/OpenMMSecV2/Deepfake/Fake/FaceEditing/e4e/5660b7e2fcee40d0b27f9edda4bcadde.jpg
6.470012187957764,-9.375744819641113,0.0,AIGC,0,2,1,3,AIGC-Real,/mnt/public/public_datasets/OpenMMSecV2/AIGC/GAN/BigGAN/imgs/ecdcffbb6764498ea7c16ec801b5ad54.JPEG
-9.02713394165039,-0.760901689529419,0.0,AIGC,1,2,2,4,AIGC-Fake,/mnt/public/public_datasets/OpenMMSecV2/AIGC/other/online/imgs/c9b37ef18eae4317b77b51b8992843e3.jpg
-42.524742126464844,-1.2430475950241089,0.0,deepfake,1,1,2,2,Deepfake-Fake,/mnt/public/public_datasets/OpenMMSecV2/Deepfake/Fake/FaceEditing/StarGANv2/89c7381c944d479fa7f30236f460c967.jpg
-34.76466751098633,-34.63886260986328,0.0,deepfake,0,1,1,1,Deepfake-Real,/mnt/public/public_datasets/OpenMMSecV2/Deepfake/Real/DFD/f039a095dd2247a68b7ba809e5a8ae6d.png
9.330390930175781,56.4130859375,0.0,Doc,1,3,2,6,Document-Fake,/mnt/public/public_datasets/OpenMMSecV2/Doc/non_aigc/cover/imgs/3c5623fe63c54020b50f23aa505a8313.jpg
54.77064514160156,20.682947158813477,0.0,Doc,0,3,1,5,Document-Real,/mnt/public/public_datasets/OpenMMSecV2/Doc/Real/1afd2747551c45108d274b138cf330ce.jpg
-2.3963053226470947,3.8376095294952393,0.0,AIGC,0,2,1,3,AIGC-Real,/mnt/public/public_datasets/OpenMMSecV2/AIGC/laion/df5821eed1aa4172900a2c0418089a95.jpg
4.891180038452148,-38.31767654418945,0.0,IMDL,0,4,1,7,IMDL-Real,/mnt/public/public_datasets/OpenMMSecV2/IMDL/generative/coco/imgs/088430ec97da44859a73669cc3b12bb7.jpg
-25.7315731048584,-30.037769317626953,0.0,deepfake,0,1,1,1,Deepfake-Real,/mnt/public/public_datasets/OpenMMSecV2/Deepfake/Real/FF++/7c45012945c4452295efb14b270d40f9.png
-7.157896995544434,1.6928126811981201,0.0,IMDL,1,4,2,8,IMDL-Fake,/mnt/public/public_datasets/OpenMMSecV2/IMDL/non_generative/manual_ps/imgs/a72534d7973b41d5a448cb628c97d7b3.jpg
2.6506574153900146,-1.4088866710662842,0.0,AIGC,0,2,1,3,AIGC-Real,/mnt/public/public_datasets/OpenMMSecV2/AIGC/other/online/imgs/b2ce103a048b49699c244ca51ee59fac.jpg
-0.8000698685646057,-3.7988221645355225,0.0,IMDL,1,4,2,8,IMDL-Fake,/mnt/public/public_datasets/OpenMMSecV2/IMDL/generative/stable_diffusion/imgs/8e0ca8af92eb448f86a0f2d08968795e.png
35.94685363769531,-14.941842079162598,0.0,Doc,0,3,1,5,Document-Real,/mnt/public/public_datasets/OpenMMSecV2/Doc/Real/3317d0c3ad3b47448ffdc183cfb5d6bf.jpg
-5.314477920532227,0.413567453622818,0.0,IMDL,1,4,2,8,IMDL-Fake,/mnt/public/public_datasets/OpenMMSecV2/IMDL/non_generative/manual_ps/imgs/609c8f6da4364dbe895f4f9226283305.jpg
9.51485824584961,-12.37699031829834,0.0,AIGC,0,2,1,3,AIGC-Real,/mnt/public/public_datasets/OpenMMSecV2/AIGC/commercial/wukong/imgs/3f41718c318248b1955ede6a89b5d7ee.JPEG
34.432151794433594,-9.882988929748535,0.0,Doc,1,3,2,6,Document-Fake,/mnt/public/public_datasets/OpenMMSecV2/Doc/aigc/textdiff/imgs/fcb00e8ed3de46a0a20841b0b0302bad.jpg
22.683443069458008,1.199241042137146,0.0,AIGC,0,2,1,3,AIGC-Real,/mnt/public/public_datasets/OpenMMSecV2/AIGC/laion/2cc2133f70d14c868ba71131a4d7fae6.jpg
-38.775238037109375,-13.513513565063477,0.0,deepfake,1,1,2,2,Deepfake-Fake,/mnt/public/public_datasets/OpenMMSecV2/Deepfake/Fake/FaceSwap/InSwapper/d43c6f53a5e546d29943076c0391e134.png
12.419175148010254,-31.015243530273438,0.0,IMDL,0,4,1,7,IMDL-Real,/mnt/public/public_datasets/OpenMMSecV2/IMDL/generative/flux_1/imgs/73333e95924640bb91000d2996cd7fe8.png
-19.180667877197266,8.065437316894531,0.0,IMDL,1,4,2,8,IMDL-Fake,/mnt/public/public_datasets/OpenMMSecV2/IMDL/non_generative/manual_ps/imgs/7e88e20e6cbc4633bec708e238271c2b.jpg
-0.8261080384254456,24.469192504882812,0.0,AIGC,1,2,2,4,AIGC-Fake,/mnt/public/public_datasets/OpenMMSecV2/AIGC/pixel_diffusion/glide/imgs/7aec40631afe4372909a85f914dc0caf.png
-19.676483154296875,-17.886974334716797,0.0,deepfake,0,1,1,1,Deepfake-Real,/mnt/public/public_datasets/OpenMMSecV2/Deepfake/Real/FFHQ/05c338b858b74766987920989b34b0bd.jpeg
-32.798248291015625,-24.852529525756836,0.0,deepfake,0,1,1,1,Deepfake-Real,/mnt/public/public_datasets/OpenMMSecV2/Deepfake/Real/FF++/018fe23493214b9d93a0efc3bb6652bf.png
-54.407127380371094,10.649259567260742,0.0,AIGC,1,2,2,4,AIGC-Fake,/mnt/public/public_datasets/OpenMMSecV2/AIGC/GAN/ProjectedGAN/25783424af55431686eaf60b77ba77a8.jpg
-20.938743591308594,5.635990619659424,0.0,AIGC,1,2,2,4,AIGC-Fake,/mnt/public/public_datasets/OpenMMSecV2/AIGC/pixel_diffusion/glide/imgs/8728fe40c76a4b979417748ba92c8128.png
-52.62507629394531,3.530019998550415,0.0,deepfake,1,1,2,2,Deepfake-Fake,/mnt/public/public_datasets/OpenMMSecV2/Deepfake/Fake/EntireFaceSynthesis/StyleGAN-XL/5bb680a915944d5eb07a9911b48950ea.png
20.6567325592041,65.70555877685547,0.0,Doc,1,3,2,6,Document-Fake,/mnt/public/public_datasets/OpenMMSecV2/Doc/non_aigc/generation/imgs/a4bd880ff7144175a2e8a419502937a5.jpg
-28.24496841430664,-37.91545104980469,0.0,deepfake,0,1,1,1,Deepfake-Real,/mnt/public/public_datasets/OpenMMSecV2/Deepfake/Real/CelebDF-v2/62656d3da4464bb68b696781ceeaf032.png
11.284619331359863,-11.821002006530762,0.0,IMDL,0,4,1,7,IMDL-Real,/mnt/public/public_datasets/OpenMMSecV2/IMDL/generative/stable_diffusion/imgs/0bfc8a135e6148cbb99fc040aa41aaa4.png
18.8233699798584,-7.690549373626709,0.0,AIGC,0,2,1,3,AIGC-Real,/mnt/public/public_datasets/OpenMMSecV2/AIGC/laion/c10c3eb1ab2a49ea81907cf694e81fb1.jpg
-20.81603240966797,26.544517517089844,0.0,IMDL,1,4,2,8,IMDL-Fake,/mnt/public/public_datasets/OpenMMSecV2/IMDL/generative/paintbyexample/imgs/7d1e68def93643039a79e4a7b0deef7b.png
-41.111507415771484,-37.16611862182617,0.0,deepfake,0,1,1,1,Deepfake-Real,/mnt/public/public_datasets/OpenMMSecV2/Deepfake/Real/FF++/54e6243bff1d49a5a02a687c19148318.png
31.774314880371094,-20.70423126220703,0.0,Doc,1,3,2,6,Document-Fake,/mnt/public/public_datasets/OpenMMSecV2/Doc/aigc/udifftext/imgs/7c3ff868ac224d6287c0fdcb7ae7123f.jpg
-55.99213409423828,-2.5968921184539795,0.0,deepfake,1,1,2,2,Deepfake-Fake,/mnt/public/public_datasets/OpenMMSecV2/Deepfake/Fake/FaceEditing/StarGAN/74b91dba4d9543558a54952072eb2407.jpg
-24.55245018005371,-36.85874557495117,0.0,deepfake,0,1,1,1,Deepfake-Real,/mnt/public/public_datasets/OpenMMSecV2/Deepfake/Real/VFHQ/a9dea4337ed54881aeaad934cec1682c.png
-55.745216369628906,-12.382892608642578,0.0,deepfake,1,1,2,2,Deepfake-Fake,/mnt/public/public_datasets/OpenMMSecV2/Deepfake/Fake/FaceReenactment/HyperReenact/db412a6074b548c8aeb81b6aa3eb42e7.png
-21.08310317993164,27.075885772705078,0.0,IMDL,1,4,2,8,IMDL-Fake,/mnt/public/public_datasets/OpenMMSecV2/IMDL/generative/gan_mat/imgs/34f17cf733064fffa67bb4db7acd4205.jpg
3.382457733154297,51.76453399658203,0.0,Doc,0,3,1,5,Document-Real,/mnt/public/public_datasets/OpenMMSecV2/Doc/Real/6e515c3be88247108b82a477c191b9c3.jpg
18.592859268188477,8.469624519348145,0.0,AIGC,0,2,1,3,AIGC-Real,/mnt/public/public_datasets/OpenMMSecV2/AIGC/laion/1134fbf632e84d9fa6962d00c4fe59a4.jpg
14.788497924804688,-24.472890853881836,0.0,IMDL,0,4,1,7,IMDL-Real,/mnt/public/public_datasets/OpenMMSecV2/IMDL/generative/flux_1/imgs/9fd9ba64a86f42b6b4f4a7249d54851b.png
-40.55368423461914,-12.648738861083984,0.0,deepfake,1,1,2,2,Deepfake-Fake,/mnt/public/public_datasets/OpenMMSecV2/Deepfake/Fake/FaceSwap/Deepfake/3256ade50ea84180871ae01a853452d1.png
10.482759475708008,18.172164916992188,0.0,AIGC,0,2,1,3,AIGC-Real,/mnt/public/public_datasets/OpenMMSecV2/AIGC/laion/295af317c73840f7b1a866ab9db1e3e6.jpg
-55.53133010864258,4.163418292999268,0.0,deepfake,1,1,2,2,Deepfake-Fake,/mnt/public/public_datasets/OpenMMSecV2/Deepfake/Fake/FaceEditing/StarGAN/e6c8e4d3365842d8881b325a15f2cd10.jpg
-15.424116134643555,21.91575050354004,0.0,IMDL,1,4,2,8,IMDL-Fake,/mnt/public/public_datasets/OpenMMSecV2/IMDL/generative/gan_mat/imgs/9e4c3ad02b5f4fb1b42dade6ec713b8d.jpg
23.777713775634766,-8.25092601776123,0.0,Doc,1,3,2,6,Document-Fake,/mnt/public/public_datasets/OpenMMSecV2/Doc/non_aigc/cpmv/imgs/0b7ed317ce23422592a2b2040182df7c.jpg
-7.800083637237549,7.765255451202393,0.0,IMDL,1,4,2,8,IMDL-Fake,/mnt/public/public_datasets/OpenMMSecV2/IMDL/non_generative/manual_ps/imgs/3ac3140dd93c4fad88cb670199289fdf.jpg
-51.23300552368164,-3.193120002746582,0.0,deepfake,1,1,2,2,Deepfake-Fake,/mnt/public/public_datasets/OpenMMSecV2/Deepfake/Fake/FaceEditing/StarGAN/2bc9e003ce224887a77fdf6fd7a8f055.jpg
-6.701241493225098,-1.9762134552001953,0.0,IMDL,1,4,2,8,IMDL-Fake,/mnt/public/public_datasets/OpenMMSecV2/IMDL/non_generative/manual_ps/imgs/ff498d2879ba408596a42bcc2fb5a775.tif
-46.978126525878906,-21.034950256347656,0.0,deepfake,1,1,2,2,Deepfake-Fake,/mnt/public/public_datasets/OpenMMSecV2/Deepfake/Fake/FaceEditing/StarGANv2/489e02ed79724519a06561dbebcf92f2.jpg
12.869443893432617,54.79226303100586,0.0,Doc,0,3,1,5,Document-Real,/mnt/public/public_datasets/OpenMMSecV2/Doc/Real/e3009a3d87d24d74a540374c97756efe.jpg
54.86457061767578,21.05656623840332,0.0,Doc,0,3,1,5,Document-Real,/mnt/public/public_datasets/OpenMMSecV2/Doc/Real/5ab4dd685b134c6e876a4bf0388ab582.jpg
23.1779727935791,63.80770492553711,0.0,Doc,1,3,2,6,Document-Fake,/mnt/public/public_datasets/OpenMMSecV2/Doc/non_aigc/copy-move/imgs/7cda89f0a9ff43e78cb56ccb3b393b0f.jpg
-27.443632125854492,13.559163093566895,0.0,IMDL,1,4,2,8,IMDL-Fake,/mnt/public/public_datasets/OpenMMSecV2/IMDL/non_generative/manual_ps/imgs/0a0d3962eab742a9b6dbd0698bbc8219.jpg
-50.195167541503906,1.5368618965148926,0.0,deepfake,1,1,2,2,Deepfake-Fake,/mnt/public/public_datasets/OpenMMSecV2/Deepfake/Fake/FaceReenactment/LIA/27cac5cd40ce41bd807a71b73e7e33ea.png
5.59214973449707,1.4601229429244995,0.0,AIGC,0,2,1,3,AIGC-Real,/mnt/public/public_datasets/OpenMMSecV2/AIGC/other/online/imgs/c6cf6c3930df4e02ab803c78735e3f90.jpg
50.60222625732422,18.94322967529297,0.0,Doc,0,3,1,5,Document-Real,/mnt/public/public_datasets/OpenMMSecV2/Doc/Real/7818e7a97ae2404ea606db020807f8c7.jpg
49.485679626464844,30.427072525024414,0.0,Doc,1,3,2,6,Document-Fake,/mnt/public/public_datasets/OpenMMSecV2/Doc/non_aigc/inpaint/imgs/5724ddeafbae42eebb0231903ff86d07.jpg
-7.2200608253479,4.080567836761475,0.0,IMDL,1,4,2,8,IMDL-Fake,/mnt/public/public_datasets/OpenMMSecV2/IMDL/non_generative/manual_ps/imgs/349fc24f3fb9408f8188eeb3263cdc6d.tif
53.59260559082031,17.21159553527832,0.0,Doc,0,3,1,5,Document-Real,/mnt/public/public_datasets/OpenMMSecV2/Doc/Real/2a42eb08ea584fd4be634b85ce61be36.jpg
8.638187408447266,18.25766372680664,0.0,AIGC,1,2,2,4,AIGC-Fake,/mnt/public/public_datasets/OpenMMSecV2/AIGC/latent_diffusion/systematic/5681f5e90cde435bb56ba859e5d2cc2d.jpg
38.824737548828125,-22.08061408996582,0.0,Doc,1,3,2,6,Document-Fake,/mnt/public/public_datasets/OpenMMSecV2/Doc/aigc/stefann/imgs/043839e658a542dc88630425ff4f9c1b.jpg
7.874736785888672,-0.41200658679008484,0.0,IMDL,1,4,2,8,IMDL-Fake,/mnt/public/public_datasets/OpenMMSecV2/IMDL/non_generative/manual_ps/imgs/90d04c1c1a024ab1a964b1ff0d04c7ff.jpg
-46.67987823486328,-36.147796630859375,0.0,deepfake,0,1,1,1,Deepfake-Real,/mnt/public/public_datasets/OpenMMSecV2/Deepfake/Real/CelebDF-v2/89b5cc7558d74ce2ad2b0a53ecfd5dca.png
-38.57848358154297,-30.160104751586914,0.0,deepfake,1,1,2,2,Deepfake-Fake,/mnt/public/public_datasets/OpenMMSecV2/Deepfake/Fake/FaceReenactment/Wav2Lip/e268878df4594fa78a4858f789cdb2e2.png
-43.5042839050293,-5.817841529846191,0.0,deepfake,1,1,2,2,Deepfake-Fake,/mnt/public/public_datasets/OpenMMSecV2/Deepfake/Fake/FaceEditing/StarGANv2/ff81ef16ef8943da8eee96a2fd6cf3f1.jpg
-41.679473876953125,-39.72492599487305,0.0,deepfake,0,1,1,1,Deepfake-Real,/mnt/public/public_datasets/OpenMMSecV2/Deepfake/Real/FF++/8cf064e451694af0b5a257058b474463.png
13.005454063415527,-11.288500785827637,0.0,AIGC,0,2,1,3,AIGC-Real,/mnt/public/public_datasets/OpenMMSecV2/AIGC/commercial/wukong/imgs/378f5a42e915478aa98c313789fc9654.JPEG
5.510490894317627,44.7144660949707,0.0,Doc,1,3,2,6,Document-Fake,/mnt/public/public_datasets/OpenMMSecV2/Doc/non_aigc/cover/imgs/31bd34238b814b789cae1980230ea545.jpg
-53.688148498535156,-15.819514274597168,0.0,deepfake,1,1,2,2,Deepfake-Fake,/mnt/public/public_datasets/OpenMMSecV2/Deepfake/Fake/FaceEditing/StarGAN/46e0bcad391443b2af93755fb8b4b59c.jpg
6.785398006439209,-12.77738094329834,0.0,IMDL,0,4,1,7,IMDL-Real,/mnt/public/public_datasets/OpenMMSecV2/IMDL/generative/coco/imgs/d8a716b5414d4b678e364712ca88d017.jpg
-2.38637375831604,-39.579166412353516,0.0,deepfake,0,1,1,1,Deepfake-Real,/mnt/public/public_datasets/OpenMMSecV2/Deepfake/Real/VFHQ/d88ff17fffab43bab31661c31cd8a1da.png
-45.084861755371094,4.956233024597168,0.0,AIGC,1,2,2,4,AIGC-Fake,/mnt/public/public_datasets/OpenMMSecV2/AIGC/autoregressive_model/tamingtransformers/9903eaf053cf47978f11e175296764f0.jpg
-49.283973693847656,-10.958019256591797,0.0,deepfake,1,1,2,2,Deepfake-Fake,/mnt/public/public_datasets/OpenMMSecV2/Deepfake/Fake/FaceSwap/SimSwap/48ca0feee0274f4ab3c82e1f7cda1de3.png
2.333953857421875,-19.11954116821289,0.0,IMDL,0,4,1,7,IMDL-Real,/mnt/public/public_datasets/OpenMMSecV2/IMDL/generative/coco/imgs/b4dc620dd64949d9a25068ba4b4f28fe.jpg
-0.419109046459198,10.014669418334961,0.0,AIGC,0,2,1,3,AIGC-Real,/mnt/public/public_datasets/OpenMMSecV2/AIGC/laion/348f310e489042f5bfedca49d3709dc6.jpg
-12.286137580871582,1.1119416952133179,0.0,AIGC,1,2,2,4,AIGC-Fake,/mnt/public/public_datasets/OpenMMSecV2/AIGC/pixel_diffusion/adm/imgs/5e3b82cb523c4941961d2c0d079f4ab2.png
7.006014823913574,-11.69849967956543,0.0,AIGC,0,2,1,3,AIGC-Real,/mnt/public/public_datasets/OpenMMSecV2/AIGC/GAN/BigGAN/imgs/55ff129e31a54d058696cde16a597a23.JPEG
-2.1379642486572266,-25.431974411010742,0.0,IMDL,1,4,2,8,IMDL-Fake,/mnt/public/public_datasets/OpenMMSecV2/IMDL/non_generative/manual_ps/imgs/3087c7b683474b0ab742463e061be6d7.jpg
48.692962646484375,31.559280395507812,0.0,Doc,0,3,1,5,Document-Real,/mnt/public/public_datasets/OpenMMSecV2/Doc/Real/12cfc00896a44fc18f4f34d9bea6ccf8.jpg
-33.973968505859375,-41.11970901489258,0.0,deepfake,0,1,1,1,Deepfake-Real,/mnt/public/public_datasets/OpenMMSecV2/Deepfake/Real/FF++/91e02d48c6f84ef99077377aad17e003.png
-5.994706630706787,-10.482060432434082,0.0,AIGC,0,2,1,3,AIGC-Real,/mnt/public/public_datasets/OpenMMSecV2/AIGC/other/online/imgs/6519402a0d6e4ad4ab42f52fbd44e3ae.jpg
-58.02127456665039,-6.2027130126953125,0.0,deepfake,1,1,2,2,Deepfake-Fake,/mnt/public/public_datasets/OpenMMSecV2/Deepfake/Fake/FaceReenactment/PIRender/037774e8fd9e41358e3ab426d665db31.png
21.914461135864258,65.6314697265625,0.0,Doc,1,3,2,6,Document-Fake,/mnt/public/public_datasets/OpenMMSecV2/Doc/non_aigc/generation/imgs/83d5309d5155466f94dd8142fc8d30a9.jpg
-59.17097473144531,2.98976993560791,0.0,deepfake,1,1,2,2,Deepfake-Fake,/mnt/public/public_datasets/OpenMMSecV2/Deepfake/Fake/EntireFaceSynthesis/DiT-XL/7e48b927ca9e44aa8c6c16f66f295b3b.png
-50.79229736328125,-18.239824295043945,0.0,deepfake,1,1,2,2,Deepfake-Fake,/mnt/public/public_datasets/OpenMMSecV2/Deepfake/Fake/FaceReenactment/TPSMM/111353a0ba62435794359da721ae23ae.png
-13.611845016479492,14.694449424743652,0.0,IMDL,1,4,2,8,IMDL-Fake,/mnt/public/public_datasets/OpenMMSecV2/IMDL/non_generative/manual_ps/imgs/abcb8beac31e4361bc7aeb91681e7187.jpg
-49.275611877441406,-12.003323554992676,0.0,deepfake,1,1,2,2,Deepfake-Fake,/mnt/public/public_datasets/OpenMMSecV2/Deepfake/Fake/FaceSwap/Deepfake/e1283497746d477787cc9f9524499f9f.png
-0.2076515555381775,25.570499420166016,0.0,AIGC,1,2,2,4,AIGC-Fake,/mnt/public/public_datasets/OpenMMSecV2/AIGC/pixel_diffusion/glide/c670587d94c94a49bd2b7899e8bb7616.jpg
10.215126037597656,-30.395048141479492,0.0,IMDL,0,4,1,7,IMDL-Real,/mnt/public/public_datasets/OpenMMSecV2/IMDL/generative/stable_diffusion/imgs/ca1d1fdcda2a490b8910796461eb78c3.png
23.754188537597656,-11.155484199523926,0.0,Doc,1,3,2,6,Document-Fake,/mnt/public/public_datasets/OpenMMSecV2/Doc/aigc/textocr/imgs/6302372b00474a9fbb5bf63bda046703.jpg
14.3881254196167,-18.341327667236328,0.0,IMDL,0,4,1,7,IMDL-Real,/mnt/public/public_datasets/OpenMMSecV2/IMDL/generative/coco/imgs/2c1a1326afe8472aa5385ca224b905b6.jpg
-24.100799560546875,10.721475601196289,0.0,AIGC,1,2,2,4,AIGC-Fake,/mnt/public/public_datasets/OpenMMSecV2/AIGC/pixel_diffusion/guided_diffusion/b4b79990bbce4f36b9598f34fdc49351.jpg
43.04623794555664,-21.799779891967773,0.0,Doc,0,3,1,5,Document-Real,/mnt/public/public_datasets/OpenMMSecV2/Doc/Real/38c5925ecfb74c3ca4382314f8b03b8b.jpg
-30.875375747680664,-38.83488845825195,0.0,deepfake,0,1,1,1,Deepfake-Real,/mnt/public/public_datasets/OpenMMSecV2/Deepfake/Real/FF++/56a2101171c14f18a045aa1351858d0e.png
6.757757663726807,-24.387454986572266,0.0,IMDL,0,4,1,7,IMDL-Real,/mnt/public/public_datasets/OpenMMSecV2/IMDL/generative/flux_1/imgs/9ebdcdbe35934a50958ac7cd701697f6.png
-0.6706069111824036,2.603039503097534,0.0,IMDL,1,4,2,8,IMDL-Fake,/mnt/public/public_datasets/OpenMMSecV2/IMDL/non_generative/manual_ps/imgs/e0148871d63b4ae0a603a360686686c6.jpg
17.87607765197754,56.20532989501953,0.0,Doc,1,3,2,6,Document-Fake,/mnt/public/public_datasets/OpenMMSecV2/Doc/non_aigc/copy-move/imgs/369294fbbd404246891634f960923d0e.jpg
12.361784934997559,5.156999111175537,0.0,AIGC,0,2,1,3,AIGC-Real,/mnt/public/public_datasets/OpenMMSecV2/AIGC/laion/1ff380d4fe9f4221802ab3afa76cf873.jpg
-0.29604372382164,2.233187437057495,0.0,IMDL,1,4,2,8,IMDL-Fake,/mnt/public/public_datasets/OpenMMSecV2/IMDL/non_generative/manual_ps/imgs/f2c08580864144f4b4ae6d16ee1a5e58.jpg
8.901663780212402,11.287062644958496,0.0,IMDL,1,4,2,8,IMDL-Fake,/mnt/public/public_datasets/OpenMMSecV2/IMDL/non_generative/manual_ps/imgs/65d4e92c506f43aea666d6f0740ab77c.jpg
2.3805747032165527,19.89626121520996,0.0,AIGC,1,2,2,4,AIGC-Fake,/mnt/public/public_datasets/OpenMMSecV2/AIGC/latent_diffusion/systematic/252c3af45f97412b9a6b9e75ab0a5010.jpg
-16.41051483154297,-5.114430904388428,0.0,AIGC,1,2,2,4,AIGC-Fake,/mnt/public/public_datasets/OpenMMSecV2/AIGC/pixel_diffusion/guided_diffusion/a2d1c6fa6e6d47f9a3d9cbeb4885c749.jpg
-58.15956497192383,-9.246485710144043,0.0,deepfake,1,1,2,2,Deepfake-Fake,/mnt/public/public_datasets/OpenMMSecV2/Deepfake/Fake/FaceReenactment/FS_vid2vid/f8605fe3957440968230da59075dd3db.png
-4.740161895751953,-13.064262390136719,0.0,AIGC,1,2,2,4,AIGC-Fake,/mnt/public/public_datasets/OpenMMSecV2/AIGC/latent_diffusion/systematic/bea749049efe487e9a72802eab393a48.jpg
-22.062469482421875,-28.758670806884766,0.0,deepfake,0,1,1,1,Deepfake-Real,/mnt/public/public_datasets/OpenMMSecV2/Deepfake/Real/VFHQ/4f7c0d720cdd4e8c8a978b94e5a1bff9.png
-2.5822877883911133,8.448421478271484,0.0,IMDL,0,4,1,7,IMDL-Real,/mnt/public/public_datasets/OpenMMSecV2/IMDL/generative/flux_1/imgs/413f855d686a4a078ae06435c62e77b3.png
1.1846331357955933,-14.296235084533691,0.0,AIGC,0,2,1,3,AIGC-Real,/mnt/public/public_datasets/OpenMMSecV2/AIGC/laion/e10d99ef7a1d45b99ada8f612564f7bc.jpg
27.44746971130371,17.766817092895508,0.0,AIGC,0,2,1,3,AIGC-Real,/mnt/public/public_datasets/OpenMMSecV2/AIGC/laion/257ad0aaf0064a00846a40d4d1e633c4.jpg
7.7795610427856445,-6.559957027435303,0.0,AIGC,0,2,1,3,AIGC-Real,/mnt/public/public_datasets/OpenMMSecV2/AIGC/other/online/imgs/9fccce85d87a4872b9fe82ee9c4b4af7.jpg
19.73645782470703,4.722458362579346,0.0,AIGC,0,2,1,3,AIGC-Real,/mnt/public/public_datasets/OpenMMSecV2/AIGC/other/online/imgs/1a9d3a307d4c448a9253bae76728c2b1.jpg
26.73963165283203,-29.383731842041016,0.0,Doc,0,3,1,5,Document-Real,/mnt/public/public_datasets/OpenMMSecV2/Doc/aigc/derend/imgs/c0aa1a51c75d42afb050b54191705a7b.jpg
-45.196754455566406,-38.66676330566406,0.0,deepfake,0,1,1,1,Deepfake-Real,/mnt/public/public_datasets/OpenMMSecV2/Deepfake/Real/CelebDF-v2/69f8b772faa64a849b1644b0ccfbead5.png
-1.441635012626648,16.80148696899414,0.0,AIGC,1,2,2,4,AIGC-Fake,/mnt/public/public_datasets/OpenMMSecV2/AIGC/commercial/flux/7d398b6e56c94a69a1ef286dfee32577.jpg
12.983458518981934,-22.058536529541016,0.0,IMDL,0,4,1,7,IMDL-Real,/mnt/public/public_datasets/OpenMMSecV2/IMDL/generative/coco/imgs/855465b1979743fbae6036d0eb2197b0.jpg
-8.602612495422363,-10.016830444335938,0.0,AIGC,1,2,2,4,AIGC-Fake,/mnt/public/public_datasets/OpenMMSecV2/AIGC/commercial/ideogram/fbc32e53e6f04f8dbde8cb17b093fc96.jpg
8.806734085083008,15.671968460083008,0.0,IMDL,1,4,2,8,IMDL-Fake,/mnt/public/public_datasets/OpenMMSecV2/IMDL/non_generative/manual_ps/imgs/17b82e4ac401445eac985e69a53846d7.jpg
-19.49924087524414,-28.01262664794922,0.0,AIGC,0,2,1,3,AIGC-Real,/mnt/public/public_datasets/OpenMMSecV2/AIGC/laion/fe0d5ea370a3478ebe03cd52cd3e0441.jpg
57.866512298583984,20.94121742248535,0.0,Doc,0,3,1,5,Document-Real,/mnt/public/public_datasets/OpenMMSecV2/Doc/Real/d5f48a43e0d14c718f566a9b77c04932.jpg
-5.818721294403076,-6.772070407867432,0.0,IMDL,1,4,2,8,IMDL-Fake,/mnt/public/public_datasets/OpenMMSecV2/IMDL/non_generative/manual_ps/imgs/e0de7d864dd04f6fa68cf878da332fcf.jpg
0.2964342534542084,-17.5552978515625,0.0,IMDL,0,4,1,7,IMDL-Real,/mnt/public/public_datasets/OpenMMSecV2/IMDL/generative/coco/imgs/9b274709119b4e22832254e69454a138.jpg
22.731321334838867,55.51513671875,0.0,Doc,1,3,2,6,Document-Fake,/mnt/public/public_datasets/OpenMMSecV2/Doc/non_aigc/copy-move/imgs/d4b400244d2d4b0a8e27d3e119d9c786.jpg
16.737571716308594,62.9327278137207,0.0,Doc,1,3,2,6,Document-Fake,/mnt/public/public_datasets/OpenMMSecV2/Doc/non_aigc/generation/imgs/fefb5e365dc145a8804c3e38619b6a77.jpg
2.5555481910705566,-0.1058642640709877,0.0,IMDL,1,4,2,8,IMDL-Fake,/mnt/public/public_datasets/OpenMMSecV2/IMDL/non_generative/manual_ps/imgs/c1f5f0b472494cbaa38adb7d241f2176.jpg
-35.861656188964844,-30.311756134033203,0.0,deepfake,0,1,1,1,Deepfake-Real,/mnt/public/public_datasets/OpenMMSecV2/Deepfake/Real/DFD/4788274977be4922bb8d003f90573b87.png
10.026568412780762,-29.297611236572266,0.0,IMDL,0,4,1,7,IMDL-Real,/mnt/public/public_datasets/OpenMMSecV2/IMDL/generative/flux_1/imgs/ea567beb4d9841879a37dce36f931fd8.png
-1.4328175783157349,21.622543334960938,0.0,AIGC,1,2,2,4,AIGC-Fake,/mnt/public/public_datasets/OpenMMSecV2/AIGC/latent_diffusion/systematic/095b3a3f275f4ee2b2c62814feb68e88.jpg
4.457737445831299,59.30475616455078,0.0,Doc,1,3,2,6,Document-Fake,/mnt/public/public_datasets/OpenMMSecV2/Doc/non_aigc/copy-move/imgs/ad98fc04fb9e489ea4bcf14c0b8f4c11.jpg
-30.391651153564453,14.406447410583496,0.0,AIGC,1,2,2,4,AIGC-Fake,/mnt/public/public_datasets/OpenMMSecV2/AIGC/pixel_diffusion/glide/e8f5959f5aeb41bbae9e571e7ed11569.jpg
-39.774497985839844,-2.696380853652954,0.0,AIGC,1,2,2,4,AIGC-Fake,/mnt/public/public_datasets/OpenMMSecV2/AIGC/GAN/ProjectedGAN/93abd2be25fc4c19903afc0c5cc1aab9.jpg
-60.778621673583984,-8.547894477844238,0.0,deepfake,1,1,2,2,Deepfake-Fake,/mnt/public/public_datasets/OpenMMSecV2/Deepfake/Fake/EntireFaceSynthesis/RDDM/ad6704234d014c66ab855d227d06469d.png
3.101109504699707,-19.801971435546875,0.0,IMDL,0,4,1,7,IMDL-Real,/mnt/public/public_datasets/OpenMMSecV2/IMDL/generative/coco/imgs/8efc2810ee6046039a209d2a57fe02ae.jpg
13.365439414978027,-19.815921783447266,0.0,IMDL,0,4,1,7,IMDL-Real,/mnt/public/public_datasets/OpenMMSecV2/IMDL/generative/coco/imgs/26379227657946e1aebafaa0ac155851.jpg
22.026018142700195,-33.252445220947266,0.0,Doc,0,3,1,5,Document-Real,/mnt/public/public_datasets/OpenMMSecV2/Doc/Real/c166d1162cc440c98d291862af4463ab.jpg
-42.091670989990234,-12.078262329101562,0.0,deepfake,1,1,2,2,Deepfake-Fake,/mnt/public/public_datasets/OpenMMSecV2/Deepfake/Fake/FaceSwap/e4s/4bb7768f062a4b0fa376431103668bc1.png
-19.14139747619629,21.352924346923828,0.0,IMDL,1,4,2,8,IMDL-Fake,/mnt/public/public_datasets/OpenMMSecV2/IMDL/generative/paintbyexample/imgs/1925dd32a6174b4e82fb72c5fa755747.png
-35.31433868408203,1.3360989093780518,0.0,AIGC,1,2,2,4,AIGC-Fake,/mnt/public/public_datasets/OpenMMSecV2/AIGC/GAN/StyleSANXL/afd6280ce72a47c295eedb5b60533ef6.jpg
3.0830018520355225,-26.7512149810791,0.0,IMDL,0,4,1,7,IMDL-Real,/mnt/public/public_datasets/OpenMMSecV2/IMDL/generative/stable_diffusion/imgs/b6e427b32ca5459b9b5fbf82bab3b9a1.png
-57.66239547729492,-6.774453163146973,0.0,deepfake,1,1,2,2,Deepfake-Fake,/mnt/public/public_datasets/OpenMMSecV2/Deepfake/Fake/FaceReenactment/OneShot/7d1638e8d4dd489e927d6ebbd10c5457.png
1.7607131004333496,3.06508731842041,0.0,AIGC,0,2,1,3,AIGC-Real,/mnt/public/public_datasets/OpenMMSecV2/AIGC/commercial/wukong/imgs/d813a80c0c6e4dab97e0870a6e4dc523.JPEG
6.904942035675049,-17.26301383972168,0.0,IMDL,1,4,2,8,IMDL-Fake,/mnt/public/public_datasets/OpenMMSecV2/IMDL/generative/gan_mat/imgs/b59f32c942db4848a42168b5b62b5d5e.png
-30.722856521606445,13.035425186157227,0.0,AIGC,1,2,2,4,AIGC-Fake,/mnt/public/public_datasets/OpenMMSecV2/AIGC/GAN/BigGAN/imgs/0c40c444a46f49728ee6508f9ada16cb.png
13.076107025146484,-9.276887893676758,0.0,IMDL,0,4,1,7,IMDL-Real,/mnt/public/public_datasets/OpenMMSecV2/IMDL/non_generative/manual_ps/imgs/e73bb2373cb64c54aca095568fc8ab22.jpg
4.076000690460205,5.466195106506348,0.0,IMDL,1,4,2,8,IMDL-Fake,/mnt/public/public_datasets/OpenMMSecV2/IMDL/non_generative/manual_ps/imgs/3da5b02b2ce34075917b5fa5337cd043.tif
9.975558280944824,-7.119766712188721,0.0,AIGC,0,2,1,3,AIGC-Real,/mnt/public/public_datasets/OpenMMSecV2/AIGC/laion/5039ebf580b249e5bde226923e4dd830.jpg
-40.791229248046875,5.67656135559082,0.0,deepfake,1,1,2,2,Deepfake-Fake,/mnt/public/public_datasets/OpenMMSecV2/Deepfake/Fake/EntireFaceSynthesis/StyleGAN-XL/8010a9c3ab684a229da16c3fca3d4f49.png
44.31751251220703,40.688087463378906,0.0,Doc,0,3,1,5,Document-Real,/mnt/public/public_datasets/OpenMMSecV2/Doc/Real/22b63a61f56141ffa60a584867b779dc.jpg
-56.12791442871094,7.728705406188965,0.0,deepfake,1,1,2,2,Deepfake-Fake,/mnt/public/public_datasets/OpenMMSecV2/Deepfake/Fake/FaceEditing/StarGANv2/8dce80f32dd44d3284e404d80ca380e5.jpg
22.968456268310547,54.729156494140625,0.0,Doc,1,3,2,6,Document-Fake,/mnt/public/public_datasets/OpenMMSecV2/Doc/non_aigc/copy-move/imgs/f0dbbf8751d34cdd81eb98514d5f2c8a.jpg
1.0438213348388672,1.1640223264694214,0.0,AIGC,1,2,2,4,AIGC-Fake,/mnt/public/public_datasets/OpenMMSecV2/AIGC/GAN/CIPS/11b8912a21b14cfd9567e3bebeb3ec23.jpg
20.767179489135742,-4.707276344299316,0.0,Doc,1,3,2,6,Document-Fake,/mnt/public/public_datasets/OpenMMSecV2/Doc/aigc/textocr/imgs/91e40f314e3748dfae58c7e9ef02e8db.jpg
45.85649490356445,32.36800765991211,0.0,AIGC,0,2,1,3,AIGC-Real,/mnt/public/public_datasets/OpenMMSecV2/AIGC/laion/ac5235f1a4cd42b9b342c0afda9d6282.jpg
-53.9105110168457,-12.653498649597168,0.0,deepfake,1,1,2,2,Deepfake-Fake,/mnt/public/public_datasets/OpenMMSecV2/Deepfake/Fake/FaceReenactment/LIA/2393a8f00742435983e8755217f73d98.png
-1.6183873414993286,-24.913909912109375,0.0,IMDL,1,4,2,8,IMDL-Fake,/mnt/public/public_datasets/OpenMMSecV2/IMDL/non_generative/manual_ps/imgs/08e0cff9e4e64c45b7ad06bf72fb3032.jpg
-39.52965545654297,-25.499988555908203,0.0,deepfake,0,1,1,1,Deepfake-Real,/mnt/public/public_datasets/OpenMMSecV2/Deepfake/Real/UADFV/22077ea51ef1452b950a54fcdd90e246.png
-42.11274719238281,9.003460884094238,0.0,AIGC,1,2,2,4,AIGC-Fake,/mnt/public/public_datasets/OpenMMSecV2/AIGC/GAN/StyleSANXL/8c4882fb05eb47ac889b499af56c437d.jpg
-2.298369884490967,9.434396743774414,0.0,IMDL,1,4,2,8,IMDL-Fake,/mnt/public/public_datasets/OpenMMSecV2/IMDL/generative/stable_diffusion/imgs/91c9342df5684659914f680a15da6e4f.png
54.626869201660156,22.415754318237305,0.0,Doc,0,3,1,5,Document-Real,/mnt/public/public_datasets/OpenMMSecV2/Doc/Real/a4ec9aae950b4709829252050a9af31b.jpg
30.447481155395508,3.866848945617676,0.0,AIGC,0,2,1,3,AIGC-Real,/mnt/public/public_datasets/OpenMMSecV2/AIGC/laion/7ef125e24ebb4912b7c71dfcacf789c3.jpg
2.78712797164917,45.91225051879883,0.0,Doc,0,3,1,5,Document-Real,/mnt/public/public_datasets/OpenMMSecV2/Doc/Real/93f56864d3ff47a9a6281c467cc3fdfc.jpg
0.5828509330749512,-39.40165710449219,0.0,Doc,0,3,1,5,Document-Real,/mnt/public/public_datasets/OpenMMSecV2/Doc/Real/6a16ffd6c2094270813d639e92266857.jpg
40.00699996948242,-16.348203659057617,0.0,Doc,0,3,1,5,Document-Real,/mnt/public/public_datasets/OpenMMSecV2/Doc/Real/26d32cde540a488f8e6906dec40c644a.jpg
11.461421012878418,-0.6162293553352356,0.0,IMDL,1,4,2,8,IMDL-Fake,/mnt/public/public_datasets/OpenMMSecV2/IMDL/non_generative/manual_ps/imgs/cae1a2e57e7c44cd9311eba0db44fd5d.jpg
8.821683883666992,-19.682790756225586,0.0,IMDL,0,4,1,7,IMDL-Real,/mnt/public/public_datasets/OpenMMSecV2/IMDL/generative/stable_diffusion/imgs/efcfc0025f0c422d9310646ed6e43f69.png
31.666702270507812,1.0435895919799805,0.0,IMDL,1,4,2,8,IMDL-Fake,/mnt/public/public_datasets/OpenMMSecV2/IMDL/non_generative/manual_ps/imgs/80780876960842f2b8d3f67889f4d3e2.jpg
19.938976287841797,-29.550628662109375,0.0,IMDL,0,4,1,7,IMDL-Real,/mnt/public/public_datasets/OpenMMSecV2/IMDL/generative/coco/imgs/29087a71feff434080095036594717f9.jpg
21.525951385498047,9.133086204528809,0.0,AIGC,0,2,1,3,AIGC-Real,/mnt/public/public_datasets/OpenMMSecV2/AIGC/laion/c07249c68c0244cbb4fedb0a2ce50669.jpg
-9.595986366271973,9.562653541564941,0.0,IMDL,1,4,2,8,IMDL-Fake,/mnt/public/public_datasets/OpenMMSecV2/IMDL/non_generative/manual_ps/imgs/d6836ae1d720483aa7704fde3380635e.jpg
-39.403167724609375,-18.550674438476562,0.0,deepfake,0,1,1,1,Deepfake-Real,/mnt/public/public_datasets/OpenMMSecV2/Deepfake/Real/DFD/59d0b8c2636541f0afaf9c4f77ba724e.png
-35.34051513671875,1.4157124757766724,0.0,AIGC,1,2,2,4,AIGC-Fake,/mnt/public/public_datasets/OpenMMSecV2/AIGC/GAN/StyleSANXL/4a295f973aaf446baa94866aa9115afd.jpg
-51.54199981689453,-10.451313018798828,0.0,deepfake,1,1,2,2,Deepfake-Fake,/mnt/public/public_datasets/OpenMMSecV2/Deepfake/Fake/FaceReenactment/LIA/747c6c4b198e4a42abf38ab04b9d7700.png
40.31211471557617,-16.90118408203125,0.0,Doc,0,3,1,5,Document-Real,/mnt/public/public_datasets/OpenMMSecV2/Doc/Real/b9ab331b8f5448109fda812680413d91.jpg
5.874725818634033,-0.8021298050880432,0.0,IMDL,1,4,2,8,IMDL-Fake,/mnt/public/public_datasets/OpenMMSecV2/IMDL/non_generative/manual_ps/imgs/c5b9dc7ed8d1464eb611de36eb387999.tif
41.008907318115234,-22.267515182495117,0.0,Doc,0,3,1,5,Document-Real,/mnt/public/public_datasets/OpenMMSecV2/Doc/aigc/derend/imgs/9af215c16a45436bbb6bb2accdac6c82.jpg
4.892022132873535,44.20022964477539,0.0,Doc,0,3,1,5,Document-Real,/mnt/public/public_datasets/OpenMMSecV2/Doc/Real/ae79826cfcec471bb8886eabf22a4bf6.jpg
8.490718841552734,-23.99341583251953,0.0,IMDL,1,4,2,8,IMDL-Fake,/mnt/public/public_datasets/OpenMMSecV2/IMDL/generative/gan_mat/imgs/36988cf9b6e544cca5d78d2fe1e3566e.png
29.49073600769043,-9.369735717773438,0.0,Doc,1,3,2,6,Document-Fake,/mnt/public/public_datasets/OpenMMSecV2/Doc/aigc/textdiff/imgs/dc61c5cb270f4402bbd2ac864d239797.jpg
-49.801082611083984,-34.88636779785156,0.0,deepfake,0,1,1,1,Deepfake-Real,/mnt/public/public_datasets/OpenMMSecV2/Deepfake/Real/CelebDF-v2/853c49703455450f80c452a4bc1c515a.png
25.651620864868164,51.02387619018555,0.0,Doc,1,3,2,6,Document-Fake,/mnt/public/public_datasets/OpenMMSecV2/Doc/non_aigc/generation/imgs/838f0e6b77994753996d444fad058ad0.jpg
-7.64272928237915,-13.295684814453125,0.0,AIGC,0,2,1,3,AIGC-Real,/mnt/public/public_datasets/OpenMMSecV2/AIGC/laion/17de1a1223cb4aa2bcfcd03fa8ad5fd6.jpg
10.536909103393555,5.162185192108154,0.0,IMDL,0,4,1,7,IMDL-Real,/mnt/public/public_datasets/OpenMMSecV2/IMDL/generative/coco/imgs/695e21233e134ced955851fa88b45cd4.jpg
-9.765450477600098,0.5877136588096619,0.0,IMDL,1,4,2,8,IMDL-Fake,/mnt/public/public_datasets/OpenMMSecV2/IMDL/non_generative/manual_ps/imgs/b090c0f563e04d9789e187b0e4ef0b0d.jpg
-42.8844108581543,-38.3676643371582,0.0,deepfake,0,1,1,1,Deepfake-Real,/mnt/public/public_datasets/OpenMMSecV2/Deepfake/Real/CelebDF-v2/bf2ac041afc04b73921e319a13523714.png
-7.4165520668029785,-13.365910530090332,0.0,IMDL,1,4,2,8,IMDL-Fake,/mnt/public/public_datasets/OpenMMSecV2/IMDL/generative/stable_diffusion/imgs/2810d504e1a2470f8a0a9974033db7a6.png
1.8115640878677368,5.011171817779541,0.0,IMDL,1,4,2,8,IMDL-Fake,/mnt/public/public_datasets/OpenMMSecV2/IMDL/non_generative/manual_ps/imgs/48a3d79c710b40f1a58cb2bedc7596ba.jpg
1.1479235887527466,48.20122528076172,0.0,Doc,0,3,1,5,Document-Real,/mnt/public/public_datasets/OpenMMSecV2/Doc/Real/3f453c8520524d8b8a8435f9f67a0c1e.jpg
31.838794708251953,-4.717159748077393,0.0,AIGC,0,2,1,3,AIGC-Real,/mnt/public/public_datasets/OpenMMSecV2/AIGC/laion/26109d35853142668bcfa3e556ea3044.jpg
49.88316345214844,30.72245979309082,0.0,Doc,0,3,1,5,Document-Real,/mnt/public/public_datasets/OpenMMSecV2/Doc/Real/76d91c5284794898979f5a4e1cea899d.jpg
25.11153793334961,20.016483306884766,0.0,AIGC,0,2,1,3,AIGC-Real,/mnt/public/public_datasets/OpenMMSecV2/AIGC/laion/31a33cb012724e03843f2ae98b362dd5.jpg
-20.360126495361328,12.148484230041504,0.0,AIGC,1,2,2,4,AIGC-Fake,/mnt/public/public_datasets/OpenMMSecV2/AIGC/pixel_diffusion/adm/imgs/fd4c60c029ec40ed8b9da7eddc4d3669.PNG
-13.639464378356934,9.335186958312988,0.0,IMDL,1,4,2,8,IMDL-Fake,/mnt/public/public_datasets/OpenMMSecV2/IMDL/non_generative/manual_ps/imgs/885c92dd383b444d980bdf4017ff21ac.jpg
57.38450622558594,19.118133544921875,0.0,Doc,0,3,1,5,Document-Real,/mnt/public/public_datasets/OpenMMSecV2/Doc/Real/0cf4b2dfead54e6385fc2281ba2a5be1.jpg
-8.225191116333008,-13.359539031982422,0.0,IMDL,1,4,2,8,IMDL-Fake,/mnt/public/public_datasets/OpenMMSecV2/IMDL/generative/flux_1/imgs/cc868985d95b47b58bb7d89ec7a68195.png
3.3527462482452393,-2.4325108528137207,0.0,IMDL,0,4,1,7,IMDL-Real,/mnt/public/public_datasets/OpenMMSecV2/IMDL/generative/flux_1/imgs/f323562cbf7e4b3c9ba622a17eb917a3.png
54.218929290771484,20.492874145507812,0.0,Doc,0,3,1,5,Document-Real,/mnt/public/public_datasets/OpenMMSecV2/Doc/Real/588b844c51d34064820aa83f453cb71e.jpg
5.186160087585449,43.74452209472656,0.0,Doc,0,3,1,5,Document-Real,/mnt/public/public_datasets/OpenMMSecV2/Doc/Real/a5c775bc8c5241acabc2cb46cd4bce2f.jpg
35.114585876464844,-13.640658378601074,0.0,Doc,1,3,2,6,Document-Fake,/mnt/public/public_datasets/OpenMMSecV2/Doc/aigc/udifftext/imgs/ab4c1d216c314e5eaace2387be7c0678.jpg
32.060829162597656,19.012237548828125,0.0,AIGC,0,2,1,3,AIGC-Real,/mnt/public/public_datasets/OpenMMSecV2/AIGC/laion/3ed1d9420b4247ed91f019c60d340f74.jpg
2.362931489944458,20.758325576782227,0.0,IMDL,1,4,2,8,IMDL-Fake,/mnt/public/public_datasets/OpenMMSecV2/IMDL/generative/flux_1/imgs/f7aadfdfe657467e802f8dad20aded4d.png
9.352959632873535,-26.811756134033203,0.0,IMDL,0,4,1,7,IMDL-Real,/mnt/public/public_datasets/OpenMMSecV2/IMDL/generative/flux_1/imgs/aeedcb83c1b6445aa133a6a077b40300.png
-21.350414276123047,25.72383689880371,0.0,IMDL,1,4,2,8,IMDL-Fake,/mnt/public/public_datasets/OpenMMSecV2/IMDL/generative/paintbyexample/imgs/40778168ffd341199576e0480052c03a.tiff
19.068252563476562,65.41106414794922,0.0,Doc,1,3,2,6,Document-Fake,/mnt/public/public_datasets/OpenMMSecV2/Doc/non_aigc/generation/imgs/5a953627a6494f2badd53df881716956.jpg
9.547752380371094,55.43067932128906,0.0,Doc,1,3,2,6,Document-Fake,/mnt/public/public_datasets/OpenMMSecV2/Doc/non_aigc/inpaint/imgs/3a70cc120452499a98494fb7b0366429.jpg
-15.563552856445312,19.046045303344727,0.0,IMDL,1,4,2,8,IMDL-Fake,/mnt/public/public_datasets/OpenMMSecV2/IMDL/generative/stable_diffusion/imgs/dedf3e0b470141b08757641bba79536c.jpg
-26.86540412902832,-29.540855407714844,0.0,deepfake,0,1,1,1,Deepfake-Real,/mnt/public/public_datasets/OpenMMSecV2/Deepfake/Real/FF++/0ad9a1f814f14e81a35bd225c49611d6.png
-46.92776107788086,-38.97504806518555,0.0,deepfake,0,1,1,1,Deepfake-Real,/mnt/public/public_datasets/OpenMMSecV2/Deepfake/Real/CelebDF-v2/d38f2abb660440a7a277a3193bcf6463.png
-9.254751205444336,15.759727478027344,0.0,IMDL,1,4,2,8,IMDL-Fake,/mnt/public/public_datasets/OpenMMSecV2/IMDL/non_generative/manual_ps/imgs/f8dc0fc7ce4f4f17b33dcec467765265.jpg
-54.60757064819336,9.869980812072754,0.0,deepfake,1,1,2,2,Deepfake-Fake,/mnt/public/public_datasets/OpenMMSecV2/Deepfake/Fake/EntireFaceSynthesis/WhichisReal/e28b6a5439d04868af2bf7a1b26d736c.png
-21.154817581176758,-24.53993034362793,0.0,deepfake,0,1,1,1,Deepfake-Real,/mnt/public/public_datasets/OpenMMSecV2/Deepfake/Real/CelebA/53776c7d4fb443dcaf2ce364be46d25e.jpg
20.371492385864258,64.84049987792969,0.0,Doc,1,3,2,6,Document-Fake,/mnt/public/public_datasets/OpenMMSecV2/Doc/non_aigc/generation/imgs/d6a82080f3444145aa736c3e174d8d6f.jpg
46.31268310546875,33.362667083740234,0.0,Doc,1,3,2,6,Document-Fake,/mnt/public/public_datasets/OpenMMSecV2/Doc/non_aigc/cpmv/imgs/6ed076ce0236427b993289eb79fbf184.jpg
-7.280792713165283,-26.817598342895508,0.0,deepfake,0,1,1,1,Deepfake-Real,/mnt/public/public_datasets/OpenMMSecV2/Deepfake/Real/VFHQ/614858d08dc14f268ec65bf898e10d0d.png
25.970247268676758,12.210458755493164,0.0,AIGC,0,2,1,3,AIGC-Real,/mnt/public/public_datasets/OpenMMSecV2/AIGC/laion/c646fc0769c54c6da779a753f1fd5278.jpg
-48.84410858154297,7.474339008331299,0.0,AIGC,1,2,2,4,AIGC-Fake,/mnt/public/public_datasets/OpenMMSecV2/AIGC/autoregressive_model/tamingtransformers/5a09fe3fae304bfdaca651c7fd877bbc.jpg
19.515811920166016,-29.533166885375977,0.0,IMDL,0,4,1,7,IMDL-Real,/mnt/public/public_datasets/OpenMMSecV2/IMDL/generative/flux_1/imgs/1e07e3417beb4f8eb8a9f28c8599ef1a.png
4.5409932136535645,-39.122650146484375,0.0,IMDL,0,4,1,7,IMDL-Real,/mnt/public/public_datasets/OpenMMSecV2/IMDL/generative/coco/imgs/a3ebed4e8e6146a09433eab770b9344a.jpg
-22.129459381103516,13.013253211975098,0.0,AIGC,1,2,2,4,AIGC-Fake,/mnt/public/public_datasets/OpenMMSecV2/AIGC/commercial/firefly/5dc33533e1704805b6a4bb790e0f0f0a.jpg
-14.847203254699707,20.924938201904297,0.0,IMDL,1,4,2,8,IMDL-Fake,/mnt/public/public_datasets/OpenMMSecV2/IMDL/generative/gan_mat/imgs/137d1dd9c14d4988aa5cdf60b7212a3c.jpg
28.19802474975586,17.078899383544922,0.0,AIGC,0,2,1,3,AIGC-Real,/mnt/public/public_datasets/OpenMMSecV2/AIGC/laion/139759ddf48b4222b968e896249c01fa.jpg
1.8712090253829956,17.257246017456055,0.0,IMDL,1,4,2,8,IMDL-Fake,/mnt/public/public_datasets/OpenMMSecV2/IMDL/generative/flux_1/imgs/42047996beca4dc0b4a7b6f71c4f25e4.png
30.83542823791504,8.464459419250488,0.0,AIGC,0,2,1,3,AIGC-Real,/mnt/public/public_datasets/OpenMMSecV2/AIGC/laion/ed353fed767d4a7c9316d523a881c030.jpg
18.857452392578125,-22.230066299438477,0.0,IMDL,0,4,1,7,IMDL-Real,/mnt/public/public_datasets/OpenMMSecV2/IMDL/generative/stable_diffusion/imgs/a51c890106f6406889fcfd5f72375da3.png
21.24374008178711,64.92501068115234,0.0,Doc,1,3,2,6,Document-Fake,/mnt/public/public_datasets/OpenMMSecV2/Doc/non_aigc/copy-move/imgs/a6c404553eb045f8b2dc1ab6e170df5f.jpg
26.769439697265625,-18.371103286743164,0.0,Doc,0,3,1,5,Document-Real,/mnt/public/public_datasets/OpenMMSecV2/Doc/aigc/derend/imgs/064e579c1e4440758debe27e875955cb.jpg
30.140499114990234,5.534090995788574,0.0,AIGC,0,2,1,3,AIGC-Real,/mnt/public/public_datasets/OpenMMSecV2/AIGC/laion/8f682f7b07e549cb8c5995abb9295150.jpg
-22.42654037475586,5.471469402313232,0.0,AIGC,1,2,2,4,AIGC-Fake,/mnt/public/public_datasets/OpenMMSecV2/AIGC/GAN/styleGANs/c29c8749aebb42a99211fffa565b09c0.jpg
4.6544108390808105,62.40554428100586,0.0,Doc,1,3,2,6,Document-Fake,/mnt/public/public_datasets/OpenMMSecV2/Doc/non_aigc/copy-move/imgs/b97ca5b8a5e04fc099f4cd5c61e8182c.jpg
20.519386291503906,63.37656784057617,0.0,Doc,1,3,2,6,Document-Fake,/mnt/public/public_datasets/OpenMMSecV2/Doc/non_aigc/generation/imgs/7384633cfbea449c807d40216c6ee30c.jpg
2.5155117511749268,-0.3094031512737274,0.0,AIGC,0,2,1,3,AIGC-Real,/mnt/public/public_datasets/OpenMMSecV2/AIGC/other/online/imgs/1daf84877d154f22bc2aad80abe8a996.jpg
8.750879287719727,-18.396953582763672,0.0,IMDL,0,4,1,7,IMDL-Real,/mnt/public/public_datasets/OpenMMSecV2/IMDL/generative/coco/imgs/c9ddd544db6444868bbbe76f15f6ab70.jpg
-41.00619888305664,11.99059009552002,0.0,deepfake,1,1,2,2,Deepfake-Fake,/mnt/public/public_datasets/OpenMMSecV2/Deepfake/Fake/EntireFaceSynthesis/StyleGAN3/0730a297355046c48d4c3cfe398265e3.png
-33.986122131347656,-42.251304626464844,0.0,deepfake,0,1,1,1,Deepfake-Real,/mnt/public/public_datasets/OpenMMSecV2/Deepfake/Real/FF++/06180021fb0f45d1b4b4a91007d95131.png
-40.23701477050781,14.63961410522461,0.0,deepfake,1,1,2,2,Deepfake-Fake,/mnt/public/public_datasets/OpenMMSecV2/Deepfake/Fake/EntireFaceSynthesis/SD-2.1/e820e3a29be743c89e5fe81066346c4a.png
-4.095162868499756,-5.603793621063232,0.0,IMDL,1,4,2,8,IMDL-Fake,/mnt/public/public_datasets/OpenMMSecV2/IMDL/generative/stable_diffusion/imgs/38f6ae3309da4a7f85924ee465da1eff.png
-22.566387176513672,-29.11191749572754,0.0,deepfake,0,1,1,1,Deepfake-Real,/mnt/public/public_datasets/OpenMMSecV2/Deepfake/Real/FFHQ/37399c413cdf46dfb42cbf675db88cd9.jpeg
-30.541635513305664,-41.1004524230957,0.0,deepfake,0,1,1,1,Deepfake-Real,/mnt/public/public_datasets/OpenMMSecV2/Deepfake/Real/FF++/5e67c68a10b54fedb5db12328fa9157f.png
10.289517402648926,-30.627685546875,0.0,IMDL,1,4,2,8,IMDL-Fake,/mnt/public/public_datasets/OpenMMSecV2/IMDL/non_generative/manual_ps/imgs/796397653d8a48148e7cacf007c1e9d9.jpg
5.820002555847168,-27.578994750976562,0.0,IMDL,0,4,1,7,IMDL-Real,/mnt/public/public_datasets/OpenMMSecV2/IMDL/generative/stable_diffusion/imgs/a2daf86c55eb4f66ad6055f9c3a0e57d.png
-5.099663257598877,8.795326232910156,0.0,IMDL,1,4,2,8,IMDL-Fake,/mnt/public/public_datasets/OpenMMSecV2/IMDL/non_generative/manual_ps/imgs/00591626255a439788235d427ab4d0bc.jpg
29.00737762451172,2.9755611419677734,0.0,IMDL,0,4,1,7,IMDL-Real,/mnt/public/public_datasets/OpenMMSecV2/IMDL/generative/stable_diffusion/imgs/2d8fa8daab4e47099b56b3ff51027a00.png
-54.77934646606445,-13.515748023986816,0.0,deepfake,1,1,2,2,Deepfake-Fake,/mnt/public/public_datasets/OpenMMSecV2/Deepfake/Fake/FaceSwap/SimSwap/e2ac07e8c80c44d98a24842abaceb55c.png
28.129674911499023,15.946380615234375,0.0,AIGC,0,2,1,3,AIGC-Real,/mnt/public/public_datasets/OpenMMSecV2/AIGC/laion/1e82a51e2ed44128b55abd27a0864c14.jpg
-9.343597412109375,5.578121662139893,0.0,IMDL,1,4,2,8,IMDL-Fake,/mnt/public/public_datasets/OpenMMSecV2/IMDL/generative/gan_mat/imgs/b5528065351546caa5a5e2a045b1f8d2.png
5.364135265350342,45.18791580200195,0.0,Doc,1,3,2,6,Document-Fake,/mnt/public/public_datasets/OpenMMSecV2/Doc/non_aigc/cover/imgs/29a2694585f5435387cea7d0c7bc70e4.jpg
52.04425048828125,18.604272842407227,0.0,Doc,0,3,1,5,Document-Real,/mnt/public/public_datasets/OpenMMSecV2/Doc/Real/a1c14ddc09fc46d18feedf020ad41bc8.jpg
-17.206329345703125,-2.7517640590667725,0.0,IMDL,1,4,2,8,IMDL-Fake,/mnt/public/public_datasets/OpenMMSecV2/IMDL/non_generative/manual_ps/imgs/ab0716be585541efa347484bb3b522b1.jpg
-6.993829727172852,22.166481018066406,0.0,AIGC,1,2,2,4,AIGC-Fake,/mnt/public/public_datasets/OpenMMSecV2/AIGC/latent_diffusion/systematic/33432c9986da48afb4d4a2f4b691dffa.jpg
44.275386810302734,-19.9313907623291,0.0,Doc,0,3,1,5,Document-Real,/mnt/public/public_datasets/OpenMMSecV2/Doc/aigc/udifftext/imgs/382be2e5e45644adaea567d0c4d64c2c.jpg
6.202910423278809,43.69150161743164,0.0,Doc,0,3,1,5,Document-Real,/mnt/public/public_datasets/OpenMMSecV2/Doc/Real/3bec6e8071364ac2820b202bdb1df13f.jpg
25.297086715698242,16.221290588378906,0.0,AIGC,0,2,1,3,AIGC-Real,/mnt/public/public_datasets/OpenMMSecV2/AIGC/laion/c7b2a810cd03473f80f68b48a80fbe51.jpg
-35.511409759521484,-31.2357120513916,0.0,deepfake,0,1,1,1,Deepfake-Real,/mnt/public/public_datasets/OpenMMSecV2/Deepfake/Real/VFHQ/7f43022e841742fca024156641661733.png
-15.134918212890625,-13.305342674255371,0.0,AIGC,1,2,2,4,AIGC-Fake,/mnt/public/public_datasets/OpenMMSecV2/AIGC/other/online/imgs/9ba92274c441424b86a9492722c825ef.jpg
13.897477149963379,59.481712341308594,0.0,Doc,0,3,1,5,Document-Real,/mnt/public/public_datasets/OpenMMSecV2/Doc/Real/1b49458103724dc3973c1258ec40814b.jpg
17.551910400390625,-5.468174457550049,0.0,AIGC,1,2,2,4,AIGC-Fake,/mnt/public/public_datasets/OpenMMSecV2/AIGC/other/online/imgs/1685017579f447d38383aa6590572783.jpg
-22.400663375854492,6.813961982727051,0.0,AIGC,1,2,2,4,AIGC-Fake,/mnt/public/public_datasets/OpenMMSecV2/AIGC/pixel_diffusion/glide/imgs/f7540fcfa4f54f95be52460e9f64d2ac.png
7.3258538246154785,47.395694732666016,0.0,Doc,1,3,2,6,Document-Fake,/mnt/public/public_datasets/OpenMMSecV2/Doc/non_aigc/cover/imgs/56142e298a2c46a4b213940594c2d0a7.jpg
-5.105764389038086,-5.819091796875,0.0,AIGC,0,2,1,3,AIGC-Real,/mnt/public/public_datasets/OpenMMSecV2/AIGC/laion/0bc3101164ed4d60b66645d87cc16d24.jpg
39.96878433227539,-9.10018253326416,0.0,Doc,0,3,1,5,Document-Real,/mnt/public/public_datasets/OpenMMSecV2/Doc/Real/33f8b37aef694f839011c571af6bacec.jpg
-6.814618110656738,5.157181739807129,0.0,IMDL,0,4,1,7,IMDL-Real,/mnt/public/public_datasets/OpenMMSecV2/IMDL/generative/stable_diffusion/imgs/9c9135afe83e4f808afb69807b4c395c.png
3.860908031463623,20.446434020996094,0.0,AIGC,1,2,2,4,AIGC-Fake,/mnt/public/public_datasets/OpenMMSecV2/AIGC/latent_diffusion/systematic/4951016535a445219f531c920d2cc294.jpg
34.74215316772461,-14.580682754516602,0.0,Doc,1,3,2,6,Document-Fake,/mnt/public/public_datasets/OpenMMSecV2/Doc/aigc/textocr/imgs/9b89e00889324d7f8576de16808d3d07.jpg
27.672433853149414,-17.25176239013672,0.0,Doc,0,3,1,5,Document-Real,/mnt/public/public_datasets/OpenMMSecV2/Doc/Real/6d7409b955194ea1b8a0f8dfeca35fbb.jpg
52.06233215332031,18.73759651184082,0.0,Doc,0,3,1,5,Document-Real,/mnt/public/public_datasets/OpenMMSecV2/Doc/Real/c5f66c0f496648efb35ae856790312b8.jpg
-49.640045166015625,-9.521637916564941,0.0,deepfake,1,1,2,2,Deepfake-Fake,/mnt/public/public_datasets/OpenMMSecV2/Deepfake/Fake/EntireFaceSynthesis/StyleGAN-XL/21ede76788e4403ca05284605325d6ca.png
28.589998245239258,5.4076409339904785,0.0,AIGC,0,2,1,3,AIGC-Real,/mnt/public/public_datasets/OpenMMSecV2/AIGC/laion/a56423805cbf4703b50ed4eeeecc98ec.jpg
19.010644912719727,-1.4405690431594849,0.0,AIGC,0,2,1,3,AIGC-Real,/mnt/public/public_datasets/OpenMMSecV2/AIGC/laion/d7455f351ae340f8a52263e6c02bac0d.jpg
0.6619555354118347,61.277931213378906,0.0,Doc,1,3,2,6,Document-Fake,/mnt/public/public_datasets/OpenMMSecV2/Doc/non_aigc/copy-move/imgs/76de9a9a51bc42f0aaaaf064c22603e7.jpg
9.67837905883789,-25.777904510498047,0.0,IMDL,0,4,1,7,IMDL-Real,/mnt/public/public_datasets/OpenMMSecV2/IMDL/generative/coco/imgs/bad61613918b4905be34c60a29f7fa4d.jpg
-26.663082122802734,16.538949966430664,0.0,IMDL,1,4,2,8,IMDL-Fake,/mnt/public/public_datasets/OpenMMSecV2/IMDL/non_generative/manual_ps/imgs/640b16511a93455eb4763b5060199fc2.jpg
39.515071868896484,-23.97169303894043,0.0,Doc,0,3,1,5,Document-Real,/mnt/public/public_datasets/OpenMMSecV2/Doc/Real/4dcbaaea7cd0476e9fba0704830f1e7e.jpg
15.108097076416016,-35.908409118652344,0.0,AIGC,0,2,1,3,AIGC-Real,/mnt/public/public_datasets/OpenMMSecV2/AIGC/commercial/wukong/imgs/1020ee8a9db8463881b90eba35036d8a.JPEG
51.512168884277344,18.107295989990234,0.0,Doc,0,3,1,5,Document-Real,/mnt/public/public_datasets/OpenMMSecV2/Doc/Real/d7f61c3406ca468f95f0bef0f9f32aa2.jpg
-44.84931564331055,7.571097373962402,0.0,AIGC,1,2,2,4,AIGC-Fake,/mnt/public/public_datasets/OpenMMSecV2/AIGC/autoregressive_model/tamingtransformers/0c8cfcbd469f4a79a6b223cd6d402e41.jpg
-48.0457878112793,-24.622669219970703,0.0,deepfake,0,1,1,1,Deepfake-Real,/mnt/public/public_datasets/OpenMMSecV2/Deepfake/Real/CelebDF-v2/2d25416cf8c947668d6ebff26ef9b86e.png
-59.266178131103516,-7.771387577056885,0.0,deepfake,1,1,2,2,Deepfake-Fake,/mnt/public/public_datasets/OpenMMSecV2/Deepfake/Fake/FaceReenactment/FS_vid2vid/9fed1122bea14582b45094cceb3201e3.png
-19.116788864135742,8.800836563110352,0.0,IMDL,1,4,2,8,IMDL-Fake,/mnt/public/public_datasets/OpenMMSecV2/IMDL/non_generative/manual_ps/imgs/fa0c98562e634d47bf3efa7597e48488.jpg
-47.44012451171875,-7.4827561378479,0.0,deepfake,1,1,2,2,Deepfake-Fake,/mnt/public/public_datasets/OpenMMSecV2/Deepfake/Fake/FaceEditing/StarGANv2/28b3c006c9744243bb2b9ee76c498e63.jpg
-45.26655960083008,8.756118774414062,0.0,AIGC,1,2,2,4,AIGC-Fake,/mnt/public/public_datasets/OpenMMSecV2/AIGC/autoregressive_model/tamingtransformers/b339632212c14d04b0a38af7120b2120.jpg
-20.51308822631836,25.0678653717041,0.0,IMDL,1,4,2,8,IMDL-Fake,/mnt/public/public_datasets/OpenMMSecV2/IMDL/generative/gan_mat/imgs/9f928c85c40a483890aa6fc0dea3f4e4.png
-20.63462257385254,6.5170440673828125,0.0,IMDL,1,4,2,8,IMDL-Fake,/mnt/public/public_datasets/OpenMMSecV2/IMDL/generative/stable_diffusion/imgs/04a70e804c3c4940b31b26470fd518fb.png
-58.39004898071289,-8.919717788696289,0.0,deepfake,1,1,2,2,Deepfake-Fake,/mnt/public/public_datasets/OpenMMSecV2/Deepfake/Fake/FaceReenactment/OneShot/bbc6cdc7d752430ab07eb0b0d15c1d48.png
11.426789283752441,17.968090057373047,0.0,IMDL,0,4,1,7,IMDL-Real,/mnt/public/public_datasets/OpenMMSecV2/IMDL/generative/stable_diffusion/imgs/672e1ae4848841958cc9f222765c0eec.png
34.9196662902832,-22.353286743164062,0.0,Doc,1,3,2,6,Document-Fake,/mnt/public/public_datasets/OpenMMSecV2/Doc/aigc/textdiff/imgs/b0a6f43a31e04448b1af0e517a8eb792.jpg
13.600981712341309,-15.861719131469727,0.0,IMDL,0,4,1,7,IMDL-Real,/mnt/public/public_datasets/OpenMMSecV2/IMDL/generative/coco/imgs/24d62607807a454786ed7980f15c7b6c.jpg
47.571144104003906,37.47139358520508,0.0,Doc,0,3,1,5,Document-Real,/mnt/public/public_datasets/OpenMMSecV2/Doc/Real/e03a96dbd6d646d8a147a582f8a4f0ea.jpg
-44.51713943481445,8.709918975830078,0.0,AIGC,1,2,2,4,AIGC-Fake,/mnt/public/public_datasets/OpenMMSecV2/AIGC/autoregressive_model/tamingtransformers/e1708b9b8a7d484391a14d7f9d79744b.jpg
9.504875183105469,-16.410884857177734,0.0,IMDL,0,4,1,7,IMDL-Real,/mnt/public/public_datasets/OpenMMSecV2/IMDL/generative/coco/imgs/dfd7577e39c34a569311ad5a8cacef7c.jpg
4.352766990661621,63.17022705078125,0.0,Doc,1,3,2,6,Document-Fake,/mnt/public/public_datasets/OpenMMSecV2/Doc/non_aigc/copy-move/imgs/f558e7a0a86d4ae19f0fc039f246e67d.jpg
-43.930450439453125,-25.709333419799805,0.0,deepfake,0,1,1,1,Deepfake-Real,/mnt/public/public_datasets/OpenMMSecV2/Deepfake/Real/CelebDF-v2/1c73f469bc9648dea293b6ec993147a3.png
43.6938591003418,41.61305618286133,0.0,Doc,1,3,2,6,Document-Fake,/mnt/public/public_datasets/OpenMMSecV2/Doc/non_aigc/copy-move/imgs/319b3d36f1c14da8847e26f9dcea67c0.jpg
-9.639520645141602,13.569266319274902,0.0,IMDL,1,4,2,8,IMDL-Fake,/mnt/public/public_datasets/OpenMMSecV2/IMDL/non_generative/manual_ps/imgs/b62f0a8a9e3a4058ae90c917cc5d3726.jpg
45.73395538330078,37.06513595581055,0.0,Doc,1,3,2,6,Document-Fake,/mnt/public/public_datasets/OpenMMSecV2/Doc/non_aigc/cover/imgs/32d16835951b4e4194654316dc6d17a4.jpg
-0.6028538942337036,59.09115219116211,0.0,Doc,1,3,2,6,Document-Fake,/mnt/public/public_datasets/OpenMMSecV2/Doc/non_aigc/copy-move/imgs/3faf174995d0492bbca4dff2383903f0.jpg
-44.06786346435547,-29.90282440185547,0.0,deepfake,0,1,1,1,Deepfake-Real,/mnt/public/public_datasets/OpenMMSecV2/Deepfake/Real/FF++/4c98f488e35c4ef59c541ba6647c819b.png
43.98915481567383,-19.460824966430664,0.0,Doc,0,3,1,5,Document-Real,/mnt/public/public_datasets/OpenMMSecV2/Doc/aigc/derend/imgs/1f474300c3304deb891e0762f4dc3a95.jpg
-7.082308292388916,0.9399015307426453,0.0,IMDL,1,4,2,8,IMDL-Fake,/mnt/public/public_datasets/OpenMMSecV2/IMDL/non_generative/manual_ps/imgs/c78a4fc117de4679bd23dd8d33eba0ea.jpg
-31.690017700195312,-34.974369049072266,0.0,deepfake,0,1,1,1,Deepfake-Real,/mnt/public/public_datasets/OpenMMSecV2/Deepfake/Real/CelebDF-v2/e94b6689512c4a96868c69685d294c31.png
-52.52139663696289,-12.5230712890625,0.0,deepfake,1,1,2,2,Deepfake-Fake,/mnt/public/public_datasets/OpenMMSecV2/Deepfake/Fake/FaceReenactment/OneShot/3c87ca720e704a588160360b20b9ca72.png
26.769437789916992,-18.371164321899414,0.0,Doc,0,3,1,5,Document-Real,/mnt/public/public_datasets/OpenMMSecV2/Doc/Real/86881bf479314ef889f07cafa1c14c8a.jpg
-5.522335052490234,10.129569053649902,0.0,IMDL,1,4,2,8,IMDL-Fake,/mnt/public/public_datasets/OpenMMSecV2/IMDL/non_generative/manual_ps/imgs/1b86e3688c1d48eebb3bfe1388402d09.jpg
20.51651382446289,63.811431884765625,0.0,Doc,1,3,2,6,Document-Fake,/mnt/public/public_datasets/OpenMMSecV2/Doc/non_aigc/copy-move/imgs/f94e1cf08a79401ab79d9054c83dd06a.jpg
24.97524070739746,53.15320587158203,0.0,Doc,1,3,2,6,Document-Fake,/mnt/public/public_datasets/OpenMMSecV2/Doc/non_aigc/copy-move/imgs/42d5209c347843fc831e3f5ceaad49a7.jpg
-7.863005638122559,8.805237770080566,0.0,IMDL,1,4,2,8,IMDL-Fake,/mnt/public/public_datasets/OpenMMSecV2/IMDL/non_generative/manual_ps/imgs/d380aa855e4d4400b5f04269aef2d099.jpg
-37.97426223754883,-15.392465591430664,0.0,deepfake,1,1,2,2,Deepfake-Fake,/mnt/public/public_datasets/OpenMMSecV2/Deepfake/Fake/FaceReenactment/Wav2Lip/1c414dc5443f4a8fb61cddb00295d432.png
-0.09686414152383804,1.9445364475250244,0.0,AIGC,0,2,1,3,AIGC-Real,/mnt/public/public_datasets/OpenMMSecV2/AIGC/other/online/imgs/b7bc993d3ba64d4d9b4586cca744e1e5.jpg
-18.357479095458984,3.5350961685180664,0.0,AIGC,1,2,2,4,AIGC-Fake,/mnt/public/public_datasets/OpenMMSecV2/AIGC/pixel_diffusion/glide/imgs/770496ad3dfe4aedb79fb69548fb617d.png
-45.2784309387207,-37.58612823486328,0.0,deepfake,0,1,1,1,Deepfake-Real,/mnt/public/public_datasets/OpenMMSecV2/Deepfake/Real/CelebDF-v2/6553480dea1d444bb15f3f969add3707.png
33.57233428955078,-13.173744201660156,0.0,Doc,1,3,2,6,Document-Fake,/mnt/public/public_datasets/OpenMMSecV2/Doc/aigc/udifftext/imgs/e9708327b53c4f858c17b3d511f4814c.jpg
-45.61274337768555,-23.617826461791992,0.0,deepfake,1,1,2,2,Deepfake-Fake,/mnt/public/public_datasets/OpenMMSecV2/Deepfake/Fake/FaceSwap/InSwapper/b3ebe30364604a519671bc7f96dda5d2.png
11.94982624053955,3.2310378551483154,0.0,AIGC,0,2,1,3,AIGC-Real,/mnt/public/public_datasets/OpenMMSecV2/AIGC/other/online/imgs/af764bff907c406baf3774ee1ea32362.jpg
29.7119197845459,4.617031574249268,0.0,AIGC,0,2,1,3,AIGC-Real,/mnt/public/public_datasets/OpenMMSecV2/AIGC/laion/6f94ec666af04eaebc03163bbec20445.jpg
4.950211524963379,-3.175215244293213,0.0,IMDL,1,4,2,8,IMDL-Fake,/mnt/public/public_datasets/OpenMMSecV2/IMDL/non_generative/manual_ps/imgs/e2c5dbcdf1394440862829daf1af4ad3.tif
0.15160886943340302,-4.5668253898620605,0.0,IMDL,0,4,1,7,IMDL-Real,/mnt/public/public_datasets/OpenMMSecV2/IMDL/non_generative/manual_ps/imgs/60881c88faa0473eb74775573e73a5c0.jpg
18.858558654785156,-31.115856170654297,0.0,IMDL,0,4,1,7,IMDL-Real,/mnt/public/public_datasets/OpenMMSecV2/IMDL/generative/coco/imgs/78a8a80b7f5e44a0928349d421821fe9.jpg
-15.21058464050293,-13.355228424072266,0.0,AIGC,1,2,2,4,AIGC-Fake,/mnt/public/public_datasets/OpenMMSecV2/AIGC/other/online/imgs/45f49bbc6d7f4b3b845cbd7356e519c1.jpg
-19.76541519165039,-26.359092712402344,0.0,deepfake,0,1,1,1,Deepfake-Real,/mnt/public/public_datasets/OpenMMSecV2/Deepfake/Real/FFHQ/08ed7918c28e4940a20053f9cd2b0b63.jpg
-17.3529109954834,-24.84822654724121,0.0,AIGC,0,2,1,3,AIGC-Real,/mnt/public/public_datasets/OpenMMSecV2/AIGC/laion/ccabdd66b1db43b0bc90084e1fda3977.jpg
-18.1912899017334,3.204686403274536,0.0,IMDL,1,4,2,8,IMDL-Fake,/mnt/public/public_datasets/OpenMMSecV2/IMDL/generative/stable_diffusion/imgs/f59ba679e5514ed091975cc4c4839c42.png
-41.06791687011719,15.210396766662598,0.0,deepfake,1,1,2,2,Deepfake-Fake,/mnt/public/public_datasets/OpenMMSecV2/Deepfake/Fake/EntireFaceSynthesis/SD-2.1/885e34f7b010492c92342c8daa2ae6c8.png
11.506627082824707,-0.5362640619277954,0.0,AIGC,1,2,2,4,AIGC-Fake,/mnt/public/public_datasets/OpenMMSecV2/AIGC/other/online/imgs/3cb1b6fd9e6f47b69aaf6d7e2471c23f.jpg
29.978418350219727,19.18798065185547,0.0,AIGC,0,2,1,3,AIGC-Real,/mnt/public/public_datasets/OpenMMSecV2/AIGC/laion/8770cd096eae41f49709cc8e222bed94.jpg
37.543060302734375,41.10857391357422,0.0,Doc,0,3,1,5,Document-Real,/mnt/public/public_datasets/OpenMMSecV2/Doc/Real/862a9f76d7f742ce9e655c110324de20.jpg
-1.039623737335205,4.93056583404541,0.0,IMDL,1,4,2,8,IMDL-Fake,/mnt/public/public_datasets/OpenMMSecV2/IMDL/non_generative/manual_ps/imgs/7f2757ee77f24a578619e8e752b4f302.jpg
-14.928509712219238,18.94633674621582,0.0,IMDL,1,4,2,8,IMDL-Fake,/mnt/public/public_datasets/OpenMMSecV2/IMDL/non_generative/manual_ps/imgs/a4e4cceb51fc467ca875a6d3a064c72c.jpg
2.5171635150909424,58.35830307006836,0.0,Doc,1,3,2,6,Document-Fake,/mnt/public/public_datasets/OpenMMSecV2/Doc/non_aigc/generation/imgs/8e4d18fdaf8c4bcd96c822cd0d415596.jpg
8.177227973937988,-11.644135475158691,0.0,AIGC,0,2,1,3,AIGC-Real,/mnt/public/public_datasets/OpenMMSecV2/AIGC/pixel_diffusion/glide/imgs/177bde335a2145b08b6b9512c00846aa.JPEG
10.328442573547363,-34.792762756347656,0.0,IMDL,0,4,1,7,IMDL-Real,/mnt/public/public_datasets/OpenMMSecV2/IMDL/generative/coco/imgs/5a6faf5e341f4249be0d715df3c9c6f9.jpg
-59.82665252685547,-8.438852310180664,0.0,deepfake,1,1,2,2,Deepfake-Fake,/mnt/public/public_datasets/OpenMMSecV2/Deepfake/Fake/FaceReenactment/FS_vid2vid/15f53d4023ea480689291c0476a44dfc.png
22.391643524169922,-26.936885833740234,0.0,AIGC,0,2,1,3,AIGC-Real,/mnt/public/public_datasets/OpenMMSecV2/AIGC/other/online/imgs/26ddc188d9ee4ea2a00385b4e0c4dc82.jpg
41.14584732055664,40.95649337768555,0.0,Doc,0,3,1,5,Document-Real,/mnt/public/public_datasets/OpenMMSecV2/Doc/Real/e00b8700de304529a926a3722a8786b5.jpg
-44.56013488769531,-28.400089263916016,0.0,deepfake,0,1,1,1,Deepfake-Real,/mnt/public/public_datasets/OpenMMSecV2/Deepfake/Real/FF++/ee22889e0cc948c8971ed45787e04541.png
10.582053184509277,-12.203248977661133,0.0,AIGC,1,2,2,4,AIGC-Fake,/mnt/public/public_datasets/OpenMMSecV2/AIGC/GAN/GigaGAN/909d6c07aabb491096a05276068ba153.jpg
0.759257435798645,4.688477516174316,0.0,IMDL,1,4,2,8,IMDL-Fake,/mnt/public/public_datasets/OpenMMSecV2/IMDL/non_generative/manual_ps/imgs/f5f968d7d5d042f2a5ff5e21208cc50b.tif
25.97150230407715,9.42042350769043,0.0,AIGC,0,2,1,3,AIGC-Real,/mnt/public/public_datasets/OpenMMSecV2/AIGC/laion/0ff3131fa06944689371a36af2b769ce.jpg
9.538589477539062,-36.04281997680664,0.0,IMDL,0,4,1,7,IMDL-Real,/mnt/public/public_datasets/OpenMMSecV2/IMDL/generative/flux_1/imgs/865f79246d4d4785bce5612c62e27460.png
-25.051088333129883,6.327304840087891,0.0,AIGC,1,2,2,4,AIGC-Fake,/mnt/public/public_datasets/OpenMMSecV2/AIGC/latent_diffusion/systematic/bfcfcda4c385492ea1af1e25abeb8be1.jpg
6.21788215637207,0.13906189799308777,0.0,IMDL,0,4,1,7,IMDL-Real,/mnt/public/public_datasets/OpenMMSecV2/IMDL/non_generative/manual_ps/imgs/3c2e7cd33d3c4487b3d9c095ca76753c.jpg
5.050288200378418,43.46181869506836,0.0,Doc,1,3,2,6,Document-Fake,/mnt/public/public_datasets/OpenMMSecV2/Doc/non_aigc/cpmv/imgs/8ce1861d25d24c229aa4b615f87c67ec.jpg
-61.26061248779297,-12.731539726257324,0.0,deepfake,1,1,2,2,Deepfake-Fake,/mnt/public/public_datasets/OpenMMSecV2/Deepfake/Fake/EntireFaceSynthesis/RDDM/91f464c4321246ac9b3342e816adadb2.png
-53.767024993896484,-11.572428703308105,0.0,deepfake,1,1,2,2,Deepfake-Fake,/mnt/public/public_datasets/OpenMMSecV2/Deepfake/Fake/FaceReenactment/DaGAN/870b2805dd8d4fefa862040097953caf.png
1.3395063877105713,48.51105880737305,0.0,Doc,0,3,1,5,Document-Real,/mnt/public/public_datasets/OpenMMSecV2/Doc/Real/dce980898b9b4814b17c9a636041364d.jpg
-13.574713706970215,-3.1464695930480957,0.0,IMDL,1,4,2,8,IMDL-Fake,/mnt/public/public_datasets/OpenMMSecV2/IMDL/non_generative/manual_ps/imgs/147328d006d3497da8905822f0bdb29e.jpg
1.4847944974899292,49.60810852050781,0.0,Doc,0,3,1,5,Document-Real,/mnt/public/public_datasets/OpenMMSecV2/Doc/Real/1774ad5ade3644f9a77c473881d5ea1d.jpg
39.409942626953125,-23.60417366027832,0.0,Doc,1,3,2,6,Document-Fake,/mnt/public/public_datasets/OpenMMSecV2/Doc/aigc/derend/imgs/d541e0017cd84be49abd9c0224586562.jpg
13.684806823730469,-33.74217224121094,0.0,Doc,0,3,1,5,Document-Real,/mnt/public/public_datasets/OpenMMSecV2/Doc/Real/755663eb8dea4ad89902a8ca0e5a0272.jpg
47.17166519165039,33.42292022705078,0.0,Doc,1,3,2,6,Document-Fake,/mnt/public/public_datasets/OpenMMSecV2/Doc/non_aigc/cpmv/imgs/af4163adb5da4481a245124ae848f313.jpg
-39.8156852722168,-39.78183364868164,0.0,deepfake,0,1,1,1,Deepfake-Real,/mnt/public/public_datasets/OpenMMSecV2/Deepfake/Real/FF++/dcf36d7d13d54dd5a15b30f92820e3e1.png
24.570098876953125,51.16266632080078,0.0,Doc,1,3,2,6,Document-Fake,/mnt/public/public_datasets/OpenMMSecV2/Doc/non_aigc/copy-move/imgs/a3d048bc785b42c8b927ec5ae79021f7.jpg
34.274776458740234,-20.12570571899414,0.0,Doc,1,3,2,6,Document-Fake,/mnt/public/public_datasets/OpenMMSecV2/Doc/aigc/mostel/imgs/af00dcc5df0847d9943db50965d580f5.jpg
4.592679977416992,-21.28849983215332,0.0,IMDL,0,4,1,7,IMDL-Real,/mnt/public/public_datasets/OpenMMSecV2/IMDL/generative/stable_diffusion/imgs/c2598b76c7da4d749d3703de0fd51756.png
-44.78740692138672,-23.65411949157715,0.0,deepfake,1,1,2,2,Deepfake-Fake,/mnt/public/public_datasets/OpenMMSecV2/Deepfake/Fake/FaceSwap/InSwapper/b0b40a627d7d4340b0296f7b84605686.png
13.087383270263672,57.4904670715332,0.0,Doc,1,3,2,6,Document-Fake,/mnt/public/public_datasets/OpenMMSecV2/Doc/non_aigc/cpmv/imgs/43523d05788e4682be64f5d5a782e5c2.jpg
-1.0165109634399414,-39.818946838378906,0.0,IMDL,1,4,2,8,IMDL-Fake,/mnt/public/public_datasets/OpenMMSecV2/IMDL/non_generative/manual_ps/imgs/e56ef1b8237d464e8f34229b0a841f8b.jpg
-48.99985122680664,4.765425682067871,0.0,deepfake,1,1,2,2,Deepfake-Fake,/mnt/public/public_datasets/OpenMMSecV2/Deepfake/Fake/FaceEditing/e4e/6fff6aa453e64e8d930a0eb19e555b68.jpg
11.989130973815918,-35.95119094848633,0.0,IMDL,0,4,1,7,IMDL-Real,/mnt/public/public_datasets/OpenMMSecV2/IMDL/generative/coco/imgs/0037203528f24db49fdf68510df62f1f.jpg
-17.424270629882812,27.06438446044922,0.0,IMDL,1,4,2,8,IMDL-Fake,/mnt/public/public_datasets/OpenMMSecV2/IMDL/generative/gan_mat/imgs/e08629dd34cd4630b42bb8bc72e81db3.jpg
-7.538933753967285,-3.414463520050049,0.0,IMDL,0,4,1,7,IMDL-Real,/mnt/public/public_datasets/OpenMMSecV2/IMDL/generative/coco/imgs/b2c50cb60b63478cb68fe6b7c307ad03.jpg
-11.412753105163574,-14.127192497253418,0.0,AIGC,1,2,2,4,AIGC-Fake,/mnt/public/public_datasets/OpenMMSecV2/AIGC/other/online/imgs/e3c9724074f542508376560c963b5b9d.jpg
-25.701244354248047,-43.00382995605469,0.0,deepfake,0,1,1,1,Deepfake-Real,/mnt/public/public_datasets/OpenMMSecV2/Deepfake/Real/UADFV/7bb349cea9044d79ac03d2621debec6a.png
13.204587936401367,-31.928089141845703,0.0,IMDL,0,4,1,7,IMDL-Real,/mnt/public/public_datasets/OpenMMSecV2/IMDL/generative/coco/imgs/6899fc92823947ce8fcf126ad1ec9691.jpg
43.85295486450195,-17.043508529663086,0.0,Doc,0,3,1,5,Document-Real,/mnt/public/public_datasets/OpenMMSecV2/Doc/aigc/derend/imgs/486ec1e782c3481ea711c736701a9687.jpg
-40.51100158691406,8.221965789794922,0.0,deepfake,1,1,2,2,Deepfake-Fake,/mnt/public/public_datasets/OpenMMSecV2/Deepfake/Fake/EntireFaceSynthesis/StyleGAN-XL/7d3799317f75424f98e189d64ba399f9.png
-60.923580169677734,-10.639005661010742,0.0,deepfake,1,1,2,2,Deepfake-Fake,/mnt/public/public_datasets/OpenMMSecV2/Deepfake/Fake/EntireFaceSynthesis/RDDM/9d02c24458174cc3b90536f9cacf9ba2.png
19.8900146484375,65.54673767089844,0.0,Doc,1,3,2,6,Document-Fake,/mnt/public/public_datasets/OpenMMSecV2/Doc/non_aigc/copy-move/imgs/08bd02a09e38487fab05a64797af1ca9.jpg
32.58531188964844,-21.1975154876709,0.0,Doc,1,3,2,6,Document-Fake,/mnt/public/public_datasets/OpenMMSecV2/Doc/aigc/derend/imgs/889ab1f89f5d4a4584ac99891e93e3d9.jpg
-24.43332862854004,9.253852844238281,0.0,AIGC,1,2,2,4,AIGC-Fake,/mnt/public/public_datasets/OpenMMSecV2/AIGC/GAN/BigGAN/5bf6d0a89c254339aff2411eef69c305.jpg
-7.151216983795166,-3.151662588119507,0.0,IMDL,1,4,2,8,IMDL-Fake,/mnt/public/public_datasets/OpenMMSecV2/IMDL/generative/paintbyexample/imgs/11739338955046f4a75cef9644c48f52.jpg
28.808732986450195,16.9041805267334,0.0,AIGC,0,2,1,3,AIGC-Real,/mnt/public/public_datasets/OpenMMSecV2/AIGC/laion/e5668f6e8daf4bea8e5a8bc282c77377.jpg
8.447160720825195,-8.391672134399414,0.0,IMDL,1,4,2,8,IMDL-Fake,/mnt/public/public_datasets/OpenMMSecV2/IMDL/non_generative/manual_ps/imgs/129a1092bc544446b97d8496075d6247.jpg
9.666333198547363,-5.813419342041016,0.0,IMDL,1,4,2,8,IMDL-Fake,/mnt/public/public_datasets/OpenMMSecV2/IMDL/non_generative/manual_ps/imgs/e9f94a9dc15a45158db97f57c5f030dc.tif
-50.08339309692383,-9.830199241638184,0.0,deepfake,1,1,2,2,Deepfake-Fake,/mnt/public/public_datasets/OpenMMSecV2/Deepfake/Fake/EntireFaceSynthesis/StyleGAN-XL/a962c1ef0f104244a95904f893f62344.png
13.289945602416992,1.070149540901184,0.0,AIGC,0,2,1,3,AIGC-Real,/mnt/public/public_datasets/OpenMMSecV2/AIGC/laion/102b2d74c407446b9aff4ea4d9aaee07.jpg
18.100536346435547,-11.486306190490723,0.0,AIGC,1,2,2,4,AIGC-Fake,/mnt/public/public_datasets/OpenMMSecV2/AIGC/other/online/imgs/0f31fda090d740c6bc5f1727433f08a5.jpg
3.491879463195801,-8.398238182067871,0.0,AIGC,0,2,1,3,AIGC-Real,/mnt/public/public_datasets/OpenMMSecV2/AIGC/other/online/imgs/06c817478da146a09abaefe5a49a8b8f.jpg
0.7018796801567078,-8.118461608886719,0.0,AIGC,0,2,1,3,AIGC-Real,/mnt/public/public_datasets/OpenMMSecV2/AIGC/laion/c5aacf544eed46798d74856c06bcce42.jpg
-19.76586151123047,3.3984298706054688,0.0,AIGC,1,2,2,4,AIGC-Fake,/mnt/public/public_datasets/OpenMMSecV2/AIGC/latent_diffusion/systematic/73c57eed7be44e69b7a64353f7dd09e4.jpg
-27.83204460144043,-42.804481506347656,0.0,deepfake,0,1,1,1,Deepfake-Real,/mnt/public/public_datasets/OpenMMSecV2/Deepfake/Real/FF++/2a70354347f54f51adb2ba7676e9f469.png
-2.8738842010498047,-24.361600875854492,0.0,IMDL,0,4,1,7,IMDL-Real,/mnt/public/public_datasets/OpenMMSecV2/IMDL/generative/flux_1/imgs/982641f50399488ab39297ea2a4e343a.png
27.540571212768555,4.8894782066345215,0.0,AIGC,0,2,1,3,AIGC-Real,/mnt/public/public_datasets/OpenMMSecV2/AIGC/laion/425595d5d826407e891a00b84198e86d.jpg
-33.13841247558594,-26.56180191040039,0.0,deepfake,0,1,1,1,Deepfake-Real,/mnt/public/public_datasets/OpenMMSecV2/Deepfake/Real/FF++/1d320ed6ade1424f9eaee1c44992beb5.png
2.171496868133545,21.45755958557129,0.0,AIGC,1,2,2,4,AIGC-Fake,/mnt/public/public_datasets/OpenMMSecV2/AIGC/commercial/dalle/b61d06850dfd45a095111614cb00447a.jpg
10.063106536865234,11.04672622680664,0.0,AIGC,0,2,1,3,AIGC-Real,/mnt/public/public_datasets/OpenMMSecV2/AIGC/laion/9b58366e762a443dbff68a86b214ba3b.jpg
-48.4182243347168,-14.49737548828125,0.0,deepfake,1,1,2,2,Deepfake-Fake,/mnt/public/public_datasets/OpenMMSecV2/Deepfake/Fake/FaceSwap/SimSwap/97f3770e489f4fa1b6886dfdaa18edc0.png
26.98688316345215,-27.859968185424805,0.0,Doc,0,3,1,5,Document-Real,/mnt/public/public_datasets/OpenMMSecV2/Doc/aigc/anytext/imgs/339017a537364f76969e21b7f9eaad31.jpg
-4.751786708831787,-4.249823093414307,0.0,IMDL,1,4,2,8,IMDL-Fake,/mnt/public/public_datasets/OpenMMSecV2/IMDL/non_generative/manual_ps/imgs/a7a92b303eda4512842aca7f26a654c5.tif
26.10458755493164,20.800552368164062,0.0,deepfake,0,1,1,1,Deepfake-Real,/mnt/public/public_datasets/OpenMMSecV2/Deepfake/Real/CelebA/6e3188f77503481cbfc4d9c1da485331.jpg
-41.673179626464844,-34.413108825683594,0.0,deepfake,0,1,1,1,Deepfake-Real,/mnt/public/public_datasets/OpenMMSecV2/Deepfake/Real/DFD/08f5b712328d49cbb7be3bacabef266a.png
11.760269165039062,-37.18393325805664,0.0,IMDL,0,4,1,7,IMDL-Real,/mnt/public/public_datasets/OpenMMSecV2/IMDL/generative/flux_1/imgs/45e0a7c91b6e44baa65274f763a29992.png
-44.240177154541016,4.1206841468811035,0.0,AIGC,1,2,2,4,AIGC-Fake,/mnt/public/public_datasets/OpenMMSecV2/AIGC/GAN/ProjectedGAN/94cd93ccda174f0381ed92cfa9493bf6.jpg
-4.710152626037598,-13.285355567932129,0.0,AIGC,1,2,2,4,AIGC-Fake,/mnt/public/public_datasets/OpenMMSecV2/AIGC/latent_diffusion/systematic/515b77473dfc4a95ad715aa0922132bc.jpg
-48.37968826293945,-37.83354949951172,0.0,deepfake,0,1,1,1,Deepfake-Real,/mnt/public/public_datasets/OpenMMSecV2/Deepfake/Real/CelebDF-v2/a0e60129bedc4dfcba46a74082364513.png
-30.996639251708984,-42.650814056396484,0.0,deepfake,1,1,2,2,Deepfake-Fake,/mnt/public/public_datasets/OpenMMSecV2/Deepfake/Fake/FaceSwap/FaceShifter/a86add598be046c8bf57e3c2a97c1912.png
25.00434684753418,6.545312881469727,0.0,AIGC,0,2,1,3,AIGC-Real,/mnt/public/public_datasets/OpenMMSecV2/AIGC/laion/84dfb49b6c764cab8260c017ddfedb7c.jpg
38.53207015991211,-12.142438888549805,0.0,Doc,0,3,1,5,Document-Real,/mnt/public/public_datasets/OpenMMSecV2/Doc/Real/def26e3f961545468c994ba50ba2a6fa.jpg
12.684515953063965,9.459288597106934,0.0,AIGC,0,2,1,3,AIGC-Real,/mnt/public/public_datasets/OpenMMSecV2/AIGC/laion/105d115e4c95421686fb6648623b0be1.jpg
12.0690279006958,-6.998936176300049,0.0,AIGC,0,2,1,3,AIGC-Real,/mnt/public/public_datasets/OpenMMSecV2/AIGC/pixel_diffusion/glide/imgs/e818738aa54a42419226ddabb40a28c0.JPEG
18.829376220703125,-26.032535552978516,0.0,IMDL,0,4,1,7,IMDL-Real,/mnt/public/public_datasets/OpenMMSecV2/IMDL/generative/coco/imgs/6bc1882684d84ac79f281e1ebfd0a199.jpg
3.8189711570739746,-1.929131269454956,0.0,AIGC,0,2,1,3,AIGC-Real,/mnt/public/public_datasets/OpenMMSecV2/AIGC/laion/cbc4c1b4899743909296e02c73dc06dd.jpg
-51.1156120300293,-1.6315544843673706,0.0,deepfake,1,1,2,2,Deepfake-Fake,/mnt/public/public_datasets/OpenMMSecV2/Deepfake/Fake/FaceEditing/StarGAN/179393641ee544f88f44ead74d77813c.jpg
16.935043334960938,-27.648412704467773,0.0,IMDL,0,4,1,7,IMDL-Real,/mnt/public/public_datasets/OpenMMSecV2/IMDL/generative/coco/imgs/8087bfcb32094c61b5ae3bdb0fb8f4f2.jpg
3.440138339996338,21.587528228759766,0.0,AIGC,1,2,2,4,AIGC-Fake,/mnt/public/public_datasets/OpenMMSecV2/AIGC/commercial/ideogram/b52d718aa6fc498d9c1186eafaabd1be.jpg
13.538825988769531,-0.7883461117744446,0.0,IMDL,1,4,2,8,IMDL-Fake,/mnt/public/public_datasets/OpenMMSecV2/IMDL/generative/stable_diffusion/imgs/4efdef344e9341d28c97d54d50c8f7a9.png
-17.742210388183594,21.60558319091797,0.0,AIGC,0,2,1,3,AIGC-Real,/mnt/public/public_datasets/OpenMMSecV2/AIGC/GAN/BigGAN/imgs/77588ed0b510424d8df4f7b5c1a3f2ea.JPEG
14.373011589050293,57.109989166259766,0.0,Doc,1,3,2,6,Document-Fake,/mnt/public/public_datasets/OpenMMSecV2/Doc/non_aigc/cover/imgs/bfe83a82920b4c10840b3104dca81ff0.jpg
2.849003791809082,46.13666915893555,0.0,Doc,0,3,1,5,Document-Real,/mnt/public/public_datasets/OpenMMSecV2/Doc/Real/21ecd366ac4244cfb701760c2e4e6ec1.jpg
-10.859132766723633,11.052810668945312,0.0,IMDL,1,4,2,8,IMDL-Fake,/mnt/public/public_datasets/OpenMMSecV2/IMDL/non_generative/manual_ps/imgs/33c970a4679c4a1cb19b2bf81b75019c.jpg
27.574180603027344,14.833196640014648,0.0,AIGC,0,2,1,3,AIGC-Real,/mnt/public/public_datasets/OpenMMSecV2/AIGC/laion/6f9dd362dced49acac0377a96a1f0bea.jpg
-50.41666793823242,-36.47294998168945,0.0,deepfake,1,1,2,2,Deepfake-Fake,/mnt/public/public_datasets/OpenMMSecV2/Deepfake/Fake/FaceReenactment/Wav2Lip/a8b250d624ef4d0890be2a2c8cab419f.png
-9.607379913330078,7.679102897644043,0.0,IMDL,1,4,2,8,IMDL-Fake,/mnt/public/public_datasets/OpenMMSecV2/IMDL/non_generative/manual_ps/imgs/8cd151f612184a0680c165eb81d9994b.jpg
14.035741806030273,3.6758534908294678,0.0,AIGC,0,2,1,3,AIGC-Real,/mnt/public/public_datasets/OpenMMSecV2/AIGC/laion/f44b4c9fdeac404a93b5c7bce37d8062.jpg
-27.855457305908203,15.159758567810059,0.0,AIGC,1,2,2,4,AIGC-Fake,/mnt/public/public_datasets/OpenMMSecV2/AIGC/GAN/BigGAN/72e09b8eafc944a584dd9fdbc3028f4a.jpg
14.918807983398438,55.76934814453125,0.0,Doc,1,3,2,6,Document-Fake,/mnt/public/public_datasets/OpenMMSecV2/Doc/non_aigc/cpmv/imgs/37364f905b0443f795b26f028daf06ab.jpg
9.189932823181152,-26.703786849975586,0.0,IMDL,0,4,1,7,IMDL-Real,/mnt/public/public_datasets/OpenMMSecV2/IMDL/generative/coco/imgs/046ea8660ab54dea97e66729d1ca7414.jpg
-60.97828674316406,-8.069832801818848,0.0,deepfake,1,1,2,2,Deepfake-Fake,/mnt/public/public_datasets/OpenMMSecV2/Deepfake/Fake/FaceReenactment/HyperReenact/16eaab20b8854cc292099d9858e862bb.png
5.307961463928223,0.2954385280609131,0.0,AIGC,0,2,1,3,AIGC-Real,/mnt/public/public_datasets/OpenMMSecV2/AIGC/laion/67a7d8266fe841cb8c8b2c83093e55d3.jpg
25.39118766784668,4.986030578613281,0.0,AIGC,0,2,1,3,AIGC-Real,/mnt/public/public_datasets/OpenMMSecV2/AIGC/laion/c8e8b13651614da2a89c196aca36a188.jpg
15.867972373962402,60.61839294433594,0.0,Doc,1,3,2,6,Document-Fake,/mnt/public/public_datasets/OpenMMSecV2/Doc/non_aigc/generation/imgs/eedac52102e74d8e9bbae0034f9898c5.jpg
47.67930603027344,40.943511962890625,0.0,Doc,1,3,2,6,Document-Fake,/mnt/public/public_datasets/OpenMMSecV2/Doc/non_aigc/cpmv/imgs/33733beb83a74797bc474ee7cb8c4da8.jpg
27.177574157714844,18.66905403137207,0.0,AIGC,0,2,1,3,AIGC-Real,/mnt/public/public_datasets/OpenMMSecV2/AIGC/laion/e60e061a4d074ef0a53ab370635a289a.jpg
19.170949935913086,-19.51602554321289,0.0,Doc,0,3,1,5,Document-Real,/mnt/public/public_datasets/OpenMMSecV2/Doc/Real/9dabae7f14d545ada5b2396b9f493fd8.jpg
-33.84539794921875,-31.958370208740234,0.0,deepfake,0,1,1,1,Deepfake-Real,/mnt/public/public_datasets/OpenMMSecV2/Deepfake/Real/FF++/1d801c7011b24f2db40c4553b30e5475.png
-45.70586013793945,-21.728601455688477,0.0,deepfake,0,1,1,1,Deepfake-Real,/mnt/public/public_datasets/OpenMMSecV2/Deepfake/Real/CelebDF-v2/0059012d88e74bcc98e8be76a149a63a.png
4.533790111541748,-4.622951507568359,0.0,IMDL,0,4,1,7,IMDL-Real,/mnt/public/public_datasets/OpenMMSecV2/IMDL/generative/stable_diffusion/imgs/ac5305285fd64640ba7b119dadc50c42.png
18.69354820251465,-27.4937744140625,0.0,AIGC,0,2,1,3,AIGC-Real,/mnt/public/public_datasets/OpenMMSecV2/AIGC/laion/71eec1c2b2f64300b418b5dc9644c139.jpg
53.34069061279297,20.831016540527344,0.0,Doc,0,3,1,5,Document-Real,/mnt/public/public_datasets/OpenMMSecV2/Doc/Real/33cf201bdcb54630bd76e9ddeddab9a4.jpg
9.629921913146973,-10.605653762817383,0.0,IMDL,1,4,2,8,IMDL-Fake,/mnt/public/public_datasets/OpenMMSecV2/IMDL/non_generative/manual_ps/imgs/1b3472a36c3e477db07b620ade64e0ed.jpg
-40.20319747924805,-12.785001754760742,0.0,deepfake,1,1,2,2,Deepfake-Fake,/mnt/public/public_datasets/OpenMMSecV2/Deepfake/Fake/FaceSwap/Unknow_FS/f243cc4ab1664f64a7f1f2bb897e989b.png
16.192960739135742,50.391136169433594,0.0,Doc,1,3,2,6,Document-Fake,/mnt/public/public_datasets/OpenMMSecV2/Doc/non_aigc/generation/imgs/a220e6107be545ed89410b724ca3c455.jpg
18.912845611572266,-29.519807815551758,0.0,IMDL,0,4,1,7,IMDL-Real,/mnt/public/public_datasets/OpenMMSecV2/IMDL/generative/coco/imgs/2e91a496f23c448981592ecaed95adf5.jpg
32.868858337402344,1.1215081214904785,0.0,Doc,1,3,2,6,Document-Fake,/mnt/public/public_datasets/OpenMMSecV2/Doc/aigc/textocr/imgs/c4e8ffd926144e25811a8acdfc84bbf3.jpg
20.9792423248291,-30.849000930786133,0.0,IMDL,0,4,1,7,IMDL-Real,/mnt/public/public_datasets/OpenMMSecV2/IMDL/generative/coco/imgs/b6adfb79f40c497ab78eb11306f02112.jpg
-18.222549438476562,1.781008005142212,0.0,AIGC,1,2,2,4,AIGC-Fake,/mnt/public/public_datasets/OpenMMSecV2/AIGC/other/online/imgs/a1315d5a93d24a55bbc94daa2eb430fa.jpg
-10.22925090789795,-10.335702896118164,0.0,AIGC,0,2,1,3,AIGC-Real,/mnt/public/public_datasets/OpenMMSecV2/AIGC/other/online/imgs/51a0860af5534f8b884e4f64f2f5a4f8.jpg
24.727584838867188,7.362844467163086,0.0,AIGC,0,2,1,3,AIGC-Real,/mnt/public/public_datasets/OpenMMSecV2/AIGC/laion/234f66b1b4734b1e9404cb644d1765e5.jpg
42.82054138183594,44.30593490600586,0.0,Doc,0,3,1,5,Document-Real,/mnt/public/public_datasets/OpenMMSecV2/Doc/Real/81f8590945d94b048fe4f3bebae7d2bf.jpg
2.627542018890381,5.382271766662598,0.0,IMDL,1,4,2,8,IMDL-Fake,/mnt/public/public_datasets/OpenMMSecV2/IMDL/non_generative/manual_ps/imgs/76814fb37e3a42a9b379999662f2f976.jpg
0.7800489068031311,10.545022964477539,0.0,Doc,1,3,2,6,Document-Fake,/mnt/public/public_datasets/OpenMMSecV2/Doc/aigc/textocr/imgs/caf7b6a381ea4b84980f5d77330d6614.jpg
-54.66423034667969,-9.497918128967285,0.0,deepfake,1,1,2,2,Deepfake-Fake,/mnt/public/public_datasets/OpenMMSecV2/Deepfake/Fake/FaceReenactment/TPSMM/77ab158c075f41558aa41400cb1d8b11.png
39.32378387451172,-11.100340843200684,0.0,Doc,0,3,1,5,Document-Real,/mnt/public/public_datasets/OpenMMSecV2/Doc/Real/dfbf11b9a2a7402c8ad5b06d39a5d0b9.jpg
-18.339366912841797,11.730559349060059,0.0,AIGC,1,2,2,4,AIGC-Fake,/mnt/public/public_datasets/OpenMMSecV2/AIGC/commercial/wukong/imgs/92c3605742fc4c2f98fc9eaf9254f36f.png
15.899792671203613,56.935794830322266,0.0,Doc,1,3,2,6,Document-Fake,/mnt/public/public_datasets/OpenMMSecV2/Doc/non_aigc/generation/imgs/0028ce7d2d5447cb8650370968caba6b.jpg
-26.96233367919922,-41.43574142456055,0.0,deepfake,0,1,1,1,Deepfake-Real,/mnt/public/public_datasets/OpenMMSecV2/Deepfake/Real/UADFV/c859a7057e2843b2add8b89e54ea94bb.png
-54.535926818847656,8.895052909851074,0.0,AIGC,1,2,2,4,AIGC-Fake,/mnt/public/public_datasets/OpenMMSecV2/AIGC/autoregressive_model/tamingtransformers/ba91b991f3504c2f9e6310dbc95f8213.jpg
4.689210414886475,-39.40041732788086,0.0,IMDL,0,4,1,7,IMDL-Real,/mnt/public/public_datasets/OpenMMSecV2/IMDL/generative/coco/imgs/e1a9fb2e685f479c8ed304e5b83b10ff.jpg
-35.93399429321289,-37.215728759765625,0.0,deepfake,0,1,1,1,Deepfake-Real,/mnt/public/public_datasets/OpenMMSecV2/Deepfake/Real/FF++/4e0e1a08bcd74adba1161b3055c91a26.png
-42.29811096191406,-24.814102172851562,0.0,deepfake,0,1,1,1,Deepfake-Real,/mnt/public/public_datasets/OpenMMSecV2/Deepfake/Real/CelebDF-v2/7cec57da39a548db910b86b68e72deb2.png
-36.8775520324707,3.589418411254883,0.0,AIGC,1,2,2,4,AIGC-Fake,/mnt/public/public_datasets/OpenMMSecV2/AIGC/GAN/StyleSANXL/deee1e807a1d4028a8553a1e3892a347.jpg
1.5663375854492188,21.596961975097656,0.0,AIGC,1,2,2,4,AIGC-Fake,/mnt/public/public_datasets/OpenMMSecV2/AIGC/latent_diffusion/systematic/a5e76d5419424b8d840cf82fb78c3c8f.jpg
13.967327117919922,-1.34939706325531,0.0,IMDL,0,4,1,7,IMDL-Real,/mnt/public/public_datasets/OpenMMSecV2/IMDL/generative/coco/imgs/8e01cf52674d43589112c5f82daa85d0.jpg
14.140233993530273,55.89336013793945,0.0,Doc,1,3,2,6,Document-Fake,/mnt/public/public_datasets/OpenMMSecV2/Doc/non_aigc/cpmv/imgs/8b027b7f4e7a471b9099e10cd928eea0.jpg
31.26004409790039,8.1535062789917,0.0,AIGC,0,2,1,3,AIGC-Real,/mnt/public/public_datasets/OpenMMSecV2/AIGC/laion/a1181cb357fd4e86b7a8397e9976d15a.jpg
0.7098604440689087,10.55418586730957,0.0,Doc,0,3,1,5,Document-Real,/mnt/public/public_datasets/OpenMMSecV2/Doc/Real/bfcdd456cff94be3994e787691a3edd5.jpg
-12.361715316772461,-15.297152519226074,0.0,AIGC,1,2,2,4,AIGC-Fake,/mnt/public/public_datasets/OpenMMSecV2/AIGC/other/online/imgs/cf9a3524b77b4389855fbca0c0227cad.jpg
1.7295396327972412,48.92988204956055,0.0,Doc,1,3,2,6,Document-Fake,/mnt/public/public_datasets/OpenMMSecV2/Doc/non_aigc/cpmv/imgs/34ae6cdd53fc4c839c2e9e0c4007a1d5.jpg
-39.77227783203125,10.21512222290039,0.0,deepfake,1,1,2,2,Deepfake-Fake,/mnt/public/public_datasets/OpenMMSecV2/Deepfake/Fake/FaceEditing/StarGANv2/b62579c840ac4d238d58b4afade285f6.jpg
28.445632934570312,22.042448043823242,0.0,AIGC,0,2,1,3,AIGC-Real,/mnt/public/public_datasets/OpenMMSecV2/AIGC/laion/27a168ec02824ceba995a2ebfe8d9b85.jpg
-27.95478057861328,-20.441213607788086,0.0,deepfake,0,1,1,1,Deepfake-Real,/mnt/public/public_datasets/OpenMMSecV2/Deepfake/Real/VFHQ/951251a9b79c426ba44ba6733670a5e9.png
-23.399272918701172,10.202759742736816,0.0,AIGC,1,2,2,4,AIGC-Fake,/mnt/public/public_datasets/OpenMMSecV2/AIGC/GAN/GigaGAN/52c3080d8c334a978e09459a5529a232.jpg
33.52981185913086,-14.867932319641113,0.0,Doc,1,3,2,6,Document-Fake,/mnt/public/public_datasets/OpenMMSecV2/Doc/aigc/derend/imgs/ef484b5777d8467d9162be609f1775eb.jpg
-1.1346852779388428,-12.35641098022461,0.0,AIGC,0,2,1,3,AIGC-Real,/mnt/public/public_datasets/OpenMMSecV2/AIGC/other/online/imgs/387fbb88b10e483682c7edd3061502bc.jpg
24.127059936523438,54.2526741027832,0.0,Doc,1,3,2,6,Document-Fake,/mnt/public/public_datasets/OpenMMSecV2/Doc/non_aigc/copy-move/imgs/9989092ef5f54f6bb5e206745403599c.jpg
27.069368362426758,6.7459716796875,0.0,AIGC,0,2,1,3,AIGC-Real,/mnt/public/public_datasets/OpenMMSecV2/AIGC/laion/71a7f51f038c4a42b28fb41f371ee64c.jpg
-29.33620834350586,-37.002166748046875,0.0,deepfake,0,1,1,1,Deepfake-Real,/mnt/public/public_datasets/OpenMMSecV2/Deepfake/Real/CelebDF-v2/38a931ce76b24f66b4f4bcaf560185c9.png
32.8190803527832,14.030445098876953,0.0,AIGC,0,2,1,3,AIGC-Real,/mnt/public/public_datasets/OpenMMSecV2/AIGC/laion/c7bfa78736d14f69a32167e11185eae1.jpg
-46.53831481933594,9.772547721862793,0.0,deepfake,1,1,2,2,Deepfake-Fake,/mnt/public/public_datasets/OpenMMSecV2/Deepfake/Fake/FaceEditing/e4e/e4ef22efea8e44e2b025dd532db1da7e.jpg
35.92921447753906,-19.61443328857422,0.0,Doc,0,3,1,5,Document-Real,/mnt/public/public_datasets/OpenMMSecV2/Doc/Real/16752c4907c54efa9369dbbe53f616bb.jpg
38.03309631347656,44.23238754272461,0.0,Doc,0,3,1,5,Document-Real,/mnt/public/public_datasets/OpenMMSecV2/Doc/Real/de1316f78aee4e16a48e4d0fe9aa7e8a.jpg
7.123504161834717,21.446544647216797,0.0,AIGC,0,2,1,3,AIGC-Real,/mnt/public/public_datasets/OpenMMSecV2/AIGC/laion/058fed83143146d2a061b74df20d71f6.jpg
-36.09685516357422,-30.290307998657227,0.0,deepfake,0,1,1,1,Deepfake-Real,/mnt/public/public_datasets/OpenMMSecV2/Deepfake/Real/DFD/8028048b09f8420d96f0b0c0db0958a0.png
-25.371112823486328,-43.6306266784668,0.0,deepfake,0,1,1,1,Deepfake-Real,/mnt/public/public_datasets/OpenMMSecV2/Deepfake/Real/UADFV/43cde91b429e4ba5a9276661495c0ef2.png
44.94076919555664,39.95963668823242,0.0,Doc,0,3,1,5,Document-Real,/mnt/public/public_datasets/OpenMMSecV2/Doc/Real/c9612ac2d2504f1e8c174ff70e64bf83.jpg
12.874979972839355,-38.01661682128906,0.0,IMDL,0,4,1,7,IMDL-Real,/mnt/public/public_datasets/OpenMMSecV2/IMDL/generative/coco/imgs/c989aa892bb64bc6b8225841d63ee9e0.jpg
3.855163812637329,4.328560829162598,0.0,IMDL,0,4,1,7,IMDL-Real,/mnt/public/public_datasets/OpenMMSecV2/IMDL/non_generative/manual_ps/imgs/314fc243ee0a4e3196e969d7d25acbb0.jpg
-9.493197441101074,2.5841214656829834,0.0,IMDL,1,4,2,8,IMDL-Fake,/mnt/public/public_datasets/OpenMMSecV2/IMDL/generative/paintbyexample/imgs/3f3ade85f3754339aa644bd13d12bd50.jpg
15.166215896606445,-19.309974670410156,0.0,IMDL,0,4,1,7,IMDL-Real,/mnt/public/public_datasets/OpenMMSecV2/IMDL/generative/coco/imgs/1affa8d8bd084d27a6d37ee7889ad830.jpg
-41.69269561767578,12.382823944091797,0.0,deepfake,1,1,2,2,Deepfake-Fake,/mnt/public/public_datasets/OpenMMSecV2/Deepfake/Fake/EntireFaceSynthesis/StyleGAN2/7ff5a98948c34b3883e82353b79f525d.png
10.026201248168945,-39.54615020751953,0.0,IMDL,0,4,1,7,IMDL-Real,/mnt/public/public_datasets/OpenMMSecV2/IMDL/generative/coco/imgs/6de51425a68e4ace89083bd1eb4be2e9.jpg
14.100997924804688,-27.7855167388916,0.0,AIGC,0,2,1,3,AIGC-Real,/mnt/public/public_datasets/OpenMMSecV2/AIGC/laion/34d415ddc5994f6abeff6c7beb31cac9.jpg
13.964118003845215,-28.65703582763672,0.0,IMDL,0,4,1,7,IMDL-Real,/mnt/public/public_datasets/OpenMMSecV2/IMDL/generative/coco/imgs/9afdc79bac754e2b95397a857163860e.jpg
-40.45200729370117,8.244020462036133,0.0,deepfake,1,1,2,2,Deepfake-Fake,/mnt/public/public_datasets/OpenMMSecV2/Deepfake/Fake/EntireFaceSynthesis/StyleGAN-XL/27b5bbb81ef54ee492d45057ab01064d.png
-3.8931992053985596,-20.815336227416992,0.0,AIGC,1,2,2,4,AIGC-Fake,/mnt/public/public_datasets/OpenMMSecV2/AIGC/other/online/imgs/f52f95623ea44ff4938991e979c44554.jpg
-4.683628559112549,3.8402252197265625,0.0,IMDL,1,4,2,8,IMDL-Fake,/mnt/public/public_datasets/OpenMMSecV2/IMDL/generative/gan_mat/imgs/f0ca313415e54ea3b35c23d3b6116101.png
23.394811630249023,63.129066467285156,0.0,Doc,1,3,2,6,Document-Fake,/mnt/public/public_datasets/OpenMMSecV2/Doc/non_aigc/copy-move/imgs/ea23923eb94143f29b7ec9e3c17e7dc0.jpg
3.746429443359375,-36.66123580932617,0.0,IMDL,0,4,1,7,IMDL-Real,/mnt/public/public_datasets/OpenMMSecV2/IMDL/generative/stable_diffusion/imgs/cdc1da5bc917490d9e77df3d5057da9f.png
38.02436828613281,44.24346160888672,0.0,Doc,1,3,2,6,Document-Fake,/mnt/public/public_datasets/OpenMMSecV2/Doc/non_aigc/cpmv/imgs/3fa311586b6444548048cb2b8966fe4a.jpg
-47.32080078125,9.083756446838379,0.0,deepfake,1,1,2,2,Deepfake-Fake,/mnt/public/public_datasets/OpenMMSecV2/Deepfake/Fake/FaceEditing/e4e/8085e0672c0849c2978b2536aceabdf8.jpg
5.367818832397461,-14.901602745056152,0.0,IMDL,0,4,1,7,IMDL-Real,/mnt/public/public_datasets/OpenMMSecV2/IMDL/generative/coco/imgs/93077d7942644b2ba7c5cd96da9608ca.jpg
47.48847961425781,37.654842376708984,0.0,Doc,0,3,1,5,Document-Real,/mnt/public/public_datasets/OpenMMSecV2/Doc/Real/56026cf58fb143e18ec56e6e85eba6a8.jpg
45.564823150634766,27.657991409301758,0.0,Doc,1,3,2,6,Document-Fake,/mnt/public/public_datasets/OpenMMSecV2/Doc/non_aigc/generation/imgs/5bceb298c59c4dbea92ac447e6938c3c.jpg
24.677541732788086,-14.914515495300293,0.0,Doc,0,3,1,5,Document-Real,/mnt/public/public_datasets/OpenMMSecV2/Doc/Real/f7a7f66a411341749943220b78bf22de.jpg
3.6057186126708984,14.185211181640625,0.0,AIGC,1,2,2,4,AIGC-Fake,/mnt/public/public_datasets/OpenMMSecV2/AIGC/pixel_diffusion/guided_diffusion/c524c9b2113241d6ae44413d08eb8cab.jpg
-26.592361450195312,14.777767181396484,0.0,AIGC,1,2,2,4,AIGC-Fake,/mnt/public/public_datasets/OpenMMSecV2/AIGC/pixel_diffusion/glide/imgs/1a30500dfdc3400d9383bb46e821c680.png
15.943048477172852,-35.09260177612305,0.0,IMDL,0,4,1,7,IMDL-Real,/mnt/public/public_datasets/OpenMMSecV2/IMDL/generative/coco/imgs/0b7284566f214d3491be01aae9595680.jpg
-23.317005157470703,-30.58307647705078,0.0,deepfake,0,1,1,1,Deepfake-Real,/mnt/public/public_datasets/OpenMMSecV2/Deepfake/Real/VFHQ/63af9d896fef4f70952db0f09400bb63.png
40.51670837402344,-11.959299087524414,0.0,Doc,0,3,1,5,Document-Real,/mnt/public/public_datasets/OpenMMSecV2/Doc/Real/fbfacad2c92a4c238ac2ff14f32bdae4.jpg
-7.254335403442383,9.360068321228027,0.0,IMDL,1,4,2,8,IMDL-Fake,/mnt/public/public_datasets/OpenMMSecV2/IMDL/non_generative/manual_ps/imgs/ccac17520185411ea60ad1daae76ff09.jpg
29.003801345825195,15.922228813171387,0.0,AIGC,0,2,1,3,AIGC-Real,/mnt/public/public_datasets/OpenMMSecV2/AIGC/laion/476f30ab553445f78515ea5b49dd6128.jpg
25.27664566040039,51.43928527832031,0.0,Doc,1,3,2,6,Document-Fake,/mnt/public/public_datasets/OpenMMSecV2/Doc/non_aigc/generation/imgs/4872d6d215d1442eb11823068a510863.jpg
0.984744131565094,-40.242977142333984,0.0,IMDL,0,4,1,7,IMDL-Real,/mnt/public/public_datasets/OpenMMSecV2/IMDL/generative/coco/imgs/95ff6bb47e144a07978c9f03c33bbb84.jpg
-12.340958595275879,3.8614261150360107,0.0,IMDL,1,4,2,8,IMDL-Fake,/mnt/public/public_datasets/OpenMMSecV2/IMDL/non_generative/manual_ps/imgs/69ec5028f2b842a7b94657abf0bbe4fc.jpg
24.474212646484375,-12.879144668579102,0.0,Doc,0,3,1,5,Document-Real,/mnt/public/public_datasets/OpenMMSecV2/Doc/Real/8930fc7dd49d421cb324fdf59b9c7b5b.jpg
0.14893940091133118,-18.897249221801758,0.0,IMDL,0,4,1,7,IMDL-Real,/mnt/public/public_datasets/OpenMMSecV2/IMDL/generative/stable_diffusion/imgs/0144e3a881d84ab998b6a734fb51c967.png
40.56385803222656,34.3621711730957,0.0,Doc,1,3,2,6,Document-Fake,/mnt/public/public_datasets/OpenMMSecV2/Doc/aigc/textocr/imgs/6b51fb9112be431c8ff09bae197ac240.jpg
-2.4407894611358643,3.039351463317871,0.0,AIGC,0,2,1,3,AIGC-Real,/mnt/public/public_datasets/OpenMMSecV2/AIGC/laion/46fd5d8d2cc246ae9b7247a88cf5d44d.jpg
3.263895034790039,18.924360275268555,0.0,AIGC,1,2,2,4,AIGC-Fake,/mnt/public/public_datasets/OpenMMSecV2/AIGC/latent_diffusion/systematic/491be9a24a5c467194d2f3e857250a7a.jpg
19.37623405456543,-14.50944709777832,0.0,IMDL,0,4,1,7,IMDL-Real,/mnt/public/public_datasets/OpenMMSecV2/IMDL/non_generative/manual_ps/imgs/1a5f097b14214151965a66c2f6584168.jpg
-18.155635833740234,4.078841209411621,0.0,AIGC,1,2,2,4,AIGC-Fake,/mnt/public/public_datasets/OpenMMSecV2/AIGC/pixel_diffusion/guided_diffusion/7db73fd18de94626aab02ca2b8b3d2cf.jpg
23.18326759338379,17.504858016967773,0.0,AIGC,1,2,2,4,AIGC-Fake,/mnt/public/public_datasets/OpenMMSecV2/AIGC/commercial/flux/04dc43b331a74f8eb9198cdd3417625d.jpg
24.694881439208984,-4.272983551025391,0.0,IMDL,1,4,2,8,IMDL-Fake,/mnt/public/public_datasets/OpenMMSecV2/IMDL/non_generative/manual_ps/imgs/def9c24b934844d595d5c88f41684df0.jpg
23.737836837768555,5.918988227844238,0.0,IMDL,1,4,2,8,IMDL-Fake,/mnt/public/public_datasets/OpenMMSecV2/IMDL/non_generative/manual_ps/imgs/e52457500b9149a493cab0ca54823e65.jpg
-27.631608963012695,-19.97958755493164,0.0,deepfake,0,1,1,1,Deepfake-Real,/mnt/public/public_datasets/OpenMMSecV2/Deepfake/Real/VFHQ/62617dde2a6e45ad8f8f89cc9ab51062.png
8.746228218078613,-23.948888778686523,0.0,IMDL,0,4,1,7,IMDL-Real,/mnt/public/public_datasets/OpenMMSecV2/IMDL/generative/flux_1/imgs/b4dd0a085bc246c6a85669f05cbd1c15.png
-39.26802062988281,-33.903160095214844,0.0,deepfake,0,1,1,1,Deepfake-Real,/mnt/public/public_datasets/OpenMMSecV2/Deepfake/Real/DFD/0d544b89c6da4ad4bae4450232a25484.png
29.207990646362305,20.542156219482422,0.0,AIGC,0,2,1,3,AIGC-Real,/mnt/public/public_datasets/OpenMMSecV2/AIGC/laion/39eacae25773407caa8c4dea1a58c111.jpg
0.4728268086910248,16.518577575683594,0.0,AIGC,1,2,2,4,AIGC-Fake,/mnt/public/public_datasets/OpenMMSecV2/AIGC/latent_diffusion/systematic/978af1e1a6d14618b9b482a15c0827d4.jpg
2.510857105255127,61.60675048828125,0.0,Doc,1,3,2,6,Document-Fake,/mnt/public/public_datasets/OpenMMSecV2/Doc/non_aigc/copy-move/imgs/35077a44076a49fd9df9b2b4187af691.jpg
22.44695472717285,-14.185592651367188,0.0,Doc,1,3,2,6,Document-Fake,/mnt/public/public_datasets/OpenMMSecV2/Doc/aigc/textocr/imgs/eb285c144a154938b185203b6f4e32bb.jpg
15.306936264038086,-37.69613265991211,0.0,IMDL,0,4,1,7,IMDL-Real,/mnt/public/public_datasets/OpenMMSecV2/IMDL/generative/stable_diffusion/imgs/b11f4368442c4105a095262796b2020d.png
0.6831945776939392,-11.637503623962402,0.0,IMDL,1,4,2,8,IMDL-Fake,/mnt/public/public_datasets/OpenMMSecV2/IMDL/non_generative/manual_ps/imgs/0beb576708cd48109d1befc9bd73755f.jpg
-30.677343368530273,-24.789539337158203,0.0,deepfake,0,1,1,1,Deepfake-Real,/mnt/public/public_datasets/OpenMMSecV2/Deepfake/Real/DFD/e1398f4b252b4a0b87d7c989428b924b.png
6.677126884460449,6.092034339904785,0.0,IMDL,1,4,2,8,IMDL-Fake,/mnt/public/public_datasets/OpenMMSecV2/IMDL/generative/flux_1/imgs/5259bb6f1bef41eda765d60e07316496.png
9.940391540527344,-24.138662338256836,0.0,IMDL,0,4,1,7,IMDL-Real,/mnt/public/public_datasets/OpenMMSecV2/IMDL/generative/coco/imgs/852b3881469041bbaa43a190d1b3ab25.jpg
-22.821847915649414,12.433008193969727,0.0,AIGC,1,2,2,4,AIGC-Fake,/mnt/public/public_datasets/OpenMMSecV2/AIGC/pixel_diffusion/guided_diffusion/b5d99c520167423797f509bff3b31529.jpg
-40.28096008300781,-39.541603088378906,0.0,deepfake,0,1,1,1,Deepfake-Real,/mnt/public/public_datasets/OpenMMSecV2/Deepfake/Real/FF++/e94eedaa5d9c484a90d77c599ccad059.png
5.286986827850342,-11.822193145751953,0.0,IMDL,0,4,1,7,IMDL-Real,/mnt/public/public_datasets/OpenMMSecV2/IMDL/generative/coco/imgs/0827116357f84a8ba24ff36f02e34708.jpg
-29.77271270751953,-27.48150634765625,0.0,deepfake,0,1,1,1,Deepfake-Real,/mnt/public/public_datasets/OpenMMSecV2/Deepfake/Real/CelebDF-v2/aedea3056191463b9d2089105aeb8a0c.png
-49.870750427246094,-37.08990478515625,0.0,deepfake,0,1,1,1,Deepfake-Real,/mnt/public/public_datasets/OpenMMSecV2/Deepfake/Real/DFD/a96f638855104b85bb054d1ea2831f77.png
10.232657432556152,-2.9767372608184814,0.0,IMDL,0,4,1,7,IMDL-Real,/mnt/public/public_datasets/OpenMMSecV2/IMDL/non_generative/manual_ps/imgs/4c497f17b3d2491da608941b681ebb8f.jpg
28.270851135253906,20.284488677978516,0.0,AIGC,0,2,1,3,AIGC-Real,/mnt/public/public_datasets/OpenMMSecV2/AIGC/laion/eb24e8afdce541e3a98a408a73fe9ee8.jpg
-37.16767120361328,-35.44060516357422,0.0,deepfake,0,1,1,1,Deepfake-Real,/mnt/public/public_datasets/OpenMMSecV2/Deepfake/Real/FF++/085fa48b812a4023866532f4a92d2ae1.png
-49.31098937988281,-37.40659713745117,0.0,deepfake,0,1,1,1,Deepfake-Real,/mnt/public/public_datasets/OpenMMSecV2/Deepfake/Real/CelebDF-v2/c6c39393171e4602b566ac599d9df441.png
-43.0612907409668,2.2334587574005127,0.0,deepfake,1,1,2,2,Deepfake-Fake,/mnt/public/public_datasets/OpenMMSecV2/Deepfake/Fake/EntireFaceSynthesis/WhichisReal/39bb7e2a0360464fae84c6d954974d00.png
-39.126075744628906,-13.8477144241333,0.0,deepfake,1,1,2,2,Deepfake-Fake,/mnt/public/public_datasets/OpenMMSecV2/Deepfake/Fake/FaceSwap/Deepfake/cf81dbcaf3c749d98b7cf0977704694d.png
8.486222267150879,-5.216068267822266,0.0,IMDL,1,4,2,8,IMDL-Fake,/mnt/public/public_datasets/OpenMMSecV2/IMDL/generative/gan_mat/imgs/5adb83917aff4e86be6d743b704d2740.png
31.39875602722168,-23.150911331176758,0.0,Doc,1,3,2,6,Document-Fake,/mnt/public/public_datasets/OpenMMSecV2/Doc/aigc/textdiff/imgs/386ef6fe4fe64ed69cb00d7f19e735b6.jpg
41.45684814453125,-13.121421813964844,0.0,Doc,0,3,1,5,Document-Real,/mnt/public/public_datasets/OpenMMSecV2/Doc/Real/f5b14eba09e34fc6ac6f555212f6523a.jpg
42.98827362060547,36.47772216796875,0.0,Doc,1,3,2,6,Document-Fake,/mnt/public/public_datasets/OpenMMSecV2/Doc/non_aigc/cover/imgs/9cece11e21c94a78b749eccc580a53c9.jpg
-47.266483306884766,-34.48506546020508,0.0,deepfake,0,1,1,1,Deepfake-Real,/mnt/public/public_datasets/OpenMMSecV2/Deepfake/Real/CelebDF-v2/44306d78a92744f989fa07dd0debfba1.png
11.350844383239746,-8.20685863494873,0.0,IMDL,0,4,1,7,IMDL-Real,/mnt/public/public_datasets/OpenMMSecV2/IMDL/generative/coco/imgs/64547d014ccc4041b124766c377ed72b.jpg
56.22138595581055,20.172042846679688,0.0,Doc,0,3,1,5,Document-Real,/mnt/public/public_datasets/OpenMMSecV2/Doc/Real/019f4176000b46e8808c3f85af56005e.jpg
-5.05715274810791,-2.9312005043029785,0.0,IMDL,1,4,2,8,IMDL-Fake,/mnt/public/public_datasets/OpenMMSecV2/IMDL/non_generative/manual_ps/imgs/ed4509ce19fc4363ae4f9119c70c3ff1.jpg
16.000295639038086,0.039946913719177246,0.0,AIGC,0,2,1,3,AIGC-Real,/mnt/public/public_datasets/OpenMMSecV2/AIGC/other/online/imgs/80c6602576644e979234db5d8dbd0044.jpg
-8.664648056030273,9.030595779418945,0.0,IMDL,1,4,2,8,IMDL-Fake,/mnt/public/public_datasets/OpenMMSecV2/IMDL/non_generative/manual_ps/imgs/85e73478935d431cb684b1fe1db224f2.jpg
-5.528650283813477,-9.077929496765137,0.0,AIGC,0,2,1,3,AIGC-Real,/mnt/public/public_datasets/OpenMMSecV2/AIGC/laion/4ab8f35495f14f529df8dfb774e455ba.jpg
41.684547424316406,36.352325439453125,0.0,Doc,0,3,1,5,Document-Real,/mnt/public/public_datasets/OpenMMSecV2/Doc/Real/da22fcd2b3d44e24825e608622ef1df4.jpg
