x,y,z,domain,label,domain_id,label_id,class_id,class_name,path
-52.38911819458008,-14.91736888885498,0.0,deepfake,1,1,2,2,Deepfake-Fake,/mnt/public/public_datasets/OpenMMSecV2/Deepfake/Fake/FaceEditing/StarGAN/02d4aa4be3b64a009a7cba2f1feee594.jpg
-29.928363800048828,-24.491195678710938,0.0,deepfake,0,1,1,1,Deepfake-Real,/mnt/public/public_datasets/OpenMMSecV2/Deepfake/Real/UADFV/7372598a60d648fb9c6066bd8024aea9.png
23.794841766357422,25.331838607788086,0.0,Doc,1,3,2,6,Document-Fake,/mnt/public/public_datasets/OpenMMSecV2/Doc/non_aigc/copy-move/imgs/5c98942752c14ea9a0c36f6ed0b28506.jpg
6.559110641479492,10.051907539367676,0.0,AIGC,0,2,1,3,AIGC-Real,/mnt/public/public_datasets/OpenMMSecV2/AIGC/laion/262375e413904d67addf5390f629bdbd.jpg
4.646682262420654,-16.87238311767578,0.0,IMDL,1,4,2,8,IMDL-Fake,/mnt/public/public_datasets/OpenMMSecV2/IMDL/generative/flux_1/imgs/66a41bc7dadc4c9590116c9328db66f1.png
24.253929138183594,19.35820960998535,0.0,Doc,1,3,2,6,Document-Fake,/mnt/public/public_datasets/OpenMMSecV2/Doc/aigc/mostel/imgs/841a4959eb734dc9a3ddfd697933618a.jpg
30.25912857055664,26.659879684448242,0.0,Doc,0,3,1,5,Document-Real,/mnt/public/public_datasets/OpenMMSecV2/Doc/Real/ab4007a0a2074de5abdc2037dcb747ad.jpg
-34.09678268432617,-19.00586700439453,0.0,deepfake,0,1,1,1,Deepfake-Real,/mnt/public/public_datasets/OpenMMSecV2/Deepfake/Real/DFD/631c0ddd9a2c4093a85afcc31dd5c8f4.png
-34.99278259277344,-23.105388641357422,0.0,deepfake,0,1,1,1,Deepfake-Real,/mnt/public/public_datasets/OpenMMSecV2/Deepfake/Real/FF++/398526d2bde748e7973733645011e2b4.png
-51.74907302856445,-19.882944107055664,0.0,deepfake,1,1,2,2,Deepfake-Fake,/mnt/public/public_datasets/OpenMMSecV2/Deepfake/Fake/FaceSwap/UniFace/67a1c7b9b0a44ada87e57be69639809e.png
29.51531219482422,23.46312713623047,0.0,Doc,0,3,1,5,Document-Real,/mnt/public/public_datasets/OpenMMSecV2/Doc/Real/8ae64c1fa55944fe9c5398dcca5aa86d.jpg
-27.42936897277832,-16.67544174194336,0.0,deepfake,0,1,1,1,Deepfake-Real,/mnt/public/public_datasets/OpenMMSecV2/Deepfake/Real/FFHQ/96811572521945e3ade156a87a1b9501.jpg
5.264598846435547,2.6054465770721436,0.0,AIGC,0,2,1,3,AIGC-Real,/mnt/public/public_datasets/OpenMMSecV2/AIGC/other/online/imgs/6844e84de14d406eb0d8fec66a68aa8d.jpg
9.637839317321777,-11.218300819396973,0.0,IMDL,0,4,1,7,IMDL-Real,/mnt/public/public_datasets/OpenMMSecV2/IMDL/generative/flux_1/imgs/53210c97cb784db98179ac79095501f5.png
-9.505355834960938,6.4789228439331055,0.0,AIGC,1,2,2,4,AIGC-Fake,/mnt/public/public_datasets/OpenMMSecV2/AIGC/commercial/wukong/imgs/d15f2f0092464b7c989bea5bbe026f2b.png
8.816336631774902,-6.838626861572266,0.0,IMDL,0,4,1,7,IMDL-Real,/mnt/public/public_datasets/OpenMMSecV2/IMDL/generative/flux_1/imgs/56374890d51246dd9e13de70de7db928.png
-2.809361457824707,-5.5033416748046875,0.0,IMDL,1,4,2,8,IMDL-Fake,/mnt/public/public_datasets/OpenMMSecV2/IMDL/generative/flux_1/imgs/a972f243a4da4b2b9ca944ee28544a31.png
-29.421525955200195,-23.605802536010742,0.0,deepfake,0,1,1,1,Deepfake-Real,/mnt/public/public_datasets/OpenMMSecV2/Deepfake/Real/UADFV/0d07d0c0651d4596a35ae20b06eeb163.png
13.324031829833984,7.079840660095215,0.0,AIGC,0,2,1,3,AIGC-Real,/mnt/public/public_datasets/OpenMMSecV2/AIGC/laion/26c75b85e8b549779863a8b2e3521491.jpg
-50.18075180053711,-22.517953872680664,0.0,deepfake,1,1,2,2,Deepfake-Fake,/mnt/public/public_datasets/OpenMMSecV2/Deepfake/Fake/FaceSwap/FaceDancer/58fa70cc3a874a0494613bb5b7e2f451.png
-4.774899482727051,10.41703987121582,0.0,AIGC,1,2,2,4,AIGC-Fake,/mnt/public/public_datasets/OpenMMSecV2/AIGC/commercial/firefly/bcec48be7d644cdfa1c5888e2a2e14ad.jpg
-35.146141052246094,-18.413623809814453,0.0,deepfake,0,1,1,1,Deepfake-Real,/mnt/public/public_datasets/OpenMMSecV2/Deepfake/Real/CelebDF-v2/fefd05a675f7452187817991bac0b2e4.png
5.59115743637085,-8.426671981811523,0.0,IMDL,0,4,1,7,IMDL-Real,/mnt/public/public_datasets/OpenMMSecV2/IMDL/generative/flux_1/imgs/b215dd0f94114972b892d309a7b92341.png
10.517955780029297,-12.42910099029541,0.0,IMDL,0,4,1,7,IMDL-Real,/mnt/public/public_datasets/OpenMMSecV2/IMDL/generative/coco/imgs/8a6cc9ff9e6a41b28c402115173608aa.jpg
12.359641075134277,9.625046730041504,0.0,AIGC,0,2,1,3,AIGC-Real,/mnt/public/public_datasets/OpenMMSecV2/AIGC/laion/e8b088a8906e4802b77a8547822eeaa1.jpg
-16.915321350097656,6.899153709411621,0.0,AIGC,1,2,2,4,AIGC-Fake,/mnt/public/public_datasets/OpenMMSecV2/AIGC/autoregressive_model/tamingtransformers/6459aedcd3484ddf8fe0c268c55d542d.jpg
33.38150405883789,26.1063175201416,0.0,Doc,0,3,1,5,Document-Real,/mnt/public/public_datasets/OpenMMSecV2/Doc/Real/7f59432664084f24bc305b22f7cc42ed.jpg
-3.6652183532714844,-5.690544128417969,0.0,AIGC,1,2,2,4,AIGC-Fake,/mnt/public/public_datasets/OpenMMSecV2/AIGC/commercial/ideogram/78341fe3475c4fafaef3914fa077b23e.jpg
-54.42729187011719,-20.739299774169922,0.0,deepfake,1,1,2,2,Deepfake-Fake,/mnt/public/public_datasets/OpenMMSecV2/Deepfake/Fake/FaceReenactment/MCNet/b8acecce636846f1b527e9699abaecbe.png
-2.4702653884887695,9.617171287536621,0.0,AIGC,1,2,2,4,AIGC-Fake,/mnt/public/public_datasets/OpenMMSecV2/AIGC/latent_diffusion/systematic/f97c0a1510b34ca3aacf44bdefc2ba38.jpg
32.943878173828125,21.870874404907227,0.0,Doc,0,3,1,5,Document-Real,/mnt/public/public_datasets/OpenMMSecV2/Doc/Real/0e470fdbba424defab8b1f73ad92aaeb.jpg
-52.049896240234375,-21.607990264892578,0.0,deepfake,1,1,2,2,Deepfake-Fake,/mnt/public/public_datasets/OpenMMSecV2/Deepfake/Fake/FaceReenactment/MCNet/44eff53451a74715ab6d97afcb26d1c2.png
-0.8072564601898193,-13.679306030273438,0.0,IMDL,1,4,2,8,IMDL-Fake,/mnt/public/public_datasets/OpenMMSecV2/IMDL/non_generative/manual_ps/imgs/67348bf987764dbb882085b95bbb3fcf.jpg
-29.881019592285156,-18.60662269592285,0.0,deepfake,0,1,1,1,Deepfake-Real,/mnt/public/public_datasets/OpenMMSecV2/Deepfake/Real/FF++/2345e0121d8f46569699d7b44d1777d8.png
10.004254341125488,-8.84493350982666,0.0,IMDL,0,4,1,7,IMDL-Real,/mnt/public/public_datasets/OpenMMSecV2/IMDL/generative/coco/imgs/60c24a2c3efc40f4825c56be2bd97ab0.jpg
-4.2521514892578125,-14.352348327636719,0.0,IMDL,1,4,2,8,IMDL-Fake,/mnt/public/public_datasets/OpenMMSecV2/IMDL/generative/stable_diffusion/imgs/04bbdf7674664f6a98723c383299b8ac.png
12.595930099487305,8.73463249206543,0.0,AIGC,0,2,1,3,AIGC-Real,/mnt/public/public_datasets/OpenMMSecV2/AIGC/laion/db9c45cbb41c4a4c9559916c97c8e2dc.jpg
7.31355619430542,-8.16375732421875,0.0,IMDL,0,4,1,7,IMDL-Real,/mnt/public/public_datasets/OpenMMSecV2/IMDL/generative/coco/imgs/de016ef04a5e43859558960f99cf913b.jpg
4.114680290222168,0.031630098819732666,0.0,AIGC,0,2,1,3,AIGC-Real,/mnt/public/public_datasets/OpenMMSecV2/AIGC/laion/9124ac4cf77e43d3964e85a5f22c2370.jpg
-8.09570598602295,-2.7086405754089355,0.0,IMDL,1,4,2,8,IMDL-Fake,/mnt/public/public_datasets/OpenMMSecV2/IMDL/generative/gan_mat/imgs/a587a27bc44c47ff93272d9abd72f054.tiff
6.8098249435424805,5.3113203048706055,0.0,AIGC,0,2,1,3,AIGC-Real,/mnt/public/public_datasets/OpenMMSecV2/AIGC/laion/46fb3cd1d58f4284be91868861592894.jpg
22.885793685913086,25.646860122680664,0.0,Doc,1,3,2,6,Document-Fake,/mnt/public/public_datasets/OpenMMSecV2/Doc/non_aigc/cpmv/imgs/c8afddc3e7be4ba28e3ea543d676dadf.jpg
11.70409870147705,-8.279597282409668,0.0,IMDL,0,4,1,7,IMDL-Real,/mnt/public/public_datasets/OpenMMSecV2/IMDL/generative/stable_diffusion/imgs/c79294a8ba474024bf3d77d721bf164f.png
33.5675163269043,26.444068908691406,0.0,Doc,0,3,1,5,Document-Real,/mnt/public/public_datasets/OpenMMSecV2/Doc/Real/24cb2b7d185746499f892d4d3e77b394.jpg
-14.556892395019531,7.272046089172363,0.0,AIGC,1,2,2,4,AIGC-Fake,/mnt/public/public_datasets/OpenMMSecV2/AIGC/GAN/ProGAN/9ea7cdead6c64631ba14c97011816c0b.jpg
34.60518264770508,24.37316131591797,0.0,Doc,0,3,1,5,Document-Real,/mnt/public/public_datasets/OpenMMSecV2/Doc/Real/3d6aa5b3107f4131b3bb511353a8e16d.jpg
33.48937225341797,25.990232467651367,0.0,Doc,0,3,1,5,Document-Real,/mnt/public/public_datasets/OpenMMSecV2/Doc/Real/71f4ab3fe05045669012fe4af0f4d9c4.jpg
33.12144470214844,21.3646183013916,0.0,Doc,0,3,1,5,Document-Real,/mnt/public/public_datasets/OpenMMSecV2/Doc/Real/abe841c627ff461e8efa78d2e8bfe591.jpg
33.76442337036133,26.18603515625,0.0,Doc,0,3,1,5,Document-Real,/mnt/public/public_datasets/OpenMMSecV2/Doc/Real/f4fcc5b696f24433affe26e620e6dded.jpg
-52.64335250854492,-16.374698638916016,0.0,deepfake,1,1,2,2,Deepfake-Fake,/mnt/public/public_datasets/OpenMMSecV2/Deepfake/Fake/FaceEditing/StarGAN/546d5bd971974874a12b5ae7a014400d.jpg
33.13091278076172,21.072689056396484,0.0,Doc,0,3,1,5,Document-Real,/mnt/public/public_datasets/OpenMMSecV2/Doc/Real/61626b021dfc444081633041d2e5177e.jpg
7.277505397796631,4.183896064758301,0.0,AIGC,0,2,1,3,AIGC-Real,/mnt/public/public_datasets/OpenMMSecV2/AIGC/latent_diffusion/vqdiffusion/imgs/32eb28e1957e41668d7b4d1e5243b1a3.JPEG
33.533416748046875,26.614559173583984,0.0,Doc,0,3,1,5,Document-Real,/mnt/public/public_datasets/OpenMMSecV2/Doc/Real/b3f1184f13e94ca18079eb462c3c7e0f.jpg
8.532705307006836,3.285334587097168,0.0,AIGC,0,2,1,3,AIGC-Real,/mnt/public/public_datasets/OpenMMSecV2/AIGC/laion/6b7697828d484d6b8b124728a3c610fd.jpg
-34.253082275390625,-22.01412582397461,0.0,deepfake,0,1,1,1,Deepfake-Real,/mnt/public/public_datasets/OpenMMSecV2/Deepfake/Real/FF++/9092bee180e94001bc2618ec8d3fdb55.png
5.75618839263916,-7.118022918701172,0.0,IMDL,0,4,1,7,IMDL-Real,/mnt/public/public_datasets/OpenMMSecV2/IMDL/generative/coco/imgs/4a9990d39449473ea399a316dd3d999c.jpg
-35.560733795166016,-23.791282653808594,0.0,deepfake,0,1,1,1,Deepfake-Real,/mnt/public/public_datasets/OpenMMSecV2/Deepfake/Real/FF++/00a66ef68c7f47f0aaf4cd5286b2fc6d.png
33.29388427734375,20.78955841064453,0.0,Doc,0,3,1,5,Document-Real,/mnt/public/public_datasets/OpenMMSecV2/Doc/Real/f3a8e97610ec4705859000e8b13a0818.jpg
-5.995487213134766,-7.625435829162598,0.0,IMDL,1,4,2,8,IMDL-Fake,/mnt/public/public_datasets/OpenMMSecV2/IMDL/non_generative/manual_ps/imgs/31376d690de3435698718f899252249b.jpg
-32.23821258544922,-18.228248596191406,0.0,deepfake,0,1,1,1,Deepfake-Real,/mnt/public/public_datasets/OpenMMSecV2/Deepfake/Real/FF++/b7ab8c82e9f345d59e480295b6c228e5.png
-54.09199905395508,-20.397703170776367,0.0,deepfake,1,1,2,2,Deepfake-Fake,/mnt/public/public_datasets/OpenMMSecV2/Deepfake/Fake/FaceReenactment/DaGAN/d8380fd0dc8b48fa9ca12e669c6fc5f4.png
-28.878591537475586,-21.4664306640625,0.0,deepfake,0,1,1,1,Deepfake-Real,/mnt/public/public_datasets/OpenMMSecV2/Deepfake/Real/VFHQ/0ad19ad4a4604834b1398a28f1ca966c.png
12.847061157226562,3.7568914890289307,0.0,AIGC,0,2,1,3,AIGC-Real,/mnt/public/public_datasets/OpenMMSecV2/AIGC/laion/366cf7cb17784b5a96701add0370e745.jpg
-33.86430358886719,-21.716285705566406,0.0,deepfake,0,1,1,1,Deepfake-Real,/mnt/public/public_datasets/OpenMMSecV2/Deepfake/Real/CelebDF-v2/dd4797767bea494698056acd3c9458ca.png
12.296867370605469,7.394561767578125,0.0,AIGC,0,2,1,3,AIGC-Real,/mnt/public/public_datasets/OpenMMSecV2/AIGC/laion/dad9be69b64840efb706f987a039e953.jpg
33.21754837036133,26.24982261657715,0.0,Doc,0,3,1,5,Document-Real,/mnt/public/public_datasets/OpenMMSecV2/Doc/Real/9a1a3fd93f094c5c9953dc7d94ad027e.jpg
32.82229232788086,21.094982147216797,0.0,Doc,0,3,1,5,Document-Real,/mnt/public/public_datasets/OpenMMSecV2/Doc/Real/7c2fceef467944dc82ac6b6fd395ca27.jpg
-36.75351333618164,-19.080171585083008,0.0,deepfake,0,1,1,1,Deepfake-Real,/mnt/public/public_datasets/OpenMMSecV2/Deepfake/Real/FF++/e75e6ca791c244408d42dec395f69261.png
-8.085372924804688,5.3687896728515625,0.0,AIGC,1,2,2,4,AIGC-Fake,/mnt/public/public_datasets/OpenMMSecV2/AIGC/pixel_diffusion/adm/imgs/6bbd2e6cecc54f57b74f27d71bb84df2.PNG
-35.58998489379883,-22.789703369140625,0.0,deepfake,0,1,1,1,Deepfake-Real,/mnt/public/public_datasets/OpenMMSecV2/Deepfake/Real/FF++/5b7608d1ab7545d28e25db5f24fce916.png
-32.48521423339844,-18.006641387939453,0.0,deepfake,0,1,1,1,Deepfake-Real,/mnt/public/public_datasets/OpenMMSecV2/Deepfake/Real/FF++/0ffeb59514ba4f9fb00151365d25e52d.png
23.606964111328125,25.21304702758789,0.0,Doc,1,3,2,6,Document-Fake,/mnt/public/public_datasets/OpenMMSecV2/Doc/non_aigc/generation/imgs/a72d5c43556843e8bd3954c9336b1619.jpg
31.573606491088867,21.233104705810547,0.0,Doc,0,3,1,5,Document-Real,/mnt/public/public_datasets/OpenMMSecV2/Doc/Real/3cb16659ccbc448eb66937a553c3b0f4.jpg
8.118412971496582,-8.239896774291992,0.0,IMDL,0,4,1,7,IMDL-Real,/mnt/public/public_datasets/OpenMMSecV2/IMDL/generative/coco/imgs/8def2d61f1c54d1f8f42549e8d80c3ed.jpg
34.57294464111328,24.443376541137695,0.0,Doc,0,3,1,5,Document-Real,/mnt/public/public_datasets/OpenMMSecV2/Doc/Real/683ad77724034c38be3755459aebbb9e.jpg
-32.604827880859375,-14.68411922454834,0.0,deepfake,0,1,1,1,Deepfake-Real,/mnt/public/public_datasets/OpenMMSecV2/Deepfake/Real/FF++/3f90f8f17f9840a198dd617984c46638.png
-51.33692932128906,-30.33037567138672,0.0,deepfake,1,1,2,2,Deepfake-Fake,/mnt/public/public_datasets/OpenMMSecV2/Deepfake/Fake/EntireFaceSynthesis/SiT-XL/11984c672bb144a99ae5ebad13054aea.png
-4.097557067871094,-5.465868949890137,0.0,IMDL,1,4,2,8,IMDL-Fake,/mnt/public/public_datasets/OpenMMSecV2/IMDL/generative/stable_diffusion/imgs/ea399ca4542343f7aafc4889587cca36.png
-6.902534484863281,0.723112940788269,0.0,AIGC,1,2,2,4,AIGC-Fake,/mnt/public/public_datasets/OpenMMSecV2/AIGC/other/online/imgs/b5fbf206a3c64ddcb921900fc8d85217.jpg
9.083425521850586,-9.72702693939209,0.0,IMDL,0,4,1,7,IMDL-Real,/mnt/public/public_datasets/OpenMMSecV2/IMDL/generative/stable_diffusion/imgs/64642b797fbd4086946ef695fc6abb25.png
25.392648696899414,19.269489288330078,0.0,Doc,1,3,2,6,Document-Fake,/mnt/public/public_datasets/OpenMMSecV2/Doc/aigc/mostel/imgs/2c6594c9577745c8a1afbb9d4a50954d.jpg
13.139156341552734,8.612457275390625,0.0,AIGC,0,2,1,3,AIGC-Real,/mnt/public/public_datasets/OpenMMSecV2/AIGC/laion/61dc7b42b70f4a73a1895dc41d7b58b1.jpg
-3.694120168685913,-13.36754035949707,0.0,IMDL,1,4,2,8,IMDL-Fake,/mnt/public/public_datasets/OpenMMSecV2/IMDL/non_generative/manual_ps/imgs/7ec247d589d44373a3a0b663aba1cf73.jpg
32.73695373535156,20.382909774780273,0.0,Doc,0,3,1,5,Document-Real,/mnt/public/public_datasets/OpenMMSecV2/Doc/Real/8b4b1adf588b4bb69e68c8357df5911a.jpg
-51.04396057128906,-23.335399627685547,0.0,deepfake,1,1,2,2,Deepfake-Fake,/mnt/public/public_datasets/OpenMMSecV2/Deepfake/Fake/FaceReenactment/TPSMM/4c45c308b6484b82a0fb986185f099d7.png
-28.598600387573242,-18.994726181030273,0.0,deepfake,0,1,1,1,Deepfake-Real,/mnt/public/public_datasets/OpenMMSecV2/Deepfake/Real/VFHQ/52f7f05587544598918c1fb4b3286ff4.png
34.477752685546875,24.742815017700195,0.0,Doc,0,3,1,5,Document-Real,/mnt/public/public_datasets/OpenMMSecV2/Doc/Real/2be8c5204c114edf876122008b0ff634.jpg
7.876158714294434,-8.813525199890137,0.0,IMDL,0,4,1,7,IMDL-Real,/mnt/public/public_datasets/OpenMMSecV2/IMDL/generative/coco/imgs/9d67035fab6947338aeae10e518bb040.jpg
5.62342643737793,-3.248774528503418,0.0,IMDL,0,4,1,7,IMDL-Real,/mnt/public/public_datasets/OpenMMSecV2/IMDL/generative/stable_diffusion/imgs/868144b03be547e68be2d6619bb1f2ab.png
-29.50106430053711,-22.2465877532959,0.0,deepfake,0,1,1,1,Deepfake-Real,/mnt/public/public_datasets/OpenMMSecV2/Deepfake/Real/UADFV/ef2cd21a74594d22878111d91fc63925.png
-53.6652717590332,-19.26325225830078,0.0,deepfake,1,1,2,2,Deepfake-Fake,/mnt/public/public_datasets/OpenMMSecV2/Deepfake/Fake/FaceReenactment/PIRender/ac25b246a7314a2b8d7178ab82bbff51.png
21.441917419433594,26.06452751159668,0.0,Doc,1,3,2,6,Document-Fake,/mnt/public/public_datasets/OpenMMSecV2/Doc/non_aigc/copy-move/imgs/f00d31f5b14e41eba13f6f9dacbd5c2e.jpg
33.01685333251953,20.47804832458496,0.0,Doc,0,3,1,5,Document-Real,/mnt/public/public_datasets/OpenMMSecV2/Doc/Real/974765eb65ea4b5a8d999c29d77beda9.jpg
10.684508323669434,5.607036590576172,0.0,AIGC,0,2,1,3,AIGC-Real,/mnt/public/public_datasets/OpenMMSecV2/AIGC/laion/135c4416cd3049dd9ced933999dee551.jpg
-11.370158195495605,7.389422416687012,0.0,AIGC,1,2,2,4,AIGC-Fake,/mnt/public/public_datasets/OpenMMSecV2/AIGC/GAN/BigGAN/imgs/28eb4bd2aba643ecae18beaf1684e10c.png
31.980749130249023,20.0588321685791,0.0,Doc,0,3,1,5,Document-Real,/mnt/public/public_datasets/OpenMMSecV2/Doc/Real/100619d3656847ba9a94160ae0614e74.jpg
-46.310935974121094,-16.008909225463867,0.0,deepfake,1,1,2,2,Deepfake-Fake,/mnt/public/public_datasets/OpenMMSecV2/Deepfake/Fake/EntireFaceSynthesis/WhichisReal/23fb94aae89d4e28b0fe474da3f8945c.png
-50.146392822265625,-19.933116912841797,0.0,deepfake,1,1,2,2,Deepfake-Fake,/mnt/public/public_datasets/OpenMMSecV2/Deepfake/Fake/EntireFaceSynthesis/StyleGAN-XL/3cf10a496e3446d39e7a0b69dea9880d.png
16.28660011291504,11.895415306091309,0.0,AIGC,0,2,1,3,AIGC-Real,/mnt/public/public_datasets/OpenMMSecV2/AIGC/laion/674675ebcc8d4810991a1f2503b2f51b.jpg
-2.4311182498931885,7.560225486755371,0.0,AIGC,1,2,2,4,AIGC-Fake,/mnt/public/public_datasets/OpenMMSecV2/AIGC/latent_diffusion/systematic/45d14cc326a2477d9dd90828fa18b9bf.jpg
6.944957733154297,-11.26424503326416,0.0,IMDL,0,4,1,7,IMDL-Real,/mnt/public/public_datasets/OpenMMSecV2/IMDL/generative/stable_diffusion/imgs/e97ce0fb6c3b446f8f2094646e5404a2.png
7.861811637878418,-8.81940746307373,0.0,IMDL,0,4,1,7,IMDL-Real,/mnt/public/public_datasets/OpenMMSecV2/IMDL/generative/flux_1/imgs/3cfebf0a06f141af94ff732b6bf3a80c.png
25.399688720703125,24.22382354736328,0.0,Doc,1,3,2,6,Document-Fake,/mnt/public/public_datasets/OpenMMSecV2/Doc/non_aigc/cover/imgs/e3dfc340ae3c467fa2e7dc452419dd1f.jpg
6.147615432739258,2.2283806800842285,0.0,AIGC,0,2,1,3,AIGC-Real,/mnt/public/public_datasets/OpenMMSecV2/AIGC/other/online/imgs/d412c59dde2d4cd1b3e9a8b5c06cc639.jpg
7.686037540435791,-5.585283279418945,0.0,IMDL,0,4,1,7,IMDL-Real,/mnt/public/public_datasets/OpenMMSecV2/IMDL/generative/coco/imgs/8517d8a468984c4abf9141cf3220c546.jpg
-36.89802932739258,-18.966888427734375,0.0,deepfake,0,1,1,1,Deepfake-Real,/mnt/public/public_datasets/OpenMMSecV2/Deepfake/Real/FF++/a9cdd40ea0224cbd9292bdbdf02dd481.png
34.091407775878906,25.108240127563477,0.0,Doc,0,3,1,5,Document-Real,/mnt/public/public_datasets/OpenMMSecV2/Doc/Real/88270822baea498d897e7fc2df6a5abc.jpg
-5.339439392089844,-11.81283950805664,0.0,IMDL,1,4,2,8,IMDL-Fake,/mnt/public/public_datasets/OpenMMSecV2/IMDL/non_generative/manual_ps/imgs/5f483cd2f8964d6084bf6687a3a64cd9.jpg
-1.6910227537155151,4.363923072814941,0.0,AIGC,1,2,2,4,AIGC-Fake,/mnt/public/public_datasets/OpenMMSecV2/AIGC/other/online/imgs/2bab2bb4afb04923bbfde4ee8f717d38.jpg
23.960079193115234,25.219831466674805,0.0,Doc,1,3,2,6,Document-Fake,/mnt/public/public_datasets/OpenMMSecV2/Doc/non_aigc/copy-move/imgs/700c7b39afe043c5ac970c0bee3c2b6e.jpg
33.63749313354492,21.130685806274414,0.0,Doc,0,3,1,5,Document-Real,/mnt/public/public_datasets/OpenMMSecV2/Doc/Real/f6aedae1d7f4445caab43cd544e49b53.jpg
-50.82904052734375,-12.234755516052246,0.0,deepfake,1,1,2,2,Deepfake-Fake,/mnt/public/public_datasets/OpenMMSecV2/Deepfake/Fake/FaceEditing/e4e/ebb3dfbd3e64427ab0167480cc6b3a5c.jpg
-7.8942365646362305,-2.7888643741607666,0.0,IMDL,1,4,2,8,IMDL-Fake,/mnt/public/public_datasets/OpenMMSecV2/IMDL/generative/stable_diffusion/imgs/cadc3cd9fcfd4aeb81bb4c68dbabe2e4.tiff
12.355963706970215,9.048335075378418,0.0,AIGC,0,2,1,3,AIGC-Real,/mnt/public/public_datasets/OpenMMSecV2/AIGC/laion/3dce58387dfe43f9a43999a30363e720.jpg
33.267513275146484,26.140867233276367,0.0,Doc,0,3,1,5,Document-Real,/mnt/public/public_datasets/OpenMMSecV2/Doc/Real/4aacd4d3217744c392eac441ab1b3400.jpg
8.836350440979004,-14.551032066345215,0.0,IMDL,0,4,1,7,IMDL-Real,/mnt/public/public_datasets/OpenMMSecV2/IMDL/generative/coco/imgs/54f0bfefaa8c4908bbd53c56d171d9fe.jpg
-5.0649495124816895,1.2129433155059814,0.0,AIGC,1,2,2,4,AIGC-Fake,/mnt/public/public_datasets/OpenMMSecV2/AIGC/other/online/imgs/4b19b1f8592c46c383ece56b6811ac74.jpg
-53.22127151489258,-17.069902420043945,0.0,deepfake,1,1,2,2,Deepfake-Fake,/mnt/public/public_datasets/OpenMMSecV2/Deepfake/Fake/FaceEditing/StarGAN/c49c782ee26f4befb4dc395f36fd87f3.jpg
33.316402435302734,21.531587600708008,0.0,Doc,0,3,1,5,Document-Real,/mnt/public/public_datasets/OpenMMSecV2/Doc/Real/195568c5e3a7454486ecade5a6944ce5.jpg
6.963896751403809,2.6040520668029785,0.0,AIGC,0,2,1,3,AIGC-Real,/mnt/public/public_datasets/OpenMMSecV2/AIGC/pixel_diffusion/adm/imgs/9f889f1eaa8d469cbd3758514c3b92bf.JPEG
11.50748062133789,10.127805709838867,0.0,AIGC,0,2,1,3,AIGC-Real,/mnt/public/public_datasets/OpenMMSecV2/AIGC/laion/c7e006770b0446b18458d7aaf871ca37.jpg
23.04750633239746,26.254104614257812,0.0,Doc,1,3,2,6,Document-Fake,/mnt/public/public_datasets/OpenMMSecV2/Doc/non_aigc/generation/imgs/04a3cf0ec63c4d74bec8df97f879f1be.jpg
-48.275108337402344,-26.363143920898438,0.0,deepfake,1,1,2,2,Deepfake-Fake,/mnt/public/public_datasets/OpenMMSecV2/Deepfake/Fake/FaceReenactment/Wav2Lip/815b35badf6c4b8a83d8856c1ea6cdc7.png
-8.515437126159668,-2.9764885902404785,0.0,IMDL,1,4,2,8,IMDL-Fake,/mnt/public/public_datasets/OpenMMSecV2/IMDL/generative/gan_mat/imgs/6e185cff4f15489cb3f5f2e36d47c9f0.jpg
-51.139713287353516,-12.698899269104004,0.0,deepfake,1,1,2,2,Deepfake-Fake,/mnt/public/public_datasets/OpenMMSecV2/Deepfake/Fake/FaceEditing/e4e/f5543e645213454098cdff6b60c0de6a.jpg
5.967790603637695,0.7460101842880249,0.0,IMDL,0,4,1,7,IMDL-Real,/mnt/public/public_datasets/OpenMMSecV2/IMDL/generative/flux_1/imgs/d0994cd953164a85a7c5935999ad60e8.png
32.53653335571289,20.395410537719727,0.0,Doc,0,3,1,5,Document-Real,/mnt/public/public_datasets/OpenMMSecV2/Doc/Real/16b9584683b5453ea7931e5728dd9c8e.jpg
34.80693435668945,24.38479232788086,0.0,Doc,0,3,1,5,Document-Real,/mnt/public/public_datasets/OpenMMSecV2/Doc/Real/e380886363cd4b6d849b677a0f57d0e5.jpg
25.085039138793945,24.201189041137695,0.0,Doc,1,3,2,6,Document-Fake,/mnt/public/public_datasets/OpenMMSecV2/Doc/non_aigc/cover/imgs/9a7446449db54b08bb105680d6845329.jpg
12.676466941833496,5.1619415283203125,0.0,AIGC,0,2,1,3,AIGC-Real,/mnt/public/public_datasets/OpenMMSecV2/AIGC/laion/a943e992472a453bbbe3bd15bfe8f4d7.jpg
8.76147747039795,-11.110525131225586,0.0,IMDL,0,4,1,7,IMDL-Real,/mnt/public/public_datasets/OpenMMSecV2/IMDL/generative/coco/imgs/ae9d494869254a30b70403f87322c247.jpg
34.62825393676758,24.289865493774414,0.0,Doc,0,3,1,5,Document-Real,/mnt/public/public_datasets/OpenMMSecV2/Doc/Real/6d4bff5d70ee4f859143756f66317654.jpg
31.83672332763672,20.089481353759766,0.0,Doc,0,3,1,5,Document-Real,/mnt/public/public_datasets/OpenMMSecV2/Doc/Real/7d47822b166a4bfa9381a960dc5af835.jpg
-7.8754191398620605,-2.781409502029419,0.0,IMDL,1,4,2,8,IMDL-Fake,/mnt/public/public_datasets/OpenMMSecV2/IMDL/generative/stable_diffusion/imgs/878833780c4f4c7cb85d558d36cc65bc.jpg
23.60133171081543,18.59893798828125,0.0,Doc,1,3,2,6,Document-Fake,/mnt/public/public_datasets/OpenMMSecV2/Doc/aigc/textocr/imgs/eaf40029002d45608c80a9b12c762887.jpg
-10.981282234191895,7.289167404174805,0.0,AIGC,1,2,2,4,AIGC-Fake,/mnt/public/public_datasets/OpenMMSecV2/AIGC/latent_diffusion/vqdiffusion/imgs/1107948bf9c241538fff6e85f6c90e02.png
23.68670082092285,25.32720375061035,0.0,Doc,1,3,2,6,Document-Fake,/mnt/public/public_datasets/OpenMMSecV2/Doc/non_aigc/copy-move/imgs/85214519d7464cc586bb8bcdd8dbe87a.jpg
33.25382995605469,21.32448387145996,0.0,Doc,0,3,1,5,Document-Real,/mnt/public/public_datasets/OpenMMSecV2/Doc/Real/dd3d48113f06436d90f13914b5ddf775.jpg
-51.598968505859375,-13.257174491882324,0.0,deepfake,1,1,2,2,Deepfake-Fake,/mnt/public/public_datasets/OpenMMSecV2/Deepfake/Fake/FaceEditing/e4e/e369d081d6124169b418f1fe4c6ea9b2.jpg
-36.327693939208984,-13.671298027038574,0.0,deepfake,0,1,1,1,Deepfake-Real,/mnt/public/public_datasets/OpenMMSecV2/Deepfake/Real/CelebDF-v2/24c2d2b7b9f34c68b8f88988917add48.png
-33.84246063232422,-21.20768165588379,0.0,deepfake,0,1,1,1,Deepfake-Real,/mnt/public/public_datasets/OpenMMSecV2/Deepfake/Real/FF++/713bdd5c3cc54bbe821a55dd1b196b5c.png
21.913951873779297,26.01625633239746,0.0,Doc,1,3,2,6,Document-Fake,/mnt/public/public_datasets/OpenMMSecV2/Doc/non_aigc/copy-move/imgs/b1b861148fb54f719db21573039abee4.jpg
21.846616744995117,24.943603515625,0.0,Doc,1,3,2,6,Document-Fake,/mnt/public/public_datasets/OpenMMSecV2/Doc/non_aigc/cpmv/imgs/3e696141c1114cf0841ad63c4f3dead8.jpg
-8.692556381225586,9.513155937194824,0.0,AIGC,1,2,2,4,AIGC-Fake,/mnt/public/public_datasets/OpenMMSecV2/AIGC/latent_diffusion/systematic/0c43532301554e3d8760239282be4f8c.jpg
-34.014625549316406,-17.040695190429688,0.0,deepfake,0,1,1,1,Deepfake-Real,/mnt/public/public_datasets/OpenMMSecV2/Deepfake/Real/CelebDF-v2/f89854051e704857b1c21620107f08a5.png
-5.535235404968262,-7.14494514465332,0.0,IMDL,1,4,2,8,IMDL-Fake,/mnt/public/public_datasets/OpenMMSecV2/IMDL/non_generative/manual_ps/imgs/bc7bb8b076d747da9b23112ff6898a82.jpg
32.57203674316406,20.812637329101562,0.0,Doc,0,3,1,5,Document-Real,/mnt/public/public_datasets/OpenMMSecV2/Doc/aigc/derend/imgs/a58909d1e5734e78aa41bf10a9f23c37.jpg
-49.47593688964844,-14.27282428741455,0.0,deepfake,1,1,2,2,Deepfake-Fake,/mnt/public/public_datasets/OpenMMSecV2/Deepfake/Fake/FaceEditing/e4e/2812bd8db09b4c54b17fa248e17a3f9e.jpg
-53.09996032714844,-20.121871948242188,0.0,deepfake,1,1,2,2,Deepfake-Fake,/mnt/public/public_datasets/OpenMMSecV2/Deepfake/Fake/FaceReenactment/PIRender/5c1c10c68650483eba05fb5d2c512720.png
-2.63803768157959,-15.48692798614502,0.0,IMDL,1,4,2,8,IMDL-Fake,/mnt/public/public_datasets/OpenMMSecV2/IMDL/non_generative/manual_ps/imgs/f462cba32e854ced93d69cbb1a3bc3f5.jpg
24.081945419311523,19.860855102539062,0.0,Doc,1,3,2,6,Document-Fake,/mnt/public/public_datasets/OpenMMSecV2/Doc/aigc/textdiff/imgs/f40fd7a92138419db3b93fd7bfdc4910.jpg
4.754282474517822,3.2670750617980957,0.0,AIGC,0,2,1,3,AIGC-Real,/mnt/public/public_datasets/OpenMMSecV2/AIGC/laion/7d23241f6388414389f83ed27488b287.jpg
-11.118699073791504,7.612517356872559,0.0,AIGC,1,2,2,4,AIGC-Fake,/mnt/public/public_datasets/OpenMMSecV2/AIGC/GAN/BigGAN/44b9c0f1e5d9470693f5d09d9741c6fe.jpg
-7.999335765838623,1.6203457117080688,0.0,AIGC,1,2,2,4,AIGC-Fake,/mnt/public/public_datasets/OpenMMSecV2/AIGC/other/online/imgs/f46aadcb1b5a470ca9457eedee959370.jpg
23.652694702148438,26.2614688873291,0.0,Doc,1,3,2,6,Document-Fake,/mnt/public/public_datasets/OpenMMSecV2/Doc/non_aigc/generation/imgs/ab95e9e580aa42eba7a832bc4d94f0b0.jpg
-5.775226593017578,-7.457283973693848,0.0,IMDL,1,4,2,8,IMDL-Fake,/mnt/public/public_datasets/OpenMMSecV2/IMDL/non_generative/manual_ps/imgs/61c8e29e60ea44a683f4194b16800d5f.jpg
-34.57957077026367,-21.609481811523438,0.0,deepfake,0,1,1,1,Deepfake-Real,/mnt/public/public_datasets/OpenMMSecV2/Deepfake/Real/FF++/5c9c04035f9c45b0b8df32a60f386cd6.png
30.68076515197754,21.33962631225586,0.0,Doc,0,3,1,5,Document-Real,/mnt/public/public_datasets/OpenMMSecV2/Doc/Real/22cb98fef5ad45a98b19407567900820.jpg
-51.858516693115234,-12.640936851501465,0.0,deepfake,1,1,2,2,Deepfake-Fake,/mnt/public/public_datasets/OpenMMSecV2/Deepfake/Fake/FaceEditing/e4e/7942c4de3c8e4af19eaf7455ec3ac9fe.jpg
-30.86974334716797,-18.543113708496094,0.0,deepfake,0,1,1,1,Deepfake-Real,/mnt/public/public_datasets/OpenMMSecV2/Deepfake/Real/DFD/34ccf75dde4548e8879d345b53d15857.png
-34.015621185302734,-21.140798568725586,0.0,deepfake,0,1,1,1,Deepfake-Real,/mnt/public/public_datasets/OpenMMSecV2/Deepfake/Real/DFD/9b66b10268c440dc8a1b47918e6c6d3f.png
29.821136474609375,26.97995948791504,0.0,Doc,0,3,1,5,Document-Real,/mnt/public/public_datasets/OpenMMSecV2/Doc/Real/54208ae02f8841a4a5bdbb85d3d5dfee.jpg
-0.7812990546226501,-15.10422420501709,0.0,IMDL,1,4,2,8,IMDL-Fake,/mnt/public/public_datasets/OpenMMSecV2/IMDL/generative/paintbyexample/imgs/47002c63488b45158b0ec3cadbcfb0a4.png
-11.318655967712402,7.200370788574219,0.0,AIGC,1,2,2,4,AIGC-Fake,/mnt/public/public_datasets/OpenMMSecV2/AIGC/GAN/BigGAN/9c9be8889dc248dd82294a8fb487cb7c.jpg
8.734875679016113,-6.634727478027344,0.0,IMDL,0,4,1,7,IMDL-Real,/mnt/public/public_datasets/OpenMMSecV2/IMDL/generative/stable_diffusion/imgs/bde98bb92c2e46d5b414bc8607fe08c2.png
-54.523685455322266,-19.786436080932617,0.0,deepfake,1,1,2,2,Deepfake-Fake,/mnt/public/public_datasets/OpenMMSecV2/Deepfake/Fake/FaceReenactment/PIRender/efd8ef88d38f477fba8305af70976195.png
29.924564361572266,26.913721084594727,0.0,Doc,0,3,1,5,Document-Real,/mnt/public/public_datasets/OpenMMSecV2/Doc/Real/4d7aeafc53c04a48b94beda8d8c3f8ea.jpg
23.51498794555664,26.59722328186035,0.0,Doc,1,3,2,6,Document-Fake,/mnt/public/public_datasets/OpenMMSecV2/Doc/non_aigc/generation/imgs/d1eba2048d874f38aae87a481cf91f8e.jpg
9.514277458190918,-13.644404411315918,0.0,IMDL,0,4,1,7,IMDL-Real,/mnt/public/public_datasets/OpenMMSecV2/IMDL/generative/stable_diffusion/imgs/e91801d97b324eb68a7d892f83446ae5.png
23.72376823425293,25.383514404296875,0.0,Doc,1,3,2,6,Document-Fake,/mnt/public/public_datasets/OpenMMSecV2/Doc/non_aigc/copy-move/imgs/b65414cd4de043b7ab16f91f7fb125e7.jpg
-42.815879821777344,-25.988685607910156,0.0,deepfake,1,1,2,2,Deepfake-Fake,/mnt/public/public_datasets/OpenMMSecV2/Deepfake/Fake/FaceSwap/Unknow_FS/7183252f5e2b4c17ab7bdb43d7468dc9.png
-7.015186786651611,-4.769779205322266,0.0,IMDL,1,4,2,8,IMDL-Fake,/mnt/public/public_datasets/OpenMMSecV2/IMDL/generative/stable_diffusion/imgs/58845ef165644d92891c9c51c240c5fd.jpg
-52.942359924316406,-20.082918167114258,0.0,deepfake,1,1,2,2,Deepfake-Fake,/mnt/public/public_datasets/OpenMMSecV2/Deepfake/Fake/FaceReenactment/PIRender/49ca77b356194b06bb87cc182f199426.png
34.32135009765625,24.572919845581055,0.0,Doc,0,3,1,5,Document-Real,/mnt/public/public_datasets/OpenMMSecV2/Doc/Real/512c3a28edc2498b897d9ea1721f4de7.jpg
34.42204666137695,24.524892807006836,0.0,Doc,0,3,1,5,Document-Real,/mnt/public/public_datasets/OpenMMSecV2/Doc/Real/7287af3d1d294d2ba46812bd31b8f899.jpg
-31.99616241455078,-16.617321014404297,0.0,deepfake,0,1,1,1,Deepfake-Real,/mnt/public/public_datasets/OpenMMSecV2/Deepfake/Real/FF++/e83b2bda24a94c72bef998731a0b75dd.png
-53.573394775390625,-20.77405548095703,0.0,deepfake,1,1,2,2,Deepfake-Fake,/mnt/public/public_datasets/OpenMMSecV2/Deepfake/Fake/FaceReenactment/HyperReenact/012b6e1448f1418fa7e63cacac154086.png
7.633516788482666,-13.62603759765625,0.0,IMDL,0,4,1,7,IMDL-Real,/mnt/public/public_datasets/OpenMMSecV2/IMDL/generative/coco/imgs/bdf0af8810bb47f7a7f50f421a5430c6.jpg
22.695905685424805,25.593704223632812,0.0,Doc,1,3,2,6,Document-Fake,/mnt/public/public_datasets/OpenMMSecV2/Doc/non_aigc/edit/imgs/47f582ff8f6d4149bc33bfff59a1a013.jpg
22.585010528564453,25.26469612121582,0.0,Doc,1,3,2,6,Document-Fake,/mnt/public/public_datasets/OpenMMSecV2/Doc/non_aigc/insert/imgs/f4b0f58adf4947d89b4a0ebacf497e0e.jpg
11.466562271118164,10.24695110321045,0.0,AIGC,0,2,1,3,AIGC-Real,/mnt/public/public_datasets/OpenMMSecV2/AIGC/laion/ea6e0936745b449c8277ccb158a12bb1.jpg
-55.267704010009766,-21.29055404663086,0.0,deepfake,1,1,2,2,Deepfake-Fake,/mnt/public/public_datasets/OpenMMSecV2/Deepfake/Fake/EntireFaceSynthesis/RDDM/4bf81251eda54540b2471d8815c4a9fc.png
25.29102325439453,23.8887996673584,0.0,Doc,1,3,2,6,Document-Fake,/mnt/public/public_datasets/OpenMMSecV2/Doc/non_aigc/cpmv/imgs/1bf466bac0e448138596e06ab7b04a56.jpg
25.67499351501465,23.06597328186035,0.0,Doc,1,3,2,6,Document-Fake,/mnt/public/public_datasets/OpenMMSecV2/Doc/non_aigc/cpmv/imgs/8ddb8496b0d84af981a815297e8a61bf.jpg
21.57440185546875,26.23023796081543,0.0,Doc,1,3,2,6,Document-Fake,/mnt/public/public_datasets/OpenMMSecV2/Doc/non_aigc/generation/imgs/a32ab9c31ac64a6a814f79fa72bf2e7a.jpg
33.59059524536133,26.22318458557129,0.0,Doc,0,3,1,5,Document-Real,/mnt/public/public_datasets/OpenMMSecV2/Doc/Real/56bd676dc5c3414facd14167a40d5b23.jpg
12.937088012695312,7.690107345581055,0.0,AIGC,0,2,1,3,AIGC-Real,/mnt/public/public_datasets/OpenMMSecV2/AIGC/laion/2f54460faa9c48cc9f03d92daca7c982.jpg
-6.9987006187438965,0.8162037134170532,0.0,AIGC,1,2,2,4,AIGC-Fake,/mnt/public/public_datasets/OpenMMSecV2/AIGC/other/online/imgs/4811fa5ba1fc42a1bc309013ce0d401e.jpg
-31.441701889038086,-17.21953773498535,0.0,deepfake,0,1,1,1,Deepfake-Real,/mnt/public/public_datasets/OpenMMSecV2/Deepfake/Real/CelebDF-v2/997448b0ae234caaa58a1cf6dc25c7a7.png
22.49726676940918,25.408615112304688,0.0,Doc,1,3,2,6,Document-Fake,/mnt/public/public_datasets/OpenMMSecV2/Doc/non_aigc/inpaint/imgs/597444980bc145a8b79283851098adb2.jpg
2.8474273681640625,4.392974853515625,0.0,AIGC,0,2,1,3,AIGC-Real,/mnt/public/public_datasets/OpenMMSecV2/AIGC/other/online/imgs/7627227e437a4bf9857c6c1a649387f6.jpg
-9.671727180480957,7.572443008422852,0.0,AIGC,1,2,2,4,AIGC-Fake,/mnt/public/public_datasets/OpenMMSecV2/AIGC/pixel_diffusion/adm/imgs/ca7486e84b774f84a9f1f9bdc3e5eeb5.PNG
-14.995407104492188,5.238059997558594,0.0,AIGC,1,2,2,4,AIGC-Fake,/mnt/public/public_datasets/OpenMMSecV2/AIGC/autoregressive_model/tamingtransformers/189f3cd2e0ef4a90ab18734071a1b392.jpg
0.026113515719771385,5.428423881530762,0.0,AIGC,0,2,1,3,AIGC-Real,/mnt/public/public_datasets/OpenMMSecV2/AIGC/other/online/imgs/06fd01a96a654109942b9868be2f7433.jpg
29.879396438598633,26.849346160888672,0.0,Doc,0,3,1,5,Document-Real,/mnt/public/public_datasets/OpenMMSecV2/Doc/Real/843287175ef14383831889abe13e8186.jpg
-14.985457420349121,5.443892478942871,0.0,AIGC,1,2,2,4,AIGC-Fake,/mnt/public/public_datasets/OpenMMSecV2/AIGC/autoregressive_model/tamingtransformers/7b8ef876029a4c939e767eccef217ae0.jpg
4.756006240844727,1.7420990467071533,0.0,AIGC,0,2,1,3,AIGC-Real,/mnt/public/public_datasets/OpenMMSecV2/AIGC/other/online/imgs/3bf7a6ac218f428b9384cd2469b4f8fc.jpg
10.330347061157227,-9.160579681396484,0.0,IMDL,0,4,1,7,IMDL-Real,/mnt/public/public_datasets/OpenMMSecV2/IMDL/generative/coco/imgs/acec87c6669b4cf58d6db387e5c6b457.jpg
-6.22489595413208,-6.784902572631836,0.0,IMDL,1,4,2,8,IMDL-Fake,/mnt/public/public_datasets/OpenMMSecV2/IMDL/generative/stable_diffusion/imgs/c20e54f74d7041cfac4a4b2a92d2eeac.png
30.33883285522461,20.739519119262695,0.0,Doc,0,3,1,5,Document-Real,/mnt/public/public_datasets/OpenMMSecV2/Doc/Real/fd339d12acf04fe5b6eeb3f03a4976b7.jpg
25.619935989379883,23.71491050720215,0.0,Doc,1,3,2,6,Document-Fake,/mnt/public/public_datasets/OpenMMSecV2/Doc/non_aigc/cpmv/imgs/13b30cb8f3cc4f72bfd0c511ad15d535.jpg
23.863235473632812,25.55937385559082,0.0,Doc,1,3,2,6,Document-Fake,/mnt/public/public_datasets/OpenMMSecV2/Doc/non_aigc/generation/imgs/cda32984e4994eba943f712722cd455f.jpg
25.220176696777344,24.335046768188477,0.0,Doc,1,3,2,6,Document-Fake,/mnt/public/public_datasets/OpenMMSecV2/Doc/non_aigc/cpmv/imgs/145f62bd14554493a889fbc2dd51f089.jpg
8.860980987548828,-10.650483131408691,0.0,IMDL,0,4,1,7,IMDL-Real,/mnt/public/public_datasets/OpenMMSecV2/IMDL/generative/coco/imgs/3133d9ef7f434a6ca87aec9399261cd7.jpg
-1.8877203464508057,-12.640199661254883,0.0,IMDL,1,4,2,8,IMDL-Fake,/mnt/public/public_datasets/OpenMMSecV2/IMDL/generative/flux_1/imgs/5066d73d61574a2a81078e7e701ec89e.png
34.48474884033203,24.555444717407227,0.0,Doc,0,3,1,5,Document-Real,/mnt/public/public_datasets/OpenMMSecV2/Doc/Real/9e5a9511569a445b9b5c619a166ad103.jpg
6.593496799468994,-5.318958282470703,0.0,IMDL,0,4,1,7,IMDL-Real,/mnt/public/public_datasets/OpenMMSecV2/IMDL/non_generative/manual_ps/imgs/3deb102ad1164ca0ad0036a509060a5d.jpg
-46.92742919921875,-12.689027786254883,0.0,deepfake,1,1,2,2,Deepfake-Fake,/mnt/public/public_datasets/OpenMMSecV2/Deepfake/Fake/FaceSwap/FaceShifter/a478ff5c51a04ef893201392ea04d9fc.png
34.01514434814453,25.41883087158203,0.0,Doc,0,3,1,5,Document-Real,/mnt/public/public_datasets/OpenMMSecV2/Doc/Real/cda91c934ab4450b8f4898fa03645a17.jpg
32.727291107177734,21.631126403808594,0.0,Doc,0,3,1,5,Document-Real,/mnt/public/public_datasets/OpenMMSecV2/Doc/Real/7e7b7adeeb9b4c4c9c4e70bdbce41f8e.jpg
6.683753490447998,-6.644925117492676,0.0,IMDL,0,4,1,7,IMDL-Real,/mnt/public/public_datasets/OpenMMSecV2/IMDL/generative/stable_diffusion/imgs/c36ba5dbeade4bbc81bfadc21717cf05.png
-50.49298095703125,-20.907516479492188,0.0,deepfake,1,1,2,2,Deepfake-Fake,/mnt/public/public_datasets/OpenMMSecV2/Deepfake/Fake/FaceSwap/Deepfake/fa3ac64379364074a90ae5ccfdb50d27.png
9.785149574279785,5.201149940490723,0.0,AIGC,0,2,1,3,AIGC-Real,/mnt/public/public_datasets/OpenMMSecV2/AIGC/laion/f8949b41d617480080619ad91bff9514.jpg
-35.567623138427734,-19.21613883972168,0.0,deepfake,0,1,1,1,Deepfake-Real,/mnt/public/public_datasets/OpenMMSecV2/Deepfake/Real/CelebDF-v2/74f4ea766b06417bb4fc2ce49edc1d41.png
-52.94943618774414,-21.989944458007812,0.0,deepfake,1,1,2,2,Deepfake-Fake,/mnt/public/public_datasets/OpenMMSecV2/Deepfake/Fake/FaceReenactment/TPSMM/d1ba0f9f5c7042af868c1074e5fbacab.png
-48.30257034301758,-17.407400131225586,0.0,deepfake,1,1,2,2,Deepfake-Fake,/mnt/public/public_datasets/OpenMMSecV2/Deepfake/Fake/FaceEditing/StarGANv2/b2fd9a4954ef4f77bf5fa9c195c96fd6.jpg
2.5327863693237305,2.807006359100342,0.0,AIGC,0,2,1,3,AIGC-Real,/mnt/public/public_datasets/OpenMMSecV2/AIGC/laion/4ccb9df729b94b19b440e5a7ba54d53b.jpg
-36.20051956176758,-17.85593032836914,0.0,deepfake,0,1,1,1,Deepfake-Real,/mnt/public/public_datasets/OpenMMSecV2/Deepfake/Real/FF++/8fe02cbf61eb4e14b07f8816322f9411.png
-50.825889587402344,-19.142240524291992,0.0,deepfake,1,1,2,2,Deepfake-Fake,/mnt/public/public_datasets/OpenMMSecV2/Deepfake/Fake/FaceSwap/e4s/7e76538cb5484d899312f12fd5bd96e9.png
-4.015952110290527,10.455114364624023,0.0,AIGC,1,2,2,4,AIGC-Fake,/mnt/public/public_datasets/OpenMMSecV2/AIGC/latent_diffusion/systematic/80fdb96531034f40b0d4fac5d9e73521.jpg
-31.208620071411133,-22.841142654418945,0.0,deepfake,0,1,1,1,Deepfake-Real,/mnt/public/public_datasets/OpenMMSecV2/Deepfake/Real/FF++/e178e56a7e2444e2ba27c778fca0ce73.png
-50.324974060058594,-12.433917045593262,0.0,deepfake,1,1,2,2,Deepfake-Fake,/mnt/public/public_datasets/OpenMMSecV2/Deepfake/Fake/FaceEditing/e4e/dfbd5d5d4b54451e8280ddfc40d414b6.jpg
-48.8507080078125,-26.62281036376953,0.0,deepfake,1,1,2,2,Deepfake-Fake,/mnt/public/public_datasets/OpenMMSecV2/Deepfake/Fake/FaceReenactment/Wav2Lip/6e69152b677c440cada00ceb694349aa.png
-28.837160110473633,-18.83151626586914,0.0,deepfake,0,1,1,1,Deepfake-Real,/mnt/public/public_datasets/OpenMMSecV2/Deepfake/Real/VFHQ/f59d12332e2042e28b90db427510125b.png
-35.05479431152344,-13.444244384765625,0.0,deepfake,0,1,1,1,Deepfake-Real,/mnt/public/public_datasets/OpenMMSecV2/Deepfake/Real/DFD/8036f6f1825844b3ada7dd715d3d5a83.png
9.421244621276855,-9.408036231994629,0.0,IMDL,0,4,1,7,IMDL-Real,/mnt/public/public_datasets/OpenMMSecV2/IMDL/generative/coco/imgs/b76a2dd1a50d4618a54d55d305618617.jpg
9.14859390258789,-11.633814811706543,0.0,IMDL,0,4,1,7,IMDL-Real,/mnt/public/public_datasets/OpenMMSecV2/IMDL/generative/coco/imgs/5adbf99c65014febad04b36f306f5011.jpg
-34.66609191894531,-22.876096725463867,0.0,deepfake,0,1,1,1,Deepfake-Real,/mnt/public/public_datasets/OpenMMSecV2/Deepfake/Real/FF++/72cc5fc53cf6488fa980e8ffd5469285.png
12.54788589477539,9.211373329162598,0.0,AIGC,0,2,1,3,AIGC-Real,/mnt/public/public_datasets/OpenMMSecV2/AIGC/laion/b7d8440e996042d5935369932bc450c2.jpg
-36.965885162353516,-20.877765655517578,0.0,deepfake,0,1,1,1,Deepfake-Real,/mnt/public/public_datasets/OpenMMSecV2/Deepfake/Real/CelebDF-v2/a96cb33fdb5f4e3fa0862e00ed15f228.png
-50.63746643066406,-17.240541458129883,0.0,deepfake,1,1,2,2,Deepfake-Fake,/mnt/public/public_datasets/OpenMMSecV2/Deepfake/Fake/FaceEditing/StarGAN/2ecb098912394173a9428f2c9d9e1bce.jpg
-7.785780906677246,-7.613460540771484,0.0,IMDL,1,4,2,8,IMDL-Fake,/mnt/public/public_datasets/OpenMMSecV2/IMDL/generative/stable_diffusion/imgs/e74b8ceb07f54d83ad55d87387446544.png
-2.550830364227295,-7.767874717712402,0.0,IMDL,1,4,2,8,IMDL-Fake,/mnt/public/public_datasets/OpenMMSecV2/IMDL/non_generative/manual_ps/imgs/1f15419e04f7490abb9d6f394361e303.tif
7.484470367431641,5.571930885314941,0.0,AIGC,0,2,1,3,AIGC-Real,/mnt/public/public_datasets/OpenMMSecV2/AIGC/other/online/imgs/fb9bba335c914bec9d2f851216e15c79.jpg
2.110001802444458,-9.618270874023438,0.0,IMDL,0,4,1,7,IMDL-Real,/mnt/public/public_datasets/OpenMMSecV2/IMDL/generative/stable_diffusion/imgs/fe43c824bcc140ca80db49c0788de6bc.png
-2.015455484390259,-16.56928253173828,0.0,IMDL,1,4,2,8,IMDL-Fake,/mnt/public/public_datasets/OpenMMSecV2/IMDL/generative/flux_1/imgs/97f08ed0f1d54b09a1f0289bc5fc21b4.png
-31.39776039123535,-23.130474090576172,0.0,deepfake,0,1,1,1,Deepfake-Real,/mnt/public/public_datasets/OpenMMSecV2/Deepfake/Real/FF++/065cfd989def4d7eaafec9dc1693317a.png
8.890199661254883,-14.482133865356445,0.0,IMDL,0,4,1,7,IMDL-Real,/mnt/public/public_datasets/OpenMMSecV2/IMDL/generative/coco/imgs/0c8ecaa8ea7f4a5da2d4ffd5df1fb0c1.jpg
-48.17314910888672,-18.015304565429688,0.0,deepfake,1,1,2,2,Deepfake-Fake,/mnt/public/public_datasets/OpenMMSecV2/Deepfake/Fake/FaceEditing/StarGANv2/897079ba7d974ada832654ec99d6dabf.jpg
3.1250007152557373,-10.68276596069336,0.0,IMDL,1,4,2,8,IMDL-Fake,/mnt/public/public_datasets/OpenMMSecV2/IMDL/generative/flux_1/imgs/b5c65d0a8fce4a0dbcfa088df309937e.png
23.448999404907227,26.548267364501953,0.0,Doc,1,3,2,6,Document-Fake,/mnt/public/public_datasets/OpenMMSecV2/Doc/non_aigc/copy-move/imgs/f189a691388d49faa80f6a40fa2bb6a1.jpg
-27.794557571411133,-18.619173049926758,0.0,deepfake,0,1,1,1,Deepfake-Real,/mnt/public/public_datasets/OpenMMSecV2/Deepfake/Real/DFD/1a1cf61ecc9449d8aeda00dc3e347621.png
8.111176490783691,-10.7531099319458,0.0,IMDL,0,4,1,7,IMDL-Real,/mnt/public/public_datasets/OpenMMSecV2/IMDL/generative/coco/imgs/a89c2a71f56c4936894dc1c2e8b5cf05.jpg
22.02157211303711,20.29994010925293,0.0,Doc,1,3,2,6,Document-Fake,/mnt/public/public_datasets/OpenMMSecV2/Doc/aigc/textocr/imgs/0f67d0a0e6b84359a0aac46eec0d7d12.jpg
-55.03830337524414,-20.75387191772461,0.0,deepfake,1,1,2,2,Deepfake-Fake,/mnt/public/public_datasets/OpenMMSecV2/Deepfake/Fake/EntireFaceSynthesis/RDDM/a0318e96b79b44488cccbcc601b7f02f.png
12.53581714630127,5.614492416381836,0.0,AIGC,0,2,1,3,AIGC-Real,/mnt/public/public_datasets/OpenMMSecV2/AIGC/laion/346b3d93d3f94ecb952b7255f9956025.jpg
-6.718486309051514,1.1505863666534424,0.0,AIGC,1,2,2,4,AIGC-Fake,/mnt/public/public_datasets/OpenMMSecV2/AIGC/other/online/imgs/3456b2f325714230b2ad8a0e2ad71185.jpg
-50.88361358642578,-12.766280174255371,0.0,deepfake,1,1,2,2,Deepfake-Fake,/mnt/public/public_datasets/OpenMMSecV2/Deepfake/Fake/FaceEditing/e4e/fac676e2876642e5ad08f38207e960ed.jpg
25.578245162963867,23.650413513183594,0.0,Doc,1,3,2,6,Document-Fake,/mnt/public/public_datasets/OpenMMSecV2/Doc/non_aigc/insert/imgs/8198dea04b12426395a7bd092fcb4c96.jpg
-50.22664260864258,-21.873289108276367,0.0,deepfake,1,1,2,2,Deepfake-Fake,/mnt/public/public_datasets/OpenMMSecV2/Deepfake/Fake/FaceSwap/SimSwap/1bb4917a8d8348a6b120b1f003df1378.png
-36.51091384887695,-18.051111221313477,0.0,deepfake,0,1,1,1,Deepfake-Real,/mnt/public/public_datasets/OpenMMSecV2/Deepfake/Real/FF++/c386e686f7534569beaf3eff1669973e.png
12.992165565490723,5.076127052307129,0.0,AIGC,0,2,1,3,AIGC-Real,/mnt/public/public_datasets/OpenMMSecV2/AIGC/laion/f211da0076084ee2bdec0f5bfbecd14d.jpg
-9.386239051818848,7.559377670288086,0.0,AIGC,1,2,2,4,AIGC-Fake,/mnt/public/public_datasets/OpenMMSecV2/AIGC/pixel_diffusion/guided_diffusion/4343f9893cb4455c876150a9979e69c5.jpg
-35.572601318359375,-16.392799377441406,0.0,deepfake,0,1,1,1,Deepfake-Real,/mnt/public/public_datasets/OpenMMSecV2/Deepfake/Real/CelebDF-v2/cbcf574ed8bd4186b6c62aa08f532a8f.png
33.73053741455078,26.21780014038086,0.0,Doc,0,3,1,5,Document-Real,/mnt/public/public_datasets/OpenMMSecV2/Doc/Real/d17e872054fd4c429f923a417cccc323.jpg
11.801265716552734,9.678842544555664,0.0,AIGC,0,2,1,3,AIGC-Real,/mnt/public/public_datasets/OpenMMSecV2/AIGC/laion/0492527612e34f259e5adc59cc0f602c.jpg
33.555179595947266,21.253171920776367,0.0,Doc,0,3,1,5,Document-Real,/mnt/public/public_datasets/OpenMMSecV2/Doc/Real/9c3db1d5ce7a48c188df4bd1fe3d731c.jpg
-28.390939712524414,-15.721692085266113,0.0,deepfake,0,1,1,1,Deepfake-Real,/mnt/public/public_datasets/OpenMMSecV2/Deepfake/Real/FFHQ/a3620c5dc44c4932a93dfc5307e230bb.jpg
23.59723663330078,26.582372665405273,0.0,Doc,1,3,2,6,Document-Fake,/mnt/public/public_datasets/OpenMMSecV2/Doc/non_aigc/generation/imgs/8ed4b510696b4e78abfa70a9cd599afa.jpg
10.07641315460205,-9.184670448303223,0.0,IMDL,0,4,1,7,IMDL-Real,/mnt/public/public_datasets/OpenMMSecV2/IMDL/generative/flux_1/imgs/95c0e126a3cf4844981a4e308821feae.png
6.1674909591674805,4.963081359863281,0.0,AIGC,0,2,1,3,AIGC-Real,/mnt/public/public_datasets/OpenMMSecV2/AIGC/laion/92a6255566ac486a9659767b6fbd7467.jpg
-9.199506759643555,6.576383590698242,0.0,AIGC,1,2,2,4,AIGC-Fake,/mnt/public/public_datasets/OpenMMSecV2/AIGC/GAN/GigaGAN/1f315a0206c1460a9eaeead1fc59e265.jpg
33.25778579711914,21.346315383911133,0.0,Doc,0,3,1,5,Document-Real,/mnt/public/public_datasets/OpenMMSecV2/Doc/Real/e07e32708c454cfe9a27c2000202cc61.jpg
-49.387882232666016,-14.055274963378906,0.0,deepfake,1,1,2,2,Deepfake-Fake,/mnt/public/public_datasets/OpenMMSecV2/Deepfake/Fake/FaceEditing/e4e/92db4aef1d2d47bfa679b6543b92564a.jpg
-30.17679214477539,-15.7368745803833,0.0,deepfake,0,1,1,1,Deepfake-Real,/mnt/public/public_datasets/OpenMMSecV2/Deepfake/Real/FFHQ/2ed65c53079140a897bcc68ef5a2b01c.jpg
-31.60883331298828,-23.360044479370117,0.0,deepfake,0,1,1,1,Deepfake-Real,/mnt/public/public_datasets/OpenMMSecV2/Deepfake/Real/FF++/e8ffffb21dcc4396996ac1b906696613.png
-47.11613464355469,-20.735729217529297,0.0,deepfake,1,1,2,2,Deepfake-Fake,/mnt/public/public_datasets/OpenMMSecV2/Deepfake/Fake/FaceReenactment/HeyGen/6c5d3941e061450e8ddfdb0c6cb82e3a.png
-48.08650207519531,-12.888893127441406,0.0,deepfake,1,1,2,2,Deepfake-Fake,/mnt/public/public_datasets/OpenMMSecV2/Deepfake/Fake/EntireFaceSynthesis/SD-2.1/d8f265b7d4cb4046a56c93ccd1d47323.png
-7.976644992828369,-2.926652431488037,0.0,IMDL,1,4,2,8,IMDL-Fake,/mnt/public/public_datasets/OpenMMSecV2/IMDL/generative/paintbyexample/imgs/63860ba8d0bc4dd6bc7e00f1dc0d54c8.png
-9.579716682434082,8.002044677734375,0.0,AIGC,1,2,2,4,AIGC-Fake,/mnt/public/public_datasets/OpenMMSecV2/AIGC/pixel_diffusion/glide/imgs/911072969bfc4667b85c0c49d7d22577.png
-49.16362762451172,-11.786492347717285,0.0,deepfake,1,1,2,2,Deepfake-Fake,/mnt/public/public_datasets/OpenMMSecV2/Deepfake/Fake/EntireFaceSynthesis/StyleGAN2/e84baebc15684dc19c786929f9eea4a7.png
-3.4823734760284424,-12.144539833068848,0.0,IMDL,1,4,2,8,IMDL-Fake,/mnt/public/public_datasets/OpenMMSecV2/IMDL/generative/flux_1/imgs/a683404359cc40b48cad3ddd927c5e75.png
-8.181543350219727,-3.6011831760406494,0.0,IMDL,1,4,2,8,IMDL-Fake,/mnt/public/public_datasets/OpenMMSecV2/IMDL/generative/gan_mat/imgs/d314c1422e114cbbb5ae8d3dbf44ddf0.jpg
21.972070693969727,26.238786697387695,0.0,Doc,1,3,2,6,Document-Fake,/mnt/public/public_datasets/OpenMMSecV2/Doc/non_aigc/copy-move/imgs/a839ada59c7f40f99360468ba7df8f3a.jpg
-1.0186982154846191,8.858295440673828,0.0,AIGC,1,2,2,4,AIGC-Fake,/mnt/public/public_datasets/OpenMMSecV2/AIGC/commercial/imagen/d7273b52274f4ed19e11bd0e1c41b6e0.jpg
5.45693826675415,3.050309896469116,0.0,AIGC,0,2,1,3,AIGC-Real,/mnt/public/public_datasets/OpenMMSecV2/AIGC/other/online/imgs/a5fcc9c3637d4772838e0ad3586b6659.jpg
8.605792045593262,-12.262714385986328,0.0,IMDL,0,4,1,7,IMDL-Real,/mnt/public/public_datasets/OpenMMSecV2/IMDL/generative/stable_diffusion/imgs/5695e82ea7c94681a58ae16d93c5c769.png
-1.1873458623886108,-12.129304885864258,0.0,IMDL,1,4,2,8,IMDL-Fake,/mnt/public/public_datasets/OpenMMSecV2/IMDL/non_generative/manual_ps/imgs/0c73ce82bfa7454db4f27303d1f8fb4e.jpg
4.7765936851501465,-4.630478858947754,0.0,AIGC,0,2,1,3,AIGC-Real,/mnt/public/public_datasets/OpenMMSecV2/AIGC/laion/0f68192ec371448a81904c04d73506be.jpg
9.905373573303223,9.891127586364746,0.0,AIGC,0,2,1,3,AIGC-Real,/mnt/public/public_datasets/OpenMMSecV2/AIGC/laion/28cf1ec4754443f8b6fcac4deaede33b.jpg
-12.673591613769531,4.728206634521484,0.0,AIGC,1,2,2,4,AIGC-Fake,/mnt/public/public_datasets/OpenMMSecV2/AIGC/GAN/StyleSANXL/8ff05b08a91e41d7804f08157cf1380c.jpg
-0.9291210770606995,-4.931398391723633,0.0,IMDL,1,4,2,8,IMDL-Fake,/mnt/public/public_datasets/OpenMMSecV2/IMDL/generative/stable_diffusion/imgs/d5573f9d2d44417a846ae620af70b740.png
34.35914993286133,24.563846588134766,0.0,Doc,0,3,1,5,Document-Real,/mnt/public/public_datasets/OpenMMSecV2/Doc/Real/7552554f741441bf800bf727cf12c03f.jpg
-4.188539981842041,-11.861026763916016,0.0,IMDL,1,4,2,8,IMDL-Fake,/mnt/public/public_datasets/OpenMMSecV2/IMDL/non_generative/manual_ps/imgs/91e31d39692746a08145f417fde0ea67.jpg
-0.41378775238990784,4.778495788574219,0.0,AIGC,0,2,1,3,AIGC-Real,/mnt/public/public_datasets/OpenMMSecV2/AIGC/other/online/imgs/5b34c17af9b54c80834bc31ad13d0c7d.jpg
33.51808547973633,21.107295989990234,0.0,Doc,0,3,1,5,Document-Real,/mnt/public/public_datasets/OpenMMSecV2/Doc/aigc/derend/imgs/75a2639c25b84b1e971140e937a83895.jpg
-5.446781158447266,-5.408698081970215,0.0,IMDL,1,4,2,8,IMDL-Fake,/mnt/public/public_datasets/OpenMMSecV2/IMDL/non_generative/manual_ps/imgs/24355235e2d64f2bad3f2348257548ee.jpg
-51.97760772705078,-22.38848114013672,0.0,deepfake,1,1,2,2,Deepfake-Fake,/mnt/public/public_datasets/OpenMMSecV2/Deepfake/Fake/FaceReenactment/TPSMM/30783cb2154a474b9d31b4e4957d2b4b.png
33.07960891723633,26.2314510345459,0.0,Doc,0,3,1,5,Document-Real,/mnt/public/public_datasets/OpenMMSecV2/Doc/Real/ec80edbcdb184b8a8417cb967ecad75a.jpg
-34.00587844848633,-23.133995056152344,0.0,deepfake,0,1,1,1,Deepfake-Real,/mnt/public/public_datasets/OpenMMSecV2/Deepfake/Real/FF++/9d555196d1ec49178c0bde4f8103840e.png
-9.917732238769531,5.875641822814941,0.0,AIGC,1,2,2,4,AIGC-Fake,/mnt/public/public_datasets/OpenMMSecV2/AIGC/latent_diffusion/systematic/54db63a0dfeb463d99ada75f9369977d.jpg
33.4313850402832,26.119474411010742,0.0,Doc,0,3,1,5,Document-Real,/mnt/public/public_datasets/OpenMMSecV2/Doc/Real/e9a294979079420ead6ca89180151852.jpg
12.756952285766602,7.546936988830566,0.0,AIGC,0,2,1,3,AIGC-Real,/mnt/public/public_datasets/OpenMMSecV2/AIGC/laion/6a41e8d846a040ff95a27690d16554ac.jpg
23.266584396362305,26.60344886779785,0.0,Doc,1,3,2,6,Document-Fake,/mnt/public/public_datasets/OpenMMSecV2/Doc/non_aigc/copy-move/imgs/c2723fb20e244f329116c665c7b8112e.jpg
-10.160283088684082,7.026440620422363,0.0,AIGC,1,2,2,4,AIGC-Fake,/mnt/public/public_datasets/OpenMMSecV2/AIGC/pixel_diffusion/adm/imgs/0bb9dc842e1a41b4818260988c66840c.PNG
-53.182498931884766,-20.55823516845703,0.0,deepfake,1,1,2,2,Deepfake-Fake,/mnt/public/public_datasets/OpenMMSecV2/Deepfake/Fake/FaceReenactment/HyperReenact/17b0dbb6a58941f1a00972c1985db25b.png
12.864502906799316,8.805092811584473,0.0,AIGC,0,2,1,3,AIGC-Real,/mnt/public/public_datasets/OpenMMSecV2/AIGC/laion/3233e73739ce468bbec423d2f018f094.jpg
33.66875076293945,25.943740844726562,0.0,Doc,0,3,1,5,Document-Real,/mnt/public/public_datasets/OpenMMSecV2/Doc/Real/145ea43f902141c59b5d573b34e575e9.jpg
-53.55137252807617,-13.041138648986816,0.0,deepfake,1,1,2,2,Deepfake-Fake,/mnt/public/public_datasets/OpenMMSecV2/Deepfake/Fake/FaceEditing/StarGANv2/db9ecb1011014ef1a068139c2a70c12b.jpg
-0.40873822569847107,-10.391051292419434,0.0,IMDL,1,4,2,8,IMDL-Fake,/mnt/public/public_datasets/OpenMMSecV2/IMDL/non_generative/manual_ps/imgs/1afb167b02bf4dcba937d583ac141c99.jpg
0.07573235780000687,-12.752067565917969,0.0,IMDL,1,4,2,8,IMDL-Fake,/mnt/public/public_datasets/OpenMMSecV2/IMDL/non_generative/manual_ps/imgs/6e9beff154184beea3a5947725b86cc3.jpg
23.820159912109375,18.423301696777344,0.0,Doc,1,3,2,6,Document-Fake,/mnt/public/public_datasets/OpenMMSecV2/Doc/aigc/derend/imgs/44c940dd6a1c4022b7904295d296938f.jpg
0.5789430737495422,6.473502159118652,0.0,AIGC,1,2,2,4,AIGC-Fake,/mnt/public/public_datasets/OpenMMSecV2/AIGC/other/online/imgs/b1ca7cf65f61408f886348c70e3e64a7.jpg
-30.139467239379883,-19.72502326965332,0.0,deepfake,0,1,1,1,Deepfake-Real,/mnt/public/public_datasets/OpenMMSecV2/Deepfake/Real/CelebDF-v2/69bb0c12b0984685864e02c667f986fe.png
-3.1562881469726562,9.230903625488281,0.0,AIGC,1,2,2,4,AIGC-Fake,/mnt/public/public_datasets/OpenMMSecV2/AIGC/commercial/firefly/3af93df9507e43e894a3955791d204f8.jpg
-54.06935119628906,-19.947988510131836,0.0,deepfake,1,1,2,2,Deepfake-Fake,/mnt/public/public_datasets/OpenMMSecV2/Deepfake/Fake/FaceReenactment/FS_vid2vid/763aac579ce24035afd90b9feb4b6f60.png
8.493850708007812,-4.344202041625977,0.0,IMDL,0,4,1,7,IMDL-Real,/mnt/public/public_datasets/OpenMMSecV2/IMDL/generative/flux_1/imgs/30b0864c903a4b71ae45ca532fdca6d9.png
21.765371322631836,26.01384735107422,0.0,Doc,1,3,2,6,Document-Fake,/mnt/public/public_datasets/OpenMMSecV2/Doc/non_aigc/copy-move/imgs/7c2f6c3d352f49719ecd403bbdc76491.jpg
21.38996124267578,25.99706268310547,0.0,Doc,1,3,2,6,Document-Fake,/mnt/public/public_datasets/OpenMMSecV2/Doc/non_aigc/copy-move/imgs/f98a4545ef964ea2857098801ebb9cf5.jpg
0.23775716125965118,3.648984432220459,0.0,AIGC,1,2,2,4,AIGC-Fake,/mnt/public/public_datasets/OpenMMSecV2/AIGC/other/online/imgs/744be5278288450699fa1ef906ca5afb.jpg
24.42374038696289,19.093536376953125,0.0,Doc,1,3,2,6,Document-Fake,/mnt/public/public_datasets/OpenMMSecV2/Doc/aigc/textocr/imgs/6b1b20c1cd014e1fab59b1b897855ef1.jpg
33.11441421508789,21.514711380004883,0.0,Doc,0,3,1,5,Document-Real,/mnt/public/public_datasets/OpenMMSecV2/Doc/Real/eef4b667075041b7860742afd48ecb43.jpg
30.027318954467773,26.810136795043945,0.0,Doc,0,3,1,5,Document-Real,/mnt/public/public_datasets/OpenMMSecV2/Doc/Real/ba79451a0acd4dc39fa595ad4490184d.jpg
10.05650520324707,-8.969022750854492,0.0,IMDL,0,4,1,7,IMDL-Real,/mnt/public/public_datasets/OpenMMSecV2/IMDL/generative/coco/imgs/e241543a1be442e285705e92b1b04d90.jpg
-4.518388748168945,10.766180992126465,0.0,AIGC,1,2,2,4,AIGC-Fake,/mnt/public/public_datasets/OpenMMSecV2/AIGC/latent_diffusion/systematic/e030492973e4429ab875d9cc323ffea1.jpg
-36.42652893066406,-21.992809295654297,0.0,deepfake,0,1,1,1,Deepfake-Real,/mnt/public/public_datasets/OpenMMSecV2/Deepfake/Real/CelebDF-v2/35d1984eebe84bd185094538cc89b29e.png
-12.68417739868164,4.515594482421875,0.0,AIGC,1,2,2,4,AIGC-Fake,/mnt/public/public_datasets/OpenMMSecV2/AIGC/GAN/StyleSANXL/beff3ffcdb3a4dc78bb19892c5c95d3b.jpg
-8.260358810424805,-3.060004711151123,0.0,IMDL,1,4,2,8,IMDL-Fake,/mnt/public/public_datasets/OpenMMSecV2/IMDL/generative/stable_diffusion/imgs/71072132e4634cfdafe77df41a4211e6.jpg
-3.180828094482422,-13.98618221282959,0.0,IMDL,1,4,2,8,IMDL-Fake,/mnt/public/public_datasets/OpenMMSecV2/IMDL/non_generative/manual_ps/imgs/1e6028ee43e54070b38a253dc96e15c4.jpg
31.690881729125977,21.443769454956055,0.0,Doc,0,3,1,5,Document-Real,/mnt/public/public_datasets/OpenMMSecV2/Doc/aigc/derend/imgs/e22b0c3511c9412292ff56d84d9513c9.jpg
-50.05708694458008,-13.986471176147461,0.0,deepfake,1,1,2,2,Deepfake-Fake,/mnt/public/public_datasets/OpenMMSecV2/Deepfake/Fake/FaceEditing/e4e/74556d3dee034245b55ea89cf01df7be.jpg
-51.27687072753906,-17.431215286254883,0.0,deepfake,1,1,2,2,Deepfake-Fake,/mnt/public/public_datasets/OpenMMSecV2/Deepfake/Fake/FaceEditing/StarGAN/668f780a5f0546ecb856a0e2516247db.jpg
9.729765892028809,7.276242256164551,0.0,AIGC,0,2,1,3,AIGC-Real,/mnt/public/public_datasets/OpenMMSecV2/AIGC/other/online/imgs/ca9ee7ec6405474abd28c95a4aacf51a.jpg
33.155418395996094,26.48374366760254,0.0,Doc,0,3,1,5,Document-Real,/mnt/public/public_datasets/OpenMMSecV2/Doc/Real/10aa2bc6c9334c529caa77c8dc90a9aa.jpg
24.544897079467773,18.309432983398438,0.0,Doc,1,3,2,6,Document-Fake,/mnt/public/public_datasets/OpenMMSecV2/Doc/aigc/udifftext/imgs/242453f0e6f74a168e7717d5b4276971.jpg
-51.68867111206055,-30.179946899414062,0.0,deepfake,1,1,2,2,Deepfake-Fake,/mnt/public/public_datasets/OpenMMSecV2/Deepfake/Fake/EntireFaceSynthesis/SiT-XL/aa9ac884773941cabb8134a4da22c2d0.png
5.515619277954102,2.8528058528900146,0.0,AIGC,0,2,1,3,AIGC-Real,/mnt/public/public_datasets/OpenMMSecV2/AIGC/other/online/imgs/419f71dfcc2c4abf960b655c01ef0b54.jpg
-14.591403007507324,4.993374824523926,0.0,AIGC,1,2,2,4,AIGC-Fake,/mnt/public/public_datasets/OpenMMSecV2/AIGC/GAN/styleGANs/44f5df40726e433380df3c282b6f0a2b.jpg
-35.75933074951172,-20.57097625732422,0.0,deepfake,0,1,1,1,Deepfake-Real,/mnt/public/public_datasets/OpenMMSecV2/Deepfake/Real/CelebDF-v2/7f5fc22f5d2c4ff9a2b6168a430b6e28.png
-4.481968879699707,-8.729896545410156,0.0,IMDL,1,4,2,8,IMDL-Fake,/mnt/public/public_datasets/OpenMMSecV2/IMDL/non_generative/manual_ps/imgs/da1980ba45024510a50ffc6e5959ff2e.jpg
21.758014678955078,26.208053588867188,0.0,Doc,1,3,2,6,Document-Fake,/mnt/public/public_datasets/OpenMMSecV2/Doc/non_aigc/copy-move/imgs/ff5fc183ab3f47689e39e657fcacb225.jpg
-30.005611419677734,-14.599002838134766,0.0,deepfake,0,1,1,1,Deepfake-Real,/mnt/public/public_datasets/OpenMMSecV2/Deepfake/Real/DFD/3d73d08b02b44acba87e17b313a837de.png
8.07518196105957,5.74049186706543,0.0,AIGC,0,2,1,3,AIGC-Real,/mnt/public/public_datasets/OpenMMSecV2/AIGC/laion/08e85394cd654fb9ae4200b0569f3045.jpg
34.358612060546875,24.547447204589844,0.0,Doc,0,3,1,5,Document-Real,/mnt/public/public_datasets/OpenMMSecV2/Doc/Real/7c5f8a6158bc4d68b6788e4560caf5ed.jpg
-30.99370002746582,-23.491220474243164,0.0,deepfake,0,1,1,1,Deepfake-Real,/mnt/public/public_datasets/OpenMMSecV2/Deepfake/Real/FF++/6785280aba3f42f7ab1e4360c8d6a45b.png
10.722848892211914,-12.08997917175293,0.0,IMDL,0,4,1,7,IMDL-Real,/mnt/public/public_datasets/OpenMMSecV2/IMDL/generative/stable_diffusion/imgs/cbb603919e0c4778957c39f55564f678.png
23.4324893951416,26.244152069091797,0.0,Doc,1,3,2,6,Document-Fake,/mnt/public/public_datasets/OpenMMSecV2/Doc/non_aigc/copy-move/imgs/60616849e0ff415b8a1fc0e195872f19.jpg
34.299556732177734,24.280197143554688,0.0,Doc,0,3,1,5,Document-Real,/mnt/public/public_datasets/OpenMMSecV2/Doc/Real/ca501c13085c45f38035881ee3e8bd36.jpg
22.820261001586914,25.78915786743164,0.0,Doc,1,3,2,6,Document-Fake,/mnt/public/public_datasets/OpenMMSecV2/Doc/non_aigc/generation/imgs/b7ada54b232b429bb7ec971a4825f244.jpg
-2.2859244346618652,-8.003029823303223,0.0,IMDL,1,4,2,8,IMDL-Fake,/mnt/public/public_datasets/OpenMMSecV2/IMDL/non_generative/manual_ps/imgs/5b59d8fef947491aba92752f9a5f8828.tif
-15.372289657592773,5.161535263061523,0.0,AIGC,1,2,2,4,AIGC-Fake,/mnt/public/public_datasets/OpenMMSecV2/AIGC/autoregressive_model/tamingtransformers/c5218f2f51b240198cc2c1262b315725.jpg
-48.72479248046875,-16.643863677978516,0.0,deepfake,1,1,2,2,Deepfake-Fake,/mnt/public/public_datasets/OpenMMSecV2/Deepfake/Fake/FaceEditing/StarGANv2/14dd2fb919524d61b29b84bac933eb93.jpg
29.783775329589844,26.727876663208008,0.0,Doc,0,3,1,5,Document-Real,/mnt/public/public_datasets/OpenMMSecV2/Doc/Real/b6cf2be0ecf746bc9cd9740d54161fcd.jpg
8.743510246276855,-14.463159561157227,0.0,IMDL,0,4,1,7,IMDL-Real,/mnt/public/public_datasets/OpenMMSecV2/IMDL/generative/coco/imgs/7ba87e01ebbb4ec7aa7eee48e2752236.jpg
-53.091819763183594,-14.154430389404297,0.0,deepfake,1,1,2,2,Deepfake-Fake,/mnt/public/public_datasets/OpenMMSecV2/Deepfake/Fake/FaceEditing/StarGANv2/581530d1940142138698199b846760f1.jpg
0.7570003271102905,-12.342450141906738,0.0,IMDL,1,4,2,8,IMDL-Fake,/mnt/public/public_datasets/OpenMMSecV2/IMDL/generative/stable_diffusion/imgs/56a74692435f4f2ca6a6d72835d1cb4d.png
-51.349273681640625,-11.739718437194824,0.0,deepfake,1,1,2,2,Deepfake-Fake,/mnt/public/public_datasets/OpenMMSecV2/Deepfake/Fake/EntireFaceSynthesis/SD-2.1/dad264bc5fe743ecb01d31cde95b7804.png
-7.949599266052246,0.6524704694747925,0.0,AIGC,1,2,2,4,AIGC-Fake,/mnt/public/public_datasets/OpenMMSecV2/AIGC/other/online/imgs/9225bccfda7846099113cbc90aadc81f.jpg
-4.552821636199951,8.652965545654297,0.0,AIGC,1,2,2,4,AIGC-Fake,/mnt/public/public_datasets/OpenMMSecV2/AIGC/commercial/firefly/b8e6f5b6db5a403197570269f24e6648.jpg
-9.373496055603027,5.56990909576416,0.0,AIGC,1,2,2,4,AIGC-Fake,/mnt/public/public_datasets/OpenMMSecV2/AIGC/GAN/styleGANs/0b397e03a6cf4070ad1af0cfcee5523d.jpg
-2.9357686042785645,-12.434845924377441,0.0,IMDL,1,4,2,8,IMDL-Fake,/mnt/public/public_datasets/OpenMMSecV2/IMDL/non_generative/manual_ps/imgs/d53c1ec1377349939d3bdfca47fce927.jpg
9.5960111618042,6.889097213745117,0.0,AIGC,0,2,1,3,AIGC-Real,/mnt/public/public_datasets/OpenMMSecV2/AIGC/laion/efa75b8fc13e430ea74ea1b613e44d34.jpg
12.224770545959473,5.532362937927246,0.0,AIGC,0,2,1,3,AIGC-Real,/mnt/public/public_datasets/OpenMMSecV2/AIGC/laion/ca6167a829fc4726a62b6b0f0151f2ff.jpg
-4.140610218048096,9.036859512329102,0.0,AIGC,1,2,2,4,AIGC-Fake,/mnt/public/public_datasets/OpenMMSecV2/AIGC/commercial/flux/5225510847034733aa6d1d05018ef14b.jpg
-6.732400894165039,-8.470354080200195,0.0,IMDL,1,4,2,8,IMDL-Fake,/mnt/public/public_datasets/OpenMMSecV2/IMDL/non_generative/manual_ps/imgs/cbe376ee80554173ab3a5f1abe68e82b.tif
-30.550922393798828,-19.993501663208008,0.0,deepfake,0,1,1,1,Deepfake-Real,/mnt/public/public_datasets/OpenMMSecV2/Deepfake/Real/CelebDF-v2/844748d7ac244f25baa6426557163688.png
-49.2768440246582,-24.308856964111328,0.0,deepfake,1,1,2,2,Deepfake-Fake,/mnt/public/public_datasets/OpenMMSecV2/Deepfake/Fake/FaceEditing/StarGANv2/59b32df8a5e24be5991075876c6086f7.jpg
9.605634689331055,-10.111071586608887,0.0,IMDL,0,4,1,7,IMDL-Real,/mnt/public/public_datasets/OpenMMSecV2/IMDL/generative/stable_diffusion/imgs/bbfe56eb315946978b41a6812a7517ef.png
-50.86800003051758,-17.54723358154297,0.0,deepfake,1,1,2,2,Deepfake-Fake,/mnt/public/public_datasets/OpenMMSecV2/Deepfake/Fake/FaceEditing/StarGAN/0fa29ca7293444a3b73ec4fc032a902f.jpg
7.315136432647705,-14.409526824951172,0.0,IMDL,0,4,1,7,IMDL-Real,/mnt/public/public_datasets/OpenMMSecV2/IMDL/generative/coco/imgs/1813de4e26b54e1ea366cb13d656df41.jpg
-10.65428638458252,7.379606246948242,0.0,AIGC,1,2,2,4,AIGC-Fake,/mnt/public/public_datasets/OpenMMSecV2/AIGC/GAN/styleGANs/44e15f9790a041f88168aa65c328835b.jpg
-10.431781768798828,5.916282653808594,0.0,AIGC,1,2,2,4,AIGC-Fake,/mnt/public/public_datasets/OpenMMSecV2/AIGC/latent_diffusion/systematic/a183c5f89bf147649b6076f56bcae68c.jpg
-4.288724899291992,10.182517051696777,0.0,AIGC,1,2,2,4,AIGC-Fake,/mnt/public/public_datasets/OpenMMSecV2/AIGC/latent_diffusion/systematic/6eccbf5ec75c4855be160baed680df26.jpg
8.998560905456543,-10.849068641662598,0.0,IMDL,0,4,1,7,IMDL-Real,/mnt/public/public_datasets/OpenMMSecV2/IMDL/generative/coco/imgs/724b4989edb94ba6bd7c6d2f768e78c9.jpg
9.607691764831543,-11.793737411499023,0.0,IMDL,0,4,1,7,IMDL-Real,/mnt/public/public_datasets/OpenMMSecV2/IMDL/generative/coco/imgs/cc69ee0d7825414f8feb7a3dad6cc42d.jpg
8.846343040466309,-6.059211730957031,0.0,IMDL,0,4,1,7,IMDL-Real,/mnt/public/public_datasets/OpenMMSecV2/IMDL/generative/flux_1/imgs/4e0860a93267487f85bcd8660060fe5b.png
-46.63146209716797,-10.95407485961914,0.0,deepfake,1,1,2,2,Deepfake-Fake,/mnt/public/public_datasets/OpenMMSecV2/Deepfake/Fake/EntireFaceSynthesis/StyleGAN3/d5e1791324ac4b33b486f0cebe6369b7.png
10.733731269836426,3.5560402870178223,0.0,AIGC,0,2,1,3,AIGC-Real,/mnt/public/public_datasets/OpenMMSecV2/AIGC/laion/716f2cfae9c945cd931ed86ac4fc8cb8.jpg
-11.010831832885742,8.313689231872559,0.0,AIGC,1,2,2,4,AIGC-Fake,/mnt/public/public_datasets/OpenMMSecV2/AIGC/GAN/GigaGAN/d03cf60e85fc437985ce7610698014b1.jpg
-49.902809143066406,-13.745475769042969,0.0,deepfake,1,1,2,2,Deepfake-Fake,/mnt/public/public_datasets/OpenMMSecV2/Deepfake/Fake/EntireFaceSynthesis/StyleGAN2/c8c7b1de42f845bca28b793dc7cfdcb5.png
4.11543607711792,6.332481384277344,0.0,AIGC,0,2,1,3,AIGC-Real,/mnt/public/public_datasets/OpenMMSecV2/AIGC/laion/dfa13e51fb1d474f9e96cd9687dd49ef.jpg
-7.704291343688965,0.9972958564758301,0.0,AIGC,1,2,2,4,AIGC-Fake,/mnt/public/public_datasets/OpenMMSecV2/AIGC/other/online/imgs/fc2d97cd097e4b5b8ba7098f7da93d58.jpg
11.74533748626709,5.658105850219727,0.0,AIGC,0,2,1,3,AIGC-Real,/mnt/public/public_datasets/OpenMMSecV2/AIGC/laion/8e9cf53464fd4a5bad479be30f66d0af.jpg
23.11659049987793,25.68742561340332,0.0,Doc,1,3,2,6,Document-Fake,/mnt/public/public_datasets/OpenMMSecV2/Doc/non_aigc/copy-move/imgs/14932ebcfb234df2a1231bf6082c9bed.jpg
-54.569679260253906,-20.440174102783203,0.0,deepfake,1,1,2,2,Deepfake-Fake,/mnt/public/public_datasets/OpenMMSecV2/Deepfake/Fake/FaceReenactment/OneShot/fdf25166b3c742079f7f0ad3ec2c253b.png
34.61701202392578,24.272132873535156,0.0,Doc,0,3,1,5,Document-Real,/mnt/public/public_datasets/OpenMMSecV2/Doc/Real/b9750413e3d645daa4a8284d5747ed58.jpg
23.60174560546875,25.252151489257812,0.0,Doc,1,3,2,6,Document-Fake,/mnt/public/public_datasets/OpenMMSecV2/Doc/non_aigc/copy-move/imgs/4fa3cfa8572e46f69137fe05a91e0d99.jpg
-8.020574569702148,1.4533605575561523,0.0,AIGC,1,2,2,4,AIGC-Fake,/mnt/public/public_datasets/OpenMMSecV2/AIGC/other/online/imgs/1d9d8dc92e1448a18ef0ac9d00cea493.jpg
11.79079532623291,10.291604995727539,0.0,AIGC,0,2,1,3,AIGC-Real,/mnt/public/public_datasets/OpenMMSecV2/AIGC/laion/4254a0dc2baf44a498c71824706c885d.jpg
9.730088233947754,-6.081759452819824,0.0,IMDL,0,4,1,7,IMDL-Real,/mnt/public/public_datasets/OpenMMSecV2/IMDL/non_generative/manual_ps/imgs/781ccc68929f4669a31d29e539d86928.jpg
33.045902252197266,26.460433959960938,0.0,Doc,0,3,1,5,Document-Real,/mnt/public/public_datasets/OpenMMSecV2/Doc/Real/be00138ce0d249ce872a0b1b202e3bf3.jpg
-52.578914642333984,-20.906938552856445,0.0,deepfake,1,1,2,2,Deepfake-Fake,/mnt/public/public_datasets/OpenMMSecV2/Deepfake/Fake/FaceReenactment/OneShot/f02124ebafe442a1ae1742a66f3e48c3.png
30.834718704223633,27.945554733276367,0.0,Doc,0,3,1,5,Document-Real,/mnt/public/public_datasets/OpenMMSecV2/Doc/Real/77ae79f20ed646178c3ec127918fe324.jpg
9.155577659606934,-8.031547546386719,0.0,IMDL,0,4,1,7,IMDL-Real,/mnt/public/public_datasets/OpenMMSecV2/IMDL/generative/coco/imgs/16aa1a6a157a4a46b85c67a831d37bef.jpg
24.466381072998047,19.596651077270508,0.0,Doc,1,3,2,6,Document-Fake,/mnt/public/public_datasets/OpenMMSecV2/Doc/aigc/derend/imgs/8dd31dcee495475287b4bd08a85632f4.jpg
6.0480852127075195,-13.598751068115234,0.0,IMDL,0,4,1,7,IMDL-Real,/mnt/public/public_datasets/OpenMMSecV2/IMDL/generative/stable_diffusion/imgs/3b29b40927414a56b34f0b23b73ca254.png
23.613664627075195,25.57625961303711,0.0,Doc,1,3,2,6,Document-Fake,/mnt/public/public_datasets/OpenMMSecV2/Doc/non_aigc/copy-move/imgs/cf2c57b9caf449b695cc419e8a87d458.jpg
-4.262642860412598,-10.668042182922363,0.0,IMDL,1,4,2,8,IMDL-Fake,/mnt/public/public_datasets/OpenMMSecV2/IMDL/non_generative/manual_ps/imgs/462364964d8d40c8821bda0e32323b66.tif
24.494470596313477,18.452075958251953,0.0,Doc,1,3,2,6,Document-Fake,/mnt/public/public_datasets/OpenMMSecV2/Doc/aigc/textocr/imgs/150a7ba341fe41f2b0ccb76c4f060c5e.jpg
-36.648990631103516,-16.957597732543945,0.0,deepfake,0,1,1,1,Deepfake-Real,/mnt/public/public_datasets/OpenMMSecV2/Deepfake/Real/CelebDF-v2/3d5814703d514fc7a6fdab1bfbbd0d41.png
25.260353088378906,24.11071014404297,0.0,Doc,1,3,2,6,Document-Fake,/mnt/public/public_datasets/OpenMMSecV2/Doc/non_aigc/cpmv/imgs/17bf308f2c364eed99a6147803e99f1e.jpg
-17.030282974243164,5.9065351486206055,0.0,AIGC,1,2,2,4,AIGC-Fake,/mnt/public/public_datasets/OpenMMSecV2/AIGC/GAN/styleGANs/f5dfa5bc7d384321995249136a76fb11.jpg
23.32628059387207,25.559886932373047,0.0,Doc,1,3,2,6,Document-Fake,/mnt/public/public_datasets/OpenMMSecV2/Doc/non_aigc/copy-move/imgs/4beb5df66b0a45f08cf5aa32d80c35ec.jpg
34.330543518066406,24.21957015991211,0.0,Doc,0,3,1,5,Document-Real,/mnt/public/public_datasets/OpenMMSecV2/Doc/Real/09a1d295575642a5835b80bf68105e64.jpg
11.193512916564941,-10.15003776550293,0.0,IMDL,0,4,1,7,IMDL-Real,/mnt/public/public_datasets/OpenMMSecV2/IMDL/generative/flux_1/imgs/a9c0a4b698d24b1b8c69b212494e7bd8.png
3.51814341545105,-5.29262638092041,0.0,IMDL,0,4,1,7,IMDL-Real,/mnt/public/public_datasets/OpenMMSecV2/IMDL/generative/flux_1/imgs/453233ef9d944a11bbd6d6742480421b.png
-6.083873271942139,-7.530082702636719,0.0,IMDL,1,4,2,8,IMDL-Fake,/mnt/public/public_datasets/OpenMMSecV2/IMDL/non_generative/manual_ps/imgs/059255a153a2457988bd6c01c8950743.jpg
-1.4750254154205322,8.10632038116455,0.0,AIGC,1,2,2,4,AIGC-Fake,/mnt/public/public_datasets/OpenMMSecV2/AIGC/commercial/ideogram/839d6bbbc4bf47e291ae308464aeb30d.jpg
10.222847938537598,-8.481098175048828,0.0,IMDL,0,4,1,7,IMDL-Real,/mnt/public/public_datasets/OpenMMSecV2/IMDL/generative/stable_diffusion/imgs/152729a80b984a26a6494657196f7978.png
-52.54133224487305,-19.136192321777344,0.0,deepfake,1,1,2,2,Deepfake-Fake,/mnt/public/public_datasets/OpenMMSecV2/Deepfake/Fake/FaceSwap/FaceDancer/6f66ed89201d437ab5ab3c7dc62a946e.png
9.783825874328613,-14.134214401245117,0.0,IMDL,0,4,1,7,IMDL-Real,/mnt/public/public_datasets/OpenMMSecV2/IMDL/generative/stable_diffusion/imgs/043aa81feeb145828d4147a66deea74c.png
-3.7939844131469727,10.305575370788574,0.0,AIGC,1,2,2,4,AIGC-Fake,/mnt/public/public_datasets/OpenMMSecV2/AIGC/commercial/dalle/5076de31e7ed42ebb4bf4f1ccbd650b6.jpg
-0.11814567446708679,-8.164314270019531,0.0,IMDL,1,4,2,8,IMDL-Fake,/mnt/public/public_datasets/OpenMMSecV2/IMDL/non_generative/manual_ps/imgs/d6f630ada1a34c3abd55a95c91c9f376.jpg
-9.902120590209961,6.374921798706055,0.0,AIGC,1,2,2,4,AIGC-Fake,/mnt/public/public_datasets/OpenMMSecV2/AIGC/commercial/ideogram/ea1be9b47c7f493885d313e6a6f63814.jpg
-34.70066452026367,-18.381059646606445,0.0,deepfake,0,1,1,1,Deepfake-Real,/mnt/public/public_datasets/OpenMMSecV2/Deepfake/Real/CelebDF-v2/7622393b4a86468a90f0dc6c721d9725.png
-47.03607940673828,-11.471466064453125,0.0,deepfake,1,1,2,2,Deepfake-Fake,/mnt/public/public_datasets/OpenMMSecV2/Deepfake/Fake/EntireFaceSynthesis/SD-2.1/7edd2ad6347e4baf833a9ed8d618a6e6.png
31.162527084350586,27.456655502319336,0.0,Doc,0,3,1,5,Document-Real,/mnt/public/public_datasets/OpenMMSecV2/Doc/Real/a5ae638bc67641c984ac3fed96b7eb30.jpg
-35.73834228515625,-16.620359420776367,0.0,deepfake,0,1,1,1,Deepfake-Real,/mnt/public/public_datasets/OpenMMSecV2/Deepfake/Real/CelebDF-v2/ad94857f5d7e4f80b01fd17429a8b03c.png
-6.628953456878662,0.43436700105667114,0.0,AIGC,1,2,2,4,AIGC-Fake,/mnt/public/public_datasets/OpenMMSecV2/AIGC/other/online/imgs/1fc77a61dbfc4ccaa06d004fa2a0f53b.jpg
-6.951761245727539,1.2117843627929688,0.0,AIGC,1,2,2,4,AIGC-Fake,/mnt/public/public_datasets/OpenMMSecV2/AIGC/other/online/imgs/f1fc5dbd26364d448ccaf901062f8536.jpg
30.003320693969727,27.41747283935547,0.0,Doc,0,3,1,5,Document-Real,/mnt/public/public_datasets/OpenMMSecV2/Doc/Real/ff006ce4f47946c19aaa938de8fd515a.jpg
31.06480598449707,20.380817413330078,0.0,Doc,0,3,1,5,Document-Real,/mnt/public/public_datasets/OpenMMSecV2/Doc/Real/2e219e3aa3334f27a151e790807d403d.jpg
8.669868469238281,-10.463859558105469,0.0,IMDL,0,4,1,7,IMDL-Real,/mnt/public/public_datasets/OpenMMSecV2/IMDL/generative/coco/imgs/020814b3d5464bf8b0dff4540d38a7e6.jpg
-4.9748854637146,-8.07012939453125,0.0,IMDL,1,4,2,8,IMDL-Fake,/mnt/public/public_datasets/OpenMMSecV2/IMDL/generative/paintbyexample/imgs/9f1c0e3bba024400a66e097ceb14ca19.jpg
-7.526911735534668,-3.1703245639801025,0.0,IMDL,1,4,2,8,IMDL-Fake,/mnt/public/public_datasets/OpenMMSecV2/IMDL/generative/paintbyexample/imgs/0e30ae65952545e0b01cad0d6dd04ab0.png
22.902332305908203,25.432905197143555,0.0,Doc,1,3,2,6,Document-Fake,/mnt/public/public_datasets/OpenMMSecV2/Doc/non_aigc/cover/imgs/c25619f801604d88a2af4bcc6e02faa3.jpg
-30.075485229492188,-16.122591018676758,0.0,deepfake,0,1,1,1,Deepfake-Real,/mnt/public/public_datasets/OpenMMSecV2/Deepfake/Real/DFD/b9d359811d854b9eaed8aabb5e0f0c88.png
-6.0525383949279785,-12.011395454406738,0.0,IMDL,1,4,2,8,IMDL-Fake,/mnt/public/public_datasets/OpenMMSecV2/IMDL/generative/stable_diffusion/imgs/19e2f95701a445e594081dbd7c1b2521.png
-53.105682373046875,-22.14920997619629,0.0,deepfake,1,1,2,2,Deepfake-Fake,/mnt/public/public_datasets/OpenMMSecV2/Deepfake/Fake/FaceReenactment/TPSMM/ff137cb069cf41f5a905b85381458992.png
1.8692742586135864,-3.989485025405884,0.0,IMDL,0,4,1,7,IMDL-Real,/mnt/public/public_datasets/OpenMMSecV2/IMDL/non_generative/manual_ps/imgs/ddd54c9030dd493b8e74b52af3102e01.jpg
0.6999784708023071,6.347211837768555,0.0,AIGC,1,2,2,4,AIGC-Fake,/mnt/public/public_datasets/OpenMMSecV2/AIGC/other/online/imgs/a4496b7b4b7f4004b0a76411dc2b19ed.jpg
9.39010238647461,9.9094820022583,0.0,AIGC,0,2,1,3,AIGC-Real,/mnt/public/public_datasets/OpenMMSecV2/AIGC/laion/ffe34fa50b7440ccb9fed52c8494cb60.jpg
33.20046615600586,26.17738151550293,0.0,Doc,0,3,1,5,Document-Real,/mnt/public/public_datasets/OpenMMSecV2/Doc/Real/02b32be87cac4d8e9ebfd43f75dde8f0.jpg
-1.6367384195327759,-10.972061157226562,0.0,IMDL,1,4,2,8,IMDL-Fake,/mnt/public/public_datasets/OpenMMSecV2/IMDL/generative/flux_1/imgs/ecd3367f949349ee86af0f1b6880d6c1.png
-24.107097625732422,-2.2265124320983887,0.0,deepfake,0,1,1,1,Deepfake-Real,/mnt/public/public_datasets/OpenMMSecV2/Deepfake/Real/DFD/57cc34f78f0d4bc889c07d2fe54660fa.png
-50.898765563964844,-23.358501434326172,0.0,deepfake,1,1,2,2,Deepfake-Fake,/mnt/public/public_datasets/OpenMMSecV2/Deepfake/Fake/FaceReenactment/DaGAN/0cd065dd7941424f8fb27b2aaadf332f.png
-35.151126861572266,-22.88936996459961,0.0,deepfake,0,1,1,1,Deepfake-Real,/mnt/public/public_datasets/OpenMMSecV2/Deepfake/Real/FF++/3a7fba35b3f1405d9cb505e9cea73d22.png
-29.828100204467773,-23.789487838745117,0.0,deepfake,0,1,1,1,Deepfake-Real,/mnt/public/public_datasets/OpenMMSecV2/Deepfake/Real/FF++/eb98db33046d4cd383e2bf2164b4dd2b.png
21.90004539489746,26.102933883666992,0.0,Doc,1,3,2,6,Document-Fake,/mnt/public/public_datasets/OpenMMSecV2/Doc/non_aigc/copy-move/imgs/5ad1fbbd49cd4697923e64afb863def8.jpg
-32.00590896606445,-23.465261459350586,0.0,deepfake,0,1,1,1,Deepfake-Real,/mnt/public/public_datasets/OpenMMSecV2/Deepfake/Real/FF++/ed1b3b72589344569ee8b8833ea88a91.png
9.322242736816406,-12.671605110168457,0.0,IMDL,0,4,1,7,IMDL-Real,/mnt/public/public_datasets/OpenMMSecV2/IMDL/generative/coco/imgs/1e4fb5730df14e80b77a1d0f7cd74832.jpg
0.4004057049751282,-5.324521064758301,0.0,IMDL,1,4,2,8,IMDL-Fake,/mnt/public/public_datasets/OpenMMSecV2/IMDL/non_generative/manual_ps/imgs/652e5cb17b204553af36cbde544802fb.jpg
23.651601791381836,26.13574981689453,0.0,Doc,1,3,2,6,Document-Fake,/mnt/public/public_datasets/OpenMMSecV2/Doc/non_aigc/generation/imgs/0ab1d8ac52c04f29ac97d6d8cf6fc4cc.jpg
9.02186107635498,-9.14682388305664,0.0,IMDL,0,4,1,7,IMDL-Real,/mnt/public/public_datasets/OpenMMSecV2/IMDL/generative/stable_diffusion/imgs/3caaa9baae32459dbef5b4014a4913b5.png
25.59844207763672,24.39384651184082,0.0,Doc,1,3,2,6,Document-Fake,/mnt/public/public_datasets/OpenMMSecV2/Doc/non_aigc/cover/imgs/c0e53e9bc4bc4c3898bc3fefc6953397.jpg
9.983637809753418,-10.72891902923584,0.0,IMDL,0,4,1,7,IMDL-Real,/mnt/public/public_datasets/OpenMMSecV2/IMDL/generative/coco/imgs/6585477ecf8148109198e59f6e06830a.jpg
-38.00554275512695,-21.189247131347656,0.0,deepfake,0,1,1,1,Deepfake-Real,/mnt/public/public_datasets/OpenMMSecV2/Deepfake/Real/CelebDF-v2/46b66a3808d24975a830807eafbdd637.png
33.226806640625,26.276599884033203,0.0,Doc,0,3,1,5,Document-Real,/mnt/public/public_datasets/OpenMMSecV2/Doc/Real/75ea25c06faa4c1fab331b33936843eb.jpg
24.855304718017578,19.180139541625977,0.0,Doc,1,3,2,6,Document-Fake,/mnt/public/public_datasets/OpenMMSecV2/Doc/aigc/textocr/imgs/11f28816ea52401ca2cc8e8b14771383.jpg
22.833477020263672,25.81988525390625,0.0,Doc,1,3,2,6,Document-Fake,/mnt/public/public_datasets/OpenMMSecV2/Doc/non_aigc/cpmv/imgs/514973ef304847f0875a2efa78a5b913.jpg
7.3936686515808105,-14.322253227233887,0.0,IMDL,0,4,1,7,IMDL-Real,/mnt/public/public_datasets/OpenMMSecV2/IMDL/generative/stable_diffusion/imgs/a23d090ca0ca4122bb0ef1697a99a576.png
-51.11405563354492,-15.847869873046875,0.0,deepfake,1,1,2,2,Deepfake-Fake,/mnt/public/public_datasets/OpenMMSecV2/Deepfake/Fake/FaceReenactment/MRAA/483113530ee341b7b176d5593f163f3b.png
29.759353637695312,19.05180549621582,0.0,Doc,0,3,1,5,Document-Real,/mnt/public/public_datasets/OpenMMSecV2/Doc/Real/1e76ceb811994a41b874de0e201eb08e.jpg
-6.084613800048828,-7.345441818237305,0.0,IMDL,1,4,2,8,IMDL-Fake,/mnt/public/public_datasets/OpenMMSecV2/IMDL/non_generative/manual_ps/imgs/c3ed506fdaac448e957eb492f0bc2240.jpg
33.295875549316406,26.5078182220459,0.0,Doc,0,3,1,5,Document-Real,/mnt/public/public_datasets/OpenMMSecV2/Doc/Real/95509df7b342481bac571192f2dcacf5.jpg
21.441940307617188,17.310583114624023,0.0,Doc,1,3,2,6,Document-Fake,/mnt/public/public_datasets/OpenMMSecV2/Doc/aigc/textocr/imgs/ab4e09ad69014920808a674df9f9b72a.jpg
8.91298770904541,-12.439003944396973,0.0,IMDL,0,4,1,7,IMDL-Real,/mnt/public/public_datasets/OpenMMSecV2/IMDL/generative/coco/imgs/d201dfb7420642f7a2f33148efca315d.jpg
-8.08063793182373,5.4172468185424805,0.0,AIGC,1,2,2,4,AIGC-Fake,/mnt/public/public_datasets/OpenMMSecV2/AIGC/pixel_diffusion/adm/imgs/767e8d83ce7347c198a4836d96c35ac3.png
-6.875940799713135,5.117341995239258,0.0,AIGC,1,2,2,4,AIGC-Fake,/mnt/public/public_datasets/OpenMMSecV2/AIGC/pixel_diffusion/adm/imgs/7702cf7e1ff146069f6b5742c4d37fc7.png
10.451864242553711,-12.74985122680664,0.0,IMDL,0,4,1,7,IMDL-Real,/mnt/public/public_datasets/OpenMMSecV2/IMDL/generative/stable_diffusion/imgs/d7197706ae4c428caa1b6b45ef3e4c69.png
10.428711891174316,-11.97020149230957,0.0,IMDL,0,4,1,7,IMDL-Real,/mnt/public/public_datasets/OpenMMSecV2/IMDL/generative/coco/imgs/1a4c00c4cf5c46d1963baec73f6c1e0e.jpg
-50.98388671875,-21.010042190551758,0.0,deepfake,1,1,2,2,Deepfake-Fake,/mnt/public/public_datasets/OpenMMSecV2/Deepfake/Fake/FaceSwap/FSGAN/cf4ca9f0e0d445e08536139d55ba819e.png
-52.77535629272461,-17.344804763793945,0.0,deepfake,1,1,2,2,Deepfake-Fake,/mnt/public/public_datasets/OpenMMSecV2/Deepfake/Fake/FaceEditing/StarGAN/92779cabeb7a4391ba158ce7808f8bcb.jpg
-35.164859771728516,-22.534666061401367,0.0,deepfake,0,1,1,1,Deepfake-Real,/mnt/public/public_datasets/OpenMMSecV2/Deepfake/Real/FF++/a0d705a741574d608bed1452ae333cad.png
-48.39007568359375,-25.593494415283203,0.0,deepfake,1,1,2,2,Deepfake-Fake,/mnt/public/public_datasets/OpenMMSecV2/Deepfake/Fake/FaceReenactment/Wav2Lip/60e1194a782243b2a2b6e6eb1a9834e1.png
2.1340701580047607,2.4605941772460938,0.0,AIGC,0,2,1,3,AIGC-Real,/mnt/public/public_datasets/OpenMMSecV2/AIGC/laion/8b1065b1ce164c4d97d905b21c1c52f1.jpg
-48.135215759277344,-16.396007537841797,0.0,deepfake,1,1,2,2,Deepfake-Fake,/mnt/public/public_datasets/OpenMMSecV2/Deepfake/Fake/FaceEditing/e4e/0b9d3eaa81ad4c97b572684c5fdfad6e.jpg
-48.00714874267578,-16.079374313354492,0.0,deepfake,1,1,2,2,Deepfake-Fake,/mnt/public/public_datasets/OpenMMSecV2/Deepfake/Fake/EntireFaceSynthesis/WhichisReal/37893dbd136743eeb9e99f3e681eae7c.png
0.08366471529006958,6.32562255859375,0.0,AIGC,1,2,2,4,AIGC-Fake,/mnt/public/public_datasets/OpenMMSecV2/AIGC/latent_diffusion/systematic/8039f9dcff2a4bbe911ed9ec8a2221c1.jpg
-20.19881248474121,-22.37349510192871,0.0,deepfake,0,1,1,1,Deepfake-Real,/mnt/public/public_datasets/OpenMMSecV2/Deepfake/Real/VFHQ/888ca0dcb7c6487299371d0b24774c57.png
23.626848220825195,25.57400894165039,0.0,Doc,1,3,2,6,Document-Fake,/mnt/public/public_datasets/OpenMMSecV2/Doc/non_aigc/copy-move/imgs/1c5d58a2a1784f15b54cad12ba582f05.jpg
-8.43986988067627,7.075194358825684,0.0,AIGC,1,2,2,4,AIGC-Fake,/mnt/public/public_datasets/OpenMMSecV2/AIGC/GAN/GigaGAN/552f5c99291b482c8a0faeb239d5b7c8.jpg
-31.093114852905273,-7.388553142547607,0.0,deepfake,1,1,2,2,Deepfake-Fake,/mnt/public/public_datasets/OpenMMSecV2/Deepfake/Fake/EntireFaceSynthesis/MidJounery/3ef6e17f916e4c1680c90bc02e4f53bf.png
9.978592872619629,5.510087013244629,0.0,AIGC,0,2,1,3,AIGC-Real,/mnt/public/public_datasets/OpenMMSecV2/AIGC/laion/5f8afc30b5d3455d8c9918175cefb55e.jpg
-30.79424285888672,-18.26390838623047,0.0,deepfake,0,1,1,1,Deepfake-Real,/mnt/public/public_datasets/OpenMMSecV2/Deepfake/Real/DFD/30037d30b06e4a9998c666a4f7d938fc.png
25.644285202026367,24.360595703125,0.0,Doc,1,3,2,6,Document-Fake,/mnt/public/public_datasets/OpenMMSecV2/Doc/non_aigc/cpmv/imgs/40ec7c0cab1244dcae4fe54d2f1e93fc.jpg
-30.632387161254883,-22.11298942565918,0.0,deepfake,0,1,1,1,Deepfake-Real,/mnt/public/public_datasets/OpenMMSecV2/Deepfake/Real/UADFV/fc605302415e413b90fcdd71cec83d29.png
-7.825605392456055,1.2138692140579224,0.0,AIGC,1,2,2,4,AIGC-Fake,/mnt/public/public_datasets/OpenMMSecV2/AIGC/other/online/imgs/a1b4ca8250944ddeaf43a657a641ccd6.jpg
-7.167520999908447,-5.815644264221191,0.0,IMDL,1,4,2,8,IMDL-Fake,/mnt/public/public_datasets/OpenMMSecV2/IMDL/generative/stable_diffusion/imgs/92c0ae1ff8be4e8eb8a3fa8ece76e374.jpg
33.09439468383789,26.4251708984375,0.0,Doc,0,3,1,5,Document-Real,/mnt/public/public_datasets/OpenMMSecV2/Doc/Real/d715f54b0b324b9bbd6b20ae352028c0.jpg
-7.575531005859375,-4.143318176269531,0.0,IMDL,1,4,2,8,IMDL-Fake,/mnt/public/public_datasets/OpenMMSecV2/IMDL/generative/paintbyexample/imgs/b7046d158ee74736b6b84b05987355d8.jpg
34.79568862915039,24.650060653686523,0.0,Doc,0,3,1,5,Document-Real,/mnt/public/public_datasets/OpenMMSecV2/Doc/Real/f14c6178765e497990527b1cb52cc416.jpg
29.626787185668945,26.97123146057129,0.0,Doc,0,3,1,5,Document-Real,/mnt/public/public_datasets/OpenMMSecV2/Doc/Real/1b1b5bbbe44e4d258a5fbbb29ca35c13.jpg
-34.084861755371094,-17.666757583618164,0.0,deepfake,0,1,1,1,Deepfake-Real,/mnt/public/public_datasets/OpenMMSecV2/Deepfake/Real/CelebDF-v2/229463d4ffe4406fab457bd9601636ab.png
-7.09035062789917,0.458949476480484,0.0,AIGC,1,2,2,4,AIGC-Fake,/mnt/public/public_datasets/OpenMMSecV2/AIGC/other/online/imgs/19e6fca960b349dbb7e786348cfd8c41.jpg
-49.48012161254883,-27.207387924194336,0.0,deepfake,1,1,2,2,Deepfake-Fake,/mnt/public/public_datasets/OpenMMSecV2/Deepfake/Fake/FaceSwap/Unknow_FS/2548abb3cd344a2b8c57fbbd1202168e.png
-27.95511817932129,-18.127748489379883,0.0,deepfake,0,1,1,1,Deepfake-Real,/mnt/public/public_datasets/OpenMMSecV2/Deepfake/Real/FFHQ/b4e5bc41170c4d14bff78c559338e901.jpeg
-16.022794723510742,3.1817386150360107,0.0,AIGC,1,2,2,4,AIGC-Fake,/mnt/public/public_datasets/OpenMMSecV2/AIGC/latent_diffusion/systematic/e2314a4f7d7d4c7e8886d775046db979.jpg
21.708520889282227,26.099010467529297,0.0,Doc,1,3,2,6,Document-Fake,/mnt/public/public_datasets/OpenMMSecV2/Doc/non_aigc/generation/imgs/690eb0754bde42729c9ce09dac5a760f.jpg
33.00765609741211,20.649600982666016,0.0,Doc,0,3,1,5,Document-Real,/mnt/public/public_datasets/OpenMMSecV2/Doc/Real/157566f105a74a22ac567402001b7120.jpg
-6.0182037353515625,-8.463626861572266,0.0,IMDL,1,4,2,8,IMDL-Fake,/mnt/public/public_datasets/OpenMMSecV2/IMDL/non_generative/manual_ps/imgs/52d88e56c60e488f99158bbdddf530b6.jpg
-51.60310363769531,-21.466388702392578,0.0,deepfake,1,1,2,2,Deepfake-Fake,/mnt/public/public_datasets/OpenMMSecV2/Deepfake/Fake/FaceReenactment/TPSMM/bc78ffe445d948ba8fc890e6256ef48a.png
-50.97223663330078,-19.52067756652832,0.0,deepfake,1,1,2,2,Deepfake-Fake,/mnt/public/public_datasets/OpenMMSecV2/Deepfake/Fake/FaceSwap/FaceDancer/84f4951bf203462bb47fd6d062fc3a0f.png
-31.232044219970703,-15.958490371704102,0.0,deepfake,0,1,1,1,Deepfake-Real,/mnt/public/public_datasets/OpenMMSecV2/Deepfake/Real/CelebDF-v2/c1a069b92a984944bfbb2e2896792f96.png
-13.770190238952637,6.865754127502441,0.0,AIGC,1,2,2,4,AIGC-Fake,/mnt/public/public_datasets/OpenMMSecV2/AIGC/GAN/ProjectedGAN/5f7ccc5cd5c04ce5b47b3de6e1ae63ed.jpg
23.553544998168945,26.485904693603516,0.0,Doc,1,3,2,6,Document-Fake,/mnt/public/public_datasets/OpenMMSecV2/Doc/non_aigc/generation/imgs/758c56dc84bd48acbc90b238baf0161d.jpg
5.106494903564453,-4.932751655578613,0.0,IMDL,0,4,1,7,IMDL-Real,/mnt/public/public_datasets/OpenMMSecV2/IMDL/generative/flux_1/imgs/de7a62588c86447eac690fd5af925e30.png
-49.53935623168945,-25.05067253112793,0.0,deepfake,1,1,2,2,Deepfake-Fake,/mnt/public/public_datasets/OpenMMSecV2/Deepfake/Fake/FaceReenactment/Wav2Lip/12ee098d5eca46a8bfb922e238868523.png
-9.756908416748047,-7.108522415161133,0.0,IMDL,1,4,2,8,IMDL-Fake,/mnt/public/public_datasets/OpenMMSecV2/IMDL/generative/stable_diffusion/imgs/f63eacef48f64313b50ec08caf712481.png
23.520015716552734,26.467187881469727,0.0,Doc,1,3,2,6,Document-Fake,/mnt/public/public_datasets/OpenMMSecV2/Doc/non_aigc/generation/imgs/c559b8dc57d6403cb7f0ae035e6bff06.jpg
-6.269835948944092,6.839638710021973,0.0,AIGC,1,2,2,4,AIGC-Fake,/mnt/public/public_datasets/OpenMMSecV2/AIGC/other/online/imgs/e23057cc57ef489e90c439f8ba23667b.jpg
22.94403076171875,25.43276023864746,0.0,Doc,1,3,2,6,Document-Fake,/mnt/public/public_datasets/OpenMMSecV2/Doc/non_aigc/inpaint/imgs/733053e3056742e2a79ed1d9e9ca2be9.jpg
11.283246040344238,7.707418441772461,0.0,AIGC,0,2,1,3,AIGC-Real,/mnt/public/public_datasets/OpenMMSecV2/AIGC/laion/824c4eba7c94439a894d23bd001e3e79.jpg
8.794150352478027,-10.446839332580566,0.0,IMDL,0,4,1,7,IMDL-Real,/mnt/public/public_datasets/OpenMMSecV2/IMDL/generative/coco/imgs/1dd61613443b4ffea774156530907269.jpg
-3.97983717918396,-4.24173641204834,0.0,IMDL,1,4,2,8,IMDL-Fake,/mnt/public/public_datasets/OpenMMSecV2/IMDL/generative/flux_1/imgs/4639b2c1f6074b76b2cbe3898eafad29.png
17.580204010009766,9.524018287658691,0.0,AIGC,0,2,1,3,AIGC-Real,/mnt/public/public_datasets/OpenMMSecV2/AIGC/laion/27bda086c8884068bed3cc17cb51c01f.jpg
9.229538917541504,-10.360112190246582,0.0,IMDL,0,4,1,7,IMDL-Real,/mnt/public/public_datasets/OpenMMSecV2/IMDL/generative/coco/imgs/8e18caa6e3214c7cb7536512647a7ae5.jpg
12.32780933380127,8.307356834411621,0.0,AIGC,0,2,1,3,AIGC-Real,/mnt/public/public_datasets/OpenMMSecV2/AIGC/laion/69ba5a8141d74be3b29e375f0d1de4bc.jpg
13.26248550415039,-5.986822128295898,0.0,IMDL,0,4,1,7,IMDL-Real,/mnt/public/public_datasets/OpenMMSecV2/IMDL/generative/coco/imgs/805b97c1821745cdb48f426a2f61bd6c.jpg
22.81800079345703,25.82613754272461,0.0,Doc,1,3,2,6,Document-Fake,/mnt/public/public_datasets/OpenMMSecV2/Doc/non_aigc/cpmv/imgs/354ce67ce8ea48e8b655f731f27bce14.jpg
34.78657531738281,24.608224868774414,0.0,Doc,0,3,1,5,Document-Real,/mnt/public/public_datasets/OpenMMSecV2/Doc/Real/995047755b2a44f6b32fd65b8094b72c.jpg
-9.862058639526367,-20.778289794921875,0.0,IMDL,1,4,2,8,IMDL-Fake,/mnt/public/public_datasets/OpenMMSecV2/IMDL/non_generative/manual_ps/imgs/67b8599fe5f44773957687a41264c40d.jpg
-32.167545318603516,-17.797372817993164,0.0,deepfake,0,1,1,1,Deepfake-Real,/mnt/public/public_datasets/OpenMMSecV2/Deepfake/Real/FF++/33fafcfa6c4449acbca1982e41085090.png
31.021638870239258,20.686975479125977,0.0,Doc,0,3,1,5,Document-Real,/mnt/public/public_datasets/OpenMMSecV2/Doc/Real/03e6ca0a8120400583139d1cea5364c3.jpg
-14.777518272399902,6.303630828857422,0.0,AIGC,1,2,2,4,AIGC-Fake,/mnt/public/public_datasets/OpenMMSecV2/AIGC/GAN/ProGAN/37602aabcf6d470d80baef98816b00df.jpg
-17.621814727783203,6.474525451660156,0.0,AIGC,1,2,2,4,AIGC-Fake,/mnt/public/public_datasets/OpenMMSecV2/AIGC/autoregressive_model/tamingtransformers/b080a00cc4274e9a913d97a006750c2c.jpg
21.857969284057617,26.187496185302734,0.0,Doc,1,3,2,6,Document-Fake,/mnt/public/public_datasets/OpenMMSecV2/Doc/non_aigc/generation/imgs/570fb29b517443de8f1fd66566833001.jpg
-5.0569682121276855,-7.10984992980957,0.0,IMDL,1,4,2,8,IMDL-Fake,/mnt/public/public_datasets/OpenMMSecV2/IMDL/non_generative/manual_ps/imgs/05cb7e10fbef43e192129560d842f9d2.tif
34.13985824584961,25.350425720214844,0.0,Doc,0,3,1,5,Document-Real,/mnt/public/public_datasets/OpenMMSecV2/Doc/Real/ee0dac5c80d24c0dae427c38df73fe7e.jpg
30.607563018798828,27.762475967407227,0.0,Doc,0,3,1,5,Document-Real,/mnt/public/public_datasets/OpenMMSecV2/Doc/Real/8c6ae7447c244570ba27284af27d68fe.jpg
-47.12400436401367,-11.708236694335938,0.0,deepfake,1,1,2,2,Deepfake-Fake,/mnt/public/public_datasets/OpenMMSecV2/Deepfake/Fake/EntireFaceSynthesis/StyleGAN3/8938485290574d7bbf43c35df8803432.png
21.477272033691406,26.096893310546875,0.0,Doc,1,3,2,6,Document-Fake,/mnt/public/public_datasets/OpenMMSecV2/Doc/non_aigc/copy-move/imgs/b932a29c36b541808367f792816cf1e9.jpg
24.363571166992188,19.168373107910156,0.0,Doc,1,3,2,6,Document-Fake,/mnt/public/public_datasets/OpenMMSecV2/Doc/aigc/textdiff/imgs/8eb7722846dc49398842834980ea04c0.jpg
8.080270767211914,-4.133078098297119,0.0,IMDL,0,4,1,7,IMDL-Real,/mnt/public/public_datasets/OpenMMSecV2/IMDL/non_generative/manual_ps/imgs/10281c7c4bcd42ba84ae4b6b43c83d5f.jpg
8.148946762084961,5.308784484863281,0.0,AIGC,0,2,1,3,AIGC-Real,/mnt/public/public_datasets/OpenMMSecV2/AIGC/laion/24c8a1fba1014e2d9547751f43a436a9.jpg
9.873307228088379,-12.478009223937988,0.0,IMDL,0,4,1,7,IMDL-Real,/mnt/public/public_datasets/OpenMMSecV2/IMDL/generative/flux_1/imgs/8e3858b4fda64229b2f776e9a5c4e8f4.png
-14.361854553222656,7.372469902038574,0.0,AIGC,1,2,2,4,AIGC-Fake,/mnt/public/public_datasets/OpenMMSecV2/AIGC/GAN/ProGAN/5c262392296f460e94f245a7ffddc88b.jpg
7.725493907928467,-13.493407249450684,0.0,IMDL,0,4,1,7,IMDL-Real,/mnt/public/public_datasets/OpenMMSecV2/IMDL/generative/coco/imgs/d7b0692a734a459781628103773ad1b5.jpg
23.842174530029297,25.332326889038086,0.0,Doc,1,3,2,6,Document-Fake,/mnt/public/public_datasets/OpenMMSecV2/Doc/non_aigc/generation/imgs/ce6fb2bf019d45b1b125e828bce292be.jpg
11.480384826660156,9.328668594360352,0.0,AIGC,0,2,1,3,AIGC-Real,/mnt/public/public_datasets/OpenMMSecV2/AIGC/laion/4493c3f25d644a36b0f305345db21aae.jpg
-8.132463455200195,6.026151657104492,0.0,AIGC,1,2,2,4,AIGC-Fake,/mnt/public/public_datasets/OpenMMSecV2/AIGC/commercial/wukong/imgs/8375fe25bb3b4d84907a2a38b07af85d.png
-9.533230781555176,-8.416619300842285,0.0,IMDL,1,4,2,8,IMDL-Fake,/mnt/public/public_datasets/OpenMMSecV2/IMDL/generative/stable_diffusion/imgs/540bca7af43f4c05bfd43ade6b13f12e.png
9.156291961669922,6.816061019897461,0.0,AIGC,0,2,1,3,AIGC-Real,/mnt/public/public_datasets/OpenMMSecV2/AIGC/other/online/imgs/2ed31fd85d8f45b98213c9b87d3de354.jpg
-0.35754528641700745,-9.988737106323242,0.0,IMDL,1,4,2,8,IMDL-Fake,/mnt/public/public_datasets/OpenMMSecV2/IMDL/non_generative/manual_ps/imgs/2e3249e650d7458e9de72797b0aae0d9.jpg
6.302829742431641,1.3163936138153076,0.0,AIGC,0,2,1,3,AIGC-Real,/mnt/public/public_datasets/OpenMMSecV2/AIGC/laion/c6ad49dfcb0d4f83b737552b14e4af5f.jpg
-30.609027862548828,-23.846792221069336,0.0,deepfake,0,1,1,1,Deepfake-Real,/mnt/public/public_datasets/OpenMMSecV2/Deepfake/Real/FF++/23b3f0792195460cb4fd5e48798c7a48.png
-53.78322982788086,-13.723657608032227,0.0,deepfake,1,1,2,2,Deepfake-Fake,/mnt/public/public_datasets/OpenMMSecV2/Deepfake/Fake/FaceEditing/StarGANv2/56d8d2fe75f342578ec0ac512ca0329f.jpg
-8.938605308532715,5.092452049255371,0.0,AIGC,1,2,2,4,AIGC-Fake,/mnt/public/public_datasets/OpenMMSecV2/AIGC/commercial/wukong/imgs/eae8370c65854bbcae256f065979359f.png
-38.17314910888672,-21.492277145385742,0.0,deepfake,0,1,1,1,Deepfake-Real,/mnt/public/public_datasets/OpenMMSecV2/Deepfake/Real/CelebDF-v2/52c5a52ed6244c62a9e938eb71bfba51.png
-55.25170135498047,-20.98931312561035,0.0,deepfake,1,1,2,2,Deepfake-Fake,/mnt/public/public_datasets/OpenMMSecV2/Deepfake/Fake/EntireFaceSynthesis/RDDM/0591fbe618d141f08feac93bcfd1a6e6.png
11.49567699432373,9.31696891784668,0.0,AIGC,0,2,1,3,AIGC-Real,/mnt/public/public_datasets/OpenMMSecV2/AIGC/laion/4dc3e28e611540f28b50ac74906925fa.jpg
-3.997166633605957,10.230855941772461,0.0,AIGC,1,2,2,4,AIGC-Fake,/mnt/public/public_datasets/OpenMMSecV2/AIGC/commercial/dalle/1094b863e8894b0289c72dae548d5419.jpg
-48.19578170776367,-17.632404327392578,0.0,deepfake,1,1,2,2,Deepfake-Fake,/mnt/public/public_datasets/OpenMMSecV2/Deepfake/Fake/FaceEditing/StarGANv2/0fad6fc8e4654f5b9e2d551421dd4294.jpg
-36.86827087402344,-21.704072952270508,0.0,deepfake,0,1,1,1,Deepfake-Real,/mnt/public/public_datasets/OpenMMSecV2/Deepfake/Real/CelebDF-v2/8f468178d26c494d900617b215dab9e4.png
-31.688167572021484,-18.30974578857422,0.0,deepfake,0,1,1,1,Deepfake-Real,/mnt/public/public_datasets/OpenMMSecV2/Deepfake/Real/CelebDF-v2/7ec9c300f6e24766a5e66554e4543b04.png
-31.117834091186523,-16.577880859375,0.0,deepfake,0,1,1,1,Deepfake-Real,/mnt/public/public_datasets/OpenMMSecV2/Deepfake/Real/DFD/e8bbd06162cf4404a146b0a94e7fed87.png
-9.519353866577148,6.266143798828125,0.0,AIGC,1,2,2,4,AIGC-Fake,/mnt/public/public_datasets/OpenMMSecV2/AIGC/commercial/wukong/imgs/6a79d8ceed9d49a281ee97890f95ff25.png
-46.420196533203125,-30.799585342407227,0.0,deepfake,1,1,2,2,Deepfake-Fake,/mnt/public/public_datasets/OpenMMSecV2/Deepfake/Fake/FaceSwap/FaceDancer/39bd39bc386647fa8b1b9d5a304c2eeb.png
2.7725212574005127,-15.454222679138184,0.0,IMDL,1,4,2,8,IMDL-Fake,/mnt/public/public_datasets/OpenMMSecV2/IMDL/non_generative/manual_ps/imgs/e108a85f510b4992aaa05368136280b4.jpg
22.083881378173828,26.21104621887207,0.0,Doc,1,3,2,6,Document-Fake,/mnt/public/public_datasets/OpenMMSecV2/Doc/non_aigc/copy-move/imgs/6a54b5d7cbe44467b50189dc828bdc4d.jpg
-17.482454299926758,6.410914421081543,0.0,AIGC,1,2,2,4,AIGC-Fake,/mnt/public/public_datasets/OpenMMSecV2/AIGC/autoregressive_model/tamingtransformers/5d32378f83054f8ab4aa9d068096e7b6.jpg
0.3836307227611542,2.7980377674102783,0.0,AIGC,1,2,2,4,AIGC-Fake,/mnt/public/public_datasets/OpenMMSecV2/AIGC/other/online/imgs/22a4a6994fa547c1a6d470f0ff91705d.jpg
-31.506601333618164,-20.681955337524414,0.0,deepfake,0,1,1,1,Deepfake-Real,/mnt/public/public_datasets/OpenMMSecV2/Deepfake/Real/UADFV/b55d76e279d2452a9a84b09210946c8d.png
9.64507007598877,-12.62716007232666,0.0,IMDL,0,4,1,7,IMDL-Real,/mnt/public/public_datasets/OpenMMSecV2/IMDL/generative/stable_diffusion/imgs/7dcf5e0e7368442fa8f5f1e02b58edfe.png
5.090072154998779,4.680782318115234,0.0,AIGC,0,2,1,3,AIGC-Real,/mnt/public/public_datasets/OpenMMSecV2/AIGC/other/online/imgs/c6973cf898b04328b9d99d426ac2e96f.jpg
9.379158973693848,4.074812412261963,0.0,AIGC,0,2,1,3,AIGC-Real,/mnt/public/public_datasets/OpenMMSecV2/AIGC/laion/301beb272ba3498687cf74cdad1d555f.jpg
29.65985107421875,19.242481231689453,0.0,Doc,0,3,1,5,Document-Real,/mnt/public/public_datasets/OpenMMSecV2/Doc/Real/1edce4dfdd5141298f5069164c80783c.jpg
-54.11744689941406,-21.39914321899414,0.0,deepfake,1,1,2,2,Deepfake-Fake,/mnt/public/public_datasets/OpenMMSecV2/Deepfake/Fake/FaceReenactment/MCNet/0f985f354150447580ec45cd820f592d.png
9.346670150756836,-9.992222785949707,0.0,IMDL,0,4,1,7,IMDL-Real,/mnt/public/public_datasets/OpenMMSecV2/IMDL/generative/coco/imgs/888b812b6fd8405b80ca3ba5e883cba4.jpg
-30.77541160583496,-24.01438331604004,0.0,deepfake,0,1,1,1,Deepfake-Real,/mnt/public/public_datasets/OpenMMSecV2/Deepfake/Real/FF++/b7c60218f3fd4b71b8e76952af7b6748.png
-35.81656265258789,-18.748294830322266,0.0,deepfake,0,1,1,1,Deepfake-Real,/mnt/public/public_datasets/OpenMMSecV2/Deepfake/Real/CelebDF-v2/9ef98f8c0a0447c8aeb1f7ec4cb867c5.png
1.0073826313018799,-8.0078125,0.0,IMDL,1,4,2,8,IMDL-Fake,/mnt/public/public_datasets/OpenMMSecV2/IMDL/generative/stable_diffusion/imgs/ee309882cc3c47e1928b81fb77d90619.png
34.56753921508789,24.754568099975586,0.0,Doc,0,3,1,5,Document-Real,/mnt/public/public_datasets/OpenMMSecV2/Doc/Real/50d2a89628c94b54ab6c0fdffd277128.jpg
22.321256637573242,25.104055404663086,0.0,Doc,1,3,2,6,Document-Fake,/mnt/public/public_datasets/OpenMMSecV2/Doc/non_aigc/cpmv/imgs/06aa919ad5e94a3cbc68b9516b63d96c.jpg
24.412500381469727,18.65130615234375,0.0,Doc,1,3,2,6,Document-Fake,/mnt/public/public_datasets/OpenMMSecV2/Doc/aigc/udifftext/imgs/6fa15b6dbe1244ccb636a73b644c14ad.jpg
-52.427738189697266,-15.377769470214844,0.0,deepfake,1,1,2,2,Deepfake-Fake,/mnt/public/public_datasets/OpenMMSecV2/Deepfake/Fake/FaceEditing/StarGAN/5b88bc2cf9ca44dc8d27a49702da22b7.jpg
-7.81891393661499,-6.858794212341309,0.0,IMDL,1,4,2,8,IMDL-Fake,/mnt/public/public_datasets/OpenMMSecV2/IMDL/generative/stable_diffusion/imgs/6d4b9be21a684df09cbad1ff63728337.png
8.299778938293457,2.742718458175659,0.0,AIGC,0,2,1,3,AIGC-Real,/mnt/public/public_datasets/OpenMMSecV2/AIGC/laion/e2fd8191f5374d58af79eba464e4bf8d.jpg
8.684327125549316,-13.53736686706543,0.0,IMDL,0,4,1,7,IMDL-Real,/mnt/public/public_datasets/OpenMMSecV2/IMDL/generative/coco/imgs/16212df8a73d4872a174819a49f41138.jpg
-53.87865447998047,-19.004907608032227,0.0,deepfake,1,1,2,2,Deepfake-Fake,/mnt/public/public_datasets/OpenMMSecV2/Deepfake/Fake/EntireFaceSynthesis/SiT-XL/975f2ff6e5f44321b3e49bd667ef5e64.png
-0.9221818447113037,-11.013823509216309,0.0,IMDL,1,4,2,8,IMDL-Fake,/mnt/public/public_datasets/OpenMMSecV2/IMDL/generative/gan_mat/imgs/d6996745bd9b44e88be67597fbe6e5c7.png
33.27317810058594,20.767786026000977,0.0,Doc,0,3,1,5,Document-Real,/mnt/public/public_datasets/OpenMMSecV2/Doc/Real/13115c245c0141e7be37a52e1f1648ac.jpg
4.475544452667236,6.611930847167969,0.0,AIGC,0,2,1,3,AIGC-Real,/mnt/public/public_datasets/OpenMMSecV2/AIGC/laion/b5c7f5ce14974974ab1b48f792097ec6.jpg
-37.97416687011719,-20.77225112915039,0.0,deepfake,0,1,1,1,Deepfake-Real,/mnt/public/public_datasets/OpenMMSecV2/Deepfake/Real/FFHQ/15166fdc79ed4d8696505c89e9a74551.jpg
33.24995422363281,26.450368881225586,0.0,Doc,0,3,1,5,Document-Real,/mnt/public/public_datasets/OpenMMSecV2/Doc/Real/30622ba6c51945d6aafb815d6759a826.jpg
-17.549707412719727,6.232184410095215,0.0,AIGC,1,2,2,4,AIGC-Fake,/mnt/public/public_datasets/OpenMMSecV2/AIGC/autoregressive_model/tamingtransformers/23bdafd7055a4e1da244bf4acb0c3d22.jpg
8.049604415893555,5.806361198425293,0.0,AIGC,0,2,1,3,AIGC-Real,/mnt/public/public_datasets/OpenMMSecV2/AIGC/laion/e1385a22bacb4fc0963d2dd142abc586.jpg
-53.61167526245117,-19.318336486816406,0.0,deepfake,1,1,2,2,Deepfake-Fake,/mnt/public/public_datasets/OpenMMSecV2/Deepfake/Fake/FaceSwap/InSwapper/0a8b59c090864e5180726774877eb1b1.png
-4.480018615722656,-7.637787818908691,0.0,IMDL,1,4,2,8,IMDL-Fake,/mnt/public/public_datasets/OpenMMSecV2/IMDL/generative/gan_mat/imgs/3813bbda50a5431da016a2f8508aecca.tiff
-52.972286224365234,-18.821285247802734,0.0,deepfake,1,1,2,2,Deepfake-Fake,/mnt/public/public_datasets/OpenMMSecV2/Deepfake/Fake/FaceReenactment/MRAA/c4c137c6bb8d4b99b26feb97583c251a.png
21.687421798706055,26.020166397094727,0.0,Doc,1,3,2,6,Document-Fake,/mnt/public/public_datasets/OpenMMSecV2/Doc/non_aigc/copy-move/imgs/8fa0a00f73b4413585c9386281928dca.jpg
32.67218017578125,21.80607032775879,0.0,Doc,0,3,1,5,Document-Real,/mnt/public/public_datasets/OpenMMSecV2/Doc/Real/4f9b2c484fe44f0b8e66759e6d6a4f48.jpg
8.210817337036133,-10.041544914245605,0.0,IMDL,0,4,1,7,IMDL-Real,/mnt/public/public_datasets/OpenMMSecV2/IMDL/generative/stable_diffusion/imgs/3b66d8be05c747e1a3ad61b44988d430.png
0.5706489682197571,-9.542632102966309,0.0,IMDL,1,4,2,8,IMDL-Fake,/mnt/public/public_datasets/OpenMMSecV2/IMDL/generative/stable_diffusion/imgs/f910832c48e24a1b9be661ebb5f7191b.png
9.98569107055664,-12.651667594909668,0.0,IMDL,0,4,1,7,IMDL-Real,/mnt/public/public_datasets/OpenMMSecV2/IMDL/generative/coco/imgs/3c0b1429fba8462b9e2af719b5a84d55.jpg
23.69063377380371,25.601106643676758,0.0,Doc,1,3,2,6,Document-Fake,/mnt/public/public_datasets/OpenMMSecV2/Doc/non_aigc/copy-move/imgs/01e32c8eeaeb44ce846d9ceedc441f9f.jpg
-50.42106246948242,-20.09366226196289,0.0,deepfake,1,1,2,2,Deepfake-Fake,/mnt/public/public_datasets/OpenMMSecV2/Deepfake/Fake/EntireFaceSynthesis/StyleGAN-XL/84e5126e5a9940b7ab0b42fbb6b7fcab.png
24.51238250732422,19.698768615722656,0.0,Doc,1,3,2,6,Document-Fake,/mnt/public/public_datasets/OpenMMSecV2/Doc/aigc/udifftext/imgs/7eb58c36cfec40a5872ad80a25b4e491.jpg
10.582326889038086,-10.604249000549316,0.0,IMDL,0,4,1,7,IMDL-Real,/mnt/public/public_datasets/OpenMMSecV2/IMDL/generative/stable_diffusion/imgs/71dd7738b50c4267ad9a5e33a0ae2b4e.png
25.854555130004883,23.681598663330078,0.0,Doc,1,3,2,6,Document-Fake,/mnt/public/public_datasets/OpenMMSecV2/Doc/non_aigc/cover/imgs/3821a40933684f898d52e409faf0460f.jpg
11.975040435791016,6.090063095092773,0.0,AIGC,0,2,1,3,AIGC-Real,/mnt/public/public_datasets/OpenMMSecV2/AIGC/laion/e039f3515b5043279b36cce9abee3144.jpg
10.551191329956055,4.944375991821289,0.0,AIGC,0,2,1,3,AIGC-Real,/mnt/public/public_datasets/OpenMMSecV2/AIGC/laion/93f87c77c0a148b18f24f2387f200049.jpg
33.14961242675781,25.868074417114258,0.0,Doc,0,3,1,5,Document-Real,/mnt/public/public_datasets/OpenMMSecV2/Doc/Real/974e5985d24844d3bf8ecf7f652b6cd1.jpg
25.098031997680664,24.622276306152344,0.0,Doc,1,3,2,6,Document-Fake,/mnt/public/public_datasets/OpenMMSecV2/Doc/non_aigc/inpaint/imgs/28a6f45e0d7f45ff8af2d5d64085a295.jpg
5.17538595199585,-10.947373390197754,0.0,IMDL,0,4,1,7,IMDL-Real,/mnt/public/public_datasets/OpenMMSecV2/IMDL/generative/flux_1/imgs/d35ca5c23cd54618ab24f1922a5b00b1.png
-47.588130950927734,-16.95319938659668,0.0,deepfake,1,1,2,2,Deepfake-Fake,/mnt/public/public_datasets/OpenMMSecV2/Deepfake/Fake/FaceEditing/StarGANv2/a08edb3e07914fc78e05549dd89eacf4.jpg
8.353092193603516,-11.894968032836914,0.0,IMDL,0,4,1,7,IMDL-Real,/mnt/public/public_datasets/OpenMMSecV2/IMDL/generative/stable_diffusion/imgs/bc7369e657f84c65a6cba213043f3c91.png
-7.399904727935791,-10.55337142944336,0.0,IMDL,1,4,2,8,IMDL-Fake,/mnt/public/public_datasets/OpenMMSecV2/IMDL/generative/stable_diffusion/imgs/ab12ac4387f1422ba68611b5449b602b.png
-8.088384628295898,0.7179980874061584,0.0,AIGC,1,2,2,4,AIGC-Fake,/mnt/public/public_datasets/OpenMMSecV2/AIGC/other/online/imgs/5e2219ec33b347e4aeab598df5c2bee0.jpg
21.658842086791992,25.958101272583008,0.0,Doc,1,3,2,6,Document-Fake,/mnt/public/public_datasets/OpenMMSecV2/Doc/non_aigc/generation/imgs/447bc8759cf949d481af09618012f9b3.jpg
-3.772024154663086,-15.59869384765625,0.0,IMDL,1,4,2,8,IMDL-Fake,/mnt/public/public_datasets/OpenMMSecV2/IMDL/non_generative/manual_ps/imgs/37bce708d6374f2e86d31a72fdd49acd.jpg
24.445627212524414,19.31025505065918,0.0,Doc,1,3,2,6,Document-Fake,/mnt/public/public_datasets/OpenMMSecV2/Doc/aigc/stefann/imgs/eb64caee8a8b46959484bf444c9e5c24.jpg
-3.5166800022125244,8.815627098083496,0.0,AIGC,1,2,2,4,AIGC-Fake,/mnt/public/public_datasets/OpenMMSecV2/AIGC/commercial/ideogram/87c5731dceb14458be6fc8b9d8e17567.jpg
33.17250061035156,26.470487594604492,0.0,Doc,0,3,1,5,Document-Real,/mnt/public/public_datasets/OpenMMSecV2/Doc/Real/09365978c1174b36b6f74fa828349ce4.jpg
-52.933135986328125,-20.690467834472656,0.0,deepfake,1,1,2,2,Deepfake-Fake,/mnt/public/public_datasets/OpenMMSecV2/Deepfake/Fake/FaceReenactment/MRAA/f8dc482f44e640ea89670d17c0e91d99.png
-3.310519218444824,9.312352180480957,0.0,AIGC,1,2,2,4,AIGC-Fake,/mnt/public/public_datasets/OpenMMSecV2/AIGC/commercial/firefly/d39ca2ec904b429c8bfe65ed679adcdc.jpg
-51.19672775268555,-18.846813201904297,0.0,deepfake,1,1,2,2,Deepfake-Fake,/mnt/public/public_datasets/OpenMMSecV2/Deepfake/Fake/FaceEditing/StarGAN/fb00cf66449b409ca45769a488c5adba.jpg
21.54072380065918,25.86337661743164,0.0,Doc,1,3,2,6,Document-Fake,/mnt/public/public_datasets/OpenMMSecV2/Doc/non_aigc/generation/imgs/5f76a96dd9b44d06b78035b856e0f04b.jpg
32.4218635559082,20.106325149536133,0.0,Doc,0,3,1,5,Document-Real,/mnt/public/public_datasets/OpenMMSecV2/Doc/aigc/derend/imgs/e2f1bb370040491f8708422f5762efd3.jpg
-49.614952087402344,-15.593099594116211,0.0,deepfake,1,1,2,2,Deepfake-Fake,/mnt/public/public_datasets/OpenMMSecV2/Deepfake/Fake/FaceEditing/StarGANv2/f269bedc3ced402fb6cd26144205d925.jpg
-4.768010139465332,-16.324424743652344,0.0,IMDL,1,4,2,8,IMDL-Fake,/mnt/public/public_datasets/OpenMMSecV2/IMDL/non_generative/manual_ps/imgs/7c7404954b73480b90591e109bf649f9.jpg
-54.37504959106445,-18.028593063354492,0.0,deepfake,1,1,2,2,Deepfake-Fake,/mnt/public/public_datasets/OpenMMSecV2/Deepfake/Fake/FaceSwap/UniFace/1a121f347cde48fda4288f54c4bb71b2.png
7.6743483543396,-5.210260391235352,0.0,IMDL,0,4,1,7,IMDL-Real,/mnt/public/public_datasets/OpenMMSecV2/IMDL/generative/stable_diffusion/imgs/2efdd360a44b40f59957bed8b7dacdcb.png
-4.238003730773926,-14.538951873779297,0.0,IMDL,1,4,2,8,IMDL-Fake,/mnt/public/public_datasets/OpenMMSecV2/IMDL/generative/flux_1/imgs/70527f2e80524be589942d1342e90723.png
-31.41745948791504,-23.9163818359375,0.0,deepfake,0,1,1,1,Deepfake-Real,/mnt/public/public_datasets/OpenMMSecV2/Deepfake/Real/FF++/f865bd2734eb42cca38704f07ac9cdbb.png
30.063129425048828,26.76690101623535,0.0,Doc,0,3,1,5,Document-Real,/mnt/public/public_datasets/OpenMMSecV2/Doc/Real/1fffb71df6cb4d5eaffd87c91d1e91fd.jpg
9.624526023864746,-8.404684066772461,0.0,IMDL,0,4,1,7,IMDL-Real,/mnt/public/public_datasets/OpenMMSecV2/IMDL/generative/coco/imgs/b05a2bdcc9ea4afdb3e048b9be2470bc.jpg
24.26388931274414,19.221057891845703,0.0,Doc,1,3,2,6,Document-Fake,/mnt/public/public_datasets/OpenMMSecV2/Doc/aigc/textdiff/imgs/f0ef173d18b84cc2b786352605db1951.jpg
8.368412971496582,-7.231276512145996,0.0,IMDL,0,4,1,7,IMDL-Real,/mnt/public/public_datasets/OpenMMSecV2/IMDL/generative/flux_1/imgs/64a7e067d8a740d4967d640cbccc4b62.png
23.52590560913086,26.456382751464844,0.0,Doc,1,3,2,6,Document-Fake,/mnt/public/public_datasets/OpenMMSecV2/Doc/non_aigc/generation/imgs/dd80397cc63d43219da4b2ee748fe910.jpg
-32.62957000732422,-16.719579696655273,0.0,deepfake,0,1,1,1,Deepfake-Real,/mnt/public/public_datasets/OpenMMSecV2/Deepfake/Real/FF++/5e6cf1a8bfdb460a9b461666f1162087.png
-1.3929588794708252,-16.17308807373047,0.0,IMDL,1,4,2,8,IMDL-Fake,/mnt/public/public_datasets/OpenMMSecV2/IMDL/generative/gan_mat/imgs/ebb7f7fa4b714824a818ce99b3e59d1a.tiff
-5.954125881195068,-10.291316986083984,0.0,IMDL,1,4,2,8,IMDL-Fake,/mnt/public/public_datasets/OpenMMSecV2/IMDL/generative/stable_diffusion/imgs/540c75c5e10649bab7cc6b1675bb97e1.png
8.403647422790527,-2.8261873722076416,0.0,AIGC,0,2,1,3,AIGC-Real,/mnt/public/public_datasets/OpenMMSecV2/AIGC/commercial/wukong/imgs/07a1a3aef2604526a16acaaa66ab19ee.JPEG
-35.28080749511719,-22.67988395690918,0.0,deepfake,0,1,1,1,Deepfake-Real,/mnt/public/public_datasets/OpenMMSecV2/Deepfake/Real/FF++/a9d32059670043a3a79baae7e6a1161b.png
6.108082294464111,5.098505973815918,0.0,AIGC,0,2,1,3,AIGC-Real,/mnt/public/public_datasets/OpenMMSecV2/AIGC/laion/9098ad61d4b24645b7c501b3337edf40.jpg
-6.842948913574219,-4.783172607421875,0.0,IMDL,1,4,2,8,IMDL-Fake,/mnt/public/public_datasets/OpenMMSecV2/IMDL/generative/paintbyexample/imgs/27d31a9fb7a646f491110472b9c24c6d.jpg
0.5185510516166687,-1.5590438842773438,0.0,AIGC,0,2,1,3,AIGC-Real,/mnt/public/public_datasets/OpenMMSecV2/AIGC/laion/b5203515558e4b168fb3377f598d6987.jpg
-29.526620864868164,-23.416885375976562,0.0,deepfake,0,1,1,1,Deepfake-Real,/mnt/public/public_datasets/OpenMMSecV2/Deepfake/Real/CelebDF-v2/28e810058358417592effffaec93dacd.png
-0.7465424537658691,-10.825485229492188,0.0,IMDL,1,4,2,8,IMDL-Fake,/mnt/public/public_datasets/OpenMMSecV2/IMDL/non_generative/manual_ps/imgs/9b5020b2e4524d3caef636960623fbfb.tif
24.794591903686523,18.96221160888672,0.0,Doc,1,3,2,6,Document-Fake,/mnt/public/public_datasets/OpenMMSecV2/Doc/aigc/textdiff/imgs/487590d907e24034abf8d455582aca08.jpg
3.0723869800567627,10.302328109741211,0.0,AIGC,0,2,1,3,AIGC-Real,/mnt/public/public_datasets/OpenMMSecV2/AIGC/laion/1411568a91204b78a9241aedd1bfcc70.jpg
-6.400632381439209,0.993706226348877,0.0,AIGC,1,2,2,4,AIGC-Fake,/mnt/public/public_datasets/OpenMMSecV2/AIGC/other/online/imgs/20f89711305249f0841c47d9b2311048.jpg
9.15401554107666,-10.677960395812988,0.0,IMDL,0,4,1,7,IMDL-Real,/mnt/public/public_datasets/OpenMMSecV2/IMDL/generative/flux_1/imgs/337cf4bf497a4f87b8bedce7962a4151.png
-6.465032577514648,-10.373983383178711,0.0,IMDL,1,4,2,8,IMDL-Fake,/mnt/public/public_datasets/OpenMMSecV2/IMDL/generative/stable_diffusion/imgs/af83af0b9e0d48d293dbf93f0b60acd1.png
23.08775520324707,26.437044143676758,0.0,Doc,1,3,2,6,Document-Fake,/mnt/public/public_datasets/OpenMMSecV2/Doc/non_aigc/copy-move/imgs/2e9ccffe8f274a7fbbb1ad4990a691ac.jpg
-23.917341232299805,-2.234532117843628,0.0,deepfake,0,1,1,1,Deepfake-Real,/mnt/public/public_datasets/OpenMMSecV2/Deepfake/Real/DFD/f6d848e100e34324a508ec1b1b0ba32d.png
-6.8003129959106445,0.7329580783843994,0.0,AIGC,1,2,2,4,AIGC-Fake,/mnt/public/public_datasets/OpenMMSecV2/AIGC/other/online/imgs/7fbd7a9a77154396ab1ef47d82ad7b79.jpg
9.80150032043457,-14.063433647155762,0.0,IMDL,0,4,1,7,IMDL-Real,/mnt/public/public_datasets/OpenMMSecV2/IMDL/generative/coco/imgs/93336d85c4204f1f99e2480c8421bed3.jpg
12.5634765625,9.811806678771973,0.0,AIGC,0,2,1,3,AIGC-Real,/mnt/public/public_datasets/OpenMMSecV2/AIGC/laion/513c5f60eaa24d90a2ee6480a2b6215e.jpg
-15.373800277709961,5.320216178894043,0.0,AIGC,1,2,2,4,AIGC-Fake,/mnt/public/public_datasets/OpenMMSecV2/AIGC/autoregressive_model/tamingtransformers/32187022839140ceb1413c885b21d350.jpg
-29.079607009887695,-19.081405639648438,0.0,deepfake,0,1,1,1,Deepfake-Real,/mnt/public/public_datasets/OpenMMSecV2/Deepfake/Real/VFHQ/b3fabef3134c4d8984b924a639669164.png
-30.711811065673828,-22.276996612548828,0.0,deepfake,0,1,1,1,Deepfake-Real,/mnt/public/public_datasets/OpenMMSecV2/Deepfake/Real/CelebDF-v2/853939bdb77d4ec49b1d51b84a2c8fe7.png
30.178762435913086,26.65261459350586,0.0,Doc,0,3,1,5,Document-Real,/mnt/public/public_datasets/OpenMMSecV2/Doc/Real/30114d57287a4f45b7490d42fb968dc5.jpg
7.344335079193115,-9.790430068969727,0.0,IMDL,0,4,1,7,IMDL-Real,/mnt/public/public_datasets/OpenMMSecV2/IMDL/generative/stable_diffusion/imgs/97fe20fb50684c6fada65863fe0f2a85.png
6.895289421081543,-10.995160102844238,0.0,IMDL,0,4,1,7,IMDL-Real,/mnt/public/public_datasets/OpenMMSecV2/IMDL/generative/stable_diffusion/imgs/77bccb5fca6f41d5aa5ec025a7e69d17.png
23.50811767578125,25.58085823059082,0.0,Doc,1,3,2,6,Document-Fake,/mnt/public/public_datasets/OpenMMSecV2/Doc/non_aigc/copy-move/imgs/e3b810f00e9f4fcc842e736bfe0a3178.jpg
-5.161767482757568,-10.967748641967773,0.0,IMDL,1,4,2,8,IMDL-Fake,/mnt/public/public_datasets/OpenMMSecV2/IMDL/non_generative/manual_ps/imgs/23c8e6aa35b14232a7543ed991faeac4.jpg
0.9442713856697083,4.0859904289245605,0.0,AIGC,1,2,2,4,AIGC-Fake,/mnt/public/public_datasets/OpenMMSecV2/AIGC/other/online/imgs/bc31c422711a41a694bc5385d6f23fd2.jpg
34.138057708740234,24.118986129760742,0.0,Doc,0,3,1,5,Document-Real,/mnt/public/public_datasets/OpenMMSecV2/Doc/Real/51348617351e48f7a1e17c9d8b53305f.jpg
0.5595903396606445,6.403633117675781,0.0,AIGC,1,2,2,4,AIGC-Fake,/mnt/public/public_datasets/OpenMMSecV2/AIGC/other/online/imgs/274d0f1fa4f24c8a9917c1b0b9fe6a20.jpg
23.197824478149414,25.776954650878906,0.0,Doc,1,3,2,6,Document-Fake,/mnt/public/public_datasets/OpenMMSecV2/Doc/non_aigc/generation/imgs/4d1e225991b0403e9436b759ca44c6b5.jpg
-2.75693416595459,-8.620670318603516,0.0,IMDL,1,4,2,8,IMDL-Fake,/mnt/public/public_datasets/OpenMMSecV2/IMDL/non_generative/manual_ps/imgs/1113e75b8b5144918d5636761f3deb7c.jpg
-3.6091508865356445,-4.933536529541016,0.0,IMDL,1,4,2,8,IMDL-Fake,/mnt/public/public_datasets/OpenMMSecV2/IMDL/generative/stable_diffusion/imgs/74afc3439cac484eb942d83faeba9871.png
-36.420806884765625,-21.21338653564453,0.0,deepfake,0,1,1,1,Deepfake-Real,/mnt/public/public_datasets/OpenMMSecV2/Deepfake/Real/CelebDF-v2/72f31dc45d784823ae47bdd564424224.png
-49.5383415222168,-25.493358612060547,0.0,deepfake,1,1,2,2,Deepfake-Fake,/mnt/public/public_datasets/OpenMMSecV2/Deepfake/Fake/FaceSwap/FSGAN/d68f11850ac54979974cd5112f3bda1d.png
-34.55171203613281,-21.857723236083984,0.0,deepfake,0,1,1,1,Deepfake-Real,/mnt/public/public_datasets/OpenMMSecV2/Deepfake/Real/FF++/618ff3a1ce62498bbe27b02ece5354f1.png
-4.9751691818237305,8.59861946105957,0.0,AIGC,1,2,2,4,AIGC-Fake,/mnt/public/public_datasets/OpenMMSecV2/AIGC/commercial/imagen/6b950c90dfbf4fca8b193f6101037d04.jpg
31.557222366333008,19.75107192993164,0.0,Doc,0,3,1,5,Document-Real,/mnt/public/public_datasets/OpenMMSecV2/Doc/Real/d92555e52f2a43a6be9982620cb48a83.jpg
25.757965087890625,24.24754524230957,0.0,Doc,1,3,2,6,Document-Fake,/mnt/public/public_datasets/OpenMMSecV2/Doc/non_aigc/cover/imgs/d4e7c483ed8947deb758a5cfb59d0c48.jpg
25.79206085205078,23.521404266357422,0.0,Doc,1,3,2,6,Document-Fake,/mnt/public/public_datasets/OpenMMSecV2/Doc/non_aigc/cover/imgs/f1e57a975ab24a188b99e7606e2972e7.jpg
23.411039352416992,20.65829849243164,0.0,Doc,1,3,2,6,Document-Fake,/mnt/public/public_datasets/OpenMMSecV2/Doc/aigc/textocr/imgs/74a0bee611714117a6636aec48fe4fba.jpg
-48.48357009887695,-24.522138595581055,0.0,deepfake,1,1,2,2,Deepfake-Fake,/mnt/public/public_datasets/OpenMMSecV2/Deepfake/Fake/EntireFaceSynthesis/StyleGAN-XL/2b515c2c0f5b421ea939abd28e8122b2.png
11.667306900024414,10.299254417419434,0.0,AIGC,0,2,1,3,AIGC-Real,/mnt/public/public_datasets/OpenMMSecV2/AIGC/laion/e0f27365adf541bba5a93fe38f5dd4eb.jpg
5.350235939025879,-9.526247024536133,0.0,IMDL,0,4,1,7,IMDL-Real,/mnt/public/public_datasets/OpenMMSecV2/IMDL/generative/stable_diffusion/imgs/cca52da9d7ae4a5f983d407b57621730.png
-0.2963081896305084,-18.93958282470703,0.0,IMDL,1,4,2,8,IMDL-Fake,/mnt/public/public_datasets/OpenMMSecV2/IMDL/generative/flux_1/imgs/7d1ba0c18e2a49b9bc337447db36b018.png
34.54787063598633,24.60968780517578,0.0,Doc,0,3,1,5,Document-Real,/mnt/public/public_datasets/OpenMMSecV2/Doc/Real/8f88bf7617c445e4afa5196f8a7ed336.jpg
32.58979415893555,20.591876983642578,0.0,Doc,0,3,1,5,Document-Real,/mnt/public/public_datasets/OpenMMSecV2/Doc/aigc/derend/imgs/81e44044d57e4a008b4ddcc478f206cf.jpg
-33.25241470336914,-22.020509719848633,0.0,deepfake,0,1,1,1,Deepfake-Real,/mnt/public/public_datasets/OpenMMSecV2/Deepfake/Real/FF++/23e39aba7d5d4f688c913e664eec9deb.png
9.144707679748535,-11.26313304901123,0.0,IMDL,0,4,1,7,IMDL-Real,/mnt/public/public_datasets/OpenMMSecV2/IMDL/generative/flux_1/imgs/58d80a6e61a644a98d032f0dfb71cea8.png
33.39849090576172,21.057533264160156,0.0,Doc,0,3,1,5,Document-Real,/mnt/public/public_datasets/OpenMMSecV2/Doc/Real/51948914e8714f61a242eb51e138b442.jpg
-35.06490707397461,-22.92811393737793,0.0,deepfake,0,1,1,1,Deepfake-Real,/mnt/public/public_datasets/OpenMMSecV2/Deepfake/Real/FF++/6cafb1fb84ed4a7a8265099fb8fa5d82.png
-35.509521484375,-22.671953201293945,0.0,deepfake,0,1,1,1,Deepfake-Real,/mnt/public/public_datasets/OpenMMSecV2/Deepfake/Real/FF++/40e63c9ebd1f47de8a6365753a5e9e4c.png
9.82193374633789,4.236313343048096,0.0,AIGC,0,2,1,3,AIGC-Real,/mnt/public/public_datasets/OpenMMSecV2/AIGC/laion/7aba01139c844f4a9b26b300c450e0b2.jpg
32.56072235107422,20.369905471801758,0.0,Doc,0,3,1,5,Document-Real,/mnt/public/public_datasets/OpenMMSecV2/Doc/Real/841eddd1e8b740538a5cda94d053b22f.jpg
32.57870864868164,20.36385726928711,0.0,Doc,0,3,1,5,Document-Real,/mnt/public/public_datasets/OpenMMSecV2/Doc/Real/93a167a915a140f3b7795dca66bacb6a.jpg
-7.899240016937256,-3.2050445079803467,0.0,IMDL,1,4,2,8,IMDL-Fake,/mnt/public/public_datasets/OpenMMSecV2/IMDL/generative/stable_diffusion/imgs/1b7f8f37008c4ca78d7a1f971923d2e7.jpg
17.074583053588867,11.822010040283203,0.0,AIGC,0,2,1,3,AIGC-Real,/mnt/public/public_datasets/OpenMMSecV2/AIGC/laion/81eae93b4b7e43d8b10411b65b3afa56.jpg
29.44965934753418,26.86615753173828,0.0,Doc,0,3,1,5,Document-Real,/mnt/public/public_datasets/OpenMMSecV2/Doc/Real/5090da04357e482ba91a01afaa7e7723.jpg
1.2744733095169067,-12.43320083618164,0.0,IMDL,1,4,2,8,IMDL-Fake,/mnt/public/public_datasets/OpenMMSecV2/IMDL/generative/paintbyexample/imgs/35d0cb1edf734646a642a2c59f36e824.tiff
23.19780731201172,26.42092514038086,0.0,Doc,1,3,2,6,Document-Fake,/mnt/public/public_datasets/OpenMMSecV2/Doc/non_aigc/generation/imgs/2cbc0747bd594ee6875a00f12d9b8d93.jpg
22.28846549987793,24.790077209472656,0.0,Doc,1,3,2,6,Document-Fake,/mnt/public/public_datasets/OpenMMSecV2/Doc/non_aigc/cpmv/imgs/9b338c2b376d49c6ab9dde61fe0e1d0a.jpg
0.04108010604977608,5.727957725524902,0.0,AIGC,1,2,2,4,AIGC-Fake,/mnt/public/public_datasets/OpenMMSecV2/AIGC/other/online/imgs/8ab41fdc36654d28bbc8655c29aa13b6.jpg
-7.372299671173096,-4.310151100158691,0.0,IMDL,1,4,2,8,IMDL-Fake,/mnt/public/public_datasets/OpenMMSecV2/IMDL/generative/paintbyexample/imgs/b937bb70085245e5ab2e444c11371ae8.jpg
-53.327945709228516,-13.780693054199219,0.0,deepfake,1,1,2,2,Deepfake-Fake,/mnt/public/public_datasets/OpenMMSecV2/Deepfake/Fake/FaceEditing/StarGANv2/5768b69bd5184dffaa568dc1bd77ca3d.jpg
32.31119918823242,21.180255889892578,0.0,Doc,0,3,1,5,Document-Real,/mnt/public/public_datasets/OpenMMSecV2/Doc/Real/d22482487ac04f22bdd8f9843e80211d.jpg
-51.54674530029297,-19.178260803222656,0.0,deepfake,1,1,2,2,Deepfake-Fake,/mnt/public/public_datasets/OpenMMSecV2/Deepfake/Fake/EntireFaceSynthesis/SD-2.1/49bab6b725204328ba7ecd920f0a9fdd.png
-2.6845703125,9.79765510559082,0.0,AIGC,1,2,2,4,AIGC-Fake,/mnt/public/public_datasets/OpenMMSecV2/AIGC/commercial/firefly/d24e57d720c2438db825ef9b6bc4815f.jpg
23.411666870117188,25.536495208740234,0.0,Doc,1,3,2,6,Document-Fake,/mnt/public/public_datasets/OpenMMSecV2/Doc/non_aigc/copy-move/imgs/478204acab6d4a068d0b41e3de876ba3.jpg
-47.37675857543945,-14.381397247314453,0.0,deepfake,1,1,2,2,Deepfake-Fake,/mnt/public/public_datasets/OpenMMSecV2/Deepfake/Fake/FaceEditing/StarGANv2/5aea2c5ecdb64da5ba611930d20860a0.jpg
31.671737670898438,21.34947967529297,0.0,Doc,0,3,1,5,Document-Real,/mnt/public/public_datasets/OpenMMSecV2/Doc/Real/81e9e52feb6d4bae9845f5f3af32d95a.jpg
4.534000396728516,-16.687007904052734,0.0,IMDL,1,4,2,8,IMDL-Fake,/mnt/public/public_datasets/OpenMMSecV2/IMDL/generative/stable_diffusion/imgs/8bfe7061a43f4abab04ee530609d5ea2.png
0.6259888410568237,6.258233070373535,0.0,AIGC,1,2,2,4,AIGC-Fake,/mnt/public/public_datasets/OpenMMSecV2/AIGC/other/online/imgs/6c11ad5564b44187b16483c6db96f4aa.jpg
0.6146542429924011,-0.06488901376724243,0.0,AIGC,0,2,1,3,AIGC-Real,/mnt/public/public_datasets/OpenMMSecV2/AIGC/laion/99a9679d4ce84b51abcec7a02154c05e.jpg
-49.51789474487305,-26.17734146118164,0.0,deepfake,1,1,2,2,Deepfake-Fake,/mnt/public/public_datasets/OpenMMSecV2/Deepfake/Fake/FaceSwap/BlendFace/0425ab483d944898b8d318414ec51324.png
23.364572525024414,25.593839645385742,0.0,Doc,1,3,2,6,Document-Fake,/mnt/public/public_datasets/OpenMMSecV2/Doc/non_aigc/generation/imgs/123a2a74a50d4117bf207cc11ee64aa2.jpg
-9.041775703430176,5.442920684814453,0.0,AIGC,1,2,2,4,AIGC-Fake,/mnt/public/public_datasets/OpenMMSecV2/AIGC/GAN/styleGANs/964589ae6de64171ad15db7248035266.jpg
-30.72190284729004,-21.511964797973633,0.0,deepfake,0,1,1,1,Deepfake-Real,/mnt/public/public_datasets/OpenMMSecV2/Deepfake/Real/CelebDF-v2/8a89d455ec58490c907df937705c8ecf.png
2.7676682472229004,7.985535621643066,0.0,AIGC,0,2,1,3,AIGC-Real,/mnt/public/public_datasets/OpenMMSecV2/AIGC/commercial/wukong/imgs/fac22d3a661e49c29313610c07d68326.JPEG
31.705297470092773,21.22919273376465,0.0,Doc,0,3,1,5,Document-Real,/mnt/public/public_datasets/OpenMMSecV2/Doc/Real/c9b488dab43d428b901aeba97611cbb9.jpg
8.56657600402832,-5.61643123626709,0.0,IMDL,0,4,1,7,IMDL-Real,/mnt/public/public_datasets/OpenMMSecV2/IMDL/generative/stable_diffusion/imgs/1282aa6d60464305b192b8d2a35e703d.png
11.587596893310547,6.3934478759765625,0.0,AIGC,0,2,1,3,AIGC-Real,/mnt/public/public_datasets/OpenMMSecV2/AIGC/laion/e8b37b53574d4d9185d96160959801ae.jpg
-8.734370231628418,4.792688369750977,0.0,AIGC,1,2,2,4,AIGC-Fake,/mnt/public/public_datasets/OpenMMSecV2/AIGC/latent_diffusion/systematic/799cd640de414d0e99d2f3f96a05e347.jpg
-7.497630596160889,0.8476548790931702,0.0,AIGC,1,2,2,4,AIGC-Fake,/mnt/public/public_datasets/OpenMMSecV2/AIGC/other/online/imgs/f0d850875523407690166d89750c9337.jpg
24.612457275390625,18.808666229248047,0.0,Doc,1,3,2,6,Document-Fake,/mnt/public/public_datasets/OpenMMSecV2/Doc/aigc/textocr/imgs/b52634a64be341f3afe537081573574f.jpg
3.3368351459503174,-9.451175689697266,0.0,IMDL,1,4,2,8,IMDL-Fake,/mnt/public/public_datasets/OpenMMSecV2/IMDL/non_generative/manual_ps/imgs/e07dac389e76480fb889f64c4c31b426.jpg
-35.303131103515625,-17.371980667114258,0.0,deepfake,0,1,1,1,Deepfake-Real,/mnt/public/public_datasets/OpenMMSecV2/Deepfake/Real/CelebDF-v2/1795546d6ecb4ea2b216837173054652.png
-6.500502586364746,-6.434094429016113,0.0,IMDL,1,4,2,8,IMDL-Fake,/mnt/public/public_datasets/OpenMMSecV2/IMDL/non_generative/manual_ps/imgs/8c88f95efb9a4c398f2a9e723a1a5318.tif
-4.357439994812012,-11.774001121520996,0.0,IMDL,1,4,2,8,IMDL-Fake,/mnt/public/public_datasets/OpenMMSecV2/IMDL/non_generative/manual_ps/imgs/aff12be15bf44cd7aac188545924b364.jpg
-4.280643939971924,-10.128360748291016,0.0,IMDL,1,4,2,8,IMDL-Fake,/mnt/public/public_datasets/OpenMMSecV2/IMDL/generative/stable_diffusion/imgs/29acab08c39545eca390fff5be7ddc12.png
6.273268699645996,4.332598686218262,0.0,AIGC,0,2,1,3,AIGC-Real,/mnt/public/public_datasets/OpenMMSecV2/AIGC/laion/8e501a101b43473791eeb60295d314c0.jpg
-2.6363883018493652,9.638683319091797,0.0,AIGC,1,2,2,4,AIGC-Fake,/mnt/public/public_datasets/OpenMMSecV2/AIGC/commercial/imagen/9010ba140e2a4e76ad75e1aa4c0f91d5.jpg
34.366207122802734,24.335983276367188,0.0,Doc,0,3,1,5,Document-Real,/mnt/public/public_datasets/OpenMMSecV2/Doc/Real/3bcd9de5bae44041ab46e7351bd8e199.jpg
-2.3694422245025635,6.1840314865112305,0.0,AIGC,1,2,2,4,AIGC-Fake,/mnt/public/public_datasets/OpenMMSecV2/AIGC/other/online/imgs/9ff3907fd24347ca93327046018543cf.jpg
-36.47923278808594,-17.573604583740234,0.0,deepfake,0,1,1,1,Deepfake-Real,/mnt/public/public_datasets/OpenMMSecV2/Deepfake/Real/FF++/04696d1f699443cfbfecf9d9b1962630.png
10.158951759338379,-12.269283294677734,0.0,IMDL,0,4,1,7,IMDL-Real,/mnt/public/public_datasets/OpenMMSecV2/IMDL/generative/coco/imgs/c0fbe122b37a4d57a37013d473cbae4d.jpg
-4.2215070724487305,-10.961443901062012,0.0,IMDL,1,4,2,8,IMDL-Fake,/mnt/public/public_datasets/OpenMMSecV2/IMDL/non_generative/manual_ps/imgs/9c9370c426c848dabfabed736689c765.jpg
5.657877445220947,-9.595443725585938,0.0,IMDL,0,4,1,7,IMDL-Real,/mnt/public/public_datasets/OpenMMSecV2/IMDL/generative/stable_diffusion/imgs/a0eea116efb64d8d91515746db6efb6f.png
7.716526031494141,-9.289555549621582,0.0,IMDL,0,4,1,7,IMDL-Real,/mnt/public/public_datasets/OpenMMSecV2/IMDL/generative/coco/imgs/825da9f86d3e4744b6639e76d9ccca52.jpg
12.188844680786133,8.47329044342041,0.0,AIGC,0,2,1,3,AIGC-Real,/mnt/public/public_datasets/OpenMMSecV2/AIGC/laion/f57d725a245d4e6aa067bd3e5e196f33.jpg
-2.008385181427002,-11.045206069946289,0.0,IMDL,1,4,2,8,IMDL-Fake,/mnt/public/public_datasets/OpenMMSecV2/IMDL/generative/stable_diffusion/imgs/969faaebf29445da8d2d254a93cc8390.png
-46.20991897583008,-28.3569393157959,0.0,deepfake,1,1,2,2,Deepfake-Fake,/mnt/public/public_datasets/OpenMMSecV2/Deepfake/Fake/EntireFaceSynthesis/SiT-XL/95a0cba0ad8c4473ad6adf00344c42be.png
-5.4347310066223145,-7.69333553314209,0.0,IMDL,1,4,2,8,IMDL-Fake,/mnt/public/public_datasets/OpenMMSecV2/IMDL/non_generative/manual_ps/imgs/be46a6ead8da4fc9b9d15a8d83ab28f4.jpg
33.1959228515625,20.968027114868164,0.0,Doc,0,3,1,5,Document-Real,/mnt/public/public_datasets/OpenMMSecV2/Doc/aigc/derend/imgs/16a3ab01a95549b1b80ce0b3835939dd.jpg
-33.936614990234375,-23.145633697509766,0.0,deepfake,0,1,1,1,Deepfake-Real,/mnt/public/public_datasets/OpenMMSecV2/Deepfake/Real/FF++/06dd7a48ded8450c875600f413d3cb4e.png
10.905991554260254,-11.867630958557129,0.0,IMDL,0,4,1,7,IMDL-Real,/mnt/public/public_datasets/OpenMMSecV2/IMDL/generative/stable_diffusion/imgs/f48661a52c6c439cbec87d3741149a3e.png
-5.4149274826049805,-14.97382640838623,0.0,IMDL,1,4,2,8,IMDL-Fake,/mnt/public/public_datasets/OpenMMSecV2/IMDL/generative/stable_diffusion/imgs/3fb9e52bce26452bafb15301bd4a3c72.png
3.287330150604248,2.0721330642700195,0.0,AIGC,0,2,1,3,AIGC-Real,/mnt/public/public_datasets/OpenMMSecV2/AIGC/other/online/imgs/cef47da30c5142fcb90a1d43ad78bea2.jpg
-46.87667465209961,-13.78172492980957,0.0,deepfake,1,1,2,2,Deepfake-Fake,/mnt/public/public_datasets/OpenMMSecV2/Deepfake/Fake/FaceSwap/UniFace/c838a308733048ce8fc95f04f7a28256.png
-4.764529228210449,-7.148735046386719,0.0,IMDL,1,4,2,8,IMDL-Fake,/mnt/public/public_datasets/OpenMMSecV2/IMDL/non_generative/manual_ps/imgs/19fb8c44e95d4ba48c824f9e27449359.jpg
10.935711860656738,4.6987409591674805,0.0,AIGC,0,2,1,3,AIGC-Real,/mnt/public/public_datasets/OpenMMSecV2/AIGC/laion/763ebed4f3df4516b68f639010a3d82a.jpg
-33.34897994995117,-20.254743576049805,0.0,deepfake,0,1,1,1,Deepfake-Real,/mnt/public/public_datasets/OpenMMSecV2/Deepfake/Real/DFD/d147443515ed48a6a3386ebb80fd29a2.png
-27.673267364501953,-20.45514488220215,0.0,deepfake,0,1,1,1,Deepfake-Real,/mnt/public/public_datasets/OpenMMSecV2/Deepfake/Real/FFHQ/f9f7bd1d794b41ea901ca5e16db0ac89.jpeg
9.718428611755371,-13.473373413085938,0.0,IMDL,0,4,1,7,IMDL-Real,/mnt/public/public_datasets/OpenMMSecV2/IMDL/generative/coco/imgs/bcea426b79744dea8cf206917d12a276.jpg
9.33884334564209,-7.432407379150391,0.0,IMDL,0,4,1,7,IMDL-Real,/mnt/public/public_datasets/OpenMMSecV2/IMDL/generative/stable_diffusion/imgs/4c447e46aea741909250782ea5eb73f4.png
-51.75436019897461,-20.093181610107422,0.0,deepfake,1,1,2,2,Deepfake-Fake,/mnt/public/public_datasets/OpenMMSecV2/Deepfake/Fake/FaceReenactment/DaGAN/8dd76d1cd389443ab58e9a7deb5c71e3.png
-36.9027214050293,-22.889101028442383,0.0,deepfake,0,1,1,1,Deepfake-Real,/mnt/public/public_datasets/OpenMMSecV2/Deepfake/Real/FF++/f6c7b1d5214c4ac6aca9b5a4a3909da7.png
24.259510040283203,20.23938751220703,0.0,Doc,1,3,2,6,Document-Fake,/mnt/public/public_datasets/OpenMMSecV2/Doc/aigc/textocr/imgs/a4934db677d04585a1747427fc71bf84.jpg
-26.516159057617188,-18.27588653564453,0.0,deepfake,0,1,1,1,Deepfake-Real,/mnt/public/public_datasets/OpenMMSecV2/Deepfake/Real/FFHQ/e29514bcb165400e92f8f038434a8a3c.jpeg
9.922015190124512,2.899402379989624,0.0,AIGC,0,2,1,3,AIGC-Real,/mnt/public/public_datasets/OpenMMSecV2/AIGC/laion/72d4fba6cc364b6c9ce4f816e5be6ce4.jpg
-50.121665954589844,-25.05309295654297,0.0,deepfake,1,1,2,2,Deepfake-Fake,/mnt/public/public_datasets/OpenMMSecV2/Deepfake/Fake/FaceReenactment/Wav2Lip/97850a15416d43fa88fb87542d1e833d.png
24.412450790405273,18.951332092285156,0.0,Doc,1,3,2,6,Document-Fake,/mnt/public/public_datasets/OpenMMSecV2/Doc/aigc/textocr/imgs/17c7dd1d3656488aa011deb42b32ae9e.jpg
-7.542264461517334,-3.2274370193481445,0.0,IMDL,1,4,2,8,IMDL-Fake,/mnt/public/public_datasets/OpenMMSecV2/IMDL/generative/gan_mat/imgs/26bb8ff293f4483cb96a831e3e709537.jpg
-43.41050338745117,-31.08793067932129,0.0,deepfake,1,1,2,2,Deepfake-Fake,/mnt/public/public_datasets/OpenMMSecV2/Deepfake/Fake/FaceSwap/FaceDancer/54063f046af04ba390c894b9c3b04320.png
21.723665237426758,26.173099517822266,0.0,Doc,1,3,2,6,Document-Fake,/mnt/public/public_datasets/OpenMMSecV2/Doc/non_aigc/copy-move/imgs/85d198f7755141d098c330231d2ab171.jpg
9.760149002075195,4.396936416625977,0.0,AIGC,0,2,1,3,AIGC-Real,/mnt/public/public_datasets/OpenMMSecV2/AIGC/pixel_diffusion/adm/imgs/d90a22bbe7d34b7da4e1affc17eb9b2e.JPEG
31.388887405395508,21.517438888549805,0.0,Doc,0,3,1,5,Document-Real,/mnt/public/public_datasets/OpenMMSecV2/Doc/Real/001eb53c7b234f76bd9a8efa3086140d.jpg
-7.120376110076904,-3.4841432571411133,0.0,IMDL,1,4,2,8,IMDL-Fake,/mnt/public/public_datasets/OpenMMSecV2/IMDL/generative/gan_mat/imgs/04475b348e664c1a9e5a4124059dbdef.jpg
-7.696111679077148,-3.029233694076538,0.0,IMDL,1,4,2,8,IMDL-Fake,/mnt/public/public_datasets/OpenMMSecV2/IMDL/generative/paintbyexample/imgs/fcbfb6edf3224c67b49266018b44ff18.jpg
8.616311073303223,-10.625201225280762,0.0,IMDL,0,4,1,7,IMDL-Real,/mnt/public/public_datasets/OpenMMSecV2/IMDL/generative/coco/imgs/49de8b714fbc43a19fe7af331906b888.jpg
-2.780247211456299,8.109339714050293,0.0,AIGC,1,2,2,4,AIGC-Fake,/mnt/public/public_datasets/OpenMMSecV2/AIGC/latent_diffusion/systematic/b4d532474ec246bf9f234faad8d4059f.jpg
-7.965360164642334,-4.817266464233398,0.0,IMDL,1,4,2,8,IMDL-Fake,/mnt/public/public_datasets/OpenMMSecV2/IMDL/generative/paintbyexample/imgs/5e51977fe00646c78b380f6bdd9eca02.png
-46.47494125366211,-21.880630493164062,0.0,deepfake,1,1,2,2,Deepfake-Fake,/mnt/public/public_datasets/OpenMMSecV2/Deepfake/Fake/FaceSwap/Deepfake/d453a4f6660b448a8a7e4a1f79c47ee3.png
7.831929683685303,2.8837435245513916,0.0,AIGC,0,2,1,3,AIGC-Real,/mnt/public/public_datasets/OpenMMSecV2/AIGC/laion/bc34f8fd164343338ac96dd427d3e21b.jpg
5.4381937980651855,2.82529354095459,0.0,AIGC,0,2,1,3,AIGC-Real,/mnt/public/public_datasets/OpenMMSecV2/AIGC/other/online/imgs/aa151cb69ad84a4b95a04f482228cf9d.jpg
-15.748262405395508,5.8323974609375,0.0,AIGC,1,2,2,4,AIGC-Fake,/mnt/public/public_datasets/OpenMMSecV2/AIGC/autoregressive_model/tamingtransformers/ba8778e0291d48e4b4717137ef6155e0.jpg
12.826602935791016,-10.730284690856934,0.0,IMDL,0,4,1,7,IMDL-Real,/mnt/public/public_datasets/OpenMMSecV2/IMDL/generative/stable_diffusion/imgs/db732de549df477cb408f5c5bb97b6ac.png
32.95779037475586,26.4631404876709,0.0,Doc,0,3,1,5,Document-Real,/mnt/public/public_datasets/OpenMMSecV2/Doc/Real/fc2c89b8979b4516b13e9b904f518308.jpg
34.41434097290039,24.294992446899414,0.0,Doc,0,3,1,5,Document-Real,/mnt/public/public_datasets/OpenMMSecV2/Doc/Real/e991b9d0ef244243a6a08101c4670519.jpg
11.825445175170898,7.0288286209106445,0.0,AIGC,0,2,1,3,AIGC-Real,/mnt/public/public_datasets/OpenMMSecV2/AIGC/laion/1a41db60bf254a5d966f84e961681331.jpg
9.93459701538086,-11.279927253723145,0.0,IMDL,0,4,1,7,IMDL-Real,/mnt/public/public_datasets/OpenMMSecV2/IMDL/generative/coco/imgs/529f28bffffa48baac250b1273a080da.jpg
-31.537925720214844,-23.704444885253906,0.0,deepfake,0,1,1,1,Deepfake-Real,/mnt/public/public_datasets/OpenMMSecV2/Deepfake/Real/FF++/9dc121e551ae4eb3a451db6b60ebcca4.png
-27.8763370513916,-18.902843475341797,0.0,deepfake,0,1,1,1,Deepfake-Real,/mnt/public/public_datasets/OpenMMSecV2/Deepfake/Real/VFHQ/825678fb2bfb4b66b22f78e70ada8dd7.png
23.34636878967285,26.63374137878418,0.0,Doc,1,3,2,6,Document-Fake,/mnt/public/public_datasets/OpenMMSecV2/Doc/non_aigc/generation/imgs/01c71d8656604402b1e142d086acab37.jpg
-30.576866149902344,-20.37580108642578,0.0,deepfake,0,1,1,1,Deepfake-Real,/mnt/public/public_datasets/OpenMMSecV2/Deepfake/Real/CelebDF-v2/8653b72b729b409090a88b7faef79306.png
33.18212890625,21.450363159179688,0.0,Doc,0,3,1,5,Document-Real,/mnt/public/public_datasets/OpenMMSecV2/Doc/Real/2278ec3e9d9d4d659ea5949fec75a50e.jpg
24.109432220458984,19.817485809326172,0.0,Doc,1,3,2,6,Document-Fake,/mnt/public/public_datasets/OpenMMSecV2/Doc/aigc/textocr/imgs/8ecd50a66dd84224afe4d9812e868e31.jpg
-34.478790283203125,-17.88785171508789,0.0,deepfake,0,1,1,1,Deepfake-Real,/mnt/public/public_datasets/OpenMMSecV2/Deepfake/Real/CelebA/6d9492b819c6473a9f19b38e87c1a970.jpg
22.32936668395996,25.50300407409668,0.0,Doc,1,3,2,6,Document-Fake,/mnt/public/public_datasets/OpenMMSecV2/Doc/non_aigc/insert/imgs/c73d81a7a8374c609aa2c749ced56a51.jpg
-7.531404495239258,-2.7581236362457275,0.0,IMDL,1,4,2,8,IMDL-Fake,/mnt/public/public_datasets/OpenMMSecV2/IMDL/generative/gan_mat/imgs/cf1a5bb06c934df8a83702e03e1109b2.jpg
33.338924407958984,26.663713455200195,0.0,Doc,0,3,1,5,Document-Real,/mnt/public/public_datasets/OpenMMSecV2/Doc/Real/8188d6c6c33347e8bb89f4966ced0dc2.jpg
-4.536136627197266,8.817469596862793,0.0,AIGC,1,2,2,4,AIGC-Fake,/mnt/public/public_datasets/OpenMMSecV2/AIGC/latent_diffusion/systematic/ba2806bf37404206a2fae2b970f906c2.jpg
0.9676308631896973,-18.071338653564453,0.0,IMDL,1,4,2,8,IMDL-Fake,/mnt/public/public_datasets/OpenMMSecV2/IMDL/generative/stable_diffusion/imgs/276c0b7c26004bc4a9d81bdf1057fc8b.png
-7.716718673706055,-2.941182851791382,0.0,IMDL,1,4,2,8,IMDL-Fake,/mnt/public/public_datasets/OpenMMSecV2/IMDL/generative/paintbyexample/imgs/19506d71d1ad40be8da36e2b9e6d1686.png
-7.061712741851807,-4.6249189376831055,0.0,IMDL,1,4,2,8,IMDL-Fake,/mnt/public/public_datasets/OpenMMSecV2/IMDL/generative/gan_mat/imgs/6ddb203da5b9402fbf9b493cf4980981.tiff
-51.16001892089844,-17.105600357055664,0.0,deepfake,1,1,2,2,Deepfake-Fake,/mnt/public/public_datasets/OpenMMSecV2/Deepfake/Fake/FaceEditing/StarGAN/b608a7300da947278f815cd72f93b75d.jpg
-7.816400051116943,2.992669105529785,0.0,AIGC,1,2,2,4,AIGC-Fake,/mnt/public/public_datasets/OpenMMSecV2/AIGC/pixel_diffusion/adm/imgs/b93669fdc77940b997ba6b8c01ba4ddb.png
-53.58757781982422,-14.206546783447266,0.0,deepfake,1,1,2,2,Deepfake-Fake,/mnt/public/public_datasets/OpenMMSecV2/Deepfake/Fake/FaceEditing/StarGANv2/23819f38f2784985aeca9bc366f9da49.jpg
-15.158299446105957,4.388631343841553,0.0,AIGC,1,2,2,4,AIGC-Fake,/mnt/public/public_datasets/OpenMMSecV2/AIGC/GAN/styleGANs/0a4f39eed1264e389800075a40b59a09.jpg
6.294861316680908,2.6875715255737305,0.0,AIGC,0,2,1,3,AIGC-Real,/mnt/public/public_datasets/OpenMMSecV2/AIGC/other/online/imgs/8e50980b40b344cbbbb274a375856e85.jpg
-49.081512451171875,-12.382452011108398,0.0,deepfake,1,1,2,2,Deepfake-Fake,/mnt/public/public_datasets/OpenMMSecV2/Deepfake/Fake/EntireFaceSynthesis/StyleGAN2/576e4a4edfe44a27a5f6f50d808b21ce.png
8.576828956604004,-10.840407371520996,0.0,IMDL,0,4,1,7,IMDL-Real,/mnt/public/public_datasets/OpenMMSecV2/IMDL/generative/coco/imgs/72699ee46fdd4f62931a75b5e981683c.jpg
9.162135124206543,-5.617291450500488,0.0,IMDL,0,4,1,7,IMDL-Real,/mnt/public/public_datasets/OpenMMSecV2/IMDL/non_generative/manual_ps/imgs/57b53687d72d4839a1ecf72d8ca007bc.jpg
9.870180130004883,-6.818699836730957,0.0,IMDL,0,4,1,7,IMDL-Real,/mnt/public/public_datasets/OpenMMSecV2/IMDL/non_generative/manual_ps/imgs/040f350855ee448cbeb8b5ee57a45f79.jpg
-7.750364780426025,5.251429557800293,0.0,AIGC,1,2,2,4,AIGC-Fake,/mnt/public/public_datasets/OpenMMSecV2/AIGC/pixel_diffusion/adm/imgs/30a8726ca60c4812b5a7a37e0b255c2d.png
-52.481605529785156,-18.74008560180664,0.0,deepfake,1,1,2,2,Deepfake-Fake,/mnt/public/public_datasets/OpenMMSecV2/Deepfake/Fake/FaceReenactment/LIA/e4eac7d711e4401f903655a8b4a71a35.png
-53.56108093261719,-19.94483184814453,0.0,deepfake,1,1,2,2,Deepfake-Fake,/mnt/public/public_datasets/OpenMMSecV2/Deepfake/Fake/FaceReenactment/HyperReenact/d099d4013578412694ef19042eb296af.png
-3.220980644226074,-18.882755279541016,0.0,IMDL,1,4,2,8,IMDL-Fake,/mnt/public/public_datasets/OpenMMSecV2/IMDL/generative/gan_mat/imgs/91edf21ae0134d868fd30f3a2f393093.jpg
-5.185635089874268,-10.97219467163086,0.0,IMDL,1,4,2,8,IMDL-Fake,/mnt/public/public_datasets/OpenMMSecV2/IMDL/non_generative/manual_ps/imgs/612ceeba5f574a3da419a70b2a32e779.jpg
-42.280696868896484,-32.24650192260742,0.0,deepfake,1,1,2,2,Deepfake-Fake,/mnt/public/public_datasets/OpenMMSecV2/Deepfake/Fake/FaceReenactment/LIA/2ebee45a86eb401fa07a014c2f70b7e6.png
32.78770065307617,21.066720962524414,0.0,Doc,0,3,1,5,Document-Real,/mnt/public/public_datasets/OpenMMSecV2/Doc/Real/5ad0fb1a5076447b939038fb2dc5f617.jpg
-11.60440444946289,7.430478096008301,0.0,AIGC,1,2,2,4,AIGC-Fake,/mnt/public/public_datasets/OpenMMSecV2/AIGC/GAN/BigGAN/0fcef440d42647c1affa391bc0c46846.jpg
12.848284721374512,6.875364303588867,0.0,AIGC,0,2,1,3,AIGC-Real,/mnt/public/public_datasets/OpenMMSecV2/AIGC/laion/70e38363ac87445eb5fc47ebac0c17fc.jpg
-51.863712310791016,-22.642627716064453,0.0,deepfake,1,1,2,2,Deepfake-Fake,/mnt/public/public_datasets/OpenMMSecV2/Deepfake/Fake/FaceReenactment/FS_vid2vid/c1bf0c5aa16d4fa79e793c25f9a5fceb.png
-51.41463851928711,-20.718833923339844,0.0,deepfake,1,1,2,2,Deepfake-Fake,/mnt/public/public_datasets/OpenMMSecV2/Deepfake/Fake/FaceReenactment/TPSMM/69b4af5652e145bfb79b6ecad469da75.png
-47.97352600097656,-25.437225341796875,0.0,deepfake,1,1,2,2,Deepfake-Fake,/mnt/public/public_datasets/OpenMMSecV2/Deepfake/Fake/FaceSwap/Deepfake/496077b11132420099f56e7c9360e284.png
10.088908195495605,-9.550492286682129,0.0,IMDL,0,4,1,7,IMDL-Real,/mnt/public/public_datasets/OpenMMSecV2/IMDL/generative/coco/imgs/9278f7427b86482386b9479a216c11d0.jpg
-4.1842241287231445,-16.211666107177734,0.0,IMDL,1,4,2,8,IMDL-Fake,/mnt/public/public_datasets/OpenMMSecV2/IMDL/generative/stable_diffusion/imgs/e54bd71b263649ffb50b68d6fdd6d2d8.png
-5.416201591491699,-9.755555152893066,0.0,IMDL,1,4,2,8,IMDL-Fake,/mnt/public/public_datasets/OpenMMSecV2/IMDL/generative/stable_diffusion/imgs/daa0c37a46c841bf80a3b7dec0ff9cb3.png
23.008710861206055,19.921709060668945,0.0,Doc,1,3,2,6,Document-Fake,/mnt/public/public_datasets/OpenMMSecV2/Doc/aigc/textocr/imgs/4bf476c2050c4d67b96954abadc0ea2d.jpg
9.440442085266113,7.286908149719238,0.0,AIGC,0,2,1,3,AIGC-Real,/mnt/public/public_datasets/OpenMMSecV2/AIGC/laion/acaef3c641ca4df8bf9dad0411d5911c.jpg
7.400249004364014,-7.76585578918457,0.0,IMDL,0,4,1,7,IMDL-Real,/mnt/public/public_datasets/OpenMMSecV2/IMDL/generative/coco/imgs/94bc748d6c104e608dc317b8943528a6.jpg
22.659147262573242,25.539627075195312,0.0,Doc,1,3,2,6,Document-Fake,/mnt/public/public_datasets/OpenMMSecV2/Doc/non_aigc/insert/imgs/e9d6548c276940979a1c753e79231441.jpg
33.896507263183594,25.517436981201172,0.0,Doc,0,3,1,5,Document-Real,/mnt/public/public_datasets/OpenMMSecV2/Doc/Real/6dfdd713a9be473f8bb30a996dd86b9a.jpg
33.89632797241211,26.023353576660156,0.0,Doc,0,3,1,5,Document-Real,/mnt/public/public_datasets/OpenMMSecV2/Doc/Real/68b0255ec31a4498b83747f9214ce15b.jpg
5.4825053215026855,-9.587793350219727,0.0,IMDL,0,4,1,7,IMDL-Real,/mnt/public/public_datasets/OpenMMSecV2/IMDL/generative/stable_diffusion/imgs/63e71bfe4b314163bf77149c1c817b72.png
-47.94281768798828,-20.999053955078125,0.0,deepfake,1,1,2,2,Deepfake-Fake,/mnt/public/public_datasets/OpenMMSecV2/Deepfake/Fake/FaceSwap/FaceShifter/ef97c016056a4d60841d96c56f6abe5b.png
23.68648910522461,20.021135330200195,0.0,Doc,1,3,2,6,Document-Fake,/mnt/public/public_datasets/OpenMMSecV2/Doc/non_aigc/cpmv/imgs/d44ed173fdd941eeb6cdaf12cced9cd4.jpg
-4.273699760437012,10.46696662902832,0.0,AIGC,1,2,2,4,AIGC-Fake,/mnt/public/public_datasets/OpenMMSecV2/AIGC/latent_diffusion/systematic/dc8aa872c1864d5fbfcd88e15362a563.jpg
12.912267684936523,3.7022979259490967,0.0,AIGC,0,2,1,3,AIGC-Real,/mnt/public/public_datasets/OpenMMSecV2/AIGC/laion/6e1a4dcbf8294bf9974b5a9a1f813050.jpg
-3.0638387203216553,9.986039161682129,0.0,AIGC,1,2,2,4,AIGC-Fake,/mnt/public/public_datasets/OpenMMSecV2/AIGC/latent_diffusion/systematic/1434fbb60392409b922b784e05dbf471.jpg
-46.28251647949219,-21.84674644470215,0.0,deepfake,1,1,2,2,Deepfake-Fake,/mnt/public/public_datasets/OpenMMSecV2/Deepfake/Fake/FaceSwap/FSGAN/c0e04fa5371544329c037940d802531f.png
5.094642639160156,-3.626373767852783,0.0,IMDL,0,4,1,7,IMDL-Real,/mnt/public/public_datasets/OpenMMSecV2/IMDL/non_generative/manual_ps/imgs/6fda926b3c36470ca46af25dd921ae07.jpg
10.588221549987793,-7.797567367553711,0.0,IMDL,0,4,1,7,IMDL-Real,/mnt/public/public_datasets/OpenMMSecV2/IMDL/generative/stable_diffusion/imgs/44f98924949d40998b2e08e5993eb349.png
23.34967613220215,26.408998489379883,0.0,Doc,1,3,2,6,Document-Fake,/mnt/public/public_datasets/OpenMMSecV2/Doc/non_aigc/generation/imgs/8abe632e7c5d4dfda5a4b6820c17620f.jpg
6.766705513000488,-14.261049270629883,0.0,IMDL,0,4,1,7,IMDL-Real,/mnt/public/public_datasets/OpenMMSecV2/IMDL/generative/coco/imgs/b17b668bedf74d17a072f00d3990a805.jpg
0.7303788065910339,-11.354172706604004,0.0,IMDL,0,4,1,7,IMDL-Real,/mnt/public/public_datasets/OpenMMSecV2/IMDL/generative/coco/imgs/4109d5847710418dab6512380938f0e6.jpg
10.914889335632324,-11.063629150390625,0.0,IMDL,0,4,1,7,IMDL-Real,/mnt/public/public_datasets/OpenMMSecV2/IMDL/generative/coco/imgs/3aa979bb3638421ab6788bfb2eb87dea.jpg
11.728041648864746,-1.371530294418335,0.0,AIGC,0,2,1,3,AIGC-Real,/mnt/public/public_datasets/OpenMMSecV2/AIGC/other/online/imgs/9177fed5e3f1434d891328cffe026f05.jpg
-4.774290084838867,10.15367317199707,0.0,AIGC,1,2,2,4,AIGC-Fake,/mnt/public/public_datasets/OpenMMSecV2/AIGC/latent_diffusion/systematic/2fbc4daaf62f499e85c336cfc37dbd4c.jpg
24.6350154876709,19.015975952148438,0.0,Doc,1,3,2,6,Document-Fake,/mnt/public/public_datasets/OpenMMSecV2/Doc/aigc/udifftext/imgs/c8d8c942a4944946b9259d2370e09be0.jpg
30.063209533691406,27.058481216430664,0.0,Doc,0,3,1,5,Document-Real,/mnt/public/public_datasets/OpenMMSecV2/Doc/Real/22d0851b87f7437cbe85d03f9e505149.jpg
-50.219051361083984,-21.26946258544922,0.0,deepfake,1,1,2,2,Deepfake-Fake,/mnt/public/public_datasets/OpenMMSecV2/Deepfake/Fake/FaceSwap/FSGAN/ad78496c6c8c4bc7ac1d39db24377807.png
22.34664535522461,25.705738067626953,0.0,Doc,1,3,2,6,Document-Fake,/mnt/public/public_datasets/OpenMMSecV2/Doc/non_aigc/copy-move/imgs/f4a3a46f75f64f3eaca2f4dbcf07efdb.jpg
-16.631189346313477,5.831755638122559,0.0,AIGC,1,2,2,4,AIGC-Fake,/mnt/public/public_datasets/OpenMMSecV2/AIGC/autoregressive_model/tamingtransformers/e59988f4bdda4483a6925bb7bbde1d0a.jpg
24.11875343322754,19.970251083374023,0.0,Doc,1,3,2,6,Document-Fake,/mnt/public/public_datasets/OpenMMSecV2/Doc/aigc/textocr/imgs/cb050a7bb2464c2983f8578969fc4895.jpg
4.3344292640686035,11.745978355407715,0.0,AIGC,0,2,1,3,AIGC-Real,/mnt/public/public_datasets/OpenMMSecV2/AIGC/laion/3a772132002a454daf0d73147e791df3.jpg
24.657941818237305,18.848466873168945,0.0,Doc,1,3,2,6,Document-Fake,/mnt/public/public_datasets/OpenMMSecV2/Doc/aigc/textdiff/imgs/8008eb952a114816a11e9ae4405469f7.jpg
23.64456558227539,25.2055721282959,0.0,Doc,1,3,2,6,Document-Fake,/mnt/public/public_datasets/OpenMMSecV2/Doc/non_aigc/generation/imgs/2fec6a651cee4c2394b9e7993c228153.jpg
15.264466285705566,-9.570439338684082,0.0,IMDL,0,4,1,7,IMDL-Real,/mnt/public/public_datasets/OpenMMSecV2/IMDL/generative/stable_diffusion/imgs/435520c04af5422a8a82eb69e287cccc.png
-51.273773193359375,-13.355265617370605,0.0,deepfake,1,1,2,2,Deepfake-Fake,/mnt/public/public_datasets/OpenMMSecV2/Deepfake/Fake/FaceEditing/e4e/a016a0c94dd84f6fbca8a1bd39857e36.jpg
7.984487056732178,-5.3583831787109375,0.0,IMDL,0,4,1,7,IMDL-Real,/mnt/public/public_datasets/OpenMMSecV2/IMDL/generative/flux_1/imgs/2bc197b633144279acbdf1c1fc8d43fa.png
23.20574951171875,26.391477584838867,0.0,Doc,1,3,2,6,Document-Fake,/mnt/public/public_datasets/OpenMMSecV2/Doc/non_aigc/generation/imgs/7d8ae7c7670f43b4a09a43fb90a54996.jpg
32.9855842590332,21.667747497558594,0.0,Doc,0,3,1,5,Document-Real,/mnt/public/public_datasets/OpenMMSecV2/Doc/Real/9ca4c8406ed941129e584fd3223f9af2.jpg
-33.682594299316406,-20.772512435913086,0.0,deepfake,0,1,1,1,Deepfake-Real,/mnt/public/public_datasets/OpenMMSecV2/Deepfake/Real/FF++/d1a640d4ddcc4046a4dce7ee2c3e3536.png
-1.4284170866012573,-4.309302806854248,0.0,IMDL,1,4,2,8,IMDL-Fake,/mnt/public/public_datasets/OpenMMSecV2/IMDL/non_generative/manual_ps/imgs/e231bba27809472da409f6f0b6720e0f.jpg
-52.85991287231445,-16.83339500427246,0.0,deepfake,1,1,2,2,Deepfake-Fake,/mnt/public/public_datasets/OpenMMSecV2/Deepfake/Fake/FaceEditing/StarGAN/2ae176a05ed347d7a16c304f17ee7051.jpg
33.844078063964844,25.917482376098633,0.0,Doc,0,3,1,5,Document-Real,/mnt/public/public_datasets/OpenMMSecV2/Doc/Real/36d7a903bec54db19ca033184987126a.jpg
17.386390686035156,9.405757904052734,0.0,AIGC,0,2,1,3,AIGC-Real,/mnt/public/public_datasets/OpenMMSecV2/AIGC/laion/76038cae2c4645b9bb75b98dff925659.jpg
33.430484771728516,26.14298439025879,0.0,Doc,0,3,1,5,Document-Real,/mnt/public/public_datasets/OpenMMSecV2/Doc/Real/3c6b324b35dd4dbea6cf064079d9fca4.jpg
-52.87787628173828,-19.323938369750977,0.0,deepfake,1,1,2,2,Deepfake-Fake,/mnt/public/public_datasets/OpenMMSecV2/Deepfake/Fake/FaceReenactment/OneShot/bb5a731db6fa44f89366ad574509af26.png
23.318574905395508,19.834087371826172,0.0,Doc,1,3,2,6,Document-Fake,/mnt/public/public_datasets/OpenMMSecV2/Doc/aigc/textdiff/imgs/6f61f59678634cf5917e3d2e15e51133.jpg
-2.554622173309326,6.153158187866211,0.0,AIGC,1,2,2,4,AIGC-Fake,/mnt/public/public_datasets/OpenMMSecV2/AIGC/other/online/imgs/8fab3bebce6248f6900826d06dea5f67.jpg
23.53073501586914,26.42212677001953,0.0,Doc,1,3,2,6,Document-Fake,/mnt/public/public_datasets/OpenMMSecV2/Doc/non_aigc/copy-move/imgs/00ff1199977a41f58724f44a13761faf.jpg
9.656167984008789,10.131936073303223,0.0,AIGC,0,2,1,3,AIGC-Real,/mnt/public/public_datasets/OpenMMSecV2/AIGC/laion/e0df3c98f75948f39e299be82104d188.jpg
23.149951934814453,26.39039421081543,0.0,Doc,1,3,2,6,Document-Fake,/mnt/public/public_datasets/OpenMMSecV2/Doc/non_aigc/generation/imgs/4c17df4989f5401cb97235bc00412960.jpg
-52.35355758666992,-20.3043270111084,0.0,deepfake,1,1,2,2,Deepfake-Fake,/mnt/public/public_datasets/OpenMMSecV2/Deepfake/Fake/FaceSwap/InSwapper/d1ebfcc00c7f4affa2e64a9b65762842.png
-8.4948148727417,5.384273529052734,0.0,AIGC,1,2,2,4,AIGC-Fake,/mnt/public/public_datasets/OpenMMSecV2/AIGC/pixel_diffusion/glide/imgs/898c06a9663a4c39a69e2caf310160be.png
8.245248794555664,5.888580322265625,0.0,AIGC,0,2,1,3,AIGC-Real,/mnt/public/public_datasets/OpenMMSecV2/AIGC/laion/086b7f31ebc74663bb6eac6ec27dc29c.jpg
-12.608824729919434,4.424710273742676,0.0,AIGC,1,2,2,4,AIGC-Fake,/mnt/public/public_datasets/OpenMMSecV2/AIGC/GAN/StyleSANXL/a70d6bbe72cc4d109e7cf3abea748f94.jpg
21.503141403198242,26.05268096923828,0.0,Doc,1,3,2,6,Document-Fake,/mnt/public/public_datasets/OpenMMSecV2/Doc/non_aigc/copy-move/imgs/fb40e3268d944956ac8241f6a4e8a198.jpg
10.670947074890137,6.796716690063477,0.0,AIGC,0,2,1,3,AIGC-Real,/mnt/public/public_datasets/OpenMMSecV2/AIGC/laion/cae9ccd9cb7949258173d36776b44176.jpg
34.192691802978516,24.91204071044922,0.0,Doc,0,3,1,5,Document-Real,/mnt/public/public_datasets/OpenMMSecV2/Doc/Real/0568bf169c064f0fa222fdebd7a846cb.jpg
23.216384887695312,26.456939697265625,0.0,Doc,1,3,2,6,Document-Fake,/mnt/public/public_datasets/OpenMMSecV2/Doc/non_aigc/generation/imgs/973d2256f3fd40d9910730a8a3d3e8e9.jpg
-36.96938705444336,-21.085594177246094,0.0,deepfake,0,1,1,1,Deepfake-Real,/mnt/public/public_datasets/OpenMMSecV2/Deepfake/Real/CelebDF-v2/2c0dc7795266412299540c6c20c2198f.png
23.717317581176758,25.80217170715332,0.0,Doc,1,3,2,6,Document-Fake,/mnt/public/public_datasets/OpenMMSecV2/Doc/non_aigc/generation/imgs/9c7761f57ddd427093f9215af859c680.jpg
-7.951630115509033,-7.285514831542969,0.0,IMDL,1,4,2,8,IMDL-Fake,/mnt/public/public_datasets/OpenMMSecV2/IMDL/non_generative/manual_ps/imgs/9d0da58ab54d42f790fae2a84f6df44a.jpg
-2.642470121383667,-9.135907173156738,0.0,IMDL,1,4,2,8,IMDL-Fake,/mnt/public/public_datasets/OpenMMSecV2/IMDL/non_generative/manual_ps/imgs/4abf13d508f54de89d4c378a65771d9e.tif
-3.318145513534546,9.717896461486816,0.0,AIGC,1,2,2,4,AIGC-Fake,/mnt/public/public_datasets/OpenMMSecV2/AIGC/other/online/imgs/7cd1361372fd473893b31b54a37ab2ec.jpg
-31.316650390625,-20.677284240722656,0.0,deepfake,0,1,1,1,Deepfake-Real,/mnt/public/public_datasets/OpenMMSecV2/Deepfake/Real/CelebDF-v2/451c8d3b412145aab1b75202e3071e88.png
25.2723445892334,24.42280387878418,0.0,Doc,1,3,2,6,Document-Fake,/mnt/public/public_datasets/OpenMMSecV2/Doc/non_aigc/cpmv/imgs/58a2cbdcc3044aaba7b98a12b5da3a90.jpg
-48.26799011230469,-17.67286491394043,0.0,deepfake,1,1,2,2,Deepfake-Fake,/mnt/public/public_datasets/OpenMMSecV2/Deepfake/Fake/FaceEditing/StarGANv2/551fba1b8d0246e49fbe44b1c531298f.jpg
-47.571144104003906,-22.477970123291016,0.0,deepfake,1,1,2,2,Deepfake-Fake,/mnt/public/public_datasets/OpenMMSecV2/Deepfake/Fake/FaceSwap/FaceShifter/c035bdaeb6334f2fae938ef361d1440a.png
23.257572174072266,18.876420974731445,0.0,Doc,1,3,2,6,Document-Fake,/mnt/public/public_datasets/OpenMMSecV2/Doc/aigc/derend/imgs/50fcb875f65c4d4dbddfbf86690f1ce0.jpg
6.713977813720703,2.209540367126465,0.0,AIGC,0,2,1,3,AIGC-Real,/mnt/public/public_datasets/OpenMMSecV2/AIGC/other/online/imgs/a6b78ec031924195825878148526f8b4.jpg
-1.7773624658584595,-10.040992736816406,0.0,IMDL,1,4,2,8,IMDL-Fake,/mnt/public/public_datasets/OpenMMSecV2/IMDL/generative/stable_diffusion/imgs/45c1c5fd4d0d42779b746ef096e35aee.png
6.999161243438721,-3.208814859390259,0.0,AIGC,0,2,1,3,AIGC-Real,/mnt/public/public_datasets/OpenMMSecV2/AIGC/pixel_diffusion/adm/imgs/bba2140bfa5d4d0681fe91e8452cebd2.JPEG
-4.101224899291992,11.147078514099121,0.0,AIGC,1,2,2,4,AIGC-Fake,/mnt/public/public_datasets/OpenMMSecV2/AIGC/latent_diffusion/systematic/09e50f8e52e3444f975f9ff90196e33d.jpg
12.376461029052734,9.55422306060791,0.0,AIGC,0,2,1,3,AIGC-Real,/mnt/public/public_datasets/OpenMMSecV2/AIGC/laion/0416117d35644e09a1cdbbb37993e0b4.jpg
21.91773223876953,25.029916763305664,0.0,Doc,1,3,2,6,Document-Fake,/mnt/public/public_datasets/OpenMMSecV2/Doc/non_aigc/cover/imgs/92912046f6d74607bb4dc694df2c6347.jpg
33.843658447265625,26.14501953125,0.0,Doc,0,3,1,5,Document-Real,/mnt/public/public_datasets/OpenMMSecV2/Doc/Real/cb0958ba0d774736bd9a3a671591a6b9.jpg
23.77583885192871,25.150285720825195,0.0,Doc,1,3,2,6,Document-Fake,/mnt/public/public_datasets/OpenMMSecV2/Doc/non_aigc/generation/imgs/db97a60d82af4134b4be911640af3137.jpg
12.72695255279541,7.780524253845215,0.0,AIGC,0,2,1,3,AIGC-Real,/mnt/public/public_datasets/OpenMMSecV2/AIGC/laion/0e55d6f528dc40478097e96b809e643e.jpg
11.519014358520508,-5.3040971755981445,0.0,IMDL,0,4,1,7,IMDL-Real,/mnt/public/public_datasets/OpenMMSecV2/IMDL/generative/flux_1/imgs/e203c6ef9c244a4d8df62b33302b6a16.png
-14.300457954406738,7.231528282165527,0.0,AIGC,1,2,2,4,AIGC-Fake,/mnt/public/public_datasets/OpenMMSecV2/AIGC/GAN/ProGAN/bbc7db9f61264248bc6cf94b2a5fbd46.jpg
-49.431785583496094,-12.233413696289062,0.0,deepfake,1,1,2,2,Deepfake-Fake,/mnt/public/public_datasets/OpenMMSecV2/Deepfake/Fake/EntireFaceSynthesis/StyleGAN2/8d71a10b456a4e81b9a1046e8c7c0069.png
-52.62733840942383,-16.58832359313965,0.0,deepfake,1,1,2,2,Deepfake-Fake,/mnt/public/public_datasets/OpenMMSecV2/Deepfake/Fake/FaceEditing/StarGAN/38d9e7cbf6ec4f65b4d08abbf6ce28f9.jpg
-2.452241897583008,6.215625762939453,0.0,AIGC,1,2,2,4,AIGC-Fake,/mnt/public/public_datasets/OpenMMSecV2/AIGC/other/online/imgs/17d9c92d587e483fa68b8c8a8f68576a.jpg
9.648271560668945,-10.861531257629395,0.0,IMDL,0,4,1,7,IMDL-Real,/mnt/public/public_datasets/OpenMMSecV2/IMDL/generative/coco/imgs/99ada2eae51c4c55af7ce273dbdfcc5b.jpg
9.348869323730469,-13.011092185974121,0.0,IMDL,0,4,1,7,IMDL-Real,/mnt/public/public_datasets/OpenMMSecV2/IMDL/generative/coco/imgs/39957fccdef04e059f73d2a51c127a95.jpg
29.79775047302246,27.100841522216797,0.0,Doc,0,3,1,5,Document-Real,/mnt/public/public_datasets/OpenMMSecV2/Doc/Real/e035b5730ad54372be7f935b61e4a071.jpg
25.398448944091797,18.69502830505371,0.0,Doc,1,3,2,6,Document-Fake,/mnt/public/public_datasets/OpenMMSecV2/Doc/aigc/stefann/imgs/c5642972befc42aca5123549e14cb209.jpg
10.79230785369873,6.765746116638184,0.0,AIGC,0,2,1,3,AIGC-Real,/mnt/public/public_datasets/OpenMMSecV2/AIGC/laion/c8002b919c8343b0990f37ffb445a99f.jpg
9.56283950805664,-10.215580940246582,0.0,IMDL,0,4,1,7,IMDL-Real,/mnt/public/public_datasets/OpenMMSecV2/IMDL/generative/coco/imgs/9ccfe5d8a3f341d9b40bfd55fbbdc312.jpg
-50.477298736572266,-17.06969451904297,0.0,deepfake,1,1,2,2,Deepfake-Fake,/mnt/public/public_datasets/OpenMMSecV2/Deepfake/Fake/EntireFaceSynthesis/DiT-XL/ebea820d18b54ffcaf1950081c8a299f.png
-34.72981262207031,-8.365409851074219,0.0,deepfake,0,1,1,1,Deepfake-Real,/mnt/public/public_datasets/OpenMMSecV2/Deepfake/Real/FFHQ/faba6f8d6dac4ad7932937c8eda6ee28.jpeg
10.495438575744629,-12.150897979736328,0.0,IMDL,0,4,1,7,IMDL-Real,/mnt/public/public_datasets/OpenMMSecV2/IMDL/generative/stable_diffusion/imgs/b2cf6883aad64e69a7bd8be866b4fa9c.png
-2.9445159435272217,-18.850875854492188,0.0,IMDL,1,4,2,8,IMDL-Fake,/mnt/public/public_datasets/OpenMMSecV2/IMDL/generative/stable_diffusion/imgs/e2e5c5a9b7fe467fb273a25f8317ddb2.png
5.099264144897461,-3.9290924072265625,0.0,IMDL,0,4,1,7,IMDL-Real,/mnt/public/public_datasets/OpenMMSecV2/IMDL/non_generative/manual_ps/imgs/ac8cf654b8254d42a96ee65e82ebdf31.jpg
24.959447860717773,24.515583038330078,0.0,Doc,1,3,2,6,Document-Fake,/mnt/public/public_datasets/OpenMMSecV2/Doc/non_aigc/cover/imgs/c507f6da90ce4fee9404273e8601e431.jpg
-36.159523010253906,-20.90172004699707,0.0,deepfake,0,1,1,1,Deepfake-Real,/mnt/public/public_datasets/OpenMMSecV2/Deepfake/Real/CelebDF-v2/5a8d4b12a3a945979cf116f98a443fe0.png
23.509601593017578,25.729522705078125,0.0,Doc,1,3,2,6,Document-Fake,/mnt/public/public_datasets/OpenMMSecV2/Doc/non_aigc/copy-move/imgs/58b4c9bfbd5d44d89c0ba13f34f6a447.jpg
6.979067802429199,8.641880989074707,0.0,AIGC,0,2,1,3,AIGC-Real,/mnt/public/public_datasets/OpenMMSecV2/AIGC/laion/e2832ce50bbb40e38582e24f6e51e3e6.jpg
23.51433563232422,25.302888870239258,0.0,Doc,1,3,2,6,Document-Fake,/mnt/public/public_datasets/OpenMMSecV2/Doc/non_aigc/copy-move/imgs/0485aec3cedd4083a6b5daafa04dfc49.jpg
11.14044189453125,-9.88350772857666,0.0,IMDL,0,4,1,7,IMDL-Real,/mnt/public/public_datasets/OpenMMSecV2/IMDL/generative/flux_1/imgs/e31126056ed246deadd10d34c55938d7.png
21.80735969543457,26.1035099029541,0.0,Doc,1,3,2,6,Document-Fake,/mnt/public/public_datasets/OpenMMSecV2/Doc/non_aigc/copy-move/imgs/5947a1edf1c24e1f9063d80ff94f867e.jpg
21.700742721557617,26.225811004638672,0.0,Doc,1,3,2,6,Document-Fake,/mnt/public/public_datasets/OpenMMSecV2/Doc/non_aigc/generation/imgs/6d31d95640864a26bb647f764e312c36.jpg
-8.7910737991333,-0.09759664535522461,0.0,AIGC,1,2,2,4,AIGC-Fake,/mnt/public/public_datasets/OpenMMSecV2/AIGC/GAN/StyleSANXL/171983100c2a43fb9d2814af62a2c042.jpg
-6.3864359855651855,-13.576679229736328,0.0,IMDL,1,4,2,8,IMDL-Fake,/mnt/public/public_datasets/OpenMMSecV2/IMDL/generative/flux_1/imgs/8550983452a14a22b0e8f1c7c6f58ba1.png
23.395910263061523,26.49028205871582,0.0,Doc,1,3,2,6,Document-Fake,/mnt/public/public_datasets/OpenMMSecV2/Doc/non_aigc/generation/imgs/324934ec4d4a459c92cc22467f46b2fa.jpg
5.147500514984131,1.198495626449585,0.0,AIGC,0,2,1,3,AIGC-Real,/mnt/public/public_datasets/OpenMMSecV2/AIGC/GAN/BigGAN/imgs/850a95250d164299881d5f1847645c32.JPEG
23.721771240234375,25.370527267456055,0.0,Doc,1,3,2,6,Document-Fake,/mnt/public/public_datasets/OpenMMSecV2/Doc/non_aigc/generation/imgs/5ca7b63ebabe4cd1920cb528e1ac1059.jpg
-32.395992279052734,-15.07403564453125,0.0,deepfake,0,1,1,1,Deepfake-Real,/mnt/public/public_datasets/OpenMMSecV2/Deepfake/Real/FF++/7e4e93e75919469fb7cb9f48e23496eb.png
0.06257876008749008,5.933368682861328,0.0,AIGC,1,2,2,4,AIGC-Fake,/mnt/public/public_datasets/OpenMMSecV2/AIGC/other/online/imgs/4f38201429b64acbb7e72e3a0de5b3f2.jpg
13.433540344238281,5.064699172973633,0.0,AIGC,0,2,1,3,AIGC-Real,/mnt/public/public_datasets/OpenMMSecV2/AIGC/laion/42de318810424063870d60e53d1757f0.jpg
10.01819133758545,-2.131434917449951,0.0,IMDL,0,4,1,7,IMDL-Real,/mnt/public/public_datasets/OpenMMSecV2/IMDL/generative/stable_diffusion/imgs/b09a5f7a0b1641c5977b54a53680c2ac.png
32.074153900146484,21.520097732543945,0.0,Doc,0,3,1,5,Document-Real,/mnt/public/public_datasets/OpenMMSecV2/Doc/Real/404187a2ae2243b593524d5dd33d68a9.jpg
0.45313456654548645,6.237749099731445,0.0,AIGC,1,2,2,4,AIGC-Fake,/mnt/public/public_datasets/OpenMMSecV2/AIGC/other/online/imgs/650bdeced4f94e3fa843046b1b5e4175.jpg
12.508618354797363,9.5835599899292,0.0,AIGC,0,2,1,3,AIGC-Real,/mnt/public/public_datasets/OpenMMSecV2/AIGC/laion/ac60de338a0b460d8c1aa2639b945a47.jpg
-2.0210933685302734,-8.85035228729248,0.0,IMDL,1,4,2,8,IMDL-Fake,/mnt/public/public_datasets/OpenMMSecV2/IMDL/non_generative/manual_ps/imgs/2422966c5d184f32859f928d79123ea3.jpg
25.274763107299805,24.151412963867188,0.0,Doc,1,3,2,6,Document-Fake,/mnt/public/public_datasets/OpenMMSecV2/Doc/non_aigc/cpmv/imgs/7e9f6d49e7ec4b5f9a5606d6efa90308.jpg
32.796756744384766,20.97433090209961,0.0,Doc,0,3,1,5,Document-Real,/mnt/public/public_datasets/OpenMMSecV2/Doc/aigc/derend/imgs/397083a7b8ca4ea6837bb0c51efd8571.jpg
-30.55496597290039,-23.228069305419922,0.0,deepfake,0,1,1,1,Deepfake-Real,/mnt/public/public_datasets/OpenMMSecV2/Deepfake/Real/UADFV/2a75a0548ee849e79db2c293cdfa333f.png
-5.056698322296143,-7.9020280838012695,0.0,IMDL,1,4,2,8,IMDL-Fake,/mnt/public/public_datasets/OpenMMSecV2/IMDL/non_generative/manual_ps/imgs/e3061956d30d4ac3a147e8968089d5a9.jpg
-37.434410095214844,-20.816768646240234,0.0,deepfake,0,1,1,1,Deepfake-Real,/mnt/public/public_datasets/OpenMMSecV2/Deepfake/Real/CelebDF-v2/d4fda6bbc68346bca8175a74925342a1.png
22.177701950073242,25.901357650756836,0.0,Doc,1,3,2,6,Document-Fake,/mnt/public/public_datasets/OpenMMSecV2/Doc/non_aigc/cpmv/imgs/8903c3131c314bea9bd901969affd91f.jpg
-0.8446978330612183,-3.0507071018218994,0.0,AIGC,1,2,2,4,AIGC-Fake,/mnt/public/public_datasets/OpenMMSecV2/AIGC/latent_diffusion/systematic/ae3ac19e959142b4b92ccb341cdffffc.jpg
-35.0849609375,-13.70332145690918,0.0,deepfake,0,1,1,1,Deepfake-Real,/mnt/public/public_datasets/OpenMMSecV2/Deepfake/Real/CelebDF-v2/863e2e5a4c184f3abd9ef18d74d6e173.png
7.332798957824707,-5.009169578552246,0.0,IMDL,0,4,1,7,IMDL-Real,/mnt/public/public_datasets/OpenMMSecV2/IMDL/generative/stable_diffusion/imgs/bc322d32a2964caf942af1cd0aa1362e.png
-5.562296390533447,-9.065496444702148,0.0,IMDL,1,4,2,8,IMDL-Fake,/mnt/public/public_datasets/OpenMMSecV2/IMDL/generative/stable_diffusion/imgs/b91cd3a3e6af4c39afc3e9fb1a0ec72b.tiff
-54.3453254699707,-15.362722396850586,0.0,deepfake,1,1,2,2,Deepfake-Fake,/mnt/public/public_datasets/OpenMMSecV2/Deepfake/Fake/FaceSwap/FSGAN/50c0c4b676604795be65705eea6c078a.png
-6.924866676330566,5.279472351074219,0.0,AIGC,1,2,2,4,AIGC-Fake,/mnt/public/public_datasets/OpenMMSecV2/AIGC/GAN/GigaGAN/695b25ccd1d64a089506e81a6c849318.jpg
29.472454071044922,20.292659759521484,0.0,Doc,0,3,1,5,Document-Real,/mnt/public/public_datasets/OpenMMSecV2/Doc/Real/208e5bc6b61345a1a5db5e395917da73.jpg
-32.022342681884766,-17.253353118896484,0.0,deepfake,0,1,1,1,Deepfake-Real,/mnt/public/public_datasets/OpenMMSecV2/Deepfake/Real/FF++/23b57e89648b4554850a9fa126289743.png
34.633365631103516,24.56987190246582,0.0,Doc,0,3,1,5,Document-Real,/mnt/public/public_datasets/OpenMMSecV2/Doc/Real/91a4ce40acd840eaadcee783d2137eed.jpg
-2.2785162925720215,-10.474149703979492,0.0,IMDL,1,4,2,8,IMDL-Fake,/mnt/public/public_datasets/OpenMMSecV2/IMDL/non_generative/manual_ps/imgs/a4d3ef8b8f424724af15769e4732ff73.jpg
23.305131912231445,19.589908599853516,0.0,Doc,1,3,2,6,Document-Fake,/mnt/public/public_datasets/OpenMMSecV2/Doc/aigc/textocr/imgs/b257ab46c2d64236b147b03cbcf6b01a.jpg
-32.52155685424805,-16.479066848754883,0.0,deepfake,0,1,1,1,Deepfake-Real,/mnt/public/public_datasets/OpenMMSecV2/Deepfake/Real/FF++/dbd9297624cf4eb1b842cd25eb6b08d5.png
-34.481178283691406,-14.148554801940918,0.0,deepfake,0,1,1,1,Deepfake-Real,/mnt/public/public_datasets/OpenMMSecV2/Deepfake/Real/DFD/068c33d7fafa44179c870a9c41055c6f.png
-29.94021224975586,-24.532407760620117,0.0,deepfake,0,1,1,1,Deepfake-Real,/mnt/public/public_datasets/OpenMMSecV2/Deepfake/Real/UADFV/cb6abb4d8d0346ac9bffb13275d699c7.png
-5.853230953216553,-6.848784446716309,0.0,IMDL,1,4,2,8,IMDL-Fake,/mnt/public/public_datasets/OpenMMSecV2/IMDL/non_generative/manual_ps/imgs/7158a7fd89b1423ba29775b03c4fac38.jpg
-9.328527450561523,5.637353897094727,0.0,AIGC,1,2,2,4,AIGC-Fake,/mnt/public/public_datasets/OpenMMSecV2/AIGC/GAN/styleGANs/5e9f45fb578c48a3a134861c1b506887.jpg
-11.439925193786621,7.1093854904174805,0.0,AIGC,1,2,2,4,AIGC-Fake,/mnt/public/public_datasets/OpenMMSecV2/AIGC/GAN/BigGAN/cdda310f5c814cd286302061c6b8c2ba.jpg
-35.74121856689453,-18.947925567626953,0.0,deepfake,0,1,1,1,Deepfake-Real,/mnt/public/public_datasets/OpenMMSecV2/Deepfake/Real/FF++/bf5a016e96bd42c9b8ec6496f3233e80.png
32.48470687866211,21.454153060913086,0.0,Doc,0,3,1,5,Document-Real,/mnt/public/public_datasets/OpenMMSecV2/Doc/Real/14080e9a4bd04c37b5bb5054b2f373b3.jpg
12.230006217956543,8.898231506347656,0.0,AIGC,0,2,1,3,AIGC-Real,/mnt/public/public_datasets/OpenMMSecV2/AIGC/laion/cb8d442f315d4e9b8f8ba0abfa2b180d.jpg
-53.30496597290039,-16.854026794433594,0.0,deepfake,1,1,2,2,Deepfake-Fake,/mnt/public/public_datasets/OpenMMSecV2/Deepfake/Fake/FaceEditing/StarGAN/b1afd0ece9444093bd09398e27aec302.jpg
6.706854343414307,-4.361141204833984,0.0,IMDL,0,4,1,7,IMDL-Real,/mnt/public/public_datasets/OpenMMSecV2/IMDL/non_generative/manual_ps/imgs/30307de99e1b41e79c5220374938c887.jpg
33.01305389404297,20.657079696655273,0.0,Doc,0,3,1,5,Document-Real,/mnt/public/public_datasets/OpenMMSecV2/Doc/Real/5932d42c15ff401faf7164524f1560a7.jpg
-2.4760947227478027,9.102178573608398,0.0,AIGC,1,2,2,4,AIGC-Fake,/mnt/public/public_datasets/OpenMMSecV2/AIGC/latent_diffusion/systematic/b381051ea0d04d78bd69d231b9b27548.jpg
11.499801635742188,5.294083595275879,0.0,AIGC,0,2,1,3,AIGC-Real,/mnt/public/public_datasets/OpenMMSecV2/AIGC/laion/05dea69232d343c3b2198497e514c56c.jpg
30.024946212768555,26.635507583618164,0.0,Doc,0,3,1,5,Document-Real,/mnt/public/public_datasets/OpenMMSecV2/Doc/Real/8dbf46f196bb4beea83b3a455e8ce949.jpg
24.968618392944336,18.619861602783203,0.0,Doc,1,3,2,6,Document-Fake,/mnt/public/public_datasets/OpenMMSecV2/Doc/aigc/textdiff/imgs/526003f602fc4780baa2d3d5e5789e24.jpg
7.091084957122803,-13.667668342590332,0.0,IMDL,0,4,1,7,IMDL-Real,/mnt/public/public_datasets/OpenMMSecV2/IMDL/generative/stable_diffusion/imgs/ecf04c39ca894908a2e89b70bf6d8db2.png
23.774839401245117,25.54649543762207,0.0,Doc,1,3,2,6,Document-Fake,/mnt/public/public_datasets/OpenMMSecV2/Doc/non_aigc/generation/imgs/d1f84e900c684d37ac21d76cc893cb27.jpg
7.865262508392334,-13.556790351867676,0.0,IMDL,0,4,1,7,IMDL-Real,/mnt/public/public_datasets/OpenMMSecV2/IMDL/generative/coco/imgs/b8cd6507da41400baf7c34595cef4191.jpg
-49.21442413330078,-12.09124755859375,0.0,deepfake,1,1,2,2,Deepfake-Fake,/mnt/public/public_datasets/OpenMMSecV2/Deepfake/Fake/EntireFaceSynthesis/StyleGAN2/e88bb40ece5c4c78a92f67a91ae179b5.png
7.228493690490723,-8.799790382385254,0.0,IMDL,0,4,1,7,IMDL-Real,/mnt/public/public_datasets/OpenMMSecV2/IMDL/generative/stable_diffusion/imgs/6ab258e2280d40f98dc941409ba58f7a.png
-49.338226318359375,-22.17444610595703,0.0,deepfake,1,1,2,2,Deepfake-Fake,/mnt/public/public_datasets/OpenMMSecV2/Deepfake/Fake/EntireFaceSynthesis/SiT-XL/936ad946f13d4dd4a4ebbb786f195d9b.png
-37.39952850341797,-21.44768714904785,0.0,deepfake,0,1,1,1,Deepfake-Real,/mnt/public/public_datasets/OpenMMSecV2/Deepfake/Real/CelebDF-v2/60240697823a499cb7dc85279a3a94d0.png
30.56443977355957,21.850187301635742,0.0,Doc,0,3,1,5,Document-Real,/mnt/public/public_datasets/OpenMMSecV2/Doc/Real/ed51f645b2114153a5b69bfcec0d9a62.jpg
24.420780181884766,21.73456382751465,0.0,Doc,1,3,2,6,Document-Fake,/mnt/public/public_datasets/OpenMMSecV2/Doc/aigc/textocr/imgs/ce69d62999ff4383a32deb8c1c0fc5ca.jpg
32.40020751953125,20.968780517578125,0.0,Doc,0,3,1,5,Document-Real,/mnt/public/public_datasets/OpenMMSecV2/Doc/Real/bbbf158a16224572b76417c14f92c1a3.jpg
9.921093940734863,6.887866973876953,0.0,AIGC,0,2,1,3,AIGC-Real,/mnt/public/public_datasets/OpenMMSecV2/AIGC/laion/64e07a0a275d4ff5b3e2636055aa0bb2.jpg
34.47313690185547,24.403411865234375,0.0,Doc,0,3,1,5,Document-Real,/mnt/public/public_datasets/OpenMMSecV2/Doc/Real/2638eb4855234f2b987aa46f908efb3d.jpg
-32.00699234008789,-22.785953521728516,0.0,deepfake,0,1,1,1,Deepfake-Real,/mnt/public/public_datasets/OpenMMSecV2/Deepfake/Real/FF++/864e1751d8e84505861dbc1f22baa657.png
-1.9144365787506104,9.229915618896484,0.0,AIGC,1,2,2,4,AIGC-Fake,/mnt/public/public_datasets/OpenMMSecV2/AIGC/commercial/dalle/a2fc3babada0418c9225b04b5a81defb.jpg
23.69757652282715,25.654438018798828,0.0,Doc,1,3,2,6,Document-Fake,/mnt/public/public_datasets/OpenMMSecV2/Doc/non_aigc/copy-move/imgs/fd796be04dcb4dd3a7b0f33277820223.jpg
-17.676843643188477,6.597359657287598,0.0,AIGC,1,2,2,4,AIGC-Fake,/mnt/public/public_datasets/OpenMMSecV2/AIGC/autoregressive_model/tamingtransformers/a90e093141e64877a4e639a4d7bc8163.jpg
21.618318557739258,26.119619369506836,0.0,Doc,1,3,2,6,Document-Fake,/mnt/public/public_datasets/OpenMMSecV2/Doc/non_aigc/copy-move/imgs/82cf24f3201749a394c7788af7c0eb14.jpg
-8.03958797454834,-3.6160991191864014,0.0,IMDL,1,4,2,8,IMDL-Fake,/mnt/public/public_datasets/OpenMMSecV2/IMDL/generative/gan_mat/imgs/24d5511e60d8486196d863003a6d315f.jpg
-51.71367263793945,-18.957359313964844,0.0,deepfake,1,1,2,2,Deepfake-Fake,/mnt/public/public_datasets/OpenMMSecV2/Deepfake/Fake/FaceSwap/FSGAN/af9db2d1b6af4be9b3f431f79c9d5761.png
21.51392936706543,26.050830841064453,0.0,Doc,1,3,2,6,Document-Fake,/mnt/public/public_datasets/OpenMMSecV2/Doc/non_aigc/copy-move/imgs/69a82df1f5ff43a3930323a5a1bad355.jpg
10.044445037841797,6.705499649047852,0.0,AIGC,0,2,1,3,AIGC-Real,/mnt/public/public_datasets/OpenMMSecV2/AIGC/laion/280238b6e9e44e438fae14d61361c13e.jpg
-10.227930068969727,-8.003609657287598,0.0,IMDL,1,4,2,8,IMDL-Fake,/mnt/public/public_datasets/OpenMMSecV2/IMDL/non_generative/manual_ps/imgs/276eab40a8094caa8b2bf8493792e19e.jpg
8.581476211547852,-12.122926712036133,0.0,IMDL,0,4,1,7,IMDL-Real,/mnt/public/public_datasets/OpenMMSecV2/IMDL/generative/stable_diffusion/imgs/9f9ffe68d9554e5f9be2584900c98213.png
33.07545852661133,21.86821937561035,0.0,Doc,0,3,1,5,Document-Real,/mnt/public/public_datasets/OpenMMSecV2/Doc/aigc/stefann/imgs/986d2a4430874515805bd83e909ac954.jpg
-10.762819290161133,7.697620391845703,0.0,AIGC,1,2,2,4,AIGC-Fake,/mnt/public/public_datasets/OpenMMSecV2/AIGC/pixel_diffusion/glide/b6d2ee15b0de4c98a5f515ad9a57c0bc.jpg
33.508399963378906,21.037307739257812,0.0,Doc,0,3,1,5,Document-Real,/mnt/public/public_datasets/OpenMMSecV2/Doc/Real/17ddc59005104deaba80bc915d0cbcf5.jpg
12.215780258178711,6.755749702453613,0.0,AIGC,0,2,1,3,AIGC-Real,/mnt/public/public_datasets/OpenMMSecV2/AIGC/laion/2c41fe6b1d5d47819d761a0c298fd4bf.jpg
-3.980952024459839,7.05403995513916,0.0,AIGC,1,2,2,4,AIGC-Fake,/mnt/public/public_datasets/OpenMMSecV2/AIGC/latent_diffusion/systematic/6195c74713284d5d9577aa0c396fad68.jpg
-30.02557945251465,-23.686180114746094,0.0,deepfake,0,1,1,1,Deepfake-Real,/mnt/public/public_datasets/OpenMMSecV2/Deepfake/Real/FF++/e72ec4568d0143908c1751f8a5b0b8ce.png
-0.9010506868362427,1.4278807640075684,0.0,AIGC,1,2,2,4,AIGC-Fake,/mnt/public/public_datasets/OpenMMSecV2/AIGC/pixel_diffusion/guided_diffusion/4492bf922d7c4d329058474e8d92c633.jpg
24.452394485473633,18.601207733154297,0.0,Doc,1,3,2,6,Document-Fake,/mnt/public/public_datasets/OpenMMSecV2/Doc/aigc/textdiff/imgs/5deb3f91c3804e8eb8041d25f100ecfc.jpg
6.344200611114502,1.9198073148727417,0.0,AIGC,0,2,1,3,AIGC-Real,/mnt/public/public_datasets/OpenMMSecV2/AIGC/GAN/BigGAN/imgs/b70a4c8cc84d4902a7c7ad58fd8c33f0.JPEG
-49.8118782043457,-13.457479476928711,0.0,deepfake,1,1,2,2,Deepfake-Fake,/mnt/public/public_datasets/OpenMMSecV2/Deepfake/Fake/FaceEditing/e4e/1c8032448c1b482db9b6018ef21f5120.jpg
-31.955965042114258,-19.45393180847168,0.0,deepfake,0,1,1,1,Deepfake-Real,/mnt/public/public_datasets/OpenMMSecV2/Deepfake/Real/CelebDF-v2/d4375295ff624ffb949a7a5e5eda1e8b.png
-50.38692855834961,-19.292701721191406,0.0,deepfake,1,1,2,2,Deepfake-Fake,/mnt/public/public_datasets/OpenMMSecV2/Deepfake/Fake/FaceSwap/UniFace/7a3e5733ff724bbcb4c344607370bc01.png
-52.979225158691406,-19.25752830505371,0.0,deepfake,1,1,2,2,Deepfake-Fake,/mnt/public/public_datasets/OpenMMSecV2/Deepfake/Fake/FaceReenactment/FS_vid2vid/45da03461490428b8a141ff3a322020e.png
-50.09300994873047,-14.1806058883667,0.0,deepfake,1,1,2,2,Deepfake-Fake,/mnt/public/public_datasets/OpenMMSecV2/Deepfake/Fake/FaceEditing/e4e/1b6fd6ef36ad49dbacabdaef3b282c1e.jpg
-48.94783401489258,-16.428497314453125,0.0,deepfake,1,1,2,2,Deepfake-Fake,/mnt/public/public_datasets/OpenMMSecV2/Deepfake/Fake/FaceEditing/StarGANv2/de80d2497f6c4826b37973b5210552a3.jpg
-47.061336517333984,-13.739130020141602,0.0,deepfake,1,1,2,2,Deepfake-Fake,/mnt/public/public_datasets/OpenMMSecV2/Deepfake/Fake/FaceSwap/e4s/3295aca0ebe14c80be609b17c38dc031.png
-48.1639404296875,-20.433269500732422,0.0,deepfake,1,1,2,2,Deepfake-Fake,/mnt/public/public_datasets/OpenMMSecV2/Deepfake/Fake/FaceSwap/e4s/7112148c3813465895bba7bef3103f04.png
-4.817553520202637,10.257716178894043,0.0,AIGC,1,2,2,4,AIGC-Fake,/mnt/public/public_datasets/OpenMMSecV2/AIGC/commercial/ideogram/71f68c01379a4228957be87196be222b.jpg
-50.037261962890625,-15.385038375854492,0.0,deepfake,1,1,2,2,Deepfake-Fake,/mnt/public/public_datasets/OpenMMSecV2/Deepfake/Fake/FaceEditing/StarGAN/05865420ebdd4d86b891f4bd5ebb1177.jpg
-49.050323486328125,-12.072866439819336,0.0,deepfake,1,1,2,2,Deepfake-Fake,/mnt/public/public_datasets/OpenMMSecV2/Deepfake/Fake/EntireFaceSynthesis/StyleGAN2/f16c9445f25940a0b26b9224391ff103.png
-5.941872596740723,-7.47037410736084,0.0,IMDL,1,4,2,8,IMDL-Fake,/mnt/public/public_datasets/OpenMMSecV2/IMDL/non_generative/manual_ps/imgs/57fffcbbec8948139901691f3b11f6e6.jpg
-35.36699295043945,-23.215028762817383,0.0,deepfake,0,1,1,1,Deepfake-Real,/mnt/public/public_datasets/OpenMMSecV2/Deepfake/Real/FF++/ec507185c29d4385b6e4646208f0c288.png
-52.54301452636719,-21.505468368530273,0.0,deepfake,1,1,2,2,Deepfake-Fake,/mnt/public/public_datasets/OpenMMSecV2/Deepfake/Fake/FaceReenactment/MRAA/ec4e3f6d85d14199850305b3f9d1ec9c.png
16.456226348876953,4.1084747314453125,0.0,IMDL,0,4,1,7,IMDL-Real,/mnt/public/public_datasets/OpenMMSecV2/IMDL/generative/stable_diffusion/imgs/b231775c13d44de1a98046bc8b8be405.png
-4.023079872131348,-13.910833358764648,0.0,IMDL,1,4,2,8,IMDL-Fake,/mnt/public/public_datasets/OpenMMSecV2/IMDL/non_generative/manual_ps/imgs/8a8b82322936497784b99ec689ff4ea0.jpg
8.297372817993164,-8.009084701538086,0.0,IMDL,0,4,1,7,IMDL-Real,/mnt/public/public_datasets/OpenMMSecV2/IMDL/generative/coco/imgs/4fccc9cfb789477dab306ee3643af4d9.jpg
22.775753021240234,25.873172760009766,0.0,Doc,1,3,2,6,Document-Fake,/mnt/public/public_datasets/OpenMMSecV2/Doc/non_aigc/generation/imgs/2b4163093774465a9163c086db44ba18.jpg
-14.965859413146973,7.422970771789551,0.0,AIGC,1,2,2,4,AIGC-Fake,/mnt/public/public_datasets/OpenMMSecV2/AIGC/GAN/ProGAN/5602dbe6c2a440d69ea7c06b7eceb63b.jpg
1.4924249649047852,-3.9774796962738037,0.0,IMDL,0,4,1,7,IMDL-Real,/mnt/public/public_datasets/OpenMMSecV2/IMDL/generative/flux_1/imgs/3a172e91d0334b8dad626b5c77318385.png
8.999666213989258,-14.499083518981934,0.0,IMDL,0,4,1,7,IMDL-Real,/mnt/public/public_datasets/OpenMMSecV2/IMDL/generative/coco/imgs/c0ac0388a1a54214b325ddd19294e55e.jpg
-9.054696083068848,7.257469177246094,0.0,AIGC,1,2,2,4,AIGC-Fake,/mnt/public/public_datasets/OpenMMSecV2/AIGC/pixel_diffusion/guided_diffusion/0721f925c5c149908e62f08801b4a79d.jpg
4.111586570739746,-6.948570251464844,0.0,IMDL,0,4,1,7,IMDL-Real,/mnt/public/public_datasets/OpenMMSecV2/IMDL/non_generative/manual_ps/imgs/7eb19e5d71b5458e8d0f51d72b8eeae7.jpg
-30.032188415527344,-21.231151580810547,0.0,deepfake,0,1,1,1,Deepfake-Real,/mnt/public/public_datasets/OpenMMSecV2/Deepfake/Real/CelebDF-v2/545690271d814c059b00b40da8e3ff5b.png
10.471795082092285,-6.074740409851074,0.0,IMDL,0,4,1,7,IMDL-Real,/mnt/public/public_datasets/OpenMMSecV2/IMDL/generative/flux_1/imgs/d466978c7b8e4c5fb778e2e4522a7349.png
0.2007950097322464,5.95213508605957,0.0,AIGC,1,2,2,4,AIGC-Fake,/mnt/public/public_datasets/OpenMMSecV2/AIGC/other/online/imgs/fde4a0de22e4455ebad84fc3952ba7bf.jpg
-31.507095336914062,-16.023609161376953,0.0,deepfake,0,1,1,1,Deepfake-Real,/mnt/public/public_datasets/OpenMMSecV2/Deepfake/Real/FF++/c77f8c48efc04b5cae344bf4b4859695.png
13.310091018676758,8.92832088470459,0.0,AIGC,0,2,1,3,AIGC-Real,/mnt/public/public_datasets/OpenMMSecV2/AIGC/laion/6f421025280a4d7fa8e6e7b380a387d7.jpg
-52.66786193847656,-14.830435752868652,0.0,deepfake,1,1,2,2,Deepfake-Fake,/mnt/public/public_datasets/OpenMMSecV2/Deepfake/Fake/FaceEditing/StarGANv2/a432db91da674b2e9b2f47e74daa7395.jpg
33.681617736816406,20.876216888427734,0.0,Doc,0,3,1,5,Document-Real,/mnt/public/public_datasets/OpenMMSecV2/Doc/aigc/derend/imgs/914c84a50809409e9d8a4118e0e656d3.jpg
30.09585189819336,26.508520126342773,0.0,Doc,0,3,1,5,Document-Real,/mnt/public/public_datasets/OpenMMSecV2/Doc/Real/67beea34ac054c938789e33d05dd67ba.jpg
24.539628982543945,18.28427505493164,0.0,Doc,1,3,2,6,Document-Fake,/mnt/public/public_datasets/OpenMMSecV2/Doc/aigc/textdiff/imgs/75e4ce0f805341b0a866e2159a4fe8f3.jpg
33.6598014831543,26.015352249145508,0.0,Doc,0,3,1,5,Document-Real,/mnt/public/public_datasets/OpenMMSecV2/Doc/Real/1f95f481884749f5a9c2fd663a4df9f6.jpg
-38.36684799194336,-20.88356590270996,0.0,deepfake,0,1,1,1,Deepfake-Real,/mnt/public/public_datasets/OpenMMSecV2/Deepfake/Real/CelebDF-v2/47a499a1a44c41a1bd14b5cb2998fbbc.png
8.327414512634277,-4.611845970153809,0.0,IMDL,0,4,1,7,IMDL-Real,/mnt/public/public_datasets/OpenMMSecV2/IMDL/non_generative/manual_ps/imgs/d0a2e5005448479388109fca79661791.jpg
30.26344108581543,26.545265197753906,0.0,Doc,0,3,1,5,Document-Real,/mnt/public/public_datasets/OpenMMSecV2/Doc/Real/514378c3ac094bce9f5e5361e9579349.jpg
33.179664611816406,20.536537170410156,0.0,Doc,0,3,1,5,Document-Real,/mnt/public/public_datasets/OpenMMSecV2/Doc/Real/9937aed66d2c47d19105f4a9d06460f4.jpg
-4.018550395965576,11.364395141601562,0.0,AIGC,1,2,2,4,AIGC-Fake,/mnt/public/public_datasets/OpenMMSecV2/AIGC/latent_diffusion/systematic/8e328d5637404141a9d3b27a886067e0.jpg
9.152182579040527,-14.430710792541504,0.0,IMDL,0,4,1,7,IMDL-Real,/mnt/public/public_datasets/OpenMMSecV2/IMDL/generative/stable_diffusion/imgs/ef000abb637e4a6fbac5ba3cce2c8a64.png
-13.230315208435059,4.350915908813477,0.0,AIGC,1,2,2,4,AIGC-Fake,/mnt/public/public_datasets/OpenMMSecV2/AIGC/GAN/styleGANs/69f690134b27419ea3450240f1cb1663.jpg
0.9785984754562378,-13.343304634094238,0.0,IMDL,0,4,1,7,IMDL-Real,/mnt/public/public_datasets/OpenMMSecV2/IMDL/generative/stable_diffusion/imgs/3b3dc8e4b484430d8566d314c5c4d923.png
11.312786102294922,-12.02888298034668,0.0,IMDL,0,4,1,7,IMDL-Real,/mnt/public/public_datasets/OpenMMSecV2/IMDL/generative/flux_1/imgs/6a6e7afb3bbc4848b92054571429599d.png
11.202500343322754,-11.552186012268066,0.0,IMDL,0,4,1,7,IMDL-Real,/mnt/public/public_datasets/OpenMMSecV2/IMDL/generative/flux_1/imgs/ddc1d56197d140c489e3f8f7533a30af.png
2.230980634689331,2.129950523376465,0.0,AIGC,0,2,1,3,AIGC-Real,/mnt/public/public_datasets/OpenMMSecV2/AIGC/pixel_diffusion/adm/imgs/8f97384e747849fe93cb1c1816dba824.JPEG
23.704065322875977,25.520845413208008,0.0,Doc,1,3,2,6,Document-Fake,/mnt/public/public_datasets/OpenMMSecV2/Doc/non_aigc/generation/imgs/e055c9d9b6ee435eae2c3a8826fa108d.jpg
0.6633768677711487,-4.0860595703125,0.0,AIGC,1,2,2,4,AIGC-Fake,/mnt/public/public_datasets/OpenMMSecV2/AIGC/pixel_diffusion/adm/imgs/3d43c069b9d64659950695e669855222.PNG
-48.772239685058594,-16.113388061523438,0.0,deepfake,1,1,2,2,Deepfake-Fake,/mnt/public/public_datasets/OpenMMSecV2/Deepfake/Fake/EntireFaceSynthesis/WhichisReal/4c63efc255d84a2a90f0d87b261bc987.png
-5.128464221954346,-10.562954902648926,0.0,IMDL,1,4,2,8,IMDL-Fake,/mnt/public/public_datasets/OpenMMSecV2/IMDL/generative/stable_diffusion/imgs/2aedf53ea8124b389f35a9d79ff07462.png
-51.15803527832031,-21.341785430908203,0.0,deepfake,1,1,2,2,Deepfake-Fake,/mnt/public/public_datasets/OpenMMSecV2/Deepfake/Fake/FaceSwap/BlendFace/52fb39146e0247a896e1bb4a1d0f972e.png
11.372479438781738,5.13175106048584,0.0,AIGC,0,2,1,3,AIGC-Real,/mnt/public/public_datasets/OpenMMSecV2/AIGC/laion/80f7a9383961452cb8e3efbdaed57e98.jpg
-48.036991119384766,-16.76520538330078,0.0,deepfake,1,1,2,2,Deepfake-Fake,/mnt/public/public_datasets/OpenMMSecV2/Deepfake/Fake/FaceEditing/StarGANv2/695cce63408d4b86ad253a43689b49f7.jpg
12.718608856201172,7.372891426086426,0.0,AIGC,0,2,1,3,AIGC-Real,/mnt/public/public_datasets/OpenMMSecV2/AIGC/laion/c304ec50949842ffbedf8924e5b5cd2e.jpg
-30.703458786010742,-23.875965118408203,0.0,deepfake,0,1,1,1,Deepfake-Real,/mnt/public/public_datasets/OpenMMSecV2/Deepfake/Real/FF++/1f8c7a3a756d4762be93539651edcfce.png
-26.560733795166016,-18.41991424560547,0.0,deepfake,0,1,1,1,Deepfake-Real,/mnt/public/public_datasets/OpenMMSecV2/Deepfake/Real/FFHQ/32544f7d9b824e16ad40c59ac2e75278.jpeg
33.34449768066406,26.55890464782715,0.0,Doc,0,3,1,5,Document-Real,/mnt/public/public_datasets/OpenMMSecV2/Doc/Real/8bfb58479c874c129f60078d6ad527f2.jpg
-7.5503740310668945,4.622747421264648,0.0,AIGC,1,2,2,4,AIGC-Fake,/mnt/public/public_datasets/OpenMMSecV2/AIGC/pixel_diffusion/adm/imgs/0eb1814e3d36451c89243adff62aed75.PNG
5.108123302459717,5.972982406616211,0.0,AIGC,0,2,1,3,AIGC-Real,/mnt/public/public_datasets/OpenMMSecV2/AIGC/other/online/imgs/fde146e9326f423e89e6dd91f0fef0ea.jpg
-4.6903791427612305,-7.567214012145996,0.0,IMDL,1,4,2,8,IMDL-Fake,/mnt/public/public_datasets/OpenMMSecV2/IMDL/non_generative/manual_ps/imgs/0d0b22d16ea341519e4b6d501e02d074.jpg
6.029329776763916,-1.1213371753692627,0.0,AIGC,0,2,1,3,AIGC-Real,/mnt/public/public_datasets/OpenMMSecV2/AIGC/laion/a3feba20245747b490cce1f9de1b840f.jpg
-52.11887741088867,-16.89835548400879,0.0,deepfake,1,1,2,2,Deepfake-Fake,/mnt/public/public_datasets/OpenMMSecV2/Deepfake/Fake/FaceEditing/StarGAN/5c5f012815c1491f896d2ad632e87a51.jpg
12.096471786499023,10.192904472351074,0.0,AIGC,0,2,1,3,AIGC-Real,/mnt/public/public_datasets/OpenMMSecV2/AIGC/laion/438a6ea7e60c4b89b4d0b751aa82ac68.jpg
-30.149829864501953,-21.327289581298828,0.0,deepfake,0,1,1,1,Deepfake-Real,/mnt/public/public_datasets/OpenMMSecV2/Deepfake/Real/CelebDF-v2/e708281a18d947a1afa4da8a0be2ada3.png
-10.590819358825684,6.532552719116211,0.0,AIGC,1,2,2,4,AIGC-Fake,/mnt/public/public_datasets/OpenMMSecV2/AIGC/GAN/GigaGAN/910192dd9b384beba92e101db8b5332e.jpg
-30.26883316040039,-14.762958526611328,0.0,deepfake,0,1,1,1,Deepfake-Real,/mnt/public/public_datasets/OpenMMSecV2/Deepfake/Real/DFD/8f486e97019f454089116771854e40a0.png
-15.731855392456055,5.65601921081543,0.0,AIGC,1,2,2,4,AIGC-Fake,/mnt/public/public_datasets/OpenMMSecV2/AIGC/autoregressive_model/tamingtransformers/0ba9dd733c294e2abbab3e34721a696b.jpg
8.348329544067383,-11.181588172912598,0.0,IMDL,0,4,1,7,IMDL-Real,/mnt/public/public_datasets/OpenMMSecV2/IMDL/generative/coco/imgs/de5b5575ff294f4991e2f5bc2fe6b2a9.jpg
7.493890285491943,-7.774554252624512,0.0,IMDL,0,4,1,7,IMDL-Real,/mnt/public/public_datasets/OpenMMSecV2/IMDL/generative/coco/imgs/a45c122b74eb45f79cba6805177279e1.jpg
-31.028493881225586,-18.844545364379883,0.0,deepfake,0,1,1,1,Deepfake-Real,/mnt/public/public_datasets/OpenMMSecV2/Deepfake/Real/CelebDF-v2/8169278fa2e1480a9d715caa906b2860.png
-7.328536510467529,-8.805449485778809,0.0,IMDL,1,4,2,8,IMDL-Fake,/mnt/public/public_datasets/OpenMMSecV2/IMDL/non_generative/manual_ps/imgs/e020d99cc8324193a59e6df80ad3f0d2.jpg
23.12644386291504,19.648557662963867,0.0,Doc,1,3,2,6,Document-Fake,/mnt/public/public_datasets/OpenMMSecV2/Doc/aigc/textocr/imgs/948f8a3435c54e549aca10e4fea4642a.jpg
9.695801734924316,-13.720338821411133,0.0,IMDL,0,4,1,7,IMDL-Real,/mnt/public/public_datasets/OpenMMSecV2/IMDL/generative/stable_diffusion/imgs/d254d2b49c724b38ab126b8bf3fc7c59.png
-53.58774948120117,-13.14252758026123,0.0,deepfake,1,1,2,2,Deepfake-Fake,/mnt/public/public_datasets/OpenMMSecV2/Deepfake/Fake/FaceEditing/StarGANv2/8e60ccb1891f4cb8b849f96e754552ff.jpg
-32.71623611450195,-19.00120735168457,0.0,deepfake,0,1,1,1,Deepfake-Real,/mnt/public/public_datasets/OpenMMSecV2/Deepfake/Real/DFD/74336eeed6b8490b991ae47e1f83dc42.png
-4.910491943359375,-6.790412902832031,0.0,IMDL,1,4,2,8,IMDL-Fake,/mnt/public/public_datasets/OpenMMSecV2/IMDL/non_generative/manual_ps/imgs/0e2ccf10b0d04ff3a92a0e8b4dae5aa1.jpg
25.29930877685547,24.29715919494629,0.0,Doc,1,3,2,6,Document-Fake,/mnt/public/public_datasets/OpenMMSecV2/Doc/non_aigc/cover/imgs/de35b9cbf6ef4b5cbc2da57517cd6df3.jpg
-7.901704788208008,-3.27844500541687,0.0,IMDL,1,4,2,8,IMDL-Fake,/mnt/public/public_datasets/OpenMMSecV2/IMDL/generative/paintbyexample/imgs/d923daaf3bcd4b9c98e74e6bebdca5fb.tiff
-31.31960105895996,-23.17720603942871,0.0,deepfake,0,1,1,1,Deepfake-Real,/mnt/public/public_datasets/OpenMMSecV2/Deepfake/Real/FF++/83dbc0b181944fb2bc3770b7f8464f62.png
10.059344291687012,-8.104564666748047,0.0,IMDL,0,4,1,7,IMDL-Real,/mnt/public/public_datasets/OpenMMSecV2/IMDL/generative/coco/imgs/5d8d5407c9a2471d82a34dd099403e5d.jpg
21.534687042236328,25.98370361328125,0.0,Doc,1,3,2,6,Document-Fake,/mnt/public/public_datasets/OpenMMSecV2/Doc/non_aigc/generation/imgs/b331329cfc134bc3aeb6049dc08adcf9.jpg
21.60479736328125,25.864042282104492,0.0,Doc,1,3,2,6,Document-Fake,/mnt/public/public_datasets/OpenMMSecV2/Doc/non_aigc/generation/imgs/3e2ffab897864e4094409e1d0f9c9ae9.jpg
-10.3329496383667,7.263006210327148,0.0,AIGC,1,2,2,4,AIGC-Fake,/mnt/public/public_datasets/OpenMMSecV2/AIGC/latent_diffusion/vqdiffusion/5646f4aeca5548139d61c0c2baa5e7db.jpg
-50.09772872924805,-29.898956298828125,0.0,deepfake,1,1,2,2,Deepfake-Fake,/mnt/public/public_datasets/OpenMMSecV2/Deepfake/Fake/FaceReenactment/HeyGen/e3a093ac07ce4e999a74d528f628a951.png
-50.704505920410156,-20.04971694946289,0.0,deepfake,1,1,2,2,Deepfake-Fake,/mnt/public/public_datasets/OpenMMSecV2/Deepfake/Fake/EntireFaceSynthesis/StyleGAN-XL/600ab690990c4ae9a5f055506eddc950.png
-3.1818089485168457,-10.253782272338867,0.0,IMDL,1,4,2,8,IMDL-Fake,/mnt/public/public_datasets/OpenMMSecV2/IMDL/non_generative/manual_ps/imgs/38a11a6b761740e0a5fa9eda065bab0f.jpg
22.900197982788086,26.053091049194336,0.0,Doc,1,3,2,6,Document-Fake,/mnt/public/public_datasets/OpenMMSecV2/Doc/non_aigc/inpaint/imgs/a78b357df4b14be99d505a01cba3b9d5.jpg
21.62430763244629,25.807720184326172,0.0,Doc,1,3,2,6,Document-Fake,/mnt/public/public_datasets/OpenMMSecV2/Doc/non_aigc/generation/imgs/7e92768313c5466cb6048979c04201fc.jpg
-51.76298141479492,-22.566102981567383,0.0,deepfake,1,1,2,2,Deepfake-Fake,/mnt/public/public_datasets/OpenMMSecV2/Deepfake/Fake/FaceReenactment/TPSMM/08f1e97f1bea4c44a5f3d19e4f603770.png
8.842432975769043,-9.049731254577637,0.0,IMDL,0,4,1,7,IMDL-Real,/mnt/public/public_datasets/OpenMMSecV2/IMDL/generative/coco/imgs/fb91654f707f449c81a832646483e973.jpg
22.006240844726562,26.03890037536621,0.0,Doc,1,3,2,6,Document-Fake,/mnt/public/public_datasets/OpenMMSecV2/Doc/non_aigc/copy-move/imgs/9b30ed3f114d418bbf03db2d190a3db3.jpg
-31.73555564880371,-22.77774429321289,0.0,deepfake,0,1,1,1,Deepfake-Real,/mnt/public/public_datasets/OpenMMSecV2/Deepfake/Real/FF++/687e6f0d9aa8433498b2a89499231d86.png
3.7299067974090576,-1.7451131343841553,0.0,AIGC,0,2,1,3,AIGC-Real,/mnt/public/public_datasets/OpenMMSecV2/AIGC/laion/d25b515e9b514d16804286913bf91234.jpg
21.633995056152344,26.139192581176758,0.0,Doc,1,3,2,6,Document-Fake,/mnt/public/public_datasets/OpenMMSecV2/Doc/non_aigc/copy-move/imgs/b51e9d83c8134d9cbdcbc03c2fadaaa2.jpg
-6.658508777618408,1.3118431568145752,0.0,AIGC,1,2,2,4,AIGC-Fake,/mnt/public/public_datasets/OpenMMSecV2/AIGC/other/online/imgs/112371b3507043d49d1c53dfef06b5c0.jpg
-32.00886917114258,-16.86500358581543,0.0,deepfake,0,1,1,1,Deepfake-Real,/mnt/public/public_datasets/OpenMMSecV2/Deepfake/Real/FF++/d8e1dae282af4232ab778092042cf572.png
-54.440093994140625,-19.037996292114258,0.0,deepfake,1,1,2,2,Deepfake-Fake,/mnt/public/public_datasets/OpenMMSecV2/Deepfake/Fake/FaceReenactment/MRAA/4be21554b10e401fb4b6470d11b86531.png
32.058837890625,21.20209503173828,0.0,Doc,0,3,1,5,Document-Real,/mnt/public/public_datasets/OpenMMSecV2/Doc/Real/40ab977af42340e59f77937963f2a54c.jpg
34.28776550292969,24.48885726928711,0.0,Doc,0,3,1,5,Document-Real,/mnt/public/public_datasets/OpenMMSecV2/Doc/Real/da91bb597def49e58bbe27e7b2d7210e.jpg
5.4178643226623535,-9.720776557922363,0.0,IMDL,0,4,1,7,IMDL-Real,/mnt/public/public_datasets/OpenMMSecV2/IMDL/generative/stable_diffusion/imgs/ebafb30d6a0a405485973974aa128c6e.png
-31.452892303466797,-15.949337005615234,0.0,deepfake,0,1,1,1,Deepfake-Real,/mnt/public/public_datasets/OpenMMSecV2/Deepfake/Real/FF++/e12a007e957d437fbaa7ba79b1146d8b.png
-48.152896881103516,-13.945382118225098,0.0,deepfake,1,1,2,2,Deepfake-Fake,/mnt/public/public_datasets/OpenMMSecV2/Deepfake/Fake/EntireFaceSynthesis/SiT-XL/36d6c9cc71474087b19c32eebef88004.png
-14.205118179321289,4.329155921936035,0.0,AIGC,1,2,2,4,AIGC-Fake,/mnt/public/public_datasets/OpenMMSecV2/AIGC/GAN/ProjectedGAN/e0e168dac290425a9196053c529c6ae4.jpg
-48.506431579589844,-12.421988487243652,0.0,deepfake,1,1,2,2,Deepfake-Fake,/mnt/public/public_datasets/OpenMMSecV2/Deepfake/Fake/FaceEditing/e4e/b4a5e72d75e545eb8d748c6f082d6177.jpg
-16.55333709716797,7.420615196228027,0.0,AIGC,1,2,2,4,AIGC-Fake,/mnt/public/public_datasets/OpenMMSecV2/AIGC/autoregressive_model/tamingtransformers/c6da53c343dd40f0a7df9c5bf7097a50.jpg
11.927139282226562,7.087850570678711,0.0,AIGC,0,2,1,3,AIGC-Real,/mnt/public/public_datasets/OpenMMSecV2/AIGC/laion/0d19e3f0d8d84bf0b08dc4d68bab7d5e.jpg
-27.715864181518555,-20.637920379638672,0.0,deepfake,0,1,1,1,Deepfake-Real,/mnt/public/public_datasets/OpenMMSecV2/Deepfake/Real/VFHQ/1968d4b25b634d2fac301a9ed083c3ea.png
-8.764195442199707,5.472739219665527,0.0,AIGC,1,2,2,4,AIGC-Fake,/mnt/public/public_datasets/OpenMMSecV2/AIGC/pixel_diffusion/guided_diffusion/e22a14b1f7de45dca24a29835f942f0d.jpg
-51.09701919555664,-15.713447570800781,0.0,deepfake,1,1,2,2,Deepfake-Fake,/mnt/public/public_datasets/OpenMMSecV2/Deepfake/Fake/FaceReenactment/MRAA/10bb78e846654df78221f96252211296.png
0.1922280639410019,6.290681838989258,0.0,AIGC,1,2,2,4,AIGC-Fake,/mnt/public/public_datasets/OpenMMSecV2/AIGC/other/online/imgs/be17cd1407804133a6f433a346bc1e3f.jpg
-15.016894340515137,5.633625030517578,0.0,AIGC,1,2,2,4,AIGC-Fake,/mnt/public/public_datasets/OpenMMSecV2/AIGC/autoregressive_model/tamingtransformers/018dc934a7e74a04aab698f9f19b8dc0.jpg
-0.813290536403656,-11.534083366394043,0.0,IMDL,1,4,2,8,IMDL-Fake,/mnt/public/public_datasets/OpenMMSecV2/IMDL/non_generative/manual_ps/imgs/2bde395b3c5e4635bec54291a79d0828.jpg
-11.12479019165039,7.733100891113281,0.0,AIGC,1,2,2,4,AIGC-Fake,/mnt/public/public_datasets/OpenMMSecV2/AIGC/pixel_diffusion/guided_diffusion/d2105ce4362b4128a38b39b3b42c7bea.jpg
-47.60834884643555,-31.938993453979492,0.0,deepfake,1,1,2,2,Deepfake-Fake,/mnt/public/public_datasets/OpenMMSecV2/Deepfake/Fake/FaceSwap/FaceShifter/07d0909e4ebd44d883e0b13e204630b1.png
29.858394622802734,27.21295928955078,0.0,Doc,0,3,1,5,Document-Real,/mnt/public/public_datasets/OpenMMSecV2/Doc/Real/af254dc950a9466e9df4fa2a2c15fa3d.jpg
-25.794221878051758,-13.448709487915039,0.0,deepfake,0,1,1,1,Deepfake-Real,/mnt/public/public_datasets/OpenMMSecV2/Deepfake/Real/FFHQ/81bd0fc02b91448c92704ed2a59eda28.jpeg
-48.88573455810547,-22.177993774414062,0.0,deepfake,1,1,2,2,Deepfake-Fake,/mnt/public/public_datasets/OpenMMSecV2/Deepfake/Fake/FaceSwap/FSGAN/5a11de3135a34b76ab6fa9e214093a90.png
-34.67938232421875,-23.358501434326172,0.0,deepfake,0,1,1,1,Deepfake-Real,/mnt/public/public_datasets/OpenMMSecV2/Deepfake/Real/FF++/6aba0c1dfdc34497956225ae30c4d198.png
24.96687889099121,24.607135772705078,0.0,Doc,1,3,2,6,Document-Fake,/mnt/public/public_datasets/OpenMMSecV2/Doc/non_aigc/cover/imgs/e37ef529bb9146d9a12f4a9b1943745a.jpg
-54.91477584838867,-20.392810821533203,0.0,deepfake,1,1,2,2,Deepfake-Fake,/mnt/public/public_datasets/OpenMMSecV2/Deepfake/Fake/EntireFaceSynthesis/RDDM/25ab9694647c442683e7d4ce654e9fb9.png
-30.45450782775879,-24.424694061279297,0.0,deepfake,0,1,1,1,Deepfake-Real,/mnt/public/public_datasets/OpenMMSecV2/Deepfake/Real/FF++/4995e61e65c84c3c977a13f9358300f6.png
-2.7768120765686035,-15.403088569641113,0.0,IMDL,1,4,2,8,IMDL-Fake,/mnt/public/public_datasets/OpenMMSecV2/IMDL/non_generative/manual_ps/imgs/a0bb817b711349a0ac4d8695d743355e.jpg
9.708954811096191,-12.082305908203125,0.0,IMDL,0,4,1,7,IMDL-Real,/mnt/public/public_datasets/OpenMMSecV2/IMDL/generative/coco/imgs/5b5db72e32a24e0a9c5726ea03befb9d.jpg
-9.653045654296875,7.209023475646973,0.0,AIGC,1,2,2,4,AIGC-Fake,/mnt/public/public_datasets/OpenMMSecV2/AIGC/GAN/GigaGAN/4e4e7ca5ede54878bc66d9b9627fbfd2.jpg
-34.92182540893555,-17.633041381835938,0.0,deepfake,0,1,1,1,Deepfake-Real,/mnt/public/public_datasets/OpenMMSecV2/Deepfake/Real/CelebDF-v2/61f100eb88ec4b4c956bd2e586545cc8.png
-7.4960408210754395,-4.173686981201172,0.0,IMDL,1,4,2,8,IMDL-Fake,/mnt/public/public_datasets/OpenMMSecV2/IMDL/generative/gan_mat/imgs/95932b12700a4ef3aca3fc867f27f481.jpg
-1.0100902318954468,-15.301709175109863,0.0,IMDL,1,4,2,8,IMDL-Fake,/mnt/public/public_datasets/OpenMMSecV2/IMDL/non_generative/manual_ps/imgs/9ba6cb5c1aff421e85c711efd89c2630.jpg
12.833803176879883,8.349305152893066,0.0,AIGC,0,2,1,3,AIGC-Real,/mnt/public/public_datasets/OpenMMSecV2/AIGC/laion/70ae26195d6c436ba5578f80e1e5e3cb.jpg
-5.850318431854248,-6.510852813720703,0.0,IMDL,1,4,2,8,IMDL-Fake,/mnt/public/public_datasets/OpenMMSecV2/IMDL/non_generative/manual_ps/imgs/e8027b7ee968471cbcdb583d845a8072.jpg
8.354887008666992,-11.382879257202148,0.0,IMDL,0,4,1,7,IMDL-Real,/mnt/public/public_datasets/OpenMMSecV2/IMDL/generative/coco/imgs/02fe7409bdea43a8946abcf8d7333977.jpg
21.9371395111084,26.27130889892578,0.0,Doc,1,3,2,6,Document-Fake,/mnt/public/public_datasets/OpenMMSecV2/Doc/non_aigc/generation/imgs/d461e4137a0f41a3aae73a7ba20913e2.jpg
-31.833757400512695,-20.556772232055664,0.0,deepfake,0,1,1,1,Deepfake-Real,/mnt/public/public_datasets/OpenMMSecV2/Deepfake/Real/CelebDF-v2/fa20cab0aeb44cdfaa83308254afa615.png
-7.660196781158447,5.3461198806762695,0.0,AIGC,1,2,2,4,AIGC-Fake,/mnt/public/public_datasets/OpenMMSecV2/AIGC/pixel_diffusion/guided_diffusion/c550173b0f37420983c15e472206cc93.jpg
31.060443878173828,20.701202392578125,0.0,Doc,0,3,1,5,Document-Real,/mnt/public/public_datasets/OpenMMSecV2/Doc/Real/8ab8312e04e045b3a562e2702e2e6f1f.jpg
-7.573630332946777,-2.7317612171173096,0.0,IMDL,1,4,2,8,IMDL-Fake,/mnt/public/public_datasets/OpenMMSecV2/IMDL/generative/stable_diffusion/imgs/d15d2b740f054682a715f524d440da3b.tiff
21.76079559326172,26.22337532043457,0.0,Doc,1,3,2,6,Document-Fake,/mnt/public/public_datasets/OpenMMSecV2/Doc/non_aigc/copy-move/imgs/c4f7b9f0ff1d45f7a0f95d3fa4c9d1fe.jpg
-4.153515338897705,9.509781837463379,0.0,AIGC,1,2,2,4,AIGC-Fake,/mnt/public/public_datasets/OpenMMSecV2/AIGC/latent_diffusion/systematic/5173d231d97d493a9463f0dac06cace7.jpg
9.41263484954834,-8.648210525512695,0.0,IMDL,0,4,1,7,IMDL-Real,/mnt/public/public_datasets/OpenMMSecV2/IMDL/generative/coco/imgs/86e587c9ec7f4ee7b485aabe442360f0.jpg
9.626826286315918,6.96799373626709,0.0,AIGC,0,2,1,3,AIGC-Real,/mnt/public/public_datasets/OpenMMSecV2/AIGC/laion/0dbd8d51ffff40bd85b79292cf3180c1.jpg
32.581443786621094,21.08346939086914,0.0,Doc,0,3,1,5,Document-Real,/mnt/public/public_datasets/OpenMMSecV2/Doc/Real/85015c361c3e40fca0389547b33fec85.jpg
33.733943939208984,25.69331932067871,0.0,Doc,0,3,1,5,Document-Real,/mnt/public/public_datasets/OpenMMSecV2/Doc/Real/5f79de090f6b4468b6ec8a7b710b7e3b.jpg
-48.820953369140625,-27.951133728027344,0.0,deepfake,1,1,2,2,Deepfake-Fake,/mnt/public/public_datasets/OpenMMSecV2/Deepfake/Fake/FaceSwap/FaceShifter/45475436efe745ffb58a6021925aec96.png
-12.187572479248047,-0.4701576232910156,0.0,AIGC,1,2,2,4,AIGC-Fake,/mnt/public/public_datasets/OpenMMSecV2/AIGC/other/online/imgs/c7d7f1c4f357488ba6c35cc0adb62f34.jpg
9.664244651794434,9.959797859191895,0.0,AIGC,0,2,1,3,AIGC-Real,/mnt/public/public_datasets/OpenMMSecV2/AIGC/laion/a0d08fec112c41b8bde0f779fe943ab6.jpg
-7.840198993682861,0.6853277087211609,0.0,AIGC,1,2,2,4,AIGC-Fake,/mnt/public/public_datasets/OpenMMSecV2/AIGC/latent_diffusion/systematic/4340b4770e694f6da574d0dfb2ad43fa.jpg
-53.87312316894531,-19.588836669921875,0.0,deepfake,1,1,2,2,Deepfake-Fake,/mnt/public/public_datasets/OpenMMSecV2/Deepfake/Fake/FaceReenactment/PIRender/334e22607e3145d5bc892ba901a136c3.png
-13.285805702209473,7.850732803344727,0.0,AIGC,1,2,2,4,AIGC-Fake,/mnt/public/public_datasets/OpenMMSecV2/AIGC/pixel_diffusion/glide/bc327ea08ec94dec835ec5a5b4121f2d.jpg
-54.07120132446289,-20.890460968017578,0.0,deepfake,1,1,2,2,Deepfake-Fake,/mnt/public/public_datasets/OpenMMSecV2/Deepfake/Fake/FaceReenactment/FS_vid2vid/f7fd4933f92d4510bfc20395bfcb0613.png
-5.337233543395996,-15.137223243713379,0.0,IMDL,1,4,2,8,IMDL-Fake,/mnt/public/public_datasets/OpenMMSecV2/IMDL/generative/stable_diffusion/imgs/21c4ae0c00bd4fe49319ea2b4e397c41.jpg
12.740459442138672,5.368871688842773,0.0,AIGC,0,2,1,3,AIGC-Real,/mnt/public/public_datasets/OpenMMSecV2/AIGC/laion/8d1c928f5bc04f99a67688094004bada.jpg
31.776058197021484,21.49087142944336,0.0,Doc,0,3,1,5,Document-Real,/mnt/public/public_datasets/OpenMMSecV2/Doc/Real/3b3b2ce9eacd4ef398b79a88782d30b8.jpg
8.626585960388184,-14.470582962036133,0.0,IMDL,0,4,1,7,IMDL-Real,/mnt/public/public_datasets/OpenMMSecV2/IMDL/generative/stable_diffusion/imgs/660e3a68628143258f43b6484adbeb31.png
11.66934871673584,10.168581008911133,0.0,AIGC,0,2,1,3,AIGC-Real,/mnt/public/public_datasets/OpenMMSecV2/AIGC/laion/e82e49819ced42a5900b6d2ea83eecf0.jpg
-45.56856918334961,-23.846622467041016,0.0,deepfake,1,1,2,2,Deepfake-Fake,/mnt/public/public_datasets/OpenMMSecV2/Deepfake/Fake/FaceSwap/FaceShifter/ba630b727188490bb2dcf6656d559720.png
5.788552284240723,-4.663413047790527,0.0,IMDL,0,4,1,7,IMDL-Real,/mnt/public/public_datasets/OpenMMSecV2/IMDL/generative/coco/imgs/4e50924c39f84edabec48548bf57bf88.jpg
22.790021896362305,25.532516479492188,0.0,Doc,1,3,2,6,Document-Fake,/mnt/public/public_datasets/OpenMMSecV2/Doc/non_aigc/cpmv/imgs/befdf661b091427caa9d56d8f9d65e28.jpg
0.0031241909600794315,-14.120798110961914,0.0,IMDL,1,4,2,8,IMDL-Fake,/mnt/public/public_datasets/OpenMMSecV2/IMDL/generative/paintbyexample/imgs/61f86c55aea84c93a9fd8a22d4e89edf.png
-31.942502975463867,-17.59308433532715,0.0,deepfake,0,1,1,1,Deepfake-Real,/mnt/public/public_datasets/OpenMMSecV2/Deepfake/Real/FF++/24fa4dd6606b433d8bc88497447557ad.png
-54.220699310302734,-17.731727600097656,0.0,deepfake,1,1,2,2,Deepfake-Fake,/mnt/public/public_datasets/OpenMMSecV2/Deepfake/Fake/FaceSwap/UniFace/ffdf02c050d540b8bc68af7b193bf534.png
-46.23067092895508,-16.187040328979492,0.0,deepfake,1,1,2,2,Deepfake-Fake,/mnt/public/public_datasets/OpenMMSecV2/Deepfake/Fake/EntireFaceSynthesis/WhichisReal/ea04296952804712a23e19f9839eebd6.png
32.639705657958984,21.786163330078125,0.0,Doc,0,3,1,5,Document-Real,/mnt/public/public_datasets/OpenMMSecV2/Doc/Real/be54e0235a874c66a2f8a12b6953f1c9.jpg
4.030525207519531,-7.247563362121582,0.0,IMDL,0,4,1,7,IMDL-Real,/mnt/public/public_datasets/OpenMMSecV2/IMDL/non_generative/manual_ps/imgs/f92aef13acb34cba8330232b095eb94c.jpg
29.135364532470703,22.540714263916016,0.0,Doc,0,3,1,5,Document-Real,/mnt/public/public_datasets/OpenMMSecV2/Doc/Real/f0017deee3ca48e0a732e65b77b115a1.jpg
31.27479362487793,22.07646369934082,0.0,Doc,0,3,1,5,Document-Real,/mnt/public/public_datasets/OpenMMSecV2/Doc/Real/3792d337eecf48399b128e385464c1ca.jpg
23.09174919128418,26.01698112487793,0.0,Doc,1,3,2,6,Document-Fake,/mnt/public/public_datasets/OpenMMSecV2/Doc/non_aigc/generation/imgs/85e69509ace240ffbe823c6a4d832ee4.jpg
-53.695091247558594,-19.00147819519043,0.0,deepfake,1,1,2,2,Deepfake-Fake,/mnt/public/public_datasets/OpenMMSecV2/Deepfake/Fake/FaceReenactment/OneShot/4fc8496600604cb7a1de63bc88e456f1.png
9.490059852600098,3.1342239379882812,0.0,AIGC,0,2,1,3,AIGC-Real,/mnt/public/public_datasets/OpenMMSecV2/AIGC/laion/63aeb7e771e64331888683cf22c0a173.jpg
-16.698389053344727,7.213523864746094,0.0,AIGC,1,2,2,4,AIGC-Fake,/mnt/public/public_datasets/OpenMMSecV2/AIGC/autoregressive_model/tamingtransformers/6bf2129f6e954f1aa6e19a4727539f2a.jpg
-53.726070404052734,-20.653472900390625,0.0,deepfake,1,1,2,2,Deepfake-Fake,/mnt/public/public_datasets/OpenMMSecV2/Deepfake/Fake/FaceReenactment/HyperReenact/99a6f80d222e47df8830e64f4fda1396.png
-0.574944794178009,-9.327020645141602,0.0,IMDL,0,4,1,7,IMDL-Real,/mnt/public/public_datasets/OpenMMSecV2/IMDL/non_generative/manual_ps/imgs/2b3c105d2d4d49f1a9d86e4b839b9551.jpg
-2.368922472000122,9.267436027526855,0.0,AIGC,1,2,2,4,AIGC-Fake,/mnt/public/public_datasets/OpenMMSecV2/AIGC/commercial/ideogram/9b0a0391d36b4a1cabd08ed86dab656c.jpg
20.87445640563965,22.067338943481445,0.0,Doc,1,3,2,6,Document-Fake,/mnt/public/public_datasets/OpenMMSecV2/Doc/aigc/textocr/imgs/cc61d76154994091a7ba6d6d0fdfa6e5.jpg
7.261282920837402,9.33517074584961,0.0,AIGC,0,2,1,3,AIGC-Real,/mnt/public/public_datasets/OpenMMSecV2/AIGC/other/online/imgs/6e32466b33c54134b0ed60bac6a5d5fa.jpg
-30.460140228271484,-23.07442283630371,0.0,deepfake,0,1,1,1,Deepfake-Real,/mnt/public/public_datasets/OpenMMSecV2/Deepfake/Real/FF++/f1baafc1bf2b449eb8bfcde92c915f9d.png
7.016885757446289,-4.580939769744873,0.0,IMDL,0,4,1,7,IMDL-Real,/mnt/public/public_datasets/OpenMMSecV2/IMDL/non_generative/manual_ps/imgs/cd53e557b92d40598d682dfb3d43b819.jpg
-31.335044860839844,-24.43351173400879,0.0,deepfake,0,1,1,1,Deepfake-Real,/mnt/public/public_datasets/OpenMMSecV2/Deepfake/Real/FF++/c87b864d689f44d2824e596e42ba38ee.png
12.030787467956543,8.749768257141113,0.0,AIGC,0,2,1,3,AIGC-Real,/mnt/public/public_datasets/OpenMMSecV2/AIGC/laion/0664208d2696405dbf9fe6e258f90aa5.jpg
-0.1672581434249878,-11.50712776184082,0.0,IMDL,1,4,2,8,IMDL-Fake,/mnt/public/public_datasets/OpenMMSecV2/IMDL/generative/flux_1/imgs/1eb01e4deed74aa2acbfdbff25512309.png
-10.099126815795898,7.5856218338012695,0.0,AIGC,1,2,2,4,AIGC-Fake,/mnt/public/public_datasets/OpenMMSecV2/AIGC/pixel_diffusion/glide/4eb444e83e654a4398815adff2b9dffd.jpg
33.59187316894531,26.281347274780273,0.0,Doc,0,3,1,5,Document-Real,/mnt/public/public_datasets/OpenMMSecV2/Doc/Real/6f8a035fb09a455fa3608115938e43ef.jpg
-14.836272239685059,6.5579376220703125,0.0,AIGC,1,2,2,4,AIGC-Fake,/mnt/public/public_datasets/OpenMMSecV2/AIGC/autoregressive_model/tamingtransformers/85ce6dbb5cfb4ef89c85c230e71f5e4f.jpg
-6.618548393249512,0.685593843460083,0.0,AIGC,1,2,2,4,AIGC-Fake,/mnt/public/public_datasets/OpenMMSecV2/AIGC/other/online/imgs/43dbb9998c9d4f239915a56d45652a03.jpg
-10.739411354064941,7.338931083679199,0.0,AIGC,1,2,2,4,AIGC-Fake,/mnt/public/public_datasets/OpenMMSecV2/AIGC/latent_diffusion/vqdiffusion/imgs/ace1a91b1c804c51b30edce021680f1a.png
23.49067497253418,25.547868728637695,0.0,Doc,1,3,2,6,Document-Fake,/mnt/public/public_datasets/OpenMMSecV2/Doc/non_aigc/generation/imgs/f81f2dff51d4486ca4fc0c4f397f9033.jpg
11.95004653930664,9.445305824279785,0.0,AIGC,0,2,1,3,AIGC-Real,/mnt/public/public_datasets/OpenMMSecV2/AIGC/laion/5bb25bed31394310adef8307fd39a4ab.jpg
1.5908769369125366,-4.343611717224121,0.0,AIGC,1,2,2,4,AIGC-Fake,/mnt/public/public_datasets/OpenMMSecV2/AIGC/latent_diffusion/systematic/a4fc31dc289548c2be4130be719feec6.jpg
8.46737003326416,-7.979666709899902,0.0,IMDL,0,4,1,7,IMDL-Real,/mnt/public/public_datasets/OpenMMSecV2/IMDL/generative/stable_diffusion/imgs/455c15f7386449c2b01bf51bf7c4cfe0.png
1.6855446100234985,-4.39980411529541,0.0,IMDL,1,4,2,8,IMDL-Fake,/mnt/public/public_datasets/OpenMMSecV2/IMDL/non_generative/manual_ps/imgs/52d1567d7a884ff6bf24a0e836800efc.jpg
7.088057518005371,3.437947988510132,0.0,AIGC,0,2,1,3,AIGC-Real,/mnt/public/public_datasets/OpenMMSecV2/AIGC/latent_diffusion/vqdiffusion/imgs/fd1e4061d6cf4672a8dca3c6002ea2bf.JPEG
-17.797433853149414,6.553837776184082,0.0,AIGC,1,2,2,4,AIGC-Fake,/mnt/public/public_datasets/OpenMMSecV2/AIGC/autoregressive_model/tamingtransformers/51e5a35083eb4e979459a6bd3fb25e9c.jpg
12.303337097167969,8.350458145141602,0.0,AIGC,0,2,1,3,AIGC-Real,/mnt/public/public_datasets/OpenMMSecV2/AIGC/laion/14b2af56e23c45389d314e235e27ee47.jpg
12.568807601928711,9.61992359161377,0.0,AIGC,0,2,1,3,AIGC-Real,/mnt/public/public_datasets/OpenMMSecV2/AIGC/laion/de1530810c504c88a7aaba09fbb4f905.jpg
34.3940315246582,24.358552932739258,0.0,Doc,0,3,1,5,Document-Real,/mnt/public/public_datasets/OpenMMSecV2/Doc/Real/8104148cf0014c099a49002eda8b3820.jpg
9.446550369262695,-12.529512405395508,0.0,IMDL,0,4,1,7,IMDL-Real,/mnt/public/public_datasets/OpenMMSecV2/IMDL/generative/coco/imgs/0603de1241274632b2102dc00851c118.jpg
-4.382163047790527,-8.144808769226074,0.0,IMDL,1,4,2,8,IMDL-Fake,/mnt/public/public_datasets/OpenMMSecV2/IMDL/generative/paintbyexample/imgs/d71f1d55ed2e4257b0e081a58ecbe653.png
7.546500205993652,-8.277078628540039,0.0,IMDL,0,4,1,7,IMDL-Real,/mnt/public/public_datasets/OpenMMSecV2/IMDL/generative/flux_1/imgs/175a501c0b194eb49f568843943dd6ad.png
32.2264518737793,20.901161193847656,0.0,Doc,0,3,1,5,Document-Real,/mnt/public/public_datasets/OpenMMSecV2/Doc/Real/d8d9478baf024c9bab617579a2600981.jpg
-35.40726852416992,-18.434118270874023,0.0,deepfake,0,1,1,1,Deepfake-Real,/mnt/public/public_datasets/OpenMMSecV2/Deepfake/Real/FF++/7ea105891a2a40d192c719b105272d1b.png
-34.814697265625,-21.798261642456055,0.0,deepfake,0,1,1,1,Deepfake-Real,/mnt/public/public_datasets/OpenMMSecV2/Deepfake/Real/FF++/da7e20a8352e4b129a581d530e768805.png
-10.581719398498535,8.07519245147705,0.0,AIGC,1,2,2,4,AIGC-Fake,/mnt/public/public_datasets/OpenMMSecV2/AIGC/GAN/styleGANs/5dd65eb181194017b7dbeea2d4cf12c4.jpg
23.50251007080078,18.482234954833984,0.0,Doc,1,3,2,6,Document-Fake,/mnt/public/public_datasets/OpenMMSecV2/Doc/aigc/textocr/imgs/23145ba65af74d65a1046fdb570ba768.jpg
-2.6884477138519287,-8.586688995361328,0.0,IMDL,1,4,2,8,IMDL-Fake,/mnt/public/public_datasets/OpenMMSecV2/IMDL/non_generative/manual_ps/imgs/24f42f7aeb514df8af11ef5213746a53.tif
-7.20828104019165,1.0977705717086792,0.0,AIGC,1,2,2,4,AIGC-Fake,/mnt/public/public_datasets/OpenMMSecV2/AIGC/other/online/imgs/43d0ddcd00e944469390fe8a1d06e7a3.jpg
-48.28001403808594,-25.426239013671875,0.0,deepfake,1,1,2,2,Deepfake-Fake,/mnt/public/public_datasets/OpenMMSecV2/Deepfake/Fake/FaceSwap/InSwapper/7ff1fbaa553f4639b739638f576ddd1e.png
-49.81525802612305,-13.54262924194336,0.0,deepfake,1,1,2,2,Deepfake-Fake,/mnt/public/public_datasets/OpenMMSecV2/Deepfake/Fake/FaceEditing/e4e/5241a9f80f334ffd867498367af6d295.jpg
-1.7496840953826904,-16.152606964111328,0.0,IMDL,1,4,2,8,IMDL-Fake,/mnt/public/public_datasets/OpenMMSecV2/IMDL/generative/flux_1/imgs/c0de2af39d69469f8b116f3bcb4dc840.png
-53.2867317199707,-17.089130401611328,0.0,deepfake,1,1,2,2,Deepfake-Fake,/mnt/public/public_datasets/OpenMMSecV2/Deepfake/Fake/FaceEditing/StarGAN/b8acb1de0a69484faab013a9e193019c.jpg
4.572301387786865,7.536008834838867,0.0,AIGC,0,2,1,3,AIGC-Real,/mnt/public/public_datasets/OpenMMSecV2/AIGC/laion/0cee3befb0a04644891ba0ed2d771879.jpg
23.085275650024414,25.549278259277344,0.0,Doc,1,3,2,6,Document-Fake,/mnt/public/public_datasets/OpenMMSecV2/Doc/non_aigc/generation/imgs/415ffa6a5a3f47f79274ef62cba79e44.jpg
7.851894855499268,-3.363142490386963,0.0,IMDL,0,4,1,7,IMDL-Real,/mnt/public/public_datasets/OpenMMSecV2/IMDL/non_generative/manual_ps/imgs/ddb9d55aa3bf4e44b364d42bccb2a41c.jpg
-2.368837356567383,9.706790924072266,0.0,AIGC,1,2,2,4,AIGC-Fake,/mnt/public/public_datasets/OpenMMSecV2/AIGC/latent_diffusion/systematic/6bcf88cc61f2427fb60e056e1d1bd644.jpg
-27.730005264282227,-20.36530113220215,0.0,deepfake,0,1,1,1,Deepfake-Real,/mnt/public/public_datasets/OpenMMSecV2/Deepfake/Real/VFHQ/6122521b96884ddaa6dac42905b5e952.png
8.11953353881836,-10.185906410217285,0.0,IMDL,0,4,1,7,IMDL-Real,/mnt/public/public_datasets/OpenMMSecV2/IMDL/generative/flux_1/imgs/a527863d703a44ef9639ecc56fa55b1f.png
-46.27928161621094,-16.133928298950195,0.0,deepfake,1,1,2,2,Deepfake-Fake,/mnt/public/public_datasets/OpenMMSecV2/Deepfake/Fake/EntireFaceSynthesis/WhichisReal/cc36f932daab477dbb9910703e1c02cb.png
-52.85501480102539,-17.46916389465332,0.0,deepfake,1,1,2,2,Deepfake-Fake,/mnt/public/public_datasets/OpenMMSecV2/Deepfake/Fake/FaceEditing/StarGAN/5c4b4936b112429dbecc1756bd508991.jpg
7.641879558563232,2.2189903259277344,0.0,AIGC,0,2,1,3,AIGC-Real,/mnt/public/public_datasets/OpenMMSecV2/AIGC/commercial/wukong/imgs/4cce3f83f74e439fba0bf9ba2b76267d.JPEG
-2.336984872817993,-8.887670516967773,0.0,IMDL,1,4,2,8,IMDL-Fake,/mnt/public/public_datasets/OpenMMSecV2/IMDL/non_generative/manual_ps/imgs/2334202845274ca88b338ae099e8c085.jpg
9.294035911560059,-8.742646217346191,0.0,IMDL,0,4,1,7,IMDL-Real,/mnt/public/public_datasets/OpenMMSecV2/IMDL/generative/flux_1/imgs/7f921d612eb34132b47d1db4f710ba07.png
12.237215995788574,5.632561683654785,0.0,AIGC,0,2,1,3,AIGC-Real,/mnt/public/public_datasets/OpenMMSecV2/AIGC/laion/40d723468d2f43a6856948ac14c9a466.jpg
-5.053726673126221,-6.248841285705566,0.0,IMDL,1,4,2,8,IMDL-Fake,/mnt/public/public_datasets/OpenMMSecV2/IMDL/non_generative/manual_ps/imgs/314931a6865741e7a546cff52e62a992.jpg
-31.53441619873047,-19.53517723083496,0.0,deepfake,0,1,1,1,Deepfake-Real,/mnt/public/public_datasets/OpenMMSecV2/Deepfake/Real/FF++/ed1ac548fc5e4d019a7535ca52e39f10.png
11.119049072265625,-11.64894962310791,0.0,IMDL,0,4,1,7,IMDL-Real,/mnt/public/public_datasets/OpenMMSecV2/IMDL/generative/coco/imgs/14c71c3e8fbb4e24b56e597b2c050101.jpg
-50.151947021484375,-13.114482879638672,0.0,deepfake,1,1,2,2,Deepfake-Fake,/mnt/public/public_datasets/OpenMMSecV2/Deepfake/Fake/FaceEditing/e4e/60391c7ec0224d94b5949bbd347b32c6.jpg
-47.156585693359375,-10.5209379196167,0.0,deepfake,1,1,2,2,Deepfake-Fake,/mnt/public/public_datasets/OpenMMSecV2/Deepfake/Fake/EntireFaceSynthesis/SD-2.1/2f8cdfbae2224073a7c37437ca6b3dc8.png
23.651105880737305,25.504592895507812,0.0,Doc,1,3,2,6,Document-Fake,/mnt/public/public_datasets/OpenMMSecV2/Doc/non_aigc/generation/imgs/36bd0339c4dd49d180b36f733b00ebad.jpg
21.82146453857422,21.728389739990234,0.0,Doc,1,3,2,6,Document-Fake,/mnt/public/public_datasets/OpenMMSecV2/Doc/aigc/textocr/imgs/3ca2ec9f64c24317b5ad79095cb1dbf2.jpg
30.052064895629883,27.059911727905273,0.0,Doc,0,3,1,5,Document-Real,/mnt/public/public_datasets/OpenMMSecV2/Doc/Real/54b4d29ddfce4884884906aa49d2d8c2.jpg
-8.22830581665039,-3.8506505489349365,0.0,IMDL,1,4,2,8,IMDL-Fake,/mnt/public/public_datasets/OpenMMSecV2/IMDL/generative/gan_mat/imgs/098e344ee0bb42308133c7a1b0577bc4.jpg
-29.740633010864258,-18.82154655456543,0.0,deepfake,0,1,1,1,Deepfake-Real,/mnt/public/public_datasets/OpenMMSecV2/Deepfake/Real/FF++/3d80905f782140cba67123cc80095b55.png
24.972858428955078,18.662105560302734,0.0,Doc,1,3,2,6,Document-Fake,/mnt/public/public_datasets/OpenMMSecV2/Doc/aigc/anytext/imgs/0a43ea9109d746c7bc5cbcd161455f81.jpg
25.593242645263672,23.77512550354004,0.0,Doc,1,3,2,6,Document-Fake,/mnt/public/public_datasets/OpenMMSecV2/Doc/non_aigc/inpaint/imgs/b1a0da4fdb6148ea8ef6b121fe1ec005.jpg
-47.625404357910156,-11.640510559082031,0.0,deepfake,1,1,2,2,Deepfake-Fake,/mnt/public/public_datasets/OpenMMSecV2/Deepfake/Fake/EntireFaceSynthesis/StyleGAN2/0e32ce2bbca74e6a973da27f22243c8d.png
-27.15924835205078,-16.685712814331055,0.0,deepfake,0,1,1,1,Deepfake-Real,/mnt/public/public_datasets/OpenMMSecV2/Deepfake/Real/FFHQ/cfad54a5445049c9863c72e371255c8d.jpg
32.21186828613281,20.989439010620117,0.0,Doc,0,3,1,5,Document-Real,/mnt/public/public_datasets/OpenMMSecV2/Doc/aigc/stefann/imgs/b7737c896bc24408a6d8da8e86eee5fe.jpg
-14.4670991897583,2.639758586883545,0.0,AIGC,1,2,2,4,AIGC-Fake,/mnt/public/public_datasets/OpenMMSecV2/AIGC/other/online/imgs/4a85583ba18c42e1a432ae64b0f8eec4.jpg
-35.88188934326172,-19.762319564819336,0.0,deepfake,0,1,1,1,Deepfake-Real,/mnt/public/public_datasets/OpenMMSecV2/Deepfake/Real/CelebDF-v2/cc9df157eeae4b84bd3c79dc0592fcfa.png
-35.967018127441406,-17.60648536682129,0.0,deepfake,0,1,1,1,Deepfake-Real,/mnt/public/public_datasets/OpenMMSecV2/Deepfake/Real/CelebDF-v2/809d8379be58497fa068dcc947b848aa.png
-5.7748212814331055,-7.169634819030762,0.0,IMDL,1,4,2,8,IMDL-Fake,/mnt/public/public_datasets/OpenMMSecV2/IMDL/non_generative/manual_ps/imgs/562e4eaa761049539ec75834ef5bd787.jpg
-2.997633934020996,-9.833006858825684,0.0,IMDL,1,4,2,8,IMDL-Fake,/mnt/public/public_datasets/OpenMMSecV2/IMDL/non_generative/manual_ps/imgs/4a934de9ba1d41cca84fd9c9d8edd69d.tif
-35.1175422668457,-22.82124900817871,0.0,deepfake,0,1,1,1,Deepfake-Real,/mnt/public/public_datasets/OpenMMSecV2/Deepfake/Real/FF++/36c96ffa64fb4baaa2c3d28a0d296f1d.png
23.792844772338867,25.355510711669922,0.0,Doc,1,3,2,6,Document-Fake,/mnt/public/public_datasets/OpenMMSecV2/Doc/non_aigc/generation/imgs/6e01eb3e48f24a33abe6405d9c0af165.jpg
-32.451019287109375,-18.122060775756836,0.0,deepfake,0,1,1,1,Deepfake-Real,/mnt/public/public_datasets/OpenMMSecV2/Deepfake/Real/FF++/8d8fac9e967246ada57103410a0ade2b.png
33.041831970214844,21.652843475341797,0.0,Doc,0,3,1,5,Document-Real,/mnt/public/public_datasets/OpenMMSecV2/Doc/Real/926805aa2f63462da15cb2531fe1c5c9.jpg
30.205078125,26.849546432495117,0.0,Doc,0,3,1,5,Document-Real,/mnt/public/public_datasets/OpenMMSecV2/Doc/Real/6488cce19f104d388fdced45d649e258.jpg
1.0860984325408936,9.613980293273926,0.0,AIGC,1,2,2,4,AIGC-Fake,/mnt/public/public_datasets/OpenMMSecV2/AIGC/other/online/imgs/ae5d09bd502b4537bd0b7734e9ddc9ec.jpg
7.830892086029053,-3.4591445922851562,0.0,IMDL,0,4,1,7,IMDL-Real,/mnt/public/public_datasets/OpenMMSecV2/IMDL/non_generative/manual_ps/imgs/813e404be1714dbe8591ee0bc2bda135.jpg
8.268568992614746,-11.099616050720215,0.0,IMDL,0,4,1,7,IMDL-Real,/mnt/public/public_datasets/OpenMMSecV2/IMDL/generative/coco/imgs/1d0431af64f6491f8b4e50707b01fd26.jpg
-34.81950759887695,-19.248567581176758,0.0,deepfake,0,1,1,1,Deepfake-Real,/mnt/public/public_datasets/OpenMMSecV2/Deepfake/Real/DFD/643a6e38488144a08dbed98da3feb4f6.png
25.1490478515625,23.59491539001465,0.0,Doc,1,3,2,6,Document-Fake,/mnt/public/public_datasets/OpenMMSecV2/Doc/non_aigc/generation/imgs/6703f0ef1e994080b735d02946b32dc9.jpg
9.763750076293945,-8.884343147277832,0.0,IMDL,0,4,1,7,IMDL-Real,/mnt/public/public_datasets/OpenMMSecV2/IMDL/generative/coco/imgs/000e2345a342453d803aeefc401afda0.jpg
-8.059688568115234,6.955964088439941,0.0,AIGC,1,2,2,4,AIGC-Fake,/mnt/public/public_datasets/OpenMMSecV2/AIGC/commercial/wukong/imgs/8457872f7b2642f49566e0921a5cbc07.png
-28.280275344848633,-15.568422317504883,0.0,deepfake,0,1,1,1,Deepfake-Real,/mnt/public/public_datasets/OpenMMSecV2/Deepfake/Real/FFHQ/b1f23e5aff384a8696bbd5467375584c.jpeg
-36.46101379394531,-22.438247680664062,0.0,deepfake,0,1,1,1,Deepfake-Real,/mnt/public/public_datasets/OpenMMSecV2/Deepfake/Real/CelebDF-v2/c6af4e46b8334721a74291c407dfd8f5.png
-30.47134017944336,-24.187076568603516,0.0,deepfake,0,1,1,1,Deepfake-Real,/mnt/public/public_datasets/OpenMMSecV2/Deepfake/Real/FF++/beb2dd699c79443ea78b078f561b9b6c.png
-5.232418537139893,-7.0140533447265625,0.0,IMDL,1,4,2,8,IMDL-Fake,/mnt/public/public_datasets/OpenMMSecV2/IMDL/non_generative/manual_ps/imgs/c41bc5717a064ec881fc711c983cd16e.tif
-14.4303560256958,6.468701362609863,0.0,AIGC,1,2,2,4,AIGC-Fake,/mnt/public/public_datasets/OpenMMSecV2/AIGC/GAN/styleGANs/ba2ae9e2840841b98209f5f24d2e1008.jpg
29.942745208740234,26.83633041381836,0.0,Doc,0,3,1,5,Document-Real,/mnt/public/public_datasets/OpenMMSecV2/Doc/Real/2bab486b1f7d412992eeb056d8c850ec.jpg
3.443958044052124,-15.870484352111816,0.0,IMDL,1,4,2,8,IMDL-Fake,/mnt/public/public_datasets/OpenMMSecV2/IMDL/generative/stable_diffusion/imgs/1bebcc0971024700a058f86f9c5ede8a.png
30.708560943603516,27.817489624023438,0.0,Doc,0,3,1,5,Document-Real,/mnt/public/public_datasets/OpenMMSecV2/Doc/Real/9ec0d009377841dd8ae162828264ba08.jpg
33.66761779785156,25.974090576171875,0.0,Doc,0,3,1,5,Document-Real,/mnt/public/public_datasets/OpenMMSecV2/Doc/Real/aba7c65c338f4ff18cc8d90abb0065a7.jpg
33.66168975830078,26.12398910522461,0.0,Doc,0,3,1,5,Document-Real,/mnt/public/public_datasets/OpenMMSecV2/Doc/Real/868787d7cdee4331b272a2adf061d32b.jpg
-30.7364444732666,-24.387027740478516,0.0,deepfake,0,1,1,1,Deepfake-Real,/mnt/public/public_datasets/OpenMMSecV2/Deepfake/Real/FF++/4316af1963564e06a1557fbbec8be930.png
-8.012748718261719,-2.7987558841705322,0.0,IMDL,1,4,2,8,IMDL-Fake,/mnt/public/public_datasets/OpenMMSecV2/IMDL/generative/paintbyexample/imgs/90b89402119f47ba8627491c054d86e8.jpg
7.362771511077881,-5.305108070373535,0.0,IMDL,0,4,1,7,IMDL-Real,/mnt/public/public_datasets/OpenMMSecV2/IMDL/generative/coco/imgs/77d001b3af4d477b9a25ce7c528d02df.jpg
9.380692481994629,-13.706671714782715,0.0,IMDL,0,4,1,7,IMDL-Real,/mnt/public/public_datasets/OpenMMSecV2/IMDL/generative/flux_1/imgs/468d5f6a6a834e789cb907901e4c2dbe.png
12.310327529907227,9.590639114379883,0.0,AIGC,0,2,1,3,AIGC-Real,/mnt/public/public_datasets/OpenMMSecV2/AIGC/laion/a12e2863e3d9429c9dc43040eb188a01.jpg
33.16126251220703,26.309682846069336,0.0,Doc,0,3,1,5,Document-Real,/mnt/public/public_datasets/OpenMMSecV2/Doc/Real/6f26f409de2c4cfaacd808936828c90b.jpg
-0.43044471740722656,2.120939016342163,0.0,AIGC,1,2,2,4,AIGC-Fake,/mnt/public/public_datasets/OpenMMSecV2/AIGC/pixel_diffusion/adm/imgs/786a02f0eb60485eae7424bb48e04c7f.PNG
10.459281921386719,-12.024555206298828,0.0,IMDL,0,4,1,7,IMDL-Real,/mnt/public/public_datasets/OpenMMSecV2/IMDL/generative/coco/imgs/400a9a19f5d54f558ff6f402508ff55b.jpg
9.35977554321289,-12.96043586730957,0.0,IMDL,0,4,1,7,IMDL-Real,/mnt/public/public_datasets/OpenMMSecV2/IMDL/generative/coco/imgs/18ae6cabec4449b09f6946b2230f0a95.jpg
-30.98817253112793,-7.87431001663208,0.0,deepfake,1,1,2,2,Deepfake-Fake,/mnt/public/public_datasets/OpenMMSecV2/Deepfake/Fake/EntireFaceSynthesis/MidJounery/a2a21e05e1554158bfd94fd0e2145a1f.png
-6.137759208679199,-5.401434898376465,0.0,IMDL,1,4,2,8,IMDL-Fake,/mnt/public/public_datasets/OpenMMSecV2/IMDL/non_generative/manual_ps/imgs/f99b8ed715f54a42ae2adb66f6ccc7b5.jpg
-47.171714782714844,-11.005249977111816,0.0,deepfake,1,1,2,2,Deepfake-Fake,/mnt/public/public_datasets/OpenMMSecV2/Deepfake/Fake/EntireFaceSynthesis/SD-2.1/58b79eeb7fc9454ca87eb59fd7004150.png
-9.851887702941895,7.753142356872559,0.0,AIGC,1,2,2,4,AIGC-Fake,/mnt/public/public_datasets/OpenMMSecV2/AIGC/pixel_diffusion/glide/imgs/6536c2ce043e47eea780fd6c851c5ded.png
-15.193033218383789,5.13362979888916,0.0,AIGC,1,2,2,4,AIGC-Fake,/mnt/public/public_datasets/OpenMMSecV2/AIGC/autoregressive_model/tamingtransformers/024aad8153f04a7dbce32dc54d6b02b2.jpg
34.48434066772461,24.451969146728516,0.0,Doc,0,3,1,5,Document-Real,/mnt/public/public_datasets/OpenMMSecV2/Doc/Real/5c66435e670a4495852a619f01a430e2.jpg
-15.893199920654297,6.302013397216797,0.0,AIGC,1,2,2,4,AIGC-Fake,/mnt/public/public_datasets/OpenMMSecV2/AIGC/autoregressive_model/tamingtransformers/32f1daa8ed1742329aa137fee16e6b1b.jpg
-16.64095115661621,7.102740287780762,0.0,AIGC,1,2,2,4,AIGC-Fake,/mnt/public/public_datasets/OpenMMSecV2/AIGC/autoregressive_model/tamingtransformers/dbc889264bb443de9433a4f13c2ab35a.jpg
25.932281494140625,24.137046813964844,0.0,Doc,1,3,2,6,Document-Fake,/mnt/public/public_datasets/OpenMMSecV2/Doc/non_aigc/cover/imgs/449f69909e86427c9e7bbf58c32130ff.jpg
10.366280555725098,-9.015549659729004,0.0,IMDL,0,4,1,7,IMDL-Real,/mnt/public/public_datasets/OpenMMSecV2/IMDL/generative/flux_1/imgs/68f9eaaa4cb44fa1beaed5f929664ce6.png
21.51425552368164,26.009357452392578,0.0,Doc,1,3,2,6,Document-Fake,/mnt/public/public_datasets/OpenMMSecV2/Doc/non_aigc/generation/imgs/3fa9163adbbc416989192fc124fea53a.jpg
-46.847999572753906,-21.50066566467285,0.0,deepfake,1,1,2,2,Deepfake-Fake,/mnt/public/public_datasets/OpenMMSecV2/Deepfake/Fake/FaceSwap/SimSwap/591c885a315d4a25b6d8a74039bf4037.png
-51.3653564453125,-12.28609561920166,0.0,deepfake,1,1,2,2,Deepfake-Fake,/mnt/public/public_datasets/OpenMMSecV2/Deepfake/Fake/FaceEditing/e4e/2e959d2eb7ba44538b56d871adc838c9.jpg
25.989519119262695,23.585552215576172,0.0,Doc,1,3,2,6,Document-Fake,/mnt/public/public_datasets/OpenMMSecV2/Doc/non_aigc/generation/imgs/94add257544d435c95c06afad36ccb3d.jpg
11.12551212310791,4.712052345275879,0.0,AIGC,0,2,1,3,AIGC-Real,/mnt/public/public_datasets/OpenMMSecV2/AIGC/laion/07e53464f76743599db8ade90da843e8.jpg
-5.477583885192871,-7.982907295227051,0.0,IMDL,1,4,2,8,IMDL-Fake,/mnt/public/public_datasets/OpenMMSecV2/IMDL/non_generative/manual_ps/imgs/a200a0be1889444188bcdc05a12225b2.jpg
-17.3221492767334,6.56954288482666,0.0,AIGC,1,2,2,4,AIGC-Fake,/mnt/public/public_datasets/OpenMMSecV2/AIGC/autoregressive_model/tamingtransformers/f36afc353c03405cb63e8e43b035175f.jpg
7.24766206741333,-4.827710151672363,0.0,IMDL,0,4,1,7,IMDL-Real,/mnt/public/public_datasets/OpenMMSecV2/IMDL/generative/coco/imgs/5b65f4404230434587cf5990942c5e73.jpg
7.431184768676758,-6.040073394775391,0.0,IMDL,0,4,1,7,IMDL-Real,/mnt/public/public_datasets/OpenMMSecV2/IMDL/generative/coco/imgs/a94cae5111d041408a6599308bb14056.jpg
0.36984992027282715,6.353867530822754,0.0,AIGC,1,2,2,4,AIGC-Fake,/mnt/public/public_datasets/OpenMMSecV2/AIGC/other/online/imgs/856b100315cb4855856a76bc2494139b.jpg
-0.9101793766021729,-8.685640335083008,0.0,IMDL,1,4,2,8,IMDL-Fake,/mnt/public/public_datasets/OpenMMSecV2/IMDL/generative/stable_diffusion/imgs/96f1ae814f8b4617a66cc91754f2dbd8.png
-36.565616607666016,-22.204559326171875,0.0,deepfake,0,1,1,1,Deepfake-Real,/mnt/public/public_datasets/OpenMMSecV2/Deepfake/Real/CelebDF-v2/479862d2fb5444e8b8a5c0a4e5cd3b1a.png
-29.221506118774414,-18.415142059326172,0.0,deepfake,0,1,1,1,Deepfake-Real,/mnt/public/public_datasets/OpenMMSecV2/Deepfake/Real/FF++/0b810636e24d4dd2b3e9809d3a5787be.png
11.669377326965332,5.875766754150391,0.0,AIGC,0,2,1,3,AIGC-Real,/mnt/public/public_datasets/OpenMMSecV2/AIGC/laion/c6beff1af64946298395c0e21b551aac.jpg
-49.51108932495117,-26.870967864990234,0.0,deepfake,1,1,2,2,Deepfake-Fake,/mnt/public/public_datasets/OpenMMSecV2/Deepfake/Fake/FaceSwap/FaceShifter/8d620b03a294472c942e3cad90562f93.png
12.61583137512207,3.4424092769622803,0.0,AIGC,0,2,1,3,AIGC-Real,/mnt/public/public_datasets/OpenMMSecV2/AIGC/laion/50c88772e3ec4f769b17cc527bc3cde4.jpg
-37.34814453125,-16.0306339263916,0.0,deepfake,0,1,1,1,Deepfake-Real,/mnt/public/public_datasets/OpenMMSecV2/Deepfake/Real/CelebDF-v2/f47f8371273e4562b7dbf21616bb086b.png
-51.107234954833984,-21.651504516601562,0.0,deepfake,1,1,2,2,Deepfake-Fake,/mnt/public/public_datasets/OpenMMSecV2/Deepfake/Fake/FaceSwap/FaceDancer/fd0d7f5b82824cdc84fe4c21f95cc848.png
6.218159198760986,4.2170233726501465,0.0,AIGC,0,2,1,3,AIGC-Real,/mnt/public/public_datasets/OpenMMSecV2/AIGC/laion/1429ba89deca4a3fa74f08d2eb1b6ccb.jpg
33.25304412841797,21.43931007385254,0.0,Doc,0,3,1,5,Document-Real,/mnt/public/public_datasets/OpenMMSecV2/Doc/Real/bbe82a0cb0b74917a1859338974c3c2c.jpg
1.8422324657440186,-8.389159202575684,0.0,IMDL,1,4,2,8,IMDL-Fake,/mnt/public/public_datasets/OpenMMSecV2/IMDL/non_generative/manual_ps/imgs/ac819ec0e2254f81901e7724463b9af8.tif
29.87493133544922,26.759845733642578,0.0,Doc,0,3,1,5,Document-Real,/mnt/public/public_datasets/OpenMMSecV2/Doc/Real/388399454df242eea28e955df173fe81.jpg
5.64927864074707,-9.205174446105957,0.0,IMDL,0,4,1,7,IMDL-Real,/mnt/public/public_datasets/OpenMMSecV2/IMDL/generative/stable_diffusion/imgs/f272cf697c884daeb0f6ad45fc9d53d6.png
6.366057395935059,-5.095440864562988,0.0,IMDL,0,4,1,7,IMDL-Real,/mnt/public/public_datasets/OpenMMSecV2/IMDL/generative/coco/imgs/a46319ef7d3d4aae879b72deba376113.jpg
-34.661338806152344,-20.897729873657227,0.0,deepfake,0,1,1,1,Deepfake-Real,/mnt/public/public_datasets/OpenMMSecV2/Deepfake/Real/FF++/9f9095e4b0f44a51948c912b412675bf.png
-4.342200756072998,9.718326568603516,0.0,AIGC,1,2,2,4,AIGC-Fake,/mnt/public/public_datasets/OpenMMSecV2/AIGC/latent_diffusion/systematic/dd6a35a4b8eb408bb64ff0ceab203a33.jpg
29.389678955078125,21.89780044555664,0.0,Doc,0,3,1,5,Document-Real,/mnt/public/public_datasets/OpenMMSecV2/Doc/Real/3dbdd784ac3246be8718121a16dff53d.jpg
-1.3031713962554932,-16.458240509033203,0.0,IMDL,1,4,2,8,IMDL-Fake,/mnt/public/public_datasets/OpenMMSecV2/IMDL/non_generative/manual_ps/imgs/db544a601d9b46e6b44edd4d36478716.jpg
12.023552894592285,9.431412696838379,0.0,AIGC,0,2,1,3,AIGC-Real,/mnt/public/public_datasets/OpenMMSecV2/AIGC/laion/332267fa778647969da1e4638ed15f9f.jpg
22.778139114379883,25.359174728393555,0.0,Doc,1,3,2,6,Document-Fake,/mnt/public/public_datasets/OpenMMSecV2/Doc/non_aigc/generation/imgs/ce7ecaac78e24b578423cec53c334e40.jpg
12.393889427185059,7.407953262329102,0.0,AIGC,0,2,1,3,AIGC-Real,/mnt/public/public_datasets/OpenMMSecV2/AIGC/laion/1e9714285d124f53933a9166a5e4314a.jpg
34.68764114379883,24.71210289001465,0.0,Doc,0,3,1,5,Document-Real,/mnt/public/public_datasets/OpenMMSecV2/Doc/Real/1899b0a6b6794c6986f35ec49f192cd5.jpg
11.711665153503418,6.892281532287598,0.0,AIGC,0,2,1,3,AIGC-Real,/mnt/public/public_datasets/OpenMMSecV2/AIGC/laion/30bbf6ebf2d04739946f8580e6207431.jpg
-52.38517761230469,-21.764404296875,0.0,deepfake,1,1,2,2,Deepfake-Fake,/mnt/public/public_datasets/OpenMMSecV2/Deepfake/Fake/FaceSwap/FaceDancer/1014ec602c25498bbaff517b26b6260e.png
-0.4291081726551056,-18.4769287109375,0.0,IMDL,1,4,2,8,IMDL-Fake,/mnt/public/public_datasets/OpenMMSecV2/IMDL/generative/gan_mat/imgs/846299bbbf434f82966c43abb283f714.tiff
-7.390390872955322,4.9708709716796875,0.0,AIGC,1,2,2,4,AIGC-Fake,/mnt/public/public_datasets/OpenMMSecV2/AIGC/other/online/imgs/1ef539ba08c84ae9aa64baae41e4e9a6.jpg
-7.5103864669799805,0.6720050573348999,0.0,AIGC,1,2,2,4,AIGC-Fake,/mnt/public/public_datasets/OpenMMSecV2/AIGC/other/online/imgs/68348d7f9e814a9b86889645e6fd7f21.jpg
11.719236373901367,9.575203895568848,0.0,AIGC,0,2,1,3,AIGC-Real,/mnt/public/public_datasets/OpenMMSecV2/AIGC/laion/3a1e1b137ca2414bbeb1777e5e6dd4f8.jpg
23.373825073242188,19.85486602783203,0.0,Doc,1,3,2,6,Document-Fake,/mnt/public/public_datasets/OpenMMSecV2/Doc/aigc/textocr/imgs/15ee7b45bc8e4538b3d17cc71b78239a.jpg
32.89986038208008,20.68655014038086,0.0,Doc,0,3,1,5,Document-Real,/mnt/public/public_datasets/OpenMMSecV2/Doc/Real/4a83760a13884a4fa80ea8f0e226be68.jpg
-5.258425712585449,-5.494458198547363,0.0,IMDL,1,4,2,8,IMDL-Fake,/mnt/public/public_datasets/OpenMMSecV2/IMDL/non_generative/manual_ps/imgs/5c4153a727924b45b8335d16e252e0da.jpg
6.347463130950928,-3.0745887756347656,0.0,IMDL,0,4,1,7,IMDL-Real,/mnt/public/public_datasets/OpenMMSecV2/IMDL/generative/coco/imgs/b612684269ee435ebe4fb6b38d98d380.jpg
-3.4986419677734375,9.767062187194824,0.0,AIGC,1,2,2,4,AIGC-Fake,/mnt/public/public_datasets/OpenMMSecV2/AIGC/commercial/dalle/3fbfc3eda76c478f939f0b04aa804c6b.jpg
-15.210186958312988,5.245876312255859,0.0,AIGC,1,2,2,4,AIGC-Fake,/mnt/public/public_datasets/OpenMMSecV2/AIGC/autoregressive_model/tamingtransformers/6fbba2384a14411b89f4ad145c95952d.jpg
22.59871482849121,25.330617904663086,0.0,Doc,1,3,2,6,Document-Fake,/mnt/public/public_datasets/OpenMMSecV2/Doc/non_aigc/inpaint/imgs/7b7b1818d7b74bc9a18d44dfc8ceb236.jpg
-5.775091171264648,-10.98274040222168,0.0,IMDL,1,4,2,8,IMDL-Fake,/mnt/public/public_datasets/OpenMMSecV2/IMDL/non_generative/manual_ps/imgs/ca8774f2899a4c20b90580c00ef61f86.jpg
23.446287155151367,26.281322479248047,0.0,Doc,1,3,2,6,Document-Fake,/mnt/public/public_datasets/OpenMMSecV2/Doc/non_aigc/copy-move/imgs/9502a8137eb64b2497e2f1be27b8bd64.jpg
8.169848442077637,2.7288100719451904,0.0,AIGC,0,2,1,3,AIGC-Real,/mnt/public/public_datasets/OpenMMSecV2/AIGC/pixel_diffusion/glide/imgs/a05a4ed1aa9941d290ecc63af08fc7c2.JPEG
21.813508987426758,26.14185905456543,0.0,Doc,1,3,2,6,Document-Fake,/mnt/public/public_datasets/OpenMMSecV2/Doc/non_aigc/generation/imgs/5d1841fc6fa144c89908383756620e48.jpg
11.077646255493164,6.876164436340332,0.0,AIGC,0,2,1,3,AIGC-Real,/mnt/public/public_datasets/OpenMMSecV2/AIGC/laion/da446e4dfad1464a97e9b2473dcc9c13.jpg
-10.056185722351074,6.317171096801758,0.0,AIGC,1,2,2,4,AIGC-Fake,/mnt/public/public_datasets/OpenMMSecV2/AIGC/commercial/imagen/b2b925b1ff174c3e8c0bdaf5e2f46a18.jpg
23.115985870361328,26.46622657775879,0.0,Doc,1,3,2,6,Document-Fake,/mnt/public/public_datasets/OpenMMSecV2/Doc/non_aigc/copy-move/imgs/2426daaa30294474834996ac4d18f065.jpg
-27.757816314697266,-17.84041976928711,0.0,deepfake,0,1,1,1,Deepfake-Real,/mnt/public/public_datasets/OpenMMSecV2/Deepfake/Real/VFHQ/afac56854c1a425f81e5386dd4cb55b7.png
34.229068756103516,24.3404541015625,0.0,Doc,0,3,1,5,Document-Real,/mnt/public/public_datasets/OpenMMSecV2/Doc/Real/3028a52b264344c689965781426cdc54.jpg
-4.701174259185791,-9.78692626953125,0.0,IMDL,1,4,2,8,IMDL-Fake,/mnt/public/public_datasets/OpenMMSecV2/IMDL/generative/stable_diffusion/imgs/419bcaa8b0334a18b03f9234a61de05a.png
-3.022758722305298,-10.978706359863281,0.0,IMDL,1,4,2,8,IMDL-Fake,/mnt/public/public_datasets/OpenMMSecV2/IMDL/generative/flux_1/imgs/1599e20e4c2b40f8b283abe7d887abbd.png
0.08818843215703964,0.7519219517707825,0.0,AIGC,1,2,2,4,AIGC-Fake,/mnt/public/public_datasets/OpenMMSecV2/AIGC/pixel_diffusion/adm/imgs/0d0435c50b104520938cf4a16217ed81.PNG
0.8963482975959778,3.1633214950561523,0.0,AIGC,1,2,2,4,AIGC-Fake,/mnt/public/public_datasets/OpenMMSecV2/AIGC/other/online/imgs/1623183a56eb428eb5087efe3db2eb9c.jpg
34.349342346191406,24.56377410888672,0.0,Doc,0,3,1,5,Document-Real,/mnt/public/public_datasets/OpenMMSecV2/Doc/Real/b9193cd0f2dd4fa085ecd9fe884f62aa.jpg
-2.372098922729492,-9.409323692321777,0.0,IMDL,1,4,2,8,IMDL-Fake,/mnt/public/public_datasets/OpenMMSecV2/IMDL/non_generative/manual_ps/imgs/3bf6f5ecb94d4ea4a3e7f9405a7e8e5f.jpg
22.95410919189453,25.795026779174805,0.0,Doc,1,3,2,6,Document-Fake,/mnt/public/public_datasets/OpenMMSecV2/Doc/non_aigc/generation/imgs/c789f4afabaf47bca5b2cd805fcf75a8.jpg
24.50431251525879,19.892475128173828,0.0,Doc,1,3,2,6,Document-Fake,/mnt/public/public_datasets/OpenMMSecV2/Doc/aigc/udifftext/imgs/d6741ad4807340a6b012d5f3e60b1005.jpg
-51.13292694091797,-20.059762954711914,0.0,deepfake,1,1,2,2,Deepfake-Fake,/mnt/public/public_datasets/OpenMMSecV2/Deepfake/Fake/FaceReenactment/DaGAN/d8251d1f6f5e4e788b5a7df795e8afac.png
-50.60359573364258,-13.138401985168457,0.0,deepfake,1,1,2,2,Deepfake-Fake,/mnt/public/public_datasets/OpenMMSecV2/Deepfake/Fake/FaceEditing/e4e/87a2025116dc4abc99b3662e78fa1456.jpg
-14.7481050491333,6.939786911010742,0.0,AIGC,1,2,2,4,AIGC-Fake,/mnt/public/public_datasets/OpenMMSecV2/AIGC/autoregressive_model/tamingtransformers/4d0767d921e049359257242749139df2.jpg
5.896528720855713,-6.477714538574219,0.0,IMDL,0,4,1,7,IMDL-Real,/mnt/public/public_datasets/OpenMMSecV2/IMDL/generative/stable_diffusion/imgs/844adf2a28a0459897a79539e83427a9.png
4.976236820220947,-2.84546160697937,0.0,IMDL,0,4,1,7,IMDL-Real,/mnt/public/public_datasets/OpenMMSecV2/IMDL/generative/coco/imgs/08bb392c1967437fa74c6ef2eeba6452.jpg
-34.46477508544922,-19.461833953857422,0.0,deepfake,0,1,1,1,Deepfake-Real,/mnt/public/public_datasets/OpenMMSecV2/Deepfake/Real/DFD/ea739cbbc8ea4e5b8dbb756129de32f1.png
-49.22239685058594,-13.414670944213867,0.0,deepfake,1,1,2,2,Deepfake-Fake,/mnt/public/public_datasets/OpenMMSecV2/Deepfake/Fake/FaceEditing/e4e/b92c3958b495491ba93458da278dea85.jpg
8.845239639282227,-11.195469856262207,0.0,IMDL,0,4,1,7,IMDL-Real,/mnt/public/public_datasets/OpenMMSecV2/IMDL/generative/coco/imgs/60942e64d75c44109253987ffbe81098.jpg
9.282461166381836,4.13049840927124,0.0,AIGC,0,2,1,3,AIGC-Real,/mnt/public/public_datasets/OpenMMSecV2/AIGC/laion/8c41faf118074a459031442f727c37a6.jpg
-49.87260055541992,-19.48602294921875,0.0,deepfake,1,1,2,2,Deepfake-Fake,/mnt/public/public_datasets/OpenMMSecV2/Deepfake/Fake/FaceEditing/StarGANv2/b3d0e830519e46b59af32ea05fe057f5.jpg
-14.727492332458496,6.476415634155273,0.0,AIGC,1,2,2,4,AIGC-Fake,/mnt/public/public_datasets/OpenMMSecV2/AIGC/autoregressive_model/tamingtransformers/90011df70a3a4ca1b447d3db8111ab71.jpg
5.153742790222168,-4.228602409362793,0.0,IMDL,0,4,1,7,IMDL-Real,/mnt/public/public_datasets/OpenMMSecV2/IMDL/non_generative/manual_ps/imgs/bc85f1f5b69843c4860b356302e9c4a0.jpg
23.406078338623047,19.728002548217773,0.0,Doc,1,3,2,6,Document-Fake,/mnt/public/public_datasets/OpenMMSecV2/Doc/aigc/textocr/imgs/32f360cbbd5142e09e75ed66d100e2e9.jpg
6.851014137268066,-11.314979553222656,0.0,IMDL,0,4,1,7,IMDL-Real,/mnt/public/public_datasets/OpenMMSecV2/IMDL/generative/stable_diffusion/imgs/0390c313fed548219e4cc5ac0c7842ec.png
31.81877899169922,21.264135360717773,0.0,Doc,0,3,1,5,Document-Real,/mnt/public/public_datasets/OpenMMSecV2/Doc/Real/e62b8bd995594913903fc0e7d4ba4d2b.jpg
-46.31379318237305,-21.385730743408203,0.0,deepfake,1,1,2,2,Deepfake-Fake,/mnt/public/public_datasets/OpenMMSecV2/Deepfake/Fake/FaceSwap/FSGAN/05e3684e7b4c4d68be880e80cb6aaaa5.png
9.16341495513916,-13.785776138305664,0.0,IMDL,0,4,1,7,IMDL-Real,/mnt/public/public_datasets/OpenMMSecV2/IMDL/generative/coco/imgs/5cbaf13d9adb433598a10dcb747c422d.jpg
23.318323135375977,26.250337600708008,0.0,Doc,1,3,2,6,Document-Fake,/mnt/public/public_datasets/OpenMMSecV2/Doc/non_aigc/generation/imgs/f5631e931546404486534631d3641186.jpg
-2.847618579864502,1.9592839479446411,0.0,AIGC,1,2,2,4,AIGC-Fake,/mnt/public/public_datasets/OpenMMSecV2/AIGC/other/online/imgs/7cdf6004292b4cd39eefbdac28d76b10.jpg
0.40681910514831543,0.5673729777336121,0.0,AIGC,1,2,2,4,AIGC-Fake,/mnt/public/public_datasets/OpenMMSecV2/AIGC/pixel_diffusion/adm/imgs/be49c35d7621499790e9e4dbf887ad46.PNG
-10.265457153320312,8.443009376525879,0.0,AIGC,1,2,2,4,AIGC-Fake,/mnt/public/public_datasets/OpenMMSecV2/AIGC/GAN/styleGANs/b97a2fb748c84e80a2a9dcdafab5e6bd.jpg
-4.60075569152832,-11.171394348144531,0.0,IMDL,1,4,2,8,IMDL-Fake,/mnt/public/public_datasets/OpenMMSecV2/IMDL/non_generative/manual_ps/imgs/eed41cfc874847f9a1fa452d0e10ba72.jpg
-51.264976501464844,-22.98346710205078,0.0,deepfake,1,1,2,2,Deepfake-Fake,/mnt/public/public_datasets/OpenMMSecV2/Deepfake/Fake/FaceReenactment/TPSMM/03335fa8995f4661a169d2cd4f3033db.png
-32.68812561035156,-16.832843780517578,0.0,deepfake,0,1,1,1,Deepfake-Real,/mnt/public/public_datasets/OpenMMSecV2/Deepfake/Real/FF++/da2ba8df45914216bb72280f96513c8b.png
-3.377802610397339,-5.5830841064453125,0.0,IMDL,1,4,2,8,IMDL-Fake,/mnt/public/public_datasets/OpenMMSecV2/IMDL/generative/stable_diffusion/imgs/118c749c874d4089a63918085b1429ee.png
-49.94611358642578,-30.317928314208984,0.0,deepfake,1,1,2,2,Deepfake-Fake,/mnt/public/public_datasets/OpenMMSecV2/Deepfake/Fake/EntireFaceSynthesis/DiT-XL/eaa83c959f0f4a86a7b4fe4a197c721c.png
-34.680030822753906,-22.773658752441406,0.0,deepfake,0,1,1,1,Deepfake-Real,/mnt/public/public_datasets/OpenMMSecV2/Deepfake/Real/FF++/d67cadbed29643868c13588369857014.png
-43.92251968383789,-31.298194885253906,0.0,deepfake,1,1,2,2,Deepfake-Fake,/mnt/public/public_datasets/OpenMMSecV2/Deepfake/Fake/FaceSwap/FaceShifter/2b7eb40a506841a78f8ab5b4d6f3b70b.png
34.46189498901367,24.288249969482422,0.0,Doc,0,3,1,5,Document-Real,/mnt/public/public_datasets/OpenMMSecV2/Doc/Real/d69b4346376a46c4b11da4d57541d5e8.jpg
-50.75384521484375,-12.201033592224121,0.0,deepfake,1,1,2,2,Deepfake-Fake,/mnt/public/public_datasets/OpenMMSecV2/Deepfake/Fake/FaceEditing/e4e/baee6017925842baae70d391ff6a2cde.jpg
-5.593600273132324,-13.236351013183594,0.0,IMDL,1,4,2,8,IMDL-Fake,/mnt/public/public_datasets/OpenMMSecV2/IMDL/generative/flux_1/imgs/18506933641a44d288202855c7fa866f.png
-48.77299880981445,-25.417633056640625,0.0,deepfake,1,1,2,2,Deepfake-Fake,/mnt/public/public_datasets/OpenMMSecV2/Deepfake/Fake/FaceSwap/InSwapper/b01cd8045bde4a58a1491bb350733f72.png
-29.44489860534668,-22.850576400756836,0.0,deepfake,0,1,1,1,Deepfake-Real,/mnt/public/public_datasets/OpenMMSecV2/Deepfake/Real/CelebDF-v2/b0f73233cd9a4d39b9a6c7c6a0b51161.png
33.32551574707031,21.05100440979004,0.0,Doc,0,3,1,5,Document-Real,/mnt/public/public_datasets/OpenMMSecV2/Doc/Real/fe3ba5fb7afe4f06b1233a2337d72214.jpg
-31.829809188842773,-18.828763961791992,0.0,deepfake,0,1,1,1,Deepfake-Real,/mnt/public/public_datasets/OpenMMSecV2/Deepfake/Real/CelebDF-v2/f361cb3076d14735a78cd963acee389d.png
-7.675563812255859,-2.6702048778533936,0.0,IMDL,1,4,2,8,IMDL-Fake,/mnt/public/public_datasets/OpenMMSecV2/IMDL/generative/gan_mat/imgs/aefdea7f4d304c7f97a9fa8af2b7ccca.jpg
-28.938976287841797,-23.64805030822754,0.0,deepfake,0,1,1,1,Deepfake-Real,/mnt/public/public_datasets/OpenMMSecV2/Deepfake/Real/UADFV/591b5bc7348245ba851188b7a5c7bb61.png
4.438107967376709,-11.244551658630371,0.0,IMDL,0,4,1,7,IMDL-Real,/mnt/public/public_datasets/OpenMMSecV2/IMDL/non_generative/manual_ps/imgs/94f47530981f4ef99a551e5e24e132b2.jpg
-49.29763412475586,-26.048967361450195,0.0,deepfake,1,1,2,2,Deepfake-Fake,/mnt/public/public_datasets/OpenMMSecV2/Deepfake/Fake/FaceSwap/BlendFace/8998dc022a3c46928feb685277e08426.png
9.874271392822266,-11.650237083435059,0.0,IMDL,0,4,1,7,IMDL-Real,/mnt/public/public_datasets/OpenMMSecV2/IMDL/generative/coco/imgs/36ff4190a3784b19b704dbef791266bd.jpg
21.627717971801758,25.964513778686523,0.0,Doc,1,3,2,6,Document-Fake,/mnt/public/public_datasets/OpenMMSecV2/Doc/non_aigc/copy-move/imgs/a1e1b687e1994d7faae1392899395d11.jpg
1.1843386888504028,-12.60919189453125,0.0,IMDL,1,4,2,8,IMDL-Fake,/mnt/public/public_datasets/OpenMMSecV2/IMDL/non_generative/manual_ps/imgs/3adbe7cbbfc6464eb75dce09c5cfd299.tif
34.707618713378906,24.260499954223633,0.0,Doc,0,3,1,5,Document-Real,/mnt/public/public_datasets/OpenMMSecV2/Doc/Real/ba68577efd7a4afdae3ff5f3b0da261c.jpg
33.91511154174805,26.41304588317871,0.0,Doc,0,3,1,5,Document-Real,/mnt/public/public_datasets/OpenMMSecV2/Doc/Real/6c32329804d2450094c56ccc958a2662.jpg
1.0440319776535034,5.438446998596191,0.0,AIGC,0,2,1,3,AIGC-Real,/mnt/public/public_datasets/OpenMMSecV2/AIGC/other/online/imgs/e83ae2e4213d44ccab7c2c3786d75138.jpg
-30.476661682128906,-20.901443481445312,0.0,deepfake,0,1,1,1,Deepfake-Real,/mnt/public/public_datasets/OpenMMSecV2/Deepfake/Real/CelebDF-v2/31b1975646d44c8fbf17486cfc185cfa.png
24.431533813476562,20.30323028564453,0.0,Doc,1,3,2,6,Document-Fake,/mnt/public/public_datasets/OpenMMSecV2/Doc/aigc/textocr/imgs/299ab99bd39d452185b6cbf55e3458ba.jpg
11.691523551940918,8.995957374572754,0.0,AIGC,0,2,1,3,AIGC-Real,/mnt/public/public_datasets/OpenMMSecV2/AIGC/laion/c2f891a43eaf4522b570e905a07552cd.jpg
-7.4478864669799805,-2.644071102142334,0.0,IMDL,1,4,2,8,IMDL-Fake,/mnt/public/public_datasets/OpenMMSecV2/IMDL/generative/paintbyexample/imgs/bb4e3ff728df4a5785fa24faa871cdb3.png
-8.92162036895752,5.5715179443359375,0.0,AIGC,1,2,2,4,AIGC-Fake,/mnt/public/public_datasets/OpenMMSecV2/AIGC/latent_diffusion/systematic/d1ee132d7db54464b1e9cdeaa8cd0c55.jpg
-36.7966423034668,-18.362092971801758,0.0,deepfake,0,1,1,1,Deepfake-Real,/mnt/public/public_datasets/OpenMMSecV2/Deepfake/Real/CelebDF-v2/337360021ce646ce9c4365a28ef5dc99.png
-43.74351501464844,-25.890329360961914,0.0,deepfake,1,1,2,2,Deepfake-Fake,/mnt/public/public_datasets/OpenMMSecV2/Deepfake/Fake/FaceSwap/BlendFace/4131ec3f63264680936be0346846c884.png
-7.204687118530273,-5.730746269226074,0.0,IMDL,1,4,2,8,IMDL-Fake,/mnt/public/public_datasets/OpenMMSecV2/IMDL/generative/paintbyexample/imgs/934e048561c6469daa648ba993b47b82.jpg
-47.768558502197266,-13.491209030151367,0.0,deepfake,1,1,2,2,Deepfake-Fake,/mnt/public/public_datasets/OpenMMSecV2/Deepfake/Fake/EntireFaceSynthesis/SD-2.1/b17bc34af9c24776a0f99a4f88e618f4.png
3.571038007736206,-2.742570161819458,0.0,IMDL,0,4,1,7,IMDL-Real,/mnt/public/public_datasets/OpenMMSecV2/IMDL/non_generative/manual_ps/imgs/ff4c50f30d8d405ab69a949eba31e1f5.jpg
-53.70243453979492,-12.908230781555176,0.0,deepfake,1,1,2,2,Deepfake-Fake,/mnt/public/public_datasets/OpenMMSecV2/Deepfake/Fake/FaceEditing/StarGANv2/f585eaf99ead4883a6141c49afde2d9e.jpg
8.259764671325684,3.677022695541382,0.0,AIGC,0,2,1,3,AIGC-Real,/mnt/public/public_datasets/OpenMMSecV2/AIGC/other/online/imgs/56dc1c6e15c442e2a4c7eb41681324ab.jpg
33.192874908447266,21.817760467529297,0.0,Doc,0,3,1,5,Document-Real,/mnt/public/public_datasets/OpenMMSecV2/Doc/Real/c3b0df96162a46adb19837114b889d26.jpg
0.059879571199417114,-8.958956718444824,0.0,IMDL,1,4,2,8,IMDL-Fake,/mnt/public/public_datasets/OpenMMSecV2/IMDL/non_generative/manual_ps/imgs/9980e9d031db4f409cdcfe1ac8123007.jpg
-47.32029724121094,-11.522708892822266,0.0,deepfake,1,1,2,2,Deepfake-Fake,/mnt/public/public_datasets/OpenMMSecV2/Deepfake/Fake/EntireFaceSynthesis/StyleGAN3/c9a7a38ffade4815b04952b0a7aa90a4.png
12.110254287719727,9.139957427978516,0.0,AIGC,0,2,1,3,AIGC-Real,/mnt/public/public_datasets/OpenMMSecV2/AIGC/laion/fc54963cad094e408706aa963efd9441.jpg
-35.41497802734375,-21.54134178161621,0.0,deepfake,0,1,1,1,Deepfake-Real,/mnt/public/public_datasets/OpenMMSecV2/Deepfake/Real/FF++/5645355f4d154e80a62030890dd13a59.png
11.3298978805542,9.335556983947754,0.0,AIGC,0,2,1,3,AIGC-Real,/mnt/public/public_datasets/OpenMMSecV2/AIGC/laion/ac3bded121084563a01552985ac681b1.jpg
-34.26518630981445,-19.48358726501465,0.0,deepfake,0,1,1,1,Deepfake-Real,/mnt/public/public_datasets/OpenMMSecV2/Deepfake/Real/DFD/2464e9e3bd0b41069ff55119ecbc563c.png
-48.57510757446289,-25.042516708374023,0.0,deepfake,1,1,2,2,Deepfake-Fake,/mnt/public/public_datasets/OpenMMSecV2/Deepfake/Fake/FaceSwap/InSwapper/f062266de2cf4b4eb1054fbb286f66c9.png
-2.492506980895996,9.450277328491211,0.0,AIGC,1,2,2,4,AIGC-Fake,/mnt/public/public_datasets/OpenMMSecV2/AIGC/other/online/imgs/f21bb859ad0f4eec8f3669ea73d96704.jpg
29.619211196899414,19.57435417175293,0.0,Doc,0,3,1,5,Document-Real,/mnt/public/public_datasets/OpenMMSecV2/Doc/Real/814ed3cd663b4b31a7f2879fd647e967.jpg
33.26765060424805,26.071958541870117,0.0,Doc,0,3,1,5,Document-Real,/mnt/public/public_datasets/OpenMMSecV2/Doc/Real/fdfbd8e3573c4dd3a6378d9f167fd2e6.jpg
32.84269714355469,21.505342483520508,0.0,Doc,0,3,1,5,Document-Real,/mnt/public/public_datasets/OpenMMSecV2/Doc/Real/b7fd232ebe524469bd5d3bbf2bf5f4ee.jpg
9.289587020874023,-2.7972772121429443,0.0,AIGC,0,2,1,3,AIGC-Real,/mnt/public/public_datasets/OpenMMSecV2/AIGC/laion/31f9d7a61ba24a1f908610b4267c7ea9.jpg
32.9854621887207,20.601516723632812,0.0,Doc,0,3,1,5,Document-Real,/mnt/public/public_datasets/OpenMMSecV2/Doc/aigc/derend/imgs/c985d9d397304816a9b00074f411a826.jpg
-16.15387535095215,6.051416397094727,0.0,AIGC,1,2,2,4,AIGC-Fake,/mnt/public/public_datasets/OpenMMSecV2/AIGC/autoregressive_model/tamingtransformers/e7767e1a597041ba8525052a1878ba3a.jpg
13.094403266906738,9.29806900024414,0.0,AIGC,0,2,1,3,AIGC-Real,/mnt/public/public_datasets/OpenMMSecV2/AIGC/laion/f0d88c1206d6409cb8da59a6ef6c35a5.jpg
10.273161888122559,-13.274012565612793,0.0,IMDL,0,4,1,7,IMDL-Real,/mnt/public/public_datasets/OpenMMSecV2/IMDL/generative/coco/imgs/747fb176ea1040af86dad1d218867b14.jpg
8.867934226989746,-12.660774230957031,0.0,IMDL,0,4,1,7,IMDL-Real,/mnt/public/public_datasets/OpenMMSecV2/IMDL/generative/coco/imgs/c23fd36e8bd844a887953a3e3dfb1752.jpg
-30.2779598236084,-24.998016357421875,0.0,deepfake,0,1,1,1,Deepfake-Real,/mnt/public/public_datasets/OpenMMSecV2/Deepfake/Real/CelebDF-v2/9d394ba068c7468ca5d48f8596ef56b6.png
31.90361213684082,20.1280460357666,0.0,Doc,0,3,1,5,Document-Real,/mnt/public/public_datasets/OpenMMSecV2/Doc/Real/fa2e7bcbaa6e4cf3a66a8c83b2278054.jpg
8.753095626831055,6.869022369384766,0.0,AIGC,0,2,1,3,AIGC-Real,/mnt/public/public_datasets/OpenMMSecV2/AIGC/laion/ae1b44f72ec54584928f940ef6cc2c72.jpg
-50.415931701660156,-24.835880279541016,0.0,deepfake,1,1,2,2,Deepfake-Fake,/mnt/public/public_datasets/OpenMMSecV2/Deepfake/Fake/FaceSwap/FaceDancer/b9a61e91f1a04c37978bb10d0b3ba328.png
7.949461936950684,-11.319445610046387,0.0,IMDL,0,4,1,7,IMDL-Real,/mnt/public/public_datasets/OpenMMSecV2/IMDL/generative/flux_1/imgs/baac6178547c4c669dba49fa9e3e9392.png
-51.461368560791016,-16.97630500793457,0.0,deepfake,1,1,2,2,Deepfake-Fake,/mnt/public/public_datasets/OpenMMSecV2/Deepfake/Fake/FaceEditing/StarGAN/57f8711666aa40f8babd7456e0faca9c.jpg
-5.275442600250244,-6.527081489562988,0.0,IMDL,1,4,2,8,IMDL-Fake,/mnt/public/public_datasets/OpenMMSecV2/IMDL/non_generative/manual_ps/imgs/0dc49792e96a40b180ca4d6cd6f4c83c.jpg
8.142233848571777,-7.275883674621582,0.0,IMDL,0,4,1,7,IMDL-Real,/mnt/public/public_datasets/OpenMMSecV2/IMDL/generative/coco/imgs/c26ad3b861a24f5b9691adf1bdb7aecd.jpg
-54.09054183959961,-20.93499183654785,0.0,deepfake,1,1,2,2,Deepfake-Fake,/mnt/public/public_datasets/OpenMMSecV2/Deepfake/Fake/FaceReenactment/DaGAN/a4a5989066ba46dbbe6059b04f77fba0.png
12.753873825073242,7.799888610839844,0.0,AIGC,0,2,1,3,AIGC-Real,/mnt/public/public_datasets/OpenMMSecV2/AIGC/laion/42f567bc22c24e969aceae076748371d.jpg
22.40995979309082,25.4956111907959,0.0,Doc,1,3,2,6,Document-Fake,/mnt/public/public_datasets/OpenMMSecV2/Doc/non_aigc/cpmv/imgs/a48870d5d2f741bdbd251a81c40d5ec6.jpg
-27.842283248901367,-18.952539443969727,0.0,deepfake,0,1,1,1,Deepfake-Real,/mnt/public/public_datasets/OpenMMSecV2/Deepfake/Real/DFD/8aa1aa07adae431898587a0083ba7da7.png
-4.375460624694824,-6.574505805969238,0.0,IMDL,1,4,2,8,IMDL-Fake,/mnt/public/public_datasets/OpenMMSecV2/IMDL/non_generative/manual_ps/imgs/207d3d19fbb34a13aea89b00190dba4f.jpg
-25.146583557128906,-12.925942420959473,0.0,deepfake,0,1,1,1,Deepfake-Real,/mnt/public/public_datasets/OpenMMSecV2/Deepfake/Real/FFHQ/ef9a87f3f6a344fd94336250f326b92c.jpeg
-7.903979778289795,6.221428871154785,0.0,AIGC,1,2,2,4,AIGC-Fake,/mnt/public/public_datasets/OpenMMSecV2/AIGC/commercial/wukong/imgs/c52e489f3d9b4567b7acfbf4053ca977.png
6.431131839752197,4.830423355102539,0.0,AIGC,0,2,1,3,AIGC-Real,/mnt/public/public_datasets/OpenMMSecV2/AIGC/other/online/imgs/7a319f9c02c643378ee1dd6a192c3eb7.jpg
9.373442649841309,-12.153727531433105,0.0,IMDL,0,4,1,7,IMDL-Real,/mnt/public/public_datasets/OpenMMSecV2/IMDL/generative/coco/imgs/f70e1a01ba0c47ee8ac5ebc5ea1760e9.jpg
6.232920169830322,-9.503108978271484,0.0,IMDL,0,4,1,7,IMDL-Real,/mnt/public/public_datasets/OpenMMSecV2/IMDL/generative/flux_1/imgs/684592103e6f4049814a8712d821cf91.png
8.246601104736328,-10.93795108795166,0.0,IMDL,0,4,1,7,IMDL-Real,/mnt/public/public_datasets/OpenMMSecV2/IMDL/generative/coco/imgs/14c35a71f5cf48d5adc98e24fb923379.jpg
-2.8579742908477783,-11.880263328552246,0.0,IMDL,1,4,2,8,IMDL-Fake,/mnt/public/public_datasets/OpenMMSecV2/IMDL/non_generative/manual_ps/imgs/2918cca949524b668301b1c458569d94.jpg
32.13422775268555,21.292348861694336,0.0,Doc,0,3,1,5,Document-Real,/mnt/public/public_datasets/OpenMMSecV2/Doc/Real/2abf23d1b7ff48d59b65dd5c805ce11d.jpg
-1.965603232383728,-11.492240905761719,0.0,IMDL,1,4,2,8,IMDL-Fake,/mnt/public/public_datasets/OpenMMSecV2/IMDL/non_generative/manual_ps/imgs/3febbff005374878ae147ef72dcc3e22.jpg
-14.546249389648438,6.255251884460449,0.0,AIGC,1,2,2,4,AIGC-Fake,/mnt/public/public_datasets/OpenMMSecV2/AIGC/autoregressive_model/tamingtransformers/3d25b1fc66a1405d9fbd5445b6174261.jpg
-54.47888946533203,-19.435144424438477,0.0,deepfake,1,1,2,2,Deepfake-Fake,/mnt/public/public_datasets/OpenMMSecV2/Deepfake/Fake/FaceReenactment/MRAA/e572155ad6814e75a2eece5c4c098ef1.png
11.566198348999023,5.561884880065918,0.0,AIGC,0,2,1,3,AIGC-Real,/mnt/public/public_datasets/OpenMMSecV2/AIGC/laion/788feb6c9e5b48969262274ccf3c7be2.jpg
12.73513126373291,9.00360107421875,0.0,AIGC,0,2,1,3,AIGC-Real,/mnt/public/public_datasets/OpenMMSecV2/AIGC/laion/804351d31b08443896878f62c798dad9.jpg
7.475430488586426,3.0390655994415283,0.0,AIGC,0,2,1,3,AIGC-Real,/mnt/public/public_datasets/OpenMMSecV2/AIGC/laion/b76f6b9d789c494ab2e79e4023cd1014.jpg
-34.4666862487793,-20.815916061401367,0.0,deepfake,0,1,1,1,Deepfake-Real,/mnt/public/public_datasets/OpenMMSecV2/Deepfake/Real/DFD/9ff1c44e21f647de8288a61ae2ce97c3.png
-30.414226531982422,-16.957727432250977,0.0,deepfake,0,1,1,1,Deepfake-Real,/mnt/public/public_datasets/OpenMMSecV2/Deepfake/Real/FFHQ/c1696a63f1e048959f9a5e630796b78b.jpg
-2.6071040630340576,-4.059484004974365,0.0,IMDL,1,4,2,8,IMDL-Fake,/mnt/public/public_datasets/OpenMMSecV2/IMDL/generative/flux_1/imgs/a651d72e847e44dcac015cb8d9572373.png
23.316936492919922,26.339797973632812,0.0,Doc,1,3,2,6,Document-Fake,/mnt/public/public_datasets/OpenMMSecV2/Doc/non_aigc/generation/imgs/bf08fdb68056457ba4e0771f2e28ec3b.jpg
0.6613596677780151,5.58504581451416,0.0,AIGC,0,2,1,3,AIGC-Real,/mnt/public/public_datasets/OpenMMSecV2/AIGC/other/online/imgs/ceaf12c8779b4ac2858cbd185fddb1b8.jpg
33.61134338378906,26.014326095581055,0.0,Doc,0,3,1,5,Document-Real,/mnt/public/public_datasets/OpenMMSecV2/Doc/Real/c8d61036800240bc8857ec551e9deea8.jpg
32.60018539428711,20.7078800201416,0.0,Doc,0,3,1,5,Document-Real,/mnt/public/public_datasets/OpenMMSecV2/Doc/Real/fa24d14d26af4a04868fd6ef591845bd.jpg
33.91915512084961,25.774330139160156,0.0,Doc,0,3,1,5,Document-Real,/mnt/public/public_datasets/OpenMMSecV2/Doc/Real/ef056176c9b0435ea7838a6dab8d314e.jpg
-2.211130142211914,8.806833267211914,0.0,AIGC,1,2,2,4,AIGC-Fake,/mnt/public/public_datasets/OpenMMSecV2/AIGC/other/online/imgs/46b503d6a34d431e8c6ead63c31f1b00.jpg
-5.406248569488525,-7.141173362731934,0.0,IMDL,1,4,2,8,IMDL-Fake,/mnt/public/public_datasets/OpenMMSecV2/IMDL/non_generative/manual_ps/imgs/883c95f1c713439abd492e8e2e287ed0.tif
-54.36555862426758,-20.598417282104492,0.0,deepfake,1,1,2,2,Deepfake-Fake,/mnt/public/public_datasets/OpenMMSecV2/Deepfake/Fake/FaceReenactment/DaGAN/d1d2a16ff0014d46b314c459dac12b47.png
-30.018815994262695,-17.421180725097656,0.0,deepfake,0,1,1,1,Deepfake-Real,/mnt/public/public_datasets/OpenMMSecV2/Deepfake/Real/VFHQ/5fcb9850bce644e69a98047605299bfd.png
22.96535301208496,25.38005256652832,0.0,Doc,1,3,2,6,Document-Fake,/mnt/public/public_datasets/OpenMMSecV2/Doc/non_aigc/generation/imgs/205eab65743743bc8ff7c528127f97b4.jpg
33.06320571899414,21.471830368041992,0.0,Doc,0,3,1,5,Document-Real,/mnt/public/public_datasets/OpenMMSecV2/Doc/Real/cba56288599643cbbfd895e6e9a8ea81.jpg
9.537494659423828,-8.301942825317383,0.0,IMDL,0,4,1,7,IMDL-Real,/mnt/public/public_datasets/OpenMMSecV2/IMDL/generative/stable_diffusion/imgs/f05461359d5e499a9ee135dc82ccbb21.png
25.67177391052246,24.36164665222168,0.0,Doc,1,3,2,6,Document-Fake,/mnt/public/public_datasets/OpenMMSecV2/Doc/non_aigc/cpmv/imgs/67515901fe9147e0a866fd2d4d9834ed.jpg
-30.251176834106445,-23.422155380249023,0.0,deepfake,0,1,1,1,Deepfake-Real,/mnt/public/public_datasets/OpenMMSecV2/Deepfake/Real/FF++/0a5c3639e1b74334909323cfc2022388.png
10.190057754516602,-7.380173683166504,0.0,IMDL,0,4,1,7,IMDL-Real,/mnt/public/public_datasets/OpenMMSecV2/IMDL/non_generative/manual_ps/imgs/f4be7204af3443e9bb5183f24077482d.jpg
11.859983444213867,3.6096434593200684,0.0,AIGC,0,2,1,3,AIGC-Real,/mnt/public/public_datasets/OpenMMSecV2/AIGC/laion/ab87c6699f02400e8593073f5f066071.jpg
-10.158549308776855,6.499944686889648,0.0,AIGC,1,2,2,4,AIGC-Fake,/mnt/public/public_datasets/OpenMMSecV2/AIGC/pixel_diffusion/adm/imgs/2b5047110a224aa9b4a45fb915a93d66.png
-36.29808044433594,-21.771190643310547,0.0,deepfake,0,1,1,1,Deepfake-Real,/mnt/public/public_datasets/OpenMMSecV2/Deepfake/Real/CelebDF-v2/4686b680be5142f288953048b3e435f2.png
22.376169204711914,25.829320907592773,0.0,Doc,1,3,2,6,Document-Fake,/mnt/public/public_datasets/OpenMMSecV2/Doc/non_aigc/cover/imgs/b56427c61fd244e2a45a3fe0b3c7f084.jpg
34.43279266357422,24.24229621887207,0.0,Doc,0,3,1,5,Document-Real,/mnt/public/public_datasets/OpenMMSecV2/Doc/Real/5fbf9b21b3fb4ac3bdfc2556a112daa6.jpg
22.62410545349121,25.359132766723633,0.0,Doc,1,3,2,6,Document-Fake,/mnt/public/public_datasets/OpenMMSecV2/Doc/non_aigc/inpaint/imgs/e3a1f94f7a414274adac5d8fdf20ebf0.jpg
-31.75421142578125,-18.872522354125977,0.0,deepfake,0,1,1,1,Deepfake-Real,/mnt/public/public_datasets/OpenMMSecV2/Deepfake/Real/CelebDF-v2/9b93ceb380c44fb3bd13f7c0132ddc63.png
12.372278213500977,9.814513206481934,0.0,AIGC,0,2,1,3,AIGC-Real,/mnt/public/public_datasets/OpenMMSecV2/AIGC/laion/fc72bd5d34194ca38b3974bd09d10b97.jpg
-10.332549095153809,6.509625434875488,0.0,AIGC,1,2,2,4,AIGC-Fake,/mnt/public/public_datasets/OpenMMSecV2/AIGC/GAN/BigGAN/imgs/89246241c50a4d03936e4dfc6e4d3f4f.png
25.61794662475586,23.715532302856445,0.0,Doc,1,3,2,6,Document-Fake,/mnt/public/public_datasets/OpenMMSecV2/Doc/non_aigc/cpmv/imgs/bed3f71395084d2db0e585c8a99b9843.jpg
-32.768775939941406,-18.933183670043945,0.0,deepfake,0,1,1,1,Deepfake-Real,/mnt/public/public_datasets/OpenMMSecV2/Deepfake/Real/DFD/5f97372267404da3953fa98d1f4f8f7a.png
-8.543230056762695,-6.274880409240723,0.0,IMDL,1,4,2,8,IMDL-Fake,/mnt/public/public_datasets/OpenMMSecV2/IMDL/non_generative/manual_ps/imgs/c9fdae05b56242ecb2019bc903e016e6.jpg
32.858001708984375,20.86671257019043,0.0,Doc,0,3,1,5,Document-Real,/mnt/public/public_datasets/OpenMMSecV2/Doc/Real/50fd1a2fdd8b4ffabe1efead52f6bb35.jpg
-32.541786193847656,-15.231354713439941,0.0,deepfake,0,1,1,1,Deepfake-Real,/mnt/public/public_datasets/OpenMMSecV2/Deepfake/Real/VFHQ/7c4099d5b1d44fec96bd2fee673b327e.png
11.15542221069336,-11.408218383789062,0.0,IMDL,0,4,1,7,IMDL-Real,/mnt/public/public_datasets/OpenMMSecV2/IMDL/generative/coco/imgs/27b6b07692e9453c95b95f74310f7048.jpg
0.788892388343811,2.89249324798584,0.0,AIGC,1,2,2,4,AIGC-Fake,/mnt/public/public_datasets/OpenMMSecV2/AIGC/other/online/imgs/31f2d30141d044b7a2fa954d02ae951e.jpg
12.774415969848633,8.457107543945312,0.0,AIGC,0,2,1,3,AIGC-Real,/mnt/public/public_datasets/OpenMMSecV2/AIGC/laion/415da0b8f2f64ce1aa26c6086a9da9f3.jpg
24.547252655029297,19.190505981445312,0.0,Doc,1,3,2,6,Document-Fake,/mnt/public/public_datasets/OpenMMSecV2/Doc/aigc/textdiff/imgs/903214ae60d445ee8deabcf3b724e145.jpg
9.750317573547363,3.7926502227783203,0.0,AIGC,0,2,1,3,AIGC-Real,/mnt/public/public_datasets/OpenMMSecV2/AIGC/other/online/imgs/ad7dd7d8b56e49fe8349c3cacd98786d.jpg
33.599918365478516,26.434900283813477,0.0,Doc,0,3,1,5,Document-Real,/mnt/public/public_datasets/OpenMMSecV2/Doc/Real/f96ceee11ef94b388e879f95cc4f1d19.jpg
0.6270396709442139,0.48913028836250305,0.0,AIGC,0,2,1,3,AIGC-Real,/mnt/public/public_datasets/OpenMMSecV2/AIGC/laion/a5f0c51a20ec453e920e9ad69601fd46.jpg
-4.387499809265137,10.242593765258789,0.0,AIGC,1,2,2,4,AIGC-Fake,/mnt/public/public_datasets/OpenMMSecV2/AIGC/commercial/firefly/2371cf470d814b14b4132534a61988ee.jpg
-32.179630279541016,-18.06522560119629,0.0,deepfake,0,1,1,1,Deepfake-Real,/mnt/public/public_datasets/OpenMMSecV2/Deepfake/Real/FF++/a1dab2adcafb419eabfd1609b60a8f58.png
12.290128707885742,9.496667861938477,0.0,AIGC,0,2,1,3,AIGC-Real,/mnt/public/public_datasets/OpenMMSecV2/AIGC/laion/e66c17be2d054b55959fb0eac7bf609d.jpg
8.76555347442627,-6.996877670288086,0.0,IMDL,0,4,1,7,IMDL-Real,/mnt/public/public_datasets/OpenMMSecV2/IMDL/generative/stable_diffusion/imgs/c0dc5d904e054711a09320e1dfe73233.png
0.7675758600234985,-4.266178131103516,0.0,AIGC,1,2,2,4,AIGC-Fake,/mnt/public/public_datasets/OpenMMSecV2/AIGC/pixel_diffusion/adm/imgs/56d079bd1ba941fdb74d3154645c702b.PNG
-34.894962310791016,-13.7009916305542,0.0,deepfake,0,1,1,1,Deepfake-Real,/mnt/public/public_datasets/OpenMMSecV2/Deepfake/Real/VFHQ/41b3eb8f99584c5b8715e98663100e2e.png
23.081483840942383,25.472171783447266,0.0,Doc,1,3,2,6,Document-Fake,/mnt/public/public_datasets/OpenMMSecV2/Doc/non_aigc/generation/imgs/6b19182d322e4e9989dec3f1db261249.jpg
-43.1242790222168,-29.10835838317871,0.0,deepfake,1,1,2,2,Deepfake-Fake,/mnt/public/public_datasets/OpenMMSecV2/Deepfake/Fake/EntireFaceSynthesis/DiT-XL/0039fb03a12740d6ba4b6e258a727c8c.png
8.362018585205078,4.055801868438721,0.0,AIGC,0,2,1,3,AIGC-Real,/mnt/public/public_datasets/OpenMMSecV2/AIGC/laion/35bdd0ee90194f979cf93b9e8f8eff5a.jpg
-30.201053619384766,-19.77011489868164,0.0,deepfake,0,1,1,1,Deepfake-Real,/mnt/public/public_datasets/OpenMMSecV2/Deepfake/Real/CelebDF-v2/6130a0e95e7e48b99f9bdd23852bb7e6.png
-37.13346862792969,-21.575153350830078,0.0,deepfake,0,1,1,1,Deepfake-Real,/mnt/public/public_datasets/OpenMMSecV2/Deepfake/Real/CelebDF-v2/9dca6e3bf8da477e88d32b9680364838.png
-51.82146453857422,-12.760163307189941,0.0,deepfake,1,1,2,2,Deepfake-Fake,/mnt/public/public_datasets/OpenMMSecV2/Deepfake/Fake/FaceEditing/e4e/14b82b10d94e434aa31d126bbfd382c2.jpg
11.93651294708252,8.300790786743164,0.0,AIGC,0,2,1,3,AIGC-Real,/mnt/public/public_datasets/OpenMMSecV2/AIGC/laion/7353646c92e44006ba8e7a6b5790f5a1.jpg
22.64424705505371,25.7724609375,0.0,Doc,1,3,2,6,Document-Fake,/mnt/public/public_datasets/OpenMMSecV2/Doc/non_aigc/inpaint/imgs/5129c4a9032b45059bce5c5719d789af.jpg
-26.909114837646484,-14.215713500976562,0.0,deepfake,0,1,1,1,Deepfake-Real,/mnt/public/public_datasets/OpenMMSecV2/Deepfake/Real/FFHQ/e640dcaf8cee420899b8ba8652f9a1d1.jpeg
6.118181228637695,-11.126399040222168,0.0,IMDL,0,4,1,7,IMDL-Real,/mnt/public/public_datasets/OpenMMSecV2/IMDL/generative/stable_diffusion/imgs/410ce06b4d2c4ea08e5a126bd026002b.png
-0.6387267708778381,6.239616394042969,0.0,AIGC,0,2,1,3,AIGC-Real,/mnt/public/public_datasets/OpenMMSecV2/AIGC/other/online/imgs/15a421636118451a895064477a2df37f.jpg
5.609408378601074,9.793964385986328,0.0,AIGC,0,2,1,3,AIGC-Real,/mnt/public/public_datasets/OpenMMSecV2/AIGC/laion/8a3b3dd971d44bc78765276d77eae4d7.jpg
24.79483413696289,18.651371002197266,0.0,Doc,1,3,2,6,Document-Fake,/mnt/public/public_datasets/OpenMMSecV2/Doc/aigc/derend/imgs/7cfcab2acb1345d883221e2501f8f5b6.jpg
-48.820068359375,-22.33013916015625,0.0,deepfake,1,1,2,2,Deepfake-Fake,/mnt/public/public_datasets/OpenMMSecV2/Deepfake/Fake/FaceReenactment/LIA/b0e1ef6e7b7840fc80cad3204838fdf7.png
0.8515030741691589,9.5328369140625,0.0,AIGC,1,2,2,4,AIGC-Fake,/mnt/public/public_datasets/OpenMMSecV2/AIGC/other/online/imgs/2014d19a59e74034b636903691f8961c.jpg
34.423057556152344,24.384353637695312,0.0,Doc,0,3,1,5,Document-Real,/mnt/public/public_datasets/OpenMMSecV2/Doc/Real/13c143f99e3f466fbe975d1584aac0b5.jpg
32.34033203125,20.530616760253906,0.0,Doc,0,3,1,5,Document-Real,/mnt/public/public_datasets/OpenMMSecV2/Doc/Real/2058be2252944b75af8c08b63dc242ec.jpg
-36.437828063964844,-11.207921028137207,0.0,deepfake,1,1,2,2,Deepfake-Fake,/mnt/public/public_datasets/OpenMMSecV2/Deepfake/Fake/FaceSwap/Unknow_FS/43c1870265cd4e34abf1e11188309b9f.png
12.59092903137207,8.11526870727539,0.0,AIGC,0,2,1,3,AIGC-Real,/mnt/public/public_datasets/OpenMMSecV2/AIGC/laion/35390d8fef8745fb97b1f736f9435b19.jpg
-53.410282135009766,-14.147811889648438,0.0,deepfake,1,1,2,2,Deepfake-Fake,/mnt/public/public_datasets/OpenMMSecV2/Deepfake/Fake/FaceEditing/StarGANv2/65b997166bf34a8e86b9115b59dd662c.jpg
10.624417304992676,-12.45815658569336,0.0,IMDL,0,4,1,7,IMDL-Real,/mnt/public/public_datasets/OpenMMSecV2/IMDL/generative/stable_diffusion/imgs/867d82048fa24050a17caab94f4c2beb.png
8.67788314819336,-12.951058387756348,0.0,IMDL,0,4,1,7,IMDL-Real,/mnt/public/public_datasets/OpenMMSecV2/IMDL/generative/stable_diffusion/imgs/e24a1e3469a5413e953e1777946f6b33.png
-2.9512174129486084,-10.013687133789062,0.0,IMDL,1,4,2,8,IMDL-Fake,/mnt/public/public_datasets/OpenMMSecV2/IMDL/non_generative/manual_ps/imgs/1d8e4478f925447fa276243beea14d81.tif
-5.549553871154785,-6.3434648513793945,0.0,IMDL,1,4,2,8,IMDL-Fake,/mnt/public/public_datasets/OpenMMSecV2/IMDL/non_generative/manual_ps/imgs/9058ae813d044d2ca2319113ac29b533.tif
24.426942825317383,20.885156631469727,0.0,Doc,1,3,2,6,Document-Fake,/mnt/public/public_datasets/OpenMMSecV2/Doc/aigc/textocr/imgs/9310fddb970b4a6bbfdd4672a7ea30c7.jpg
33.92796325683594,25.439119338989258,0.0,Doc,0,3,1,5,Document-Real,/mnt/public/public_datasets/OpenMMSecV2/Doc/Real/71140da2239e457e8fe0bb9f90b0c530.jpg
-52.438201904296875,-16.53618812561035,0.0,deepfake,1,1,2,2,Deepfake-Fake,/mnt/public/public_datasets/OpenMMSecV2/Deepfake/Fake/FaceEditing/StarGAN/abe8539dfebe4c4c8f114aa2ad40a1f7.jpg
-33.561988830566406,-20.51297950744629,0.0,deepfake,0,1,1,1,Deepfake-Real,/mnt/public/public_datasets/OpenMMSecV2/Deepfake/Real/FF++/8775b83657194ccdb7ef82d6c1f164e1.png
-7.287062644958496,-5.387140274047852,0.0,IMDL,1,4,2,8,IMDL-Fake,/mnt/public/public_datasets/OpenMMSecV2/IMDL/generative/stable_diffusion/imgs/3e709ad5fa414fb49407e7b9b380b554.jpg
-2.8999810218811035,-19.70355224609375,0.0,IMDL,1,4,2,8,IMDL-Fake,/mnt/public/public_datasets/OpenMMSecV2/IMDL/generative/paintbyexample/imgs/b53dbde79a724957ac3a933eda313187.png
32.74748611450195,21.30131721496582,0.0,Doc,0,3,1,5,Document-Real,/mnt/public/public_datasets/OpenMMSecV2/Doc/Real/b9e46387aebb4c9f8ecf5174c3c83655.jpg
-36.457908630371094,-21.300052642822266,0.0,deepfake,0,1,1,1,Deepfake-Real,/mnt/public/public_datasets/OpenMMSecV2/Deepfake/Real/CelebDF-v2/26bbe16397134977bd41bd352c32bdbc.png
8.244538307189941,4.840912818908691,0.0,AIGC,0,2,1,3,AIGC-Real,/mnt/public/public_datasets/OpenMMSecV2/AIGC/pixel_diffusion/glide/imgs/7c08b50ee6244fa696d9d3a100b71de7.JPEG
-7.018396377563477,-5.848762512207031,0.0,IMDL,1,4,2,8,IMDL-Fake,/mnt/public/public_datasets/OpenMMSecV2/IMDL/generative/paintbyexample/imgs/371c9b97d3024b82a69e8f80b582af01.jpg
24.173486709594727,19.299028396606445,0.0,Doc,1,3,2,6,Document-Fake,/mnt/public/public_datasets/OpenMMSecV2/Doc/aigc/mostel/imgs/299fed92800d43279d3e2abbe9a4d6e6.jpg
-6.821373462677002,-10.261805534362793,0.0,IMDL,1,4,2,8,IMDL-Fake,/mnt/public/public_datasets/OpenMMSecV2/IMDL/generative/stable_diffusion/imgs/24a66d4b58ac4924b0314bb188a511bc.png
-32.17877960205078,-17.770008087158203,0.0,deepfake,0,1,1,1,Deepfake-Real,/mnt/public/public_datasets/OpenMMSecV2/Deepfake/Real/FF++/be42926034994baf80253304075587f4.png
-47.28870391845703,-12.003822326660156,0.0,deepfake,1,1,2,2,Deepfake-Fake,/mnt/public/public_datasets/OpenMMSecV2/Deepfake/Fake/EntireFaceSynthesis/StyleGAN3/b91bfda530aa491692c10cde8121734d.png
0.9088876247406006,9.510846138000488,0.0,AIGC,1,2,2,4,AIGC-Fake,/mnt/public/public_datasets/OpenMMSecV2/AIGC/other/online/imgs/2afbadd05ba745e99388b7f1047a7cf7.jpg
9.261981964111328,-9.004286766052246,0.0,IMDL,0,4,1,7,IMDL-Real,/mnt/public/public_datasets/OpenMMSecV2/IMDL/generative/coco/imgs/421bab0618744ca783869f5023f78926.jpg
24.746034622192383,18.765682220458984,0.0,Doc,1,3,2,6,Document-Fake,/mnt/public/public_datasets/OpenMMSecV2/Doc/aigc/textdiff/imgs/172c2cd9e5c34d57a73ae4758a54092a.jpg
4.047052383422852,3.562934398651123,0.0,AIGC,1,2,2,4,AIGC-Fake,/mnt/public/public_datasets/OpenMMSecV2/AIGC/latent_diffusion/systematic/371e4005d07b4a7987586c9a166e2ef2.jpg
4.2649102210998535,-4.952969551086426,0.0,AIGC,0,2,1,3,AIGC-Real,/mnt/public/public_datasets/OpenMMSecV2/AIGC/laion/3af886a6c318419a8414b89bf1d0292b.jpg
9.130393028259277,-11.2081880569458,0.0,IMDL,0,4,1,7,IMDL-Real,/mnt/public/public_datasets/OpenMMSecV2/IMDL/generative/coco/imgs/548e3946273440c1a653f248ce030c3c.jpg
33.093936920166016,26.28553009033203,0.0,Doc,0,3,1,5,Document-Real,/mnt/public/public_datasets/OpenMMSecV2/Doc/Real/4bfbc0776d2e4dfdb90c3bc99fb89a92.jpg
31.73850440979004,22.002681732177734,0.0,Doc,0,3,1,5,Document-Real,/mnt/public/public_datasets/OpenMMSecV2/Doc/Real/4524b715726145feb1e21119bc7c6056.jpg
33.23249435424805,26.36161231994629,0.0,Doc,0,3,1,5,Document-Real,/mnt/public/public_datasets/OpenMMSecV2/Doc/Real/96dc813ff19e4216b6a6e2331dc263de.jpg
-50.111331939697266,-11.299508094787598,0.0,deepfake,1,1,2,2,Deepfake-Fake,/mnt/public/public_datasets/OpenMMSecV2/Deepfake/Fake/EntireFaceSynthesis/SD-2.1/f36987bbe35b4401a6423bed0df9fda8.png
-7.384284973144531,1.1689038276672363,0.0,AIGC,1,2,2,4,AIGC-Fake,/mnt/public/public_datasets/OpenMMSecV2/AIGC/other/online/imgs/0fc554bf3443408eb23c621aafbc2dea.jpg
32.65217208862305,20.449220657348633,0.0,Doc,0,3,1,5,Document-Real,/mnt/public/public_datasets/OpenMMSecV2/Doc/Real/ef12643960c74083b5d30c19c0530f20.jpg
11.22630786895752,8.948697090148926,0.0,AIGC,0,2,1,3,AIGC-Real,/mnt/public/public_datasets/OpenMMSecV2/AIGC/laion/cbcd692f8eae4a97adc0bbbfc0eadc39.jpg
9.839540481567383,3.0423128604888916,0.0,AIGC,0,2,1,3,AIGC-Real,/mnt/public/public_datasets/OpenMMSecV2/AIGC/pixel_diffusion/adm/imgs/c092dc0a95604029aea0714a6130f990.JPEG
12.207484245300293,9.902831077575684,0.0,AIGC,0,2,1,3,AIGC-Real,/mnt/public/public_datasets/OpenMMSecV2/AIGC/laion/047720d9bf254dc485524463712a8c21.jpg
-51.58806228637695,-12.944075584411621,0.0,deepfake,1,1,2,2,Deepfake-Fake,/mnt/public/public_datasets/OpenMMSecV2/Deepfake/Fake/FaceEditing/e4e/d27bce59f11040c9bdd75ca615140342.jpg
-14.805617332458496,6.351373672485352,0.0,AIGC,1,2,2,4,AIGC-Fake,/mnt/public/public_datasets/OpenMMSecV2/AIGC/autoregressive_model/tamingtransformers/97d6f1eefbc04b29923c1722e4f106f1.jpg
34.28005599975586,24.55698585510254,0.0,Doc,0,3,1,5,Document-Real,/mnt/public/public_datasets/OpenMMSecV2/Doc/Real/738e8c2fb1d74b3cb6edc19a69521f2a.jpg
10.063243865966797,-8.703432083129883,0.0,IMDL,0,4,1,7,IMDL-Real,/mnt/public/public_datasets/OpenMMSecV2/IMDL/generative/coco/imgs/fb685c2739ea4f9296d535eb9148cf84.jpg
7.781601905822754,7.078780174255371,0.0,AIGC,0,2,1,3,AIGC-Real,/mnt/public/public_datasets/OpenMMSecV2/AIGC/other/online/imgs/56f60fdce30344018248a15c47be6f1a.jpg
-34.196144104003906,-16.91233253479004,0.0,deepfake,0,1,1,1,Deepfake-Real,/mnt/public/public_datasets/OpenMMSecV2/Deepfake/Real/CelebDF-v2/75e8625ba0674c6281b8c2fecd84c3a5.png
23.415414810180664,26.61410140991211,0.0,Doc,1,3,2,6,Document-Fake,/mnt/public/public_datasets/OpenMMSecV2/Doc/non_aigc/generation/imgs/2d0e8b6b3ded4e7b8784185376b0bfb9.jpg
5.522928714752197,5.857256889343262,0.0,AIGC,0,2,1,3,AIGC-Real,/mnt/public/public_datasets/OpenMMSecV2/AIGC/laion/ba4091f4472e453bb3ac774c9dccaa04.jpg
29.978078842163086,22.295957565307617,0.0,Doc,0,3,1,5,Document-Real,/mnt/public/public_datasets/OpenMMSecV2/Doc/Real/12ee62e45ed7404f8c9b412c13fa072f.jpg
31.475976943969727,21.809370040893555,0.0,Doc,0,3,1,5,Document-Real,/mnt/public/public_datasets/OpenMMSecV2/Doc/Real/fd627d108ef34769852b510fee4d780c.jpg
13.469792366027832,-5.681694030761719,0.0,IMDL,0,4,1,7,IMDL-Real,/mnt/public/public_datasets/OpenMMSecV2/IMDL/generative/coco/imgs/76ee04c3a98e450cb6b7f2d5419f065b.jpg
12.272333145141602,6.750770568847656,0.0,AIGC,0,2,1,3,AIGC-Real,/mnt/public/public_datasets/OpenMMSecV2/AIGC/laion/801bc3beb6264524854067bfb033d5d5.jpg
2.127753973007202,-3.663851499557495,0.0,IMDL,0,4,1,7,IMDL-Real,/mnt/public/public_datasets/OpenMMSecV2/IMDL/generative/stable_diffusion/imgs/0409e98e2c7e42aebcccc941c7b74f9f.png
5.4416093826293945,-4.257279396057129,0.0,AIGC,0,2,1,3,AIGC-Real,/mnt/public/public_datasets/OpenMMSecV2/AIGC/laion/2a81edad94b548709390ad556894a758.jpg
-7.673882961273193,0.053337037563323975,0.0,AIGC,1,2,2,4,AIGC-Fake,/mnt/public/public_datasets/OpenMMSecV2/AIGC/other/online/imgs/7463ca0ac72d4a669a6361abe4109968.jpg
8.80136489868164,-7.2218017578125,0.0,IMDL,0,4,1,7,IMDL-Real,/mnt/public/public_datasets/OpenMMSecV2/IMDL/generative/coco/imgs/fcd79bfb2a40489585d99e98b8ae89a5.jpg
-52.45421600341797,-16.791202545166016,0.0,deepfake,1,1,2,2,Deepfake-Fake,/mnt/public/public_datasets/OpenMMSecV2/Deepfake/Fake/FaceEditing/StarGAN/75ec719a69aa42ed8c08aa9ba07ac662.jpg
9.832852363586426,-9.466222763061523,0.0,IMDL,0,4,1,7,IMDL-Real,/mnt/public/public_datasets/OpenMMSecV2/IMDL/generative/coco/imgs/e39186133a9b4e0eb39f35bdfbf17b7b.jpg
-6.8108649253845215,0.9385935068130493,0.0,AIGC,1,2,2,4,AIGC-Fake,/mnt/public/public_datasets/OpenMMSecV2/AIGC/other/online/imgs/dd4941fe311d41c19d02882ba9ecfe07.jpg
12.605076789855957,8.629986763000488,0.0,AIGC,0,2,1,3,AIGC-Real,/mnt/public/public_datasets/OpenMMSecV2/AIGC/laion/6d72974b090842c59e761958371d831e.jpg
-52.24522018432617,-17.789573669433594,0.0,deepfake,1,1,2,2,Deepfake-Fake,/mnt/public/public_datasets/OpenMMSecV2/Deepfake/Fake/EntireFaceSynthesis/DiT-XL/2dc9d635f9b249d592b0ea4d9c6ba739.png
-53.71803665161133,-18.750457763671875,0.0,deepfake,1,1,2,2,Deepfake-Fake,/mnt/public/public_datasets/OpenMMSecV2/Deepfake/Fake/FaceReenactment/MRAA/b96dfa04386f4d139e37b8c94544e068.png
-16.32550811767578,7.138998985290527,0.0,AIGC,1,2,2,4,AIGC-Fake,/mnt/public/public_datasets/OpenMMSecV2/AIGC/GAN/ProjectedGAN/e4ab61a9c5104208b3b66a6c1626d99a.jpg
-34.32083511352539,-22.896442413330078,0.0,deepfake,0,1,1,1,Deepfake-Real,/mnt/public/public_datasets/OpenMMSecV2/Deepfake/Real/FF++/9eb19c45c01440d6b4951628c4764a89.png
-51.54658889770508,-13.263572692871094,0.0,deepfake,1,1,2,2,Deepfake-Fake,/mnt/public/public_datasets/OpenMMSecV2/Deepfake/Fake/FaceEditing/e4e/db3a4d77a0ba4b20b2652e0d9fb5cf84.jpg
7.186609745025635,-3.089324951171875,0.0,IMDL,0,4,1,7,IMDL-Real,/mnt/public/public_datasets/OpenMMSecV2/IMDL/non_generative/manual_ps/imgs/aa166da2dfe44027b48a90a3d915b544.jpg
-2.6756794452667236,8.870550155639648,0.0,AIGC,1,2,2,4,AIGC-Fake,/mnt/public/public_datasets/OpenMMSecV2/AIGC/latent_diffusion/systematic/cef3fad8e66244bdaf2acd279fe5ddae.jpg
30.15683364868164,26.583484649658203,0.0,Doc,0,3,1,5,Document-Real,/mnt/public/public_datasets/OpenMMSecV2/Doc/Real/3c0dafe25866448982802a105435a70c.jpg
32.094032287597656,20.916990280151367,0.0,Doc,0,3,1,5,Document-Real,/mnt/public/public_datasets/OpenMMSecV2/Doc/Real/4e960fd4183a4ecb8c656106f97c2a2b.jpg
-35.13172912597656,-18.890268325805664,0.0,deepfake,0,1,1,1,Deepfake-Real,/mnt/public/public_datasets/OpenMMSecV2/Deepfake/Real/FF++/ec903f258ca4457084bdd5395778ac8b.png
29.784738540649414,26.86602020263672,0.0,Doc,0,3,1,5,Document-Real,/mnt/public/public_datasets/OpenMMSecV2/Doc/Real/498eca6e768f40d8a48f60c786cb8ac9.jpg
0.43420976400375366,3.011587619781494,0.0,AIGC,1,2,2,4,AIGC-Fake,/mnt/public/public_datasets/OpenMMSecV2/AIGC/other/online/imgs/06530f46483e4f7fa87a9430c2428650.jpg
-36.3536376953125,-23.048715591430664,0.0,deepfake,0,1,1,1,Deepfake-Real,/mnt/public/public_datasets/OpenMMSecV2/Deepfake/Real/FF++/b09a9d4ab9a74d0fa64a4a07b2c7e1ee.png
13.232588768005371,7.158266067504883,0.0,AIGC,0,2,1,3,AIGC-Real,/mnt/public/public_datasets/OpenMMSecV2/AIGC/laion/736f0f1e5c234f94ba86c4784239bedb.jpg
22.63934326171875,25.39942169189453,0.0,Doc,1,3,2,6,Document-Fake,/mnt/public/public_datasets/OpenMMSecV2/Doc/non_aigc/inpaint/imgs/67f1205d98194f6f9fb3fca36aa2ec8f.jpg
23.641109466552734,26.117090225219727,0.0,Doc,1,3,2,6,Document-Fake,/mnt/public/public_datasets/OpenMMSecV2/Doc/non_aigc/generation/imgs/a45b53c561da4c0485b14131ceded494.jpg
-49.33427047729492,-31.100841522216797,0.0,deepfake,1,1,2,2,Deepfake-Fake,/mnt/public/public_datasets/OpenMMSecV2/Deepfake/Fake/FaceSwap/InSwapper/d01ba29c063c4d03b294308b36059849.png
-29.96167755126953,-19.80695152282715,0.0,deepfake,0,1,1,1,Deepfake-Real,/mnt/public/public_datasets/OpenMMSecV2/Deepfake/Real/VFHQ/7c521ddd3a494c489a261bae0348d28d.png
-8.902826309204102,6.956670761108398,0.0,AIGC,1,2,2,4,AIGC-Fake,/mnt/public/public_datasets/OpenMMSecV2/AIGC/pixel_diffusion/adm/imgs/3b1fe5f32e7a45ccaa2f13f7cec22e5d.PNG
34.484066009521484,24.71146583557129,0.0,Doc,0,3,1,5,Document-Real,/mnt/public/public_datasets/OpenMMSecV2/Doc/Real/1058f423c69e4efe80c7ba1e3f9fbe44.jpg
-34.29456329345703,-20.545391082763672,0.0,deepfake,0,1,1,1,Deepfake-Real,/mnt/public/public_datasets/OpenMMSecV2/Deepfake/Real/DFD/9e9a4c57bb19440a95e107b3fc07a9a6.png
-47.97534942626953,-11.644366264343262,0.0,deepfake,1,1,2,2,Deepfake-Fake,/mnt/public/public_datasets/OpenMMSecV2/Deepfake/Fake/EntireFaceSynthesis/StyleGAN2/bf721d45fc914c98bb1494cdcb9a2cdc.png
-1.0529617071151733,-18.090045928955078,0.0,IMDL,1,4,2,8,IMDL-Fake,/mnt/public/public_datasets/OpenMMSecV2/IMDL/generative/stable_diffusion/imgs/3be6d982d3774079987e2042066d50bb.png
7.756900787353516,-13.542327880859375,0.0,IMDL,0,4,1,7,IMDL-Real,/mnt/public/public_datasets/OpenMMSecV2/IMDL/generative/coco/imgs/cbdef504e8194b34951aedb2ac4e7c29.jpg
24.61846351623535,19.730592727661133,0.0,Doc,1,3,2,6,Document-Fake,/mnt/public/public_datasets/OpenMMSecV2/Doc/aigc/mostel/imgs/90a17da204c14542a8184db1db1cb59e.jpg
-32.476585388183594,-14.497332572937012,0.0,deepfake,0,1,1,1,Deepfake-Real,/mnt/public/public_datasets/OpenMMSecV2/Deepfake/Real/FF++/97aa3234d6b5409eb515050870a6b977.png
12.896666526794434,6.883827209472656,0.0,AIGC,0,2,1,3,AIGC-Real,/mnt/public/public_datasets/OpenMMSecV2/AIGC/laion/fade832467a94d0db272ae0d98754054.jpg
-3.14397931098938,-5.581418037414551,0.0,IMDL,1,4,2,8,IMDL-Fake,/mnt/public/public_datasets/OpenMMSecV2/IMDL/generative/flux_1/imgs/c78756577e484c23bcf02b01e7a6a454.png
-32.43516540527344,-16.974029541015625,0.0,deepfake,0,1,1,1,Deepfake-Real,/mnt/public/public_datasets/OpenMMSecV2/Deepfake/Real/FF++/f6063532fbf047aba408cfe1e99e98bc.png
6.085860252380371,-14.488576889038086,0.0,IMDL,0,4,1,7,IMDL-Real,/mnt/public/public_datasets/OpenMMSecV2/IMDL/generative/coco/imgs/7360d8f182084d049143fbd7b38abf80.jpg
-31.485130310058594,-19.112613677978516,0.0,deepfake,0,1,1,1,Deepfake-Real,/mnt/public/public_datasets/OpenMMSecV2/Deepfake/Real/CelebDF-v2/b9879846b6294588b43ec17324c443ec.png
-29.2957706451416,-24.091894149780273,0.0,deepfake,0,1,1,1,Deepfake-Real,/mnt/public/public_datasets/OpenMMSecV2/Deepfake/Real/FF++/166b306911db4881ae6da7d5b5e69fbd.png
-37.6634521484375,-14.941247940063477,0.0,deepfake,0,1,1,1,Deepfake-Real,/mnt/public/public_datasets/OpenMMSecV2/Deepfake/Real/CelebDF-v2/bcda903b8f494f35be4637198ba200a3.png
23.631282806396484,25.696365356445312,0.0,Doc,1,3,2,6,Document-Fake,/mnt/public/public_datasets/OpenMMSecV2/Doc/non_aigc/copy-move/imgs/ad6c900227ad477aa711b024f06d101e.jpg
12.61034870147705,9.976540565490723,0.0,AIGC,0,2,1,3,AIGC-Real,/mnt/public/public_datasets/OpenMMSecV2/AIGC/laion/ef032bd06c33488790a75a5fac8c63e9.jpg
23.696407318115234,25.50137710571289,0.0,Doc,1,3,2,6,Document-Fake,/mnt/public/public_datasets/OpenMMSecV2/Doc/non_aigc/generation/imgs/01de85945c7647b6a4ae0cea7b7aa1bd.jpg
-1.3923587799072266,-10.032556533813477,0.0,IMDL,1,4,2,8,IMDL-Fake,/mnt/public/public_datasets/OpenMMSecV2/IMDL/generative/stable_diffusion/imgs/9e6f822b73dd431c820b16655c56dbfb.png
-5.250538349151611,-7.129671096801758,0.0,IMDL,1,4,2,8,IMDL-Fake,/mnt/public/public_datasets/OpenMMSecV2/IMDL/non_generative/manual_ps/imgs/3dee43a994c448989f3a83f3089dd3c9.jpg
-34.92014694213867,-17.85215187072754,0.0,deepfake,0,1,1,1,Deepfake-Real,/mnt/public/public_datasets/OpenMMSecV2/Deepfake/Real/CelebDF-v2/ef76c7a100574899a3e499ae0fc950af.png
-17.091938018798828,6.737515449523926,0.0,AIGC,1,2,2,4,AIGC-Fake,/mnt/public/public_datasets/OpenMMSecV2/AIGC/autoregressive_model/tamingtransformers/90d1381cec994c38b5b63e823aeb0ef2.jpg
12.57125473022461,9.819537162780762,0.0,AIGC,0,2,1,3,AIGC-Real,/mnt/public/public_datasets/OpenMMSecV2/AIGC/laion/19336031118b480988c497b49bf313c0.jpg
22.8964786529541,25.283466339111328,0.0,Doc,1,3,2,6,Document-Fake,/mnt/public/public_datasets/OpenMMSecV2/Doc/non_aigc/generation/imgs/c608b18a8f94424d90e9a89461f055ec.jpg
7.260098934173584,-13.83779239654541,0.0,IMDL,0,4,1,7,IMDL-Real,/mnt/public/public_datasets/OpenMMSecV2/IMDL/generative/flux_1/imgs/114bef7321aa42daa046cc5cb906f5b3.png
9.294177055358887,-9.320748329162598,0.0,IMDL,0,4,1,7,IMDL-Real,/mnt/public/public_datasets/OpenMMSecV2/IMDL/generative/stable_diffusion/imgs/f1bcba0f735647e2a209aea9d206ef81.png
33.04961013793945,26.18181037902832,0.0,Doc,0,3,1,5,Document-Real,/mnt/public/public_datasets/OpenMMSecV2/Doc/Real/65a738ff9b224606af6dfa052cfd8085.jpg
9.89926815032959,5.546903610229492,0.0,AIGC,0,2,1,3,AIGC-Real,/mnt/public/public_datasets/OpenMMSecV2/AIGC/laion/340aa2cb49e94833b275fd7e5bc7ed01.jpg
32.491390228271484,20.957134246826172,0.0,Doc,0,3,1,5,Document-Real,/mnt/public/public_datasets/OpenMMSecV2/Doc/Real/797f025ee8e44404b54f06e8b33fb72f.jpg
6.721375942230225,-10.142565727233887,0.0,IMDL,0,4,1,7,IMDL-Real,/mnt/public/public_datasets/OpenMMSecV2/IMDL/generative/flux_1/imgs/885fe7f5e9754afc9fbced206ae2898c.png
-7.511036396026611,-3.8065550327301025,0.0,IMDL,1,4,2,8,IMDL-Fake,/mnt/public/public_datasets/OpenMMSecV2/IMDL/generative/paintbyexample/imgs/d448bfe99bb344deb2d1029f1ec909af.tiff
-30.883968353271484,-23.59186553955078,0.0,deepfake,0,1,1,1,Deepfake-Real,/mnt/public/public_datasets/OpenMMSecV2/Deepfake/Real/FF++/ba14dae8a3b44e07bc34cd036e620c0a.png
34.400264739990234,24.60601043701172,0.0,Doc,0,3,1,5,Document-Real,/mnt/public/public_datasets/OpenMMSecV2/Doc/Real/767efbc67f114c73a9274eff43509162.jpg
31.722877502441406,21.22015953063965,0.0,Doc,0,3,1,5,Document-Real,/mnt/public/public_datasets/OpenMMSecV2/Doc/Real/32125b105a8c46a5a3f2d854529b2f81.jpg
-15.435864448547363,5.326294898986816,0.0,AIGC,1,2,2,4,AIGC-Fake,/mnt/public/public_datasets/OpenMMSecV2/AIGC/autoregressive_model/tamingtransformers/d691bfaae04f41b2845dee415e443d31.jpg
33.64381408691406,26.290624618530273,0.0,Doc,0,3,1,5,Document-Real,/mnt/public/public_datasets/OpenMMSecV2/Doc/Real/0fbbe051b5364801828bbbbdf92fe324.jpg
33.939544677734375,26.385129928588867,0.0,Doc,0,3,1,5,Document-Real,/mnt/public/public_datasets/OpenMMSecV2/Doc/Real/f6221b96017546d787ca64a8fde5c61b.jpg
-9.907036781311035,6.179128646850586,0.0,AIGC,1,2,2,4,AIGC-Fake,/mnt/public/public_datasets/OpenMMSecV2/AIGC/latent_diffusion/systematic/12518653ae614d30a0c7c48873658080.jpg
6.625166416168213,-10.686822891235352,0.0,IMDL,0,4,1,7,IMDL-Real,/mnt/public/public_datasets/OpenMMSecV2/IMDL/generative/stable_diffusion/imgs/216b7a65520b408d9649e280d2e0cc12.png
34.289852142333984,24.258432388305664,0.0,Doc,0,3,1,5,Document-Real,/mnt/public/public_datasets/OpenMMSecV2/Doc/Real/153e31dda1574c3dbe22b4173f83fc50.jpg
11.043659210205078,4.69674015045166,0.0,AIGC,0,2,1,3,AIGC-Real,/mnt/public/public_datasets/OpenMMSecV2/AIGC/laion/b00e2c5417764ab681d6fe4b1e5ff1b1.jpg
34.26020050048828,24.446155548095703,0.0,Doc,0,3,1,5,Document-Real,/mnt/public/public_datasets/OpenMMSecV2/Doc/Real/4f5a78817c82447b8caff2c40a8c48f0.jpg
-7.877735614776611,-7.922994613647461,0.0,IMDL,1,4,2,8,IMDL-Fake,/mnt/public/public_datasets/OpenMMSecV2/IMDL/non_generative/manual_ps/imgs/e2c60e859eb245ce8c389bad5ce55370.jpg
-34.837562561035156,-21.8607177734375,0.0,deepfake,0,1,1,1,Deepfake-Real,/mnt/public/public_datasets/OpenMMSecV2/Deepfake/Real/FF++/982e6603a937431ab6cbe9072fac758f.png
-53.28696060180664,-21.605182647705078,0.0,deepfake,1,1,2,2,Deepfake-Fake,/mnt/public/public_datasets/OpenMMSecV2/Deepfake/Fake/FaceReenactment/HyperReenact/bbb542f25af444739b6aae9bc3cb0020.png
-47.96363830566406,-22.263925552368164,0.0,deepfake,1,1,2,2,Deepfake-Fake,/mnt/public/public_datasets/OpenMMSecV2/Deepfake/Fake/FaceSwap/UniFace/de7369094f0c4ae29ee4b6bf1531f062.png
7.734410762786865,2.1796178817749023,0.0,AIGC,0,2,1,3,AIGC-Real,/mnt/public/public_datasets/OpenMMSecV2/AIGC/GAN/BigGAN/imgs/bd07a22f764b4d8fb3af7277b35a595d.JPEG
21.780113220214844,24.974111557006836,0.0,Doc,1,3,2,6,Document-Fake,/mnt/public/public_datasets/OpenMMSecV2/Doc/non_aigc/cpmv/imgs/3e569d3dab10402483e3884c53beeee3.jpg
-28.079856872558594,-20.214853286743164,0.0,deepfake,0,1,1,1,Deepfake-Real,/mnt/public/public_datasets/OpenMMSecV2/Deepfake/Real/VFHQ/19da5aaf339b421d9c84efe0a702850e.png
33.84196090698242,25.26018714904785,0.0,Doc,0,3,1,5,Document-Real,/mnt/public/public_datasets/OpenMMSecV2/Doc/Real/05d2890a9b474efcb60af0957ad1bcf8.jpg
-3.0989654064178467,9.472346305847168,0.0,AIGC,1,2,2,4,AIGC-Fake,/mnt/public/public_datasets/OpenMMSecV2/AIGC/commercial/ideogram/6755e29eb09643dc981d7f63ecefb7d3.jpg
-1.2482199668884277,-0.7573872804641724,0.0,AIGC,1,2,2,4,AIGC-Fake,/mnt/public/public_datasets/OpenMMSecV2/AIGC/GAN/styleGANs/365f4414a7a347469e9c32da94fc3616.jpg
25.287689208984375,24.333980560302734,0.0,Doc,1,3,2,6,Document-Fake,/mnt/public/public_datasets/OpenMMSecV2/Doc/non_aigc/insert/imgs/1f3858bf36df4bc5aea2eba7d5406daa.jpg
-5.323177814483643,-9.447996139526367,0.0,IMDL,1,4,2,8,IMDL-Fake,/mnt/public/public_datasets/OpenMMSecV2/IMDL/non_generative/manual_ps/imgs/0df9bb370d6b45a987e437a21c2b95ee.jpg
25.776620864868164,24.160579681396484,0.0,Doc,1,3,2,6,Document-Fake,/mnt/public/public_datasets/OpenMMSecV2/Doc/non_aigc/cpmv/imgs/b3855b63f1e2482788607690c8e12033.jpg
-0.5314487218856812,0.9650229215621948,0.0,AIGC,1,2,2,4,AIGC-Fake,/mnt/public/public_datasets/OpenMMSecV2/AIGC/pixel_diffusion/adm/imgs/afcd8bdbd67f49869a9162e35c52caed.png
8.804265022277832,-13.4459810256958,0.0,IMDL,0,4,1,7,IMDL-Real,/mnt/public/public_datasets/OpenMMSecV2/IMDL/generative/coco/imgs/0cd2c2d0a54c4157a8352e7012fe7f87.jpg
11.532411575317383,5.330183982849121,0.0,AIGC,0,2,1,3,AIGC-Real,/mnt/public/public_datasets/OpenMMSecV2/AIGC/pixel_diffusion/glide/imgs/6f85eff4aa5d48579c7e33be7e655a0e.JPEG
8.508256912231445,-3.62467360496521,0.0,IMDL,0,4,1,7,IMDL-Real,/mnt/public/public_datasets/OpenMMSecV2/IMDL/non_generative/manual_ps/imgs/8a15f0cb6cb54953b78d3f2e63b67410.jpg
-7.09679651260376,-5.886740684509277,0.0,IMDL,1,4,2,8,IMDL-Fake,/mnt/public/public_datasets/OpenMMSecV2/IMDL/generative/paintbyexample/imgs/2676c9e32b0747e0b89b910dc74eeabb.jpg
-51.961936950683594,-14.953984260559082,0.0,deepfake,1,1,2,2,Deepfake-Fake,/mnt/public/public_datasets/OpenMMSecV2/Deepfake/Fake/EntireFaceSynthesis/StyleGAN-XL/d611e8ab9e60494b9cc6b4f9a7e0be12.png
9.113237380981445,-13.401653289794922,0.0,IMDL,0,4,1,7,IMDL-Real,/mnt/public/public_datasets/OpenMMSecV2/IMDL/generative/coco/imgs/c635c29531f3410a80571f6e8824ebd6.jpg
2.6947972774505615,-1.6145429611206055,0.0,IMDL,0,4,1,7,IMDL-Real,/mnt/public/public_datasets/OpenMMSecV2/IMDL/generative/flux_1/imgs/89e41f13ce3c46018a68bb5f75025986.png
5.355884552001953,-9.368423461914062,0.0,IMDL,1,4,2,8,IMDL-Fake,/mnt/public/public_datasets/OpenMMSecV2/IMDL/non_generative/manual_ps/imgs/2a6f4fc5b7214c70b4e5eb159b5c104e.jpg
34.24977111816406,24.310630798339844,0.0,Doc,0,3,1,5,Document-Real,/mnt/public/public_datasets/OpenMMSecV2/Doc/Real/72ea4fd035374917a5f703530f1eddad.jpg
-48.433074951171875,-25.252546310424805,0.0,deepfake,1,1,2,2,Deepfake-Fake,/mnt/public/public_datasets/OpenMMSecV2/Deepfake/Fake/FaceReenactment/Wav2Lip/4b25435a52eb494c966e1caab2aaaea7.png
22.940624237060547,26.12069320678711,0.0,Doc,1,3,2,6,Document-Fake,/mnt/public/public_datasets/OpenMMSecV2/Doc/non_aigc/generation/imgs/31d955a00b0c477aae34f09824ea2036.jpg
31.983203887939453,21.45810317993164,0.0,Doc,0,3,1,5,Document-Real,/mnt/public/public_datasets/OpenMMSecV2/Doc/Real/15dba1de0eb64ddda1cba864918aea25.jpg
33.219566345214844,21.111295700073242,0.0,Doc,0,3,1,5,Document-Real,/mnt/public/public_datasets/OpenMMSecV2/Doc/Real/3cca73e2ed014b858cb1bbb26aea6772.jpg
33.8451042175293,26.28026580810547,0.0,Doc,0,3,1,5,Document-Real,/mnt/public/public_datasets/OpenMMSecV2/Doc/Real/e2f2647366d64ca7adf4c5a68242c397.jpg
-31.311290740966797,-18.524261474609375,0.0,deepfake,0,1,1,1,Deepfake-Real,/mnt/public/public_datasets/OpenMMSecV2/Deepfake/Real/CelebDF-v2/9fd34846d4ec4c3086aa6e6efa168380.png
32.5738525390625,20.382417678833008,0.0,Doc,0,3,1,5,Document-Real,/mnt/public/public_datasets/OpenMMSecV2/Doc/Real/0ee61759bdf94f89b7a1e816f58b4173.jpg
32.905147552490234,21.335561752319336,0.0,Doc,0,3,1,5,Document-Real,/mnt/public/public_datasets/OpenMMSecV2/Doc/Real/124e6d1ac9624649b67fdc4367e16874.jpg
-8.059496879577637,-3.3082475662231445,0.0,IMDL,1,4,2,8,IMDL-Fake,/mnt/public/public_datasets/OpenMMSecV2/IMDL/generative/gan_mat/imgs/9c8bd35623064d51beffc25fb0270403.tiff
-6.468759536743164,-6.52833366394043,0.0,IMDL,1,4,2,8,IMDL-Fake,/mnt/public/public_datasets/OpenMMSecV2/IMDL/generative/gan_mat/imgs/4e2c6972bbe94e4088778940a6308d37.png
6.366892337799072,-14.044763565063477,0.0,IMDL,0,4,1,7,IMDL-Real,/mnt/public/public_datasets/OpenMMSecV2/IMDL/generative/flux_1/imgs/31c4599834f34ccfb206d09afd1e6fff.png
-35.347190856933594,-22.10643196105957,0.0,deepfake,0,1,1,1,Deepfake-Real,/mnt/public/public_datasets/OpenMMSecV2/Deepfake/Real/FF++/6fa554e10f8e4b2d848b08428d1673eb.png
31.009023666381836,21.68604278564453,0.0,Doc,0,3,1,5,Document-Real,/mnt/public/public_datasets/OpenMMSecV2/Doc/Real/8df9a44f9d7b4b3585f23f34d3459b2e.jpg
-30.828332901000977,-21.164093017578125,0.0,deepfake,0,1,1,1,Deepfake-Real,/mnt/public/public_datasets/OpenMMSecV2/Deepfake/Real/CelebDF-v2/5944f557459a44d58769931df97c1e84.png
10.521485328674316,0.6445328593254089,0.0,AIGC,0,2,1,3,AIGC-Real,/mnt/public/public_datasets/OpenMMSecV2/AIGC/commercial/wukong/imgs/fad2af735afd41d78036b3e5e6f71c68.JPEG
-6.971276760101318,0.6560386419296265,0.0,AIGC,1,2,2,4,AIGC-Fake,/mnt/public/public_datasets/OpenMMSecV2/AIGC/other/online/imgs/61a6ed94227944adab445961d06eb717.jpg
-31.08428955078125,-23.52107048034668,0.0,deepfake,0,1,1,1,Deepfake-Real,/mnt/public/public_datasets/OpenMMSecV2/Deepfake/Real/FF++/ddf76bf317644f49ace0dc723f78ad74.png
-35.530696868896484,-21.004953384399414,0.0,deepfake,0,1,1,1,Deepfake-Real,/mnt/public/public_datasets/OpenMMSecV2/Deepfake/Real/VFHQ/a0dc6a18e8d243f99f8bf6dcba6500b3.png
-50.775386810302734,-13.908173561096191,0.0,deepfake,1,1,2,2,Deepfake-Fake,/mnt/public/public_datasets/OpenMMSecV2/Deepfake/Fake/FaceEditing/e4e/ace655630b764e8c96d2bb5bc63a7037.jpg
-8.163607597351074,-2.9680368900299072,0.0,IMDL,1,4,2,8,IMDL-Fake,/mnt/public/public_datasets/OpenMMSecV2/IMDL/generative/gan_mat/imgs/3579ef2041bb4224a81a964b88047723.jpg
-0.2910672426223755,-10.611246109008789,0.0,IMDL,1,4,2,8,IMDL-Fake,/mnt/public/public_datasets/OpenMMSecV2/IMDL/non_generative/manual_ps/imgs/0ab960bb87f34d2398eed36681db12d0.jpg
22.680437088012695,25.83588218688965,0.0,Doc,1,3,2,6,Document-Fake,/mnt/public/public_datasets/OpenMMSecV2/Doc/non_aigc/inpaint/imgs/c31dee03f3894a9d82d3d482e7483afe.jpg
11.942615509033203,9.836335182189941,0.0,AIGC,0,2,1,3,AIGC-Real,/mnt/public/public_datasets/OpenMMSecV2/AIGC/laion/972ad673cb234f2bb465a3dc1f7b897d.jpg
4.916031360626221,4.521827697753906,0.0,AIGC,0,2,1,3,AIGC-Real,/mnt/public/public_datasets/OpenMMSecV2/AIGC/laion/d62d58ffa06b48c280cd920801673bc7.jpg
-0.41824251413345337,-12.735199928283691,0.0,IMDL,1,4,2,8,IMDL-Fake,/mnt/public/public_datasets/OpenMMSecV2/IMDL/non_generative/manual_ps/imgs/6dfc2d2b2d8c45aca2e7a0a319932b8c.jpg
-7.4488701820373535,-3.0743515491485596,0.0,IMDL,1,4,2,8,IMDL-Fake,/mnt/public/public_datasets/OpenMMSecV2/IMDL/generative/paintbyexample/imgs/6fc02051c8524939a0eb4b172925a1ac.jpg
33.17396926879883,21.105085372924805,0.0,Doc,0,3,1,5,Document-Real,/mnt/public/public_datasets/OpenMMSecV2/Doc/Real/8bce4f0986384559b996d724776c4ffd.jpg
24.134305953979492,18.465129852294922,0.0,Doc,1,3,2,6,Document-Fake,/mnt/public/public_datasets/OpenMMSecV2/Doc/aigc/stefann/imgs/ad3e07d83fb3459e84f6c2274a117325.jpg
-31.26166343688965,-17.648693084716797,0.0,deepfake,0,1,1,1,Deepfake-Real,/mnt/public/public_datasets/OpenMMSecV2/Deepfake/Real/CelebDF-v2/5ffaeee67c2241698d8e80d23a265ed5.png
-52.266082763671875,-20.15537452697754,0.0,deepfake,1,1,2,2,Deepfake-Fake,/mnt/public/public_datasets/OpenMMSecV2/Deepfake/Fake/FaceReenactment/MRAA/25542086f1ed4b1a84cae493ad3fa7b2.png
33.34322738647461,21.04100799560547,0.0,Doc,0,3,1,5,Document-Real,/mnt/public/public_datasets/OpenMMSecV2/Doc/Real/40b0faf9af244ca282d1275a68c162cb.jpg
-2.5249435901641846,-8.359827041625977,0.0,IMDL,1,4,2,8,IMDL-Fake,/mnt/public/public_datasets/OpenMMSecV2/IMDL/non_generative/manual_ps/imgs/6cee179c5db14e87b15051b89d349585.tif
-1.7853457927703857,-10.23331356048584,0.0,IMDL,1,4,2,8,IMDL-Fake,/mnt/public/public_datasets/OpenMMSecV2/IMDL/generative/flux_1/imgs/cadd92fbcb114ff9ab97506884931a75.png
-0.5371274948120117,-15.577255249023438,0.0,IMDL,1,4,2,8,IMDL-Fake,/mnt/public/public_datasets/OpenMMSecV2/IMDL/generative/paintbyexample/imgs/cc71652495f24ed0975cc8b0715b1d50.tiff
23.701862335205078,26.340158462524414,0.0,Doc,1,3,2,6,Document-Fake,/mnt/public/public_datasets/OpenMMSecV2/Doc/non_aigc/copy-move/imgs/7f6d89a7df30400c874754e34766deef.jpg
9.844761848449707,-12.522726058959961,0.0,IMDL,0,4,1,7,IMDL-Real,/mnt/public/public_datasets/OpenMMSecV2/IMDL/generative/flux_1/imgs/a0f4a6e12dc145c6a22f19b56ed1fe2d.png
10.00554084777832,3.8177316188812256,0.0,AIGC,0,2,1,3,AIGC-Real,/mnt/public/public_datasets/OpenMMSecV2/AIGC/laion/67afc71de4d440d7a4867ba3a0338228.jpg
-51.72314453125,-15.097371101379395,0.0,deepfake,1,1,2,2,Deepfake-Fake,/mnt/public/public_datasets/OpenMMSecV2/Deepfake/Fake/EntireFaceSynthesis/StyleGAN-XL/0ac7ff7f2db0408a9f38179024b48a6c.png
-2.828007698059082,-16.02572250366211,0.0,IMDL,1,4,2,8,IMDL-Fake,/mnt/public/public_datasets/OpenMMSecV2/IMDL/non_generative/manual_ps/imgs/0bcad5ff14744e789066ed203e7c632d.jpg
-7.990606784820557,-3.8091893196105957,0.0,IMDL,1,4,2,8,IMDL-Fake,/mnt/public/public_datasets/OpenMMSecV2/IMDL/generative/paintbyexample/imgs/3e2fb18d06a64afbb35608bdac737030.tiff
-6.868059158325195,-6.013428688049316,0.0,IMDL,1,4,2,8,IMDL-Fake,/mnt/public/public_datasets/OpenMMSecV2/IMDL/generative/gan_mat/imgs/f6e59215f18d42b4b5de844689825bc4.jpg
13.220803260803223,7.073700904846191,0.0,AIGC,0,2,1,3,AIGC-Real,/mnt/public/public_datasets/OpenMMSecV2/AIGC/laion/c5eb685c3a8347f79267bacc5a4e8767.jpg
1.3406028747558594,-9.833539009094238,0.0,IMDL,1,4,2,8,IMDL-Fake,/mnt/public/public_datasets/OpenMMSecV2/IMDL/non_generative/manual_ps/imgs/4fb761a6f83d411e8a4ba7ac4a3d24c7.tif
0.8150351047515869,-11.437848091125488,0.0,IMDL,1,4,2,8,IMDL-Fake,/mnt/public/public_datasets/OpenMMSecV2/IMDL/non_generative/manual_ps/imgs/82f0e5e903da4aefb9bd0bba3284b3c3.jpg
-10.068549156188965,7.624250411987305,0.0,AIGC,1,2,2,4,AIGC-Fake,/mnt/public/public_datasets/OpenMMSecV2/AIGC/pixel_diffusion/guided_diffusion/f6a2abd39fbe438fb08fb596cd02b716.jpg
11.168063163757324,-12.355427742004395,0.0,IMDL,0,4,1,7,IMDL-Real,/mnt/public/public_datasets/OpenMMSecV2/IMDL/generative/stable_diffusion/imgs/456e4a7be68c4788ad5ced45386318c6.png
-4.660726547241211,8.431550979614258,0.0,AIGC,1,2,2,4,AIGC-Fake,/mnt/public/public_datasets/OpenMMSecV2/AIGC/latent_diffusion/systematic/ecc9bd4894c84612a33dd80f1d060aa1.jpg
-5.920654296875,-7.1461076736450195,0.0,IMDL,1,4,2,8,IMDL-Fake,/mnt/public/public_datasets/OpenMMSecV2/IMDL/non_generative/manual_ps/imgs/4107057fa45a449d985650ad68642790.jpg
-49.90409469604492,-22.5236759185791,0.0,deepfake,1,1,2,2,Deepfake-Fake,/mnt/public/public_datasets/OpenMMSecV2/Deepfake/Fake/FaceReenactment/LIA/93e72a8013b8405ea36d86a8f81d2d5a.png
11.573576927185059,9.47727108001709,0.0,AIGC,0,2,1,3,AIGC-Real,/mnt/public/public_datasets/OpenMMSecV2/AIGC/laion/5711ee1138364f7e9663b95e719fb65c.jpg
11.485067367553711,9.6675443649292,0.0,AIGC,0,2,1,3,AIGC-Real,/mnt/public/public_datasets/OpenMMSecV2/AIGC/GAN/BigGAN/imgs/bf4b580465ff442ba4a9c49760467529.JPEG
-8.377689361572266,7.726533889770508,0.0,AIGC,1,2,2,4,AIGC-Fake,/mnt/public/public_datasets/OpenMMSecV2/AIGC/GAN/CIPS/1198b3b352ed472e90221597d2a5e071.jpg
-17.19200897216797,6.5233154296875,0.0,AIGC,1,2,2,4,AIGC-Fake,/mnt/public/public_datasets/OpenMMSecV2/AIGC/autoregressive_model/tamingtransformers/6b9c642a63b446a4a121a8988ff73968.jpg
-2.3849704265594482,-9.223066329956055,0.0,IMDL,1,4,2,8,IMDL-Fake,/mnt/public/public_datasets/OpenMMSecV2/IMDL/non_generative/manual_ps/imgs/3f78337b63e64b5eae975e03b3ca9965.jpg
-4.416651248931885,-10.306402206420898,0.0,IMDL,1,4,2,8,IMDL-Fake,/mnt/public/public_datasets/OpenMMSecV2/IMDL/generative/stable_diffusion/imgs/667cd3c6810c409d8a979e3339c836f0.jpg
-3.0773561000823975,9.426546096801758,0.0,AIGC,1,2,2,4,AIGC-Fake,/mnt/public/public_datasets/OpenMMSecV2/AIGC/commercial/flux/ac5aae2d1f4c413b927751b566424de1.jpg
-5.348330020904541,-8.456302642822266,0.0,IMDL,1,4,2,8,IMDL-Fake,/mnt/public/public_datasets/OpenMMSecV2/IMDL/generative/gan_mat/imgs/151868004e9b43eaa58753260036d038.jpg
30.02185821533203,26.648792266845703,0.0,Doc,0,3,1,5,Document-Real,/mnt/public/public_datasets/OpenMMSecV2/Doc/Real/8aa3ecdcfcdc4b08a374d089de403835.jpg
-9.172144889831543,5.205307960510254,0.0,AIGC,1,2,2,4,AIGC-Fake,/mnt/public/public_datasets/OpenMMSecV2/AIGC/GAN/styleGANs/49be3a8cecf04b9cbfa1ade721047fb8.jpg
-49.412200927734375,-25.555461883544922,0.0,deepfake,1,1,2,2,Deepfake-Fake,/mnt/public/public_datasets/OpenMMSecV2/Deepfake/Fake/FaceReenactment/MRAA/c86ffccb9c3147cd9cf74ddf36f4d54c.png
-32.7750244140625,-18.776174545288086,0.0,deepfake,0,1,1,1,Deepfake-Real,/mnt/public/public_datasets/OpenMMSecV2/Deepfake/Real/DFD/efe27286fbe54b2cb9c85a7dfb8c1655.png
30.094106674194336,26.555503845214844,0.0,Doc,0,3,1,5,Document-Real,/mnt/public/public_datasets/OpenMMSecV2/Doc/Real/2ac1decf605c42a681f611d301bdd470.jpg
-30.419891357421875,-14.93871784210205,0.0,deepfake,0,1,1,1,Deepfake-Real,/mnt/public/public_datasets/OpenMMSecV2/Deepfake/Real/DFD/70ad8a432caf4e619e6f781914b18ddb.png
-8.362920761108398,-5.962372779846191,0.0,IMDL,1,4,2,8,IMDL-Fake,/mnt/public/public_datasets/OpenMMSecV2/IMDL/generative/flux_1/imgs/13fac25c39294136bc27556d13f52cf8.png
24.930419921875,24.445268630981445,0.0,Doc,1,3,2,6,Document-Fake,/mnt/public/public_datasets/OpenMMSecV2/Doc/non_aigc/cover/imgs/b03d21c1ec094d0cb688a0d3531c4a11.jpg
23.524999618530273,25.39752769470215,0.0,Doc,1,3,2,6,Document-Fake,/mnt/public/public_datasets/OpenMMSecV2/Doc/non_aigc/generation/imgs/b4a9016a441046a59e849ab54fa204d3.jpg
-6.83644437789917,4.674863815307617,0.0,AIGC,1,2,2,4,AIGC-Fake,/mnt/public/public_datasets/OpenMMSecV2/AIGC/latent_diffusion/systematic/2fe117d3d9af4ef89e926e8fd6f62074.jpg
5.8675312995910645,-9.20553207397461,0.0,IMDL,0,4,1,7,IMDL-Real,/mnt/public/public_datasets/OpenMMSecV2/IMDL/generative/stable_diffusion/imgs/60fc1dfdd5b147dd8de5dab24423db70.png
-32.584564208984375,-16.29490852355957,0.0,deepfake,0,1,1,1,Deepfake-Real,/mnt/public/public_datasets/OpenMMSecV2/Deepfake/Real/FF++/a4bad6c6af034158ab791ea2b0038d2a.png
-51.07829284667969,-18.96541404724121,0.0,deepfake,1,1,2,2,Deepfake-Fake,/mnt/public/public_datasets/OpenMMSecV2/Deepfake/Fake/FaceReenactment/LIA/1a0aee70ad654628bbbd698f9819bd30.png
11.596805572509766,9.051043510437012,0.0,AIGC,0,2,1,3,AIGC-Real,/mnt/public/public_datasets/OpenMMSecV2/AIGC/laion/f38bc1c326e34f6e80ffd0557c4283c7.jpg
-1.0401766300201416,-18.442928314208984,0.0,IMDL,1,4,2,8,IMDL-Fake,/mnt/public/public_datasets/OpenMMSecV2/IMDL/generative/flux_1/imgs/048f68a85ada4f76aa118906b6ba93dd.png
5.372384071350098,-8.425162315368652,0.0,IMDL,0,4,1,7,IMDL-Real,/mnt/public/public_datasets/OpenMMSecV2/IMDL/generative/flux_1/imgs/11e6c4bd9f3c4250ab28fb8b58e606a2.png
-51.43125534057617,-20.892147064208984,0.0,deepfake,1,1,2,2,Deepfake-Fake,/mnt/public/public_datasets/OpenMMSecV2/Deepfake/Fake/EntireFaceSynthesis/SiT-XL/5a294903078a404594ef898cc3606d9e.png
-6.117257118225098,-10.13697338104248,0.0,IMDL,1,4,2,8,IMDL-Fake,/mnt/public/public_datasets/OpenMMSecV2/IMDL/generative/stable_diffusion/imgs/cdcf4f3fc50146b185f04665a6520e8f.png
-30.24856185913086,-15.581007957458496,0.0,deepfake,0,1,1,1,Deepfake-Real,/mnt/public/public_datasets/OpenMMSecV2/Deepfake/Real/DFD/0b70f1b3d3364c69afcfb4a7ff60b622.png
-30.734312057495117,-17.81103515625,0.0,deepfake,0,1,1,1,Deepfake-Real,/mnt/public/public_datasets/OpenMMSecV2/Deepfake/Real/CelebDF-v2/ee7275fd3c704cd6950d108937b240b5.png
10.267620086669922,-9.343033790588379,0.0,IMDL,0,4,1,7,IMDL-Real,/mnt/public/public_datasets/OpenMMSecV2/IMDL/generative/flux_1/imgs/e7955480769b4ca89662cc6d0e5147c5.png
-54.31781768798828,-17.76603889465332,0.0,deepfake,1,1,2,2,Deepfake-Fake,/mnt/public/public_datasets/OpenMMSecV2/Deepfake/Fake/FaceSwap/UniFace/e49201a7131642949de49770b4daa930.png
-48.04804992675781,-22.48871421813965,0.0,deepfake,1,1,2,2,Deepfake-Fake,/mnt/public/public_datasets/OpenMMSecV2/Deepfake/Fake/FaceSwap/UniFace/3232454d98414b848dd09ecd4448d964.png
33.02594757080078,21.751914978027344,0.0,Doc,0,3,1,5,Document-Real,/mnt/public/public_datasets/OpenMMSecV2/Doc/Real/f2628bf40a5f45169b8af726f2fcb387.jpg
-49.86307907104492,-14.375284194946289,0.0,deepfake,1,1,2,2,Deepfake-Fake,/mnt/public/public_datasets/OpenMMSecV2/Deepfake/Fake/FaceEditing/e4e/5025434f55474d7a94fbcac9a8271069.jpg
-32.93503952026367,-20.588375091552734,0.0,deepfake,0,1,1,1,Deepfake-Real,/mnt/public/public_datasets/OpenMMSecV2/Deepfake/Real/DFD/e872e9062d7b459b9c1cccbd769d86ab.png
-5.777825832366943,-10.210203170776367,0.0,IMDL,1,4,2,8,IMDL-Fake,/mnt/public/public_datasets/OpenMMSecV2/IMDL/generative/flux_1/imgs/80b68a4b5c024d479154f38edd9b72ad.png
33.00144958496094,20.54737091064453,0.0,Doc,0,3,1,5,Document-Real,/mnt/public/public_datasets/OpenMMSecV2/Doc/Real/423481b21596435bb397506d85bd59fe.jpg
-30.70769691467285,-23.406352996826172,0.0,deepfake,0,1,1,1,Deepfake-Real,/mnt/public/public_datasets/OpenMMSecV2/Deepfake/Real/FF++/acaf6b37648c4a7798ab8c65fcfc0761.png
7.463796138763428,-5.788393974304199,0.0,IMDL,0,4,1,7,IMDL-Real,/mnt/public/public_datasets/OpenMMSecV2/IMDL/generative/flux_1/imgs/c4a036db5b1743b198f163bbc8ef8ba9.png
-3.4481453895568848,9.319046974182129,0.0,AIGC,1,2,2,4,AIGC-Fake,/mnt/public/public_datasets/OpenMMSecV2/AIGC/commercial/dalle/d3b1f810a5a64af7b3b1f48c4c75828d.jpg
-36.12507629394531,-22.33696174621582,0.0,deepfake,0,1,1,1,Deepfake-Real,/mnt/public/public_datasets/OpenMMSecV2/Deepfake/Real/CelebDF-v2/99ed4681791b49c1902e767853228728.png
9.962456703186035,-2.995389461517334,0.0,AIGC,0,2,1,3,AIGC-Real,/mnt/public/public_datasets/OpenMMSecV2/AIGC/laion/1fdacea35666461992140d25123a70b1.jpg
24.86664390563965,18.63797378540039,0.0,Doc,1,3,2,6,Document-Fake,/mnt/public/public_datasets/OpenMMSecV2/Doc/aigc/udifftext/imgs/0fc32ef802ba46489bf0c59c8a7c2b6d.jpg
7.154440402984619,-8.728586196899414,0.0,IMDL,0,4,1,7,IMDL-Real,/mnt/public/public_datasets/OpenMMSecV2/IMDL/generative/flux_1/imgs/4653fa7994ac44a28bcb11280924f7be.png
-17.057302474975586,5.916070938110352,0.0,AIGC,1,2,2,4,AIGC-Fake,/mnt/public/public_datasets/OpenMMSecV2/AIGC/GAN/styleGANs/1078c21ffc134940b3c890cbad85bae6.jpg
6.275968551635742,-5.955075263977051,0.0,IMDL,0,4,1,7,IMDL-Real,/mnt/public/public_datasets/OpenMMSecV2/IMDL/non_generative/manual_ps/imgs/d574b72cb0aa4cdeae504097a36d99da.jpg
-53.27153015136719,-14.528040885925293,0.0,deepfake,1,1,2,2,Deepfake-Fake,/mnt/public/public_datasets/OpenMMSecV2/Deepfake/Fake/FaceEditing/StarGAN/063e2d43c4794866bb5761cd98441725.jpg
11.655662536621094,-12.311034202575684,0.0,IMDL,0,4,1,7,IMDL-Real,/mnt/public/public_datasets/OpenMMSecV2/IMDL/generative/coco/imgs/e964d47d191348e181b9f4e08e75bfb4.jpg
-6.485299110412598,-7.723651885986328,0.0,IMDL,1,4,2,8,IMDL-Fake,/mnt/public/public_datasets/OpenMMSecV2/IMDL/non_generative/manual_ps/imgs/73585d589fef49f9ab6f218fb74ef621.jpg
34.02383804321289,25.315685272216797,0.0,Doc,0,3,1,5,Document-Real,/mnt/public/public_datasets/OpenMMSecV2/Doc/Real/a6ae17beed5b47c5b8bd2a8a9a73b4de.jpg
-51.44605255126953,-20.199310302734375,0.0,deepfake,1,1,2,2,Deepfake-Fake,/mnt/public/public_datasets/OpenMMSecV2/Deepfake/Fake/FaceSwap/InSwapper/bfbadef2666946c3b18a54342dfb3901.png
29.56020736694336,27.034442901611328,0.0,Doc,0,3,1,5,Document-Real,/mnt/public/public_datasets/OpenMMSecV2/Doc/Real/4194001e10434d62a880cba6539c7e32.jpg
11.445070266723633,9.195695877075195,0.0,AIGC,0,2,1,3,AIGC-Real,/mnt/public/public_datasets/OpenMMSecV2/AIGC/laion/d71f5512d042439aacc60dccfd5b29d6.jpg
30.242523193359375,26.57734489440918,0.0,Doc,0,3,1,5,Document-Real,/mnt/public/public_datasets/OpenMMSecV2/Doc/Real/9f0730ac307e47dcbbd58f3e9e2b7af0.jpg
-7.074382781982422,-3.3251712322235107,0.0,IMDL,1,4,2,8,IMDL-Fake,/mnt/public/public_datasets/OpenMMSecV2/IMDL/non_generative/manual_ps/imgs/7db0d83e3b2c4301a54289bfb3fbf26f.jpg
-6.747832298278809,1.1252621412277222,0.0,AIGC,1,2,2,4,AIGC-Fake,/mnt/public/public_datasets/OpenMMSecV2/AIGC/other/online/imgs/fff15f3172c14b6384e054f730601f7b.jpg
-35.30535125732422,-18.444313049316406,0.0,deepfake,0,1,1,1,Deepfake-Real,/mnt/public/public_datasets/OpenMMSecV2/Deepfake/Real/FF++/94aeb9f191754469b283d1d200a047f3.png
-8.208527565002441,-3.152587652206421,0.0,IMDL,1,4,2,8,IMDL-Fake,/mnt/public/public_datasets/OpenMMSecV2/IMDL/generative/gan_mat/imgs/a16848ccffa848cf873eb7734171bedb.tiff
-30.868824005126953,-19.005168914794922,0.0,deepfake,0,1,1,1,Deepfake-Real,/mnt/public/public_datasets/OpenMMSecV2/Deepfake/Real/CelebDF-v2/925e920e84bf45ea894cf5e9e3e1178a.png
-2.1556472778320312,9.78890323638916,0.0,AIGC,1,2,2,4,AIGC-Fake,/mnt/public/public_datasets/OpenMMSecV2/AIGC/commercial/imagen/2413c2194cc5494d8be17ff5fe936005.jpg
33.30602264404297,20.617843627929688,0.0,Doc,0,3,1,5,Document-Real,/mnt/public/public_datasets/OpenMMSecV2/Doc/Real/e65dc752e45a4715a7da0b62636ffd47.jpg
10.981201171875,-6.530233383178711,0.0,IMDL,0,4,1,7,IMDL-Real,/mnt/public/public_datasets/OpenMMSecV2/IMDL/generative/stable_diffusion/imgs/0771cb79193342f2a1951e7cdc92dfa0.png
12.63686752319336,9.298491477966309,0.0,AIGC,0,2,1,3,AIGC-Real,/mnt/public/public_datasets/OpenMMSecV2/AIGC/laion/e756e13808d749bfbe7bff0389bd8e01.jpg
-8.866415023803711,5.549701690673828,0.0,AIGC,1,2,2,4,AIGC-Fake,/mnt/public/public_datasets/OpenMMSecV2/AIGC/pixel_diffusion/glide/imgs/7f84bc92e96445ee92b45ffe6657ccb2.png
7.253436088562012,-0.06743991374969482,0.0,IMDL,0,4,1,7,IMDL-Real,/mnt/public/public_datasets/OpenMMSecV2/IMDL/generative/flux_1/imgs/67c824fe2dda43649bbddabfe052c957.png
-4.008020877838135,-15.94610595703125,0.0,IMDL,1,4,2,8,IMDL-Fake,/mnt/public/public_datasets/OpenMMSecV2/IMDL/generative/flux_1/imgs/a8bd4f1eac5e4f27a3218de8128ee421.png
-14.489045143127441,7.033810615539551,0.0,AIGC,1,2,2,4,AIGC-Fake,/mnt/public/public_datasets/OpenMMSecV2/AIGC/GAN/BigGAN/a5748d36a376469d84daa429f72cf23a.jpg
-6.170689105987549,-9.229376792907715,0.0,IMDL,1,4,2,8,IMDL-Fake,/mnt/public/public_datasets/OpenMMSecV2/IMDL/non_generative/manual_ps/imgs/8024b7f0231c4c939fe2b1b33ead672a.jpg
-2.4180378913879395,-2.943499803543091,0.0,AIGC,1,2,2,4,AIGC-Fake,/mnt/public/public_datasets/OpenMMSecV2/AIGC/GAN/GigaGAN/68ec1596cef54a4080e8bf6a27e95bd3.jpg
21.498058319091797,26.050689697265625,0.0,Doc,1,3,2,6,Document-Fake,/mnt/public/public_datasets/OpenMMSecV2/Doc/non_aigc/copy-move/imgs/aedd591e8f8a44c19f5f6157958c85a8.jpg
9.688310623168945,-13.442111015319824,0.0,IMDL,0,4,1,7,IMDL-Real,/mnt/public/public_datasets/OpenMMSecV2/IMDL/generative/stable_diffusion/imgs/6b1530e53c384c259c0a842ccb503ea5.png
32.55971145629883,20.669559478759766,0.0,Doc,0,3,1,5,Document-Real,/mnt/public/public_datasets/OpenMMSecV2/Doc/Real/e7730663ef29497cbbaea5606ddbd917.jpg
24.455827713012695,19.106943130493164,0.0,Doc,1,3,2,6,Document-Fake,/mnt/public/public_datasets/OpenMMSecV2/Doc/aigc/derend/imgs/ac1ad5e3672144c4a5edabec17fb8a29.jpg
21.82683753967285,25.833667755126953,0.0,Doc,1,3,2,6,Document-Fake,/mnt/public/public_datasets/OpenMMSecV2/Doc/non_aigc/copy-move/imgs/14e932345301460aad1b658e05b688ba.jpg
23.74781608581543,25.677473068237305,0.0,Doc,1,3,2,6,Document-Fake,/mnt/public/public_datasets/OpenMMSecV2/Doc/non_aigc/copy-move/imgs/ad5d2c2fc6334693b3867a3c4fb291d7.jpg
33.282711029052734,26.274198532104492,0.0,Doc,0,3,1,5,Document-Real,/mnt/public/public_datasets/OpenMMSecV2/Doc/Real/5434b199e6c84353af09e34fb195ed2c.jpg
-35.996639251708984,-17.495052337646484,0.0,deepfake,0,1,1,1,Deepfake-Real,/mnt/public/public_datasets/OpenMMSecV2/Deepfake/Real/CelebDF-v2/88971c312d494aeda9ab7b1566d21401.png
-1.9691157341003418,1.3184362649917603,0.0,AIGC,1,2,2,4,AIGC-Fake,/mnt/public/public_datasets/OpenMMSecV2/AIGC/pixel_diffusion/guided_diffusion/dcc99c4238fc410f8a7796a08c5c0911.jpg
-26.016530990600586,-8.184678077697754,0.0,deepfake,0,1,1,1,Deepfake-Real,/mnt/public/public_datasets/OpenMMSecV2/Deepfake/Real/FFHQ/00157b4e26b74a5ead626845bd65d654.jpg
8.765379905700684,5.6338605880737305,0.0,AIGC,0,2,1,3,AIGC-Real,/mnt/public/public_datasets/OpenMMSecV2/AIGC/laion/70af93825d7d426a8d7496812f61d3af.jpg
9.227145195007324,3.9542758464813232,0.0,AIGC,0,2,1,3,AIGC-Real,/mnt/public/public_datasets/OpenMMSecV2/AIGC/laion/23860018a61f46adb3ef96daa46d4f4a.jpg
-30.585269927978516,-23.683361053466797,0.0,deepfake,0,1,1,1,Deepfake-Real,/mnt/public/public_datasets/OpenMMSecV2/Deepfake/Real/UADFV/f9cb254774bf442ba3f64f354616adc9.png
10.264192581176758,6.701992034912109,0.0,AIGC,0,2,1,3,AIGC-Real,/mnt/public/public_datasets/OpenMMSecV2/AIGC/laion/724ce0d79411410bac329efdf7e2fc1f.jpg
30.495676040649414,27.55010986328125,0.0,Doc,0,3,1,5,Document-Real,/mnt/public/public_datasets/OpenMMSecV2/Doc/Real/4efee3a090f4481e94d075b285acf101.jpg
23.654048919677734,19.38334846496582,0.0,Doc,1,3,2,6,Document-Fake,/mnt/public/public_datasets/OpenMMSecV2/Doc/aigc/derend/imgs/2448696ccd1e45fdb6d7432cfb05d550.jpg
33.34295654296875,26.158937454223633,0.0,Doc,0,3,1,5,Document-Real,/mnt/public/public_datasets/OpenMMSecV2/Doc/Real/725c03739aa14772a2f33247393e5283.jpg
23.31233024597168,25.567792892456055,0.0,Doc,1,3,2,6,Document-Fake,/mnt/public/public_datasets/OpenMMSecV2/Doc/non_aigc/copy-move/imgs/5da91f3dbc8743a5be4367b9c27fa8ea.jpg
-54.130123138427734,-20.4197940826416,0.0,deepfake,1,1,2,2,Deepfake-Fake,/mnt/public/public_datasets/OpenMMSecV2/Deepfake/Fake/FaceReenactment/FS_vid2vid/dfd83157cd1947dab81b64bc0a79a067.png
8.06445598602295,-8.402637481689453,0.0,IMDL,0,4,1,7,IMDL-Real,/mnt/public/public_datasets/OpenMMSecV2/IMDL/generative/flux_1/imgs/6bde7d5e8d8d4b92b89658c244b6501d.png
-4.0941691398620605,11.262860298156738,0.0,AIGC,1,2,2,4,AIGC-Fake,/mnt/public/public_datasets/OpenMMSecV2/AIGC/latent_diffusion/systematic/feb95eee31c048ccb31e4261ccaf516f.jpg
8.510226249694824,-10.944113731384277,0.0,IMDL,0,4,1,7,IMDL-Real,/mnt/public/public_datasets/OpenMMSecV2/IMDL/generative/coco/imgs/4c2577fe216048f49b37d5e7f4450687.jpg
-16.53709602355957,7.576438903808594,0.0,AIGC,1,2,2,4,AIGC-Fake,/mnt/public/public_datasets/OpenMMSecV2/AIGC/autoregressive_model/tamingtransformers/4450e17979b344aaabf71313b751db5c.jpg
31.387287139892578,21.72508430480957,0.0,Doc,0,3,1,5,Document-Real,/mnt/public/public_datasets/OpenMMSecV2/Doc/Real/c002820cc82f44bfad7d7f42d85ae5ad.jpg
11.697162628173828,5.662725448608398,0.0,AIGC,0,2,1,3,AIGC-Real,/mnt/public/public_datasets/OpenMMSecV2/AIGC/laion/446a162df18340ccb93c40ca4f23bdb5.jpg
34.66609573364258,24.5417537689209,0.0,Doc,0,3,1,5,Document-Real,/mnt/public/public_datasets/OpenMMSecV2/Doc/Real/8fa23a2b1d354b28956241961dd2f4dd.jpg
7.072652816772461,-10.665201187133789,0.0,IMDL,0,4,1,7,IMDL-Real,/mnt/public/public_datasets/OpenMMSecV2/IMDL/generative/coco/imgs/0c81bd98135e4b9eb114613418f35103.jpg
21.989765167236328,25.99663543701172,0.0,Doc,1,3,2,6,Document-Fake,/mnt/public/public_datasets/OpenMMSecV2/Doc/non_aigc/copy-move/imgs/e3f253474d5a45db8340ab2944cf85a4.jpg
33.948612213134766,25.766265869140625,0.0,Doc,0,3,1,5,Document-Real,/mnt/public/public_datasets/OpenMMSecV2/Doc/Real/7fcdda6188f74c3ebb9d0b2bafc891c3.jpg
25.221263885498047,24.607568740844727,0.0,Doc,1,3,2,6,Document-Fake,/mnt/public/public_datasets/OpenMMSecV2/Doc/non_aigc/cover/imgs/3fdcf2aaba3f49759d5001b236a9bad4.jpg
19.272239685058594,10.591353416442871,0.0,AIGC,0,2,1,3,AIGC-Real,/mnt/public/public_datasets/OpenMMSecV2/AIGC/laion/ab05bc19fd664e02b9ac90efcb7deb40.jpg
-30.437606811523438,-19.792375564575195,0.0,deepfake,0,1,1,1,Deepfake-Real,/mnt/public/public_datasets/OpenMMSecV2/Deepfake/Real/CelebDF-v2/9671bd50f6c14a939ba115d32580dfb2.png
-9.353604316711426,8.42601490020752,0.0,AIGC,1,2,2,4,AIGC-Fake,/mnt/public/public_datasets/OpenMMSecV2/AIGC/latent_diffusion/systematic/401cec2a46774017bb7f0bbc05738e92.jpg
13.120540618896484,5.753424644470215,0.0,AIGC,0,2,1,3,AIGC-Real,/mnt/public/public_datasets/OpenMMSecV2/AIGC/laion/e46be20502734310b644225bfaa93541.jpg
-32.43650436401367,-15.25965404510498,0.0,deepfake,0,1,1,1,Deepfake-Real,/mnt/public/public_datasets/OpenMMSecV2/Deepfake/Real/VFHQ/5decfac29dd1400fb881a942d5213cf4.png
-3.5438530445098877,10.61223316192627,0.0,AIGC,1,2,2,4,AIGC-Fake,/mnt/public/public_datasets/OpenMMSecV2/AIGC/latent_diffusion/systematic/705aa45527054a92bfb2dc3043a99f5e.jpg
-31.040855407714844,-23.307655334472656,0.0,deepfake,0,1,1,1,Deepfake-Real,/mnt/public/public_datasets/OpenMMSecV2/Deepfake/Real/FF++/c4f5f4ccd37a4c9987b3bbf790d60a08.png
-0.9118875861167908,1.1537628173828125,0.0,AIGC,1,2,2,4,AIGC-Fake,/mnt/public/public_datasets/OpenMMSecV2/AIGC/pixel_diffusion/adm/imgs/953be7f2f4f34748beed72a9298d25b4.png
21.79290771484375,26.0314998626709,0.0,Doc,1,3,2,6,Document-Fake,/mnt/public/public_datasets/OpenMMSecV2/Doc/non_aigc/generation/imgs/365d745666b14a4db7193c6a1966fffe.jpg
4.688904762268066,9.877789497375488,0.0,AIGC,0,2,1,3,AIGC-Real,/mnt/public/public_datasets/OpenMMSecV2/AIGC/laion/c552725f975c4cddb9fdcad444b8f270.jpg
23.433971405029297,19.947738647460938,0.0,Doc,1,3,2,6,Document-Fake,/mnt/public/public_datasets/OpenMMSecV2/Doc/aigc/derend/imgs/9808b8aac74a4c84ad3875e9f28eb6cd.jpg
4.437362194061279,5.875110626220703,0.0,AIGC,0,2,1,3,AIGC-Real,/mnt/public/public_datasets/OpenMMSecV2/AIGC/other/online/imgs/92b41c101cad48ab9f27bf7fc68c9641.jpg
25.21148681640625,24.04669761657715,0.0,Doc,1,3,2,6,Document-Fake,/mnt/public/public_datasets/OpenMMSecV2/Doc/non_aigc/cpmv/imgs/4f52480d03a042b1ba1facd50bb9d639.jpg
-53.662139892578125,-14.273239135742188,0.0,deepfake,1,1,2,2,Deepfake-Fake,/mnt/public/public_datasets/OpenMMSecV2/Deepfake/Fake/FaceEditing/StarGANv2/b7aac786c92344f694ca5d24cc95e78d.jpg
-6.109497547149658,-13.954851150512695,0.0,deepfake,0,1,1,1,Deepfake-Real,/mnt/public/public_datasets/OpenMMSecV2/Deepfake/Real/FF++/4434f5762f404e159a4e8917282126ec.png
-34.93819046020508,-13.562267303466797,0.0,deepfake,0,1,1,1,Deepfake-Real,/mnt/public/public_datasets/OpenMMSecV2/Deepfake/Real/VFHQ/58220a81d2a247a0960ace6deea0dc40.png
-32.83735275268555,-20.575590133666992,0.0,deepfake,0,1,1,1,Deepfake-Real,/mnt/public/public_datasets/OpenMMSecV2/Deepfake/Real/DFD/21bc266be87d416c8398b8ec2aa207b0.png
-36.66835403442383,-22.84514617919922,0.0,deepfake,0,1,1,1,Deepfake-Real,/mnt/public/public_datasets/OpenMMSecV2/Deepfake/Real/FF++/33ecb952deb84aa39918b465c7831c9a.png
-16.715063095092773,5.667309761047363,0.0,AIGC,1,2,2,4,AIGC-Fake,/mnt/public/public_datasets/OpenMMSecV2/AIGC/autoregressive_model/tamingtransformers/be7e44dcd68c49c09026711913b66e55.jpg
-4.643357753753662,-7.999418258666992,0.0,IMDL,1,4,2,8,IMDL-Fake,/mnt/public/public_datasets/OpenMMSecV2/IMDL/non_generative/manual_ps/imgs/4e90f874e6c54240a1108f2b666023ab.jpg
-51.52774429321289,-16.87923812866211,0.0,deepfake,1,1,2,2,Deepfake-Fake,/mnt/public/public_datasets/OpenMMSecV2/Deepfake/Fake/FaceEditing/StarGAN/ba2fbfbbd18f485983f912a45c8d4a81.jpg
-16.11583137512207,5.863670349121094,0.0,AIGC,1,2,2,4,AIGC-Fake,/mnt/public/public_datasets/OpenMMSecV2/AIGC/autoregressive_model/tamingtransformers/a5700870fe5c49d08e92723735a0839a.jpg
22.866491317749023,26.02265167236328,0.0,Doc,1,3,2,6,Document-Fake,/mnt/public/public_datasets/OpenMMSecV2/Doc/non_aigc/generation/imgs/e1671c7987a74fada649668036b86955.jpg
21.62706184387207,26.111059188842773,0.0,Doc,1,3,2,6,Document-Fake,/mnt/public/public_datasets/OpenMMSecV2/Doc/non_aigc/generation/imgs/8ee372ac0680468881960a7a783bf3cf.jpg
6.750887393951416,3.0028891563415527,0.0,AIGC,0,2,1,3,AIGC-Real,/mnt/public/public_datasets/OpenMMSecV2/AIGC/other/online/imgs/181cbeb934e84b7aa123892742065066.jpg
32.26475524902344,21.04178237915039,0.0,Doc,0,3,1,5,Document-Real,/mnt/public/public_datasets/OpenMMSecV2/Doc/Real/e22ebca68d0c438a9ecd3cd5176b5797.jpg
-52.56480407714844,-19.791501998901367,0.0,deepfake,1,1,2,2,Deepfake-Fake,/mnt/public/public_datasets/OpenMMSecV2/Deepfake/Fake/FaceReenactment/MRAA/5703e8a9df9a48679d0d54ea99fa5803.png
-35.551513671875,-16.380369186401367,0.0,deepfake,0,1,1,1,Deepfake-Real,/mnt/public/public_datasets/OpenMMSecV2/Deepfake/Real/CelebDF-v2/00749a71e2c949aeb1c69db231754b51.png
23.20442771911621,26.25423240661621,0.0,Doc,1,3,2,6,Document-Fake,/mnt/public/public_datasets/OpenMMSecV2/Doc/non_aigc/generation/imgs/04030961e27944cf9807bc48b41e5b70.jpg
23.519546508789062,25.49173927307129,0.0,Doc,1,3,2,6,Document-Fake,/mnt/public/public_datasets/OpenMMSecV2/Doc/non_aigc/copy-move/imgs/2ff9125e615d48dda4cb531ab9b6c196.jpg
-30.889097213745117,-23.141633987426758,0.0,deepfake,0,1,1,1,Deepfake-Real,/mnt/public/public_datasets/OpenMMSecV2/Deepfake/Real/CelebDF-v2/6df24de004ce447bb4a2047ea76efa99.png
21.489723205566406,26.270055770874023,0.0,Doc,1,3,2,6,Document-Fake,/mnt/public/public_datasets/OpenMMSecV2/Doc/non_aigc/copy-move/imgs/c71f7b9ef9ae4c24a5f3f12870b3d144.jpg
9.794208526611328,7.1653642654418945,0.0,AIGC,0,2,1,3,AIGC-Real,/mnt/public/public_datasets/OpenMMSecV2/AIGC/laion/21808bfc763b436b8e256447f3b69936.jpg
-7.782637119293213,-2.8435306549072266,0.0,IMDL,1,4,2,8,IMDL-Fake,/mnt/public/public_datasets/OpenMMSecV2/IMDL/generative/gan_mat/imgs/36bd872d92d949639a6c953a7d818a48.png
-8.375287055969238,7.45577335357666,0.0,AIGC,1,2,2,4,AIGC-Fake,/mnt/public/public_datasets/OpenMMSecV2/AIGC/GAN/CIPS/1a269a2fdfd441b4b31483e77606b47d.jpg
-50.41697692871094,-14.361578941345215,0.0,deepfake,1,1,2,2,Deepfake-Fake,/mnt/public/public_datasets/OpenMMSecV2/Deepfake/Fake/FaceEditing/e4e/f1dd28994bdf45d8aa917eb0c12bf6db.jpg
7.649106025695801,-9.326130867004395,0.0,IMDL,0,4,1,7,IMDL-Real,/mnt/public/public_datasets/OpenMMSecV2/IMDL/generative/coco/imgs/a1a9b3c62b0945efa79dd02c94c9f33d.jpg
-32.69490051269531,-20.1450138092041,0.0,deepfake,0,1,1,1,Deepfake-Real,/mnt/public/public_datasets/OpenMMSecV2/Deepfake/Real/DFD/eb67700841854bb2b00700f0a870be69.png
-31.124921798706055,-21.821744918823242,0.0,deepfake,0,1,1,1,Deepfake-Real,/mnt/public/public_datasets/OpenMMSecV2/Deepfake/Real/FF++/3f96d1f109b2428aa7ef50fc85f14406.png
11.86630916595459,9.47723388671875,0.0,AIGC,0,2,1,3,AIGC-Real,/mnt/public/public_datasets/OpenMMSecV2/AIGC/laion/3d1dfba897f84e178ce238e9dd59974c.jpg
32.793216705322266,21.543100357055664,0.0,Doc,0,3,1,5,Document-Real,/mnt/public/public_datasets/OpenMMSecV2/Doc/Real/fee74a20329141fe8acaa0479f7019c9.jpg
32.38266372680664,20.752784729003906,0.0,Doc,0,3,1,5,Document-Real,/mnt/public/public_datasets/OpenMMSecV2/Doc/Real/65023225d7e24458910ce77abf0a178b.jpg
33.59269714355469,20.76953887939453,0.0,Doc,0,3,1,5,Document-Real,/mnt/public/public_datasets/OpenMMSecV2/Doc/Real/72bcd428ac784f2dad026ef19c62d61b.jpg
9.565873146057129,-9.023100852966309,0.0,IMDL,0,4,1,7,IMDL-Real,/mnt/public/public_datasets/OpenMMSecV2/IMDL/generative/flux_1/imgs/16fb1e94f1f944879943b3814f504532.png
-8.309427261352539,-7.736092567443848,0.0,IMDL,1,4,2,8,IMDL-Fake,/mnt/public/public_datasets/OpenMMSecV2/IMDL/generative/stable_diffusion/imgs/a3b99fa69ddb434f8260242f9e69c534.png
25.143718719482422,18.49127197265625,0.0,Doc,1,3,2,6,Document-Fake,/mnt/public/public_datasets/OpenMMSecV2/Doc/aigc/anytext/imgs/ccc7598f502044b59b261818b59cb61c.jpg
-30.582677841186523,-22.467533111572266,0.0,deepfake,0,1,1,1,Deepfake-Real,/mnt/public/public_datasets/OpenMMSecV2/Deepfake/Real/CelebDF-v2/5f4dc5bcb6ff4b18adfb594779192e4b.png
9.424384117126465,3.8010058403015137,0.0,AIGC,0,2,1,3,AIGC-Real,/mnt/public/public_datasets/OpenMMSecV2/AIGC/laion/0a9f37dd2e6a4183806be83fb4d2b25e.jpg
-55.006282806396484,-20.738876342773438,0.0,deepfake,1,1,2,2,Deepfake-Fake,/mnt/public/public_datasets/OpenMMSecV2/Deepfake/Fake/EntireFaceSynthesis/RDDM/731ed430cdb6481cae94bc7a6009b484.png
-46.59672927856445,-21.366825103759766,0.0,deepfake,1,1,2,2,Deepfake-Fake,/mnt/public/public_datasets/OpenMMSecV2/Deepfake/Fake/FaceSwap/Unknow_FS/b915e2a647404cc68b653b6a41bca9c8.png
-41.61784744262695,-28.79778480529785,0.0,deepfake,1,1,2,2,Deepfake-Fake,/mnt/public/public_datasets/OpenMMSecV2/Deepfake/Fake/FaceEditing/StarGANv2/db2af92f21d643c8a50f1baf4731558d.jpg
30.034135818481445,27.052339553833008,0.0,Doc,0,3,1,5,Document-Real,/mnt/public/public_datasets/OpenMMSecV2/Doc/Real/0b7d023772e3478dbff7e7b9814704a2.jpg
7.008205413818359,-9.516692161560059,0.0,IMDL,0,4,1,7,IMDL-Real,/mnt/public/public_datasets/OpenMMSecV2/IMDL/generative/coco/imgs/b856fcf15c274b06b986b92d3f2e1545.jpg
11.584601402282715,6.632245063781738,0.0,AIGC,0,2,1,3,AIGC-Real,/mnt/public/public_datasets/OpenMMSecV2/AIGC/laion/7093fe27d6174d11bdf26c548b4ae592.jpg
-30.609542846679688,-21.73724937438965,0.0,deepfake,0,1,1,1,Deepfake-Real,/mnt/public/public_datasets/OpenMMSecV2/Deepfake/Real/CelebDF-v2/118ad837670e43c4a41e008ef43e8d89.png
10.852906227111816,6.364529609680176,0.0,AIGC,0,2,1,3,AIGC-Real,/mnt/public/public_datasets/OpenMMSecV2/AIGC/laion/305bb1e56f6e4ba9864dd3e5ce724b27.jpg
24.291383743286133,19.285564422607422,0.0,Doc,1,3,2,6,Document-Fake,/mnt/public/public_datasets/OpenMMSecV2/Doc/aigc/anytext/imgs/d51b5c50874248d48ca6b678a12e1234.jpg
23.53703498840332,26.55528450012207,0.0,Doc,1,3,2,6,Document-Fake,/mnt/public/public_datasets/OpenMMSecV2/Doc/non_aigc/copy-move/imgs/283e04912da5420f89601c8931c7e7c6.jpg
-2.9210972785949707,-5.582444190979004,0.0,IMDL,1,4,2,8,IMDL-Fake,/mnt/public/public_datasets/OpenMMSecV2/IMDL/generative/flux_1/imgs/8b7b38990a4e41bba853a36bcb29daf1.png
10.3878812789917,-12.939085960388184,0.0,IMDL,0,4,1,7,IMDL-Real,/mnt/public/public_datasets/OpenMMSecV2/IMDL/generative/coco/imgs/b895ff67d51746b98a8a6cce960572ca.jpg
34.52809143066406,24.651348114013672,0.0,Doc,0,3,1,5,Document-Real,/mnt/public/public_datasets/OpenMMSecV2/Doc/Real/2fc9fa3a416345f78cd109e0446d21e7.jpg
-3.652805805206299,8.66088581085205,0.0,AIGC,1,2,2,4,AIGC-Fake,/mnt/public/public_datasets/OpenMMSecV2/AIGC/latent_diffusion/systematic/8352ad3dd64143f0bb2b55b6a7ab2b4e.jpg
7.671319484710693,-14.209343910217285,0.0,IMDL,0,4,1,7,IMDL-Real,/mnt/public/public_datasets/OpenMMSecV2/IMDL/generative/stable_diffusion/imgs/23e6097d77a64ddba525c93eace0c887.png
0.13020440936088562,-10.319196701049805,0.0,IMDL,1,4,2,8,IMDL-Fake,/mnt/public/public_datasets/OpenMMSecV2/IMDL/non_generative/manual_ps/imgs/14a666b959644268929fc5bd410f816c.jpg
11.8021240234375,-12.549108505249023,0.0,IMDL,0,4,1,7,IMDL-Real,/mnt/public/public_datasets/OpenMMSecV2/IMDL/generative/coco/imgs/a9f849c7e0734500a211150f90e993eb.jpg
33.60820770263672,25.855815887451172,0.0,Doc,0,3,1,5,Document-Real,/mnt/public/public_datasets/OpenMMSecV2/Doc/Real/d673fb5b82cf4d4783fed0018b4811b3.jpg
9.912031173706055,-9.287891387939453,0.0,IMDL,0,4,1,7,IMDL-Real,/mnt/public/public_datasets/OpenMMSecV2/IMDL/generative/stable_diffusion/imgs/ee9dda92954b4176afc6b4c9b4002ca7.png
32.82309341430664,20.956809997558594,0.0,Doc,0,3,1,5,Document-Real,/mnt/public/public_datasets/OpenMMSecV2/Doc/Real/dca3f027b57a4c2e808268ab4042c9bb.jpg
9.156373023986816,-8.660311698913574,0.0,IMDL,0,4,1,7,IMDL-Real,/mnt/public/public_datasets/OpenMMSecV2/IMDL/generative/flux_1/imgs/7efadca659ef4e5b84d154d897fa9745.png
22.983976364135742,19.565629959106445,0.0,Doc,1,3,2,6,Document-Fake,/mnt/public/public_datasets/OpenMMSecV2/Doc/aigc/textocr/imgs/b1718d1abe1b4bca83b7e0f5bb4186dd.jpg
-2.2068710327148438,9.163179397583008,0.0,AIGC,1,2,2,4,AIGC-Fake,/mnt/public/public_datasets/OpenMMSecV2/AIGC/other/online/imgs/e14afb27a67f4ba5a01b4e759830d4c2.jpg
4.621114730834961,2.852216958999634,0.0,AIGC,0,2,1,3,AIGC-Real,/mnt/public/public_datasets/OpenMMSecV2/AIGC/laion/cb9f54483ffd491a8afc91ea77185a26.jpg
-0.47713321447372437,-2.6207151412963867,0.0,AIGC,0,2,1,3,AIGC-Real,/mnt/public/public_datasets/OpenMMSecV2/AIGC/other/online/imgs/dde3090d3b534765bdddb7b3906b181d.jpg
32.613162994384766,21.572534561157227,0.0,Doc,0,3,1,5,Document-Real,/mnt/public/public_datasets/OpenMMSecV2/Doc/Real/5c08df64d7304df09f066a8969310cdb.jpg
6.1492486000061035,5.244231224060059,0.0,AIGC,0,2,1,3,AIGC-Real,/mnt/public/public_datasets/OpenMMSecV2/AIGC/laion/1a2640d815484bb5a1e2e823843b87a7.jpg
-5.740781307220459,-6.738618850708008,0.0,IMDL,1,4,2,8,IMDL-Fake,/mnt/public/public_datasets/OpenMMSecV2/IMDL/non_generative/manual_ps/imgs/a6937a42c10440c3a4673890336d8f36.jpg
9.370285034179688,-14.288422584533691,0.0,IMDL,0,4,1,7,IMDL-Real,/mnt/public/public_datasets/OpenMMSecV2/IMDL/generative/coco/imgs/14613de60b404cdcb087e976e789faa5.jpg
-6.029439449310303,-5.4525909423828125,0.0,IMDL,1,4,2,8,IMDL-Fake,/mnt/public/public_datasets/OpenMMSecV2/IMDL/non_generative/manual_ps/imgs/2a7565c13fd34c11b2aba31d5295d432.jpg
32.58680725097656,20.284271240234375,0.0,Doc,0,3,1,5,Document-Real,/mnt/public/public_datasets/OpenMMSecV2/Doc/Real/b76a92e6e03e444387b05ecc567ff2de.jpg
-54.341732025146484,-21.540781021118164,0.0,deepfake,1,1,2,2,Deepfake-Fake,/mnt/public/public_datasets/OpenMMSecV2/Deepfake/Fake/FaceReenactment/MCNet/fe7ca2a6ea5944128905be361fb8b265.png
23.419572830200195,25.79049301147461,0.0,Doc,1,3,2,6,Document-Fake,/mnt/public/public_datasets/OpenMMSecV2/Doc/non_aigc/generation/imgs/5b2998a9cf0847a2b5a9667a0e6ea1ac.jpg
-31.502811431884766,-23.52431869506836,0.0,deepfake,0,1,1,1,Deepfake-Real,/mnt/public/public_datasets/OpenMMSecV2/Deepfake/Real/FF++/063efa22275f468bbf129d892b9ca9b3.png
7.846611022949219,3.4371237754821777,0.0,AIGC,0,2,1,3,AIGC-Real,/mnt/public/public_datasets/OpenMMSecV2/AIGC/other/online/imgs/bebe9dc1b2d24aaf9a13790d80ffbab6.jpg
21.793336868286133,26.03814697265625,0.0,Doc,1,3,2,6,Document-Fake,/mnt/public/public_datasets/OpenMMSecV2/Doc/non_aigc/generation/imgs/4b45ba4d43744ccca5912b81581b8b63.jpg
-32.74811935424805,-18.450422286987305,0.0,deepfake,0,1,1,1,Deepfake-Real,/mnt/public/public_datasets/OpenMMSecV2/Deepfake/Real/DFD/a13cf0a536834317887b9cb65ec2c52f.png
-46.74130630493164,-11.096118927001953,0.0,deepfake,1,1,2,2,Deepfake-Fake,/mnt/public/public_datasets/OpenMMSecV2/Deepfake/Fake/EntireFaceSynthesis/StyleGAN3/112a8adc141b4b3abf5355a4c289165c.png
-53.10260009765625,-18.519468307495117,0.0,deepfake,1,1,2,2,Deepfake-Fake,/mnt/public/public_datasets/OpenMMSecV2/Deepfake/Fake/EntireFaceSynthesis/DiT-XL/ee35aeac10fb4e80bce2e9817728dc29.png
-31.46986198425293,-18.44306182861328,0.0,deepfake,0,1,1,1,Deepfake-Real,/mnt/public/public_datasets/OpenMMSecV2/Deepfake/Real/CelebDF-v2/11a620c1ff1d4c88b3da91e8f1217720.png
11.488767623901367,6.430323600769043,0.0,AIGC,0,2,1,3,AIGC-Real,/mnt/public/public_datasets/OpenMMSecV2/AIGC/laion/fc757f5d4af24dab90734ebdfeadf88c.jpg
-31.964582443237305,-23.725494384765625,0.0,deepfake,0,1,1,1,Deepfake-Real,/mnt/public/public_datasets/OpenMMSecV2/Deepfake/Real/FF++/62586074d3c34030aab8725e1c359fb0.png
7.513554096221924,-14.25991439819336,0.0,IMDL,0,4,1,7,IMDL-Real,/mnt/public/public_datasets/OpenMMSecV2/IMDL/generative/coco/imgs/3443e0e5e1fd410bad97822efa999ac4.jpg
23.594228744506836,26.52056121826172,0.0,Doc,1,3,2,6,Document-Fake,/mnt/public/public_datasets/OpenMMSecV2/Doc/non_aigc/copy-move/imgs/bb53aa0f3db84424a880e0e1fc931604.jpg
6.740838050842285,-4.734095573425293,0.0,IMDL,0,4,1,7,IMDL-Real,/mnt/public/public_datasets/OpenMMSecV2/IMDL/non_generative/manual_ps/imgs/1766448e49094a3fb54ea3cc239d94dc.jpg
-34.39277648925781,-17.043041229248047,0.0,deepfake,0,1,1,1,Deepfake-Real,/mnt/public/public_datasets/OpenMMSecV2/Deepfake/Real/CelebDF-v2/5700785790ed448eba9057577e236053.png
-9.14337158203125,5.121208190917969,0.0,AIGC,1,2,2,4,AIGC-Fake,/mnt/public/public_datasets/OpenMMSecV2/AIGC/GAN/styleGANs/adc8c7d7d9df4c4d8c23d6af493d8914.jpg
22.77177619934082,25.942049026489258,0.0,Doc,1,3,2,6,Document-Fake,/mnt/public/public_datasets/OpenMMSecV2/Doc/non_aigc/insert/imgs/e277af8708a04cc49eef244f6847e5c3.jpg
9.827693939208984,7.268627166748047,0.0,AIGC,0,2,1,3,AIGC-Real,/mnt/public/public_datasets/OpenMMSecV2/AIGC/laion/c7adcb6a8dc54dcfbe2cbcfbc7325b12.jpg
-2.482349395751953,8.580090522766113,0.0,AIGC,1,2,2,4,AIGC-Fake,/mnt/public/public_datasets/OpenMMSecV2/AIGC/other/online/imgs/d9bd03b2f8db4ab2aed2bad9f7c0808d.jpg
-49.28663635253906,-12.275883674621582,0.0,deepfake,1,1,2,2,Deepfake-Fake,/mnt/public/public_datasets/OpenMMSecV2/Deepfake/Fake/EntireFaceSynthesis/StyleGAN2/bbbd7a8a80f644ae91a3ef2737a568f7.png
-9.73165225982666,7.11143684387207,0.0,AIGC,1,2,2,4,AIGC-Fake,/mnt/public/public_datasets/OpenMMSecV2/AIGC/latent_diffusion/systematic/d61ee8e4c36f4f31a7b5f816e6b7c8ea.jpg
-51.051883697509766,-14.01196575164795,0.0,deepfake,1,1,2,2,Deepfake-Fake,/mnt/public/public_datasets/OpenMMSecV2/Deepfake/Fake/FaceEditing/e4e/5660b7e2fcee40d0b27f9edda4bcadde.jpg
6.439906120300293,2.4002370834350586,0.0,AIGC,0,2,1,3,AIGC-Real,/mnt/public/public_datasets/OpenMMSecV2/AIGC/GAN/BigGAN/imgs/ecdcffbb6764498ea7c16ec801b5ad54.JPEG
-5.944155693054199,4.064600944519043,0.0,AIGC,1,2,2,4,AIGC-Fake,/mnt/public/public_datasets/OpenMMSecV2/AIGC/other/online/imgs/c9b37ef18eae4317b77b51b8992843e3.jpg
-47.93813705444336,-16.84368896484375,0.0,deepfake,1,1,2,2,Deepfake-Fake,/mnt/public/public_datasets/OpenMMSecV2/Deepfake/Fake/FaceEditing/StarGANv2/89c7381c944d479fa7f30236f460c967.jpg
-32.84009552001953,-20.46615982055664,0.0,deepfake,0,1,1,1,Deepfake-Real,/mnt/public/public_datasets/OpenMMSecV2/Deepfake/Real/DFD/f039a095dd2247a68b7ba809e5a8ae6d.png
22.436981201171875,25.697465896606445,0.0,Doc,1,3,2,6,Document-Fake,/mnt/public/public_datasets/OpenMMSecV2/Doc/non_aigc/cover/imgs/3c5623fe63c54020b50f23aa505a8313.jpg
34.401832580566406,24.646617889404297,0.0,Doc,0,3,1,5,Document-Real,/mnt/public/public_datasets/OpenMMSecV2/Doc/Real/1afd2747551c45108d274b138cf330ce.jpg
4.1550374031066895,5.562189102172852,0.0,AIGC,0,2,1,3,AIGC-Real,/mnt/public/public_datasets/OpenMMSecV2/AIGC/laion/df5821eed1aa4172900a2c0418089a95.jpg
7.343642711639404,-14.11750602722168,0.0,IMDL,0,4,1,7,IMDL-Real,/mnt/public/public_datasets/OpenMMSecV2/IMDL/generative/coco/imgs/088430ec97da44859a73669cc3b12bb7.jpg
-29.257612228393555,-18.910011291503906,0.0,deepfake,0,1,1,1,Deepfake-Real,/mnt/public/public_datasets/OpenMMSecV2/Deepfake/Real/FF++/7c45012945c4452295efb14b270d40f9.png
-4.870235919952393,-9.293193817138672,0.0,IMDL,1,4,2,8,IMDL-Fake,/mnt/public/public_datasets/OpenMMSecV2/IMDL/non_generative/manual_ps/imgs/a72534d7973b41d5a448cb628c97d7b3.jpg
5.341704845428467,4.322710037231445,0.0,AIGC,0,2,1,3,AIGC-Real,/mnt/public/public_datasets/OpenMMSecV2/AIGC/other/online/imgs/b2ce103a048b49699c244ca51ee59fac.jpg
-3.380629777908325,-10.558587074279785,0.0,IMDL,1,4,2,8,IMDL-Fake,/mnt/public/public_datasets/OpenMMSecV2/IMDL/generative/stable_diffusion/imgs/8e0ca8af92eb448f86a0f2d08968795e.png
32.69169235229492,21.273086547851562,0.0,Doc,0,3,1,5,Document-Real,/mnt/public/public_datasets/OpenMMSecV2/Doc/Real/3317d0c3ad3b47448ffdc183cfb5d6bf.jpg
-4.515575885772705,-9.646141052246094,0.0,IMDL,1,4,2,8,IMDL-Fake,/mnt/public/public_datasets/OpenMMSecV2/IMDL/non_generative/manual_ps/imgs/609c8f6da4364dbe895f4f9226283305.jpg
6.971309185028076,1.724869728088379,0.0,AIGC,0,2,1,3,AIGC-Real,/mnt/public/public_datasets/OpenMMSecV2/AIGC/commercial/wukong/imgs/3f41718c318248b1955ede6a89b5d7ee.JPEG
24.616968154907227,19.8438777923584,0.0,Doc,1,3,2,6,Document-Fake,/mnt/public/public_datasets/OpenMMSecV2/Doc/aigc/textdiff/imgs/fcb00e8ed3de46a0a20841b0b0302bad.jpg
10.436456680297852,5.076359748840332,0.0,AIGC,0,2,1,3,AIGC-Real,/mnt/public/public_datasets/OpenMMSecV2/AIGC/laion/2cc2133f70d14c868ba71131a4d7fae6.jpg
-46.2641716003418,-21.55790138244629,0.0,deepfake,1,1,2,2,Deepfake-Fake,/mnt/public/public_datasets/OpenMMSecV2/Deepfake/Fake/FaceSwap/InSwapper/d43c6f53a5e546d29943076c0391e134.png
9.238484382629395,-12.355074882507324,0.0,IMDL,0,4,1,7,IMDL-Real,/mnt/public/public_datasets/OpenMMSecV2/IMDL/generative/flux_1/imgs/73333e95924640bb91000d2996cd7fe8.png
-7.938026428222656,-7.56119441986084,0.0,IMDL,1,4,2,8,IMDL-Fake,/mnt/public/public_datasets/OpenMMSecV2/IMDL/non_generative/manual_ps/imgs/7e88e20e6cbc4633bec708e238271c2b.jpg
-3.78719162940979,10.2490873336792,0.0,AIGC,1,2,2,4,AIGC-Fake,/mnt/public/public_datasets/OpenMMSecV2/AIGC/pixel_diffusion/glide/imgs/7aec40631afe4372909a85f914dc0caf.png
-26.75904083251953,-14.144189834594727,0.0,deepfake,0,1,1,1,Deepfake-Real,/mnt/public/public_datasets/OpenMMSecV2/Deepfake/Real/FFHQ/05c338b858b74766987920989b34b0bd.jpeg
-31.996795654296875,-16.839128494262695,0.0,deepfake,0,1,1,1,Deepfake-Real,/mnt/public/public_datasets/OpenMMSecV2/Deepfake/Real/FF++/018fe23493214b9d93a0efc3bb6652bf.png
-17.26097869873047,7.003016471862793,0.0,AIGC,1,2,2,4,AIGC-Fake,/mnt/public/public_datasets/OpenMMSecV2/AIGC/GAN/ProjectedGAN/25783424af55431686eaf60b77ba77a8.jpg
-8.954488754272461,5.590200424194336,0.0,AIGC,1,2,2,4,AIGC-Fake,/mnt/public/public_datasets/OpenMMSecV2/AIGC/pixel_diffusion/glide/imgs/8728fe40c76a4b979417748ba92c8128.png
-51.7662353515625,-15.010395050048828,0.0,deepfake,1,1,2,2,Deepfake-Fake,/mnt/public/public_datasets/OpenMMSecV2/Deepfake/Fake/EntireFaceSynthesis/StyleGAN-XL/5bb680a915944d5eb07a9911b48950ea.png
23.512617111206055,26.562742233276367,0.0,Doc,1,3,2,6,Document-Fake,/mnt/public/public_datasets/OpenMMSecV2/Doc/non_aigc/generation/imgs/a4bd880ff7144175a2e8a419502937a5.jpg
-30.210918426513672,-21.826810836791992,0.0,deepfake,0,1,1,1,Deepfake-Real,/mnt/public/public_datasets/OpenMMSecV2/Deepfake/Real/CelebDF-v2/62656d3da4464bb68b696781ceeaf032.png
9.053115844726562,-7.439732551574707,0.0,IMDL,0,4,1,7,IMDL-Real,/mnt/public/public_datasets/OpenMMSecV2/IMDL/generative/stable_diffusion/imgs/0bfc8a135e6148cbb99fc040aa41aaa4.png
9.48912239074707,2.8217148780822754,0.0,AIGC,0,2,1,3,AIGC-Real,/mnt/public/public_datasets/OpenMMSecV2/AIGC/laion/c10c3eb1ab2a49ea81907cf694e81fb1.jpg
-8.282892227172852,-2.9278886318206787,0.0,IMDL,1,4,2,8,IMDL-Fake,/mnt/public/public_datasets/OpenMMSecV2/IMDL/generative/paintbyexample/imgs/7d1e68def93643039a79e4a7b0deef7b.png
-35.24919891357422,-21.60240364074707,0.0,deepfake,0,1,1,1,Deepfake-Real,/mnt/public/public_datasets/OpenMMSecV2/Deepfake/Real/FF++/54e6243bff1d49a5a02a687c19148318.png
24.18886375427246,19.016878128051758,0.0,Doc,1,3,2,6,Document-Fake,/mnt/public/public_datasets/OpenMMSecV2/Doc/aigc/udifftext/imgs/7c3ff868ac224d6287c0fdcb7ae7123f.jpg
-53.08253479003906,-17.324893951416016,0.0,deepfake,1,1,2,2,Deepfake-Fake,/mnt/public/public_datasets/OpenMMSecV2/Deepfake/Fake/FaceEditing/StarGAN/74b91dba4d9543558a54952072eb2407.jpg
-28.617372512817383,-21.491161346435547,0.0,deepfake,0,1,1,1,Deepfake-Real,/mnt/public/public_datasets/OpenMMSecV2/Deepfake/Real/VFHQ/a9dea4337ed54881aeaad934cec1682c.png
-52.90811538696289,-21.047847747802734,0.0,deepfake,1,1,2,2,Deepfake-Fake,/mnt/public/public_datasets/OpenMMSecV2/Deepfake/Fake/FaceReenactment/HyperReenact/db412a6074b548c8aeb81b6aa3eb42e7.png
-8.357781410217285,-2.798187017440796,0.0,IMDL,1,4,2,8,IMDL-Fake,/mnt/public/public_datasets/OpenMMSecV2/IMDL/generative/gan_mat/imgs/34f17cf733064fffa67bb4db7acd4205.jpg
29.861251831054688,27.32089614868164,0.0,Doc,0,3,1,5,Document-Real,/mnt/public/public_datasets/OpenMMSecV2/Doc/Real/6e515c3be88247108b82a477c191b9c3.jpg
9.408266067504883,6.774714469909668,0.0,AIGC,0,2,1,3,AIGC-Real,/mnt/public/public_datasets/OpenMMSecV2/AIGC/laion/1134fbf632e84d9fa6962d00c4fe59a4.jpg
9.987995147705078,-10.75161075592041,0.0,IMDL,0,4,1,7,IMDL-Real,/mnt/public/public_datasets/OpenMMSecV2/IMDL/generative/flux_1/imgs/9fd9ba64a86f42b6b4f4a7249d54851b.png
-47.1318473815918,-21.33367156982422,0.0,deepfake,1,1,2,2,Deepfake-Fake,/mnt/public/public_datasets/OpenMMSecV2/Deepfake/Fake/FaceSwap/Deepfake/3256ade50ea84180871ae01a853452d1.png
7.359931945800781,9.372659683227539,0.0,AIGC,0,2,1,3,AIGC-Real,/mnt/public/public_datasets/OpenMMSecV2/AIGC/laion/295af317c73840f7b1a866ab9db1e3e6.jpg
-52.74573516845703,-14.791060447692871,0.0,deepfake,1,1,2,2,Deepfake-Fake,/mnt/public/public_datasets/OpenMMSecV2/Deepfake/Fake/FaceEditing/StarGAN/e6c8e4d3365842d8881b325a15f2cd10.jpg
-7.032402992248535,-4.061532974243164,0.0,IMDL,1,4,2,8,IMDL-Fake,/mnt/public/public_datasets/OpenMMSecV2/IMDL/generative/gan_mat/imgs/9e4c3ad02b5f4fb1b42dade6ec713b8d.jpg
23.68216896057129,19.99425506591797,0.0,Doc,1,3,2,6,Document-Fake,/mnt/public/public_datasets/OpenMMSecV2/Doc/non_aigc/cpmv/imgs/0b7ed317ce23422592a2b2040182df7c.jpg
-5.144902229309082,-7.760047912597656,0.0,IMDL,1,4,2,8,IMDL-Fake,/mnt/public/public_datasets/OpenMMSecV2/IMDL/non_generative/manual_ps/imgs/3ac3140dd93c4fad88cb670199289fdf.jpg
-51.20402526855469,-17.76982879638672,0.0,deepfake,1,1,2,2,Deepfake-Fake,/mnt/public/public_datasets/OpenMMSecV2/Deepfake/Fake/FaceEditing/StarGAN/2bc9e003ce224887a77fdf6fd7a8f055.jpg
-4.730584621429443,-10.217137336730957,0.0,IMDL,1,4,2,8,IMDL-Fake,/mnt/public/public_datasets/OpenMMSecV2/IMDL/non_generative/manual_ps/imgs/ff498d2879ba408596a42bcc2fb5a775.tif
-49.69312286376953,-24.519105911254883,0.0,deepfake,1,1,2,2,Deepfake-Fake,/mnt/public/public_datasets/OpenMMSecV2/Deepfake/Fake/FaceEditing/StarGANv2/489e02ed79724519a06561dbebcf92f2.jpg
30.799983978271484,27.475238800048828,0.0,Doc,0,3,1,5,Document-Real,/mnt/public/public_datasets/OpenMMSecV2/Doc/Real/e3009a3d87d24d74a540374c97756efe.jpg
34.4411735534668,24.424715042114258,0.0,Doc,0,3,1,5,Document-Real,/mnt/public/public_datasets/OpenMMSecV2/Doc/Real/5ab4dd685b134c6e876a4bf0388ab582.jpg
23.64171600341797,26.305030822753906,0.0,Doc,1,3,2,6,Document-Fake,/mnt/public/public_datasets/OpenMMSecV2/Doc/non_aigc/copy-move/imgs/7cda89f0a9ff43e78cb56ccb3b393b0f.jpg
-10.012630462646484,-6.223233222961426,0.0,IMDL,1,4,2,8,IMDL-Fake,/mnt/public/public_datasets/OpenMMSecV2/IMDL/non_generative/manual_ps/imgs/0a0d3962eab742a9b6dbd0698bbc8219.jpg
-50.769569396972656,-15.819121360778809,0.0,deepfake,1,1,2,2,Deepfake-Fake,/mnt/public/public_datasets/OpenMMSecV2/Deepfake/Fake/FaceReenactment/LIA/27cac5cd40ce41bd807a71b73e7e33ea.png
6.1913838386535645,4.927298545837402,0.0,AIGC,0,2,1,3,AIGC-Real,/mnt/public/public_datasets/OpenMMSecV2/AIGC/other/online/imgs/c6cf6c3930df4e02ab803c78735e3f90.jpg
34.09541702270508,24.26347541809082,0.0,Doc,0,3,1,5,Document-Real,/mnt/public/public_datasets/OpenMMSecV2/Doc/Real/7818e7a97ae2404ea606db020807f8c7.jpg
25.925670623779297,23.4110107421875,0.0,Doc,1,3,2,6,Document-Fake,/mnt/public/public_datasets/OpenMMSecV2/Doc/non_aigc/inpaint/imgs/5724ddeafbae42eebb0231903ff86d07.jpg
-4.8772430419921875,-8.472953796386719,0.0,IMDL,1,4,2,8,IMDL-Fake,/mnt/public/public_datasets/OpenMMSecV2/IMDL/non_generative/manual_ps/imgs/349fc24f3fb9408f8188eeb3263cdc6d.tif
34.36227035522461,24.1453800201416,0.0,Doc,0,3,1,5,Document-Real,/mnt/public/public_datasets/OpenMMSecV2/Doc/Real/2a42eb08ea584fd4be634b85ce61be36.jpg
-1.3876218795776367,8.784768104553223,0.0,AIGC,1,2,2,4,AIGC-Fake,/mnt/public/public_datasets/OpenMMSecV2/AIGC/latent_diffusion/systematic/5681f5e90cde435bb56ba859e5d2cc2d.jpg
24.965543746948242,18.90460968017578,0.0,Doc,1,3,2,6,Document-Fake,/mnt/public/public_datasets/OpenMMSecV2/Doc/aigc/stefann/imgs/043839e658a542dc88630425ff4f9c1b.jpg
-1.2679502964019775,-9.666840553283691,0.0,IMDL,1,4,2,8,IMDL-Fake,/mnt/public/public_datasets/OpenMMSecV2/IMDL/non_generative/manual_ps/imgs/90d04c1c1a024ab1a964b1ff0d04c7ff.jpg
-37.2896614074707,-21.320247650146484,0.0,deepfake,0,1,1,1,Deepfake-Real,/mnt/public/public_datasets/OpenMMSecV2/Deepfake/Real/CelebDF-v2/89b5cc7558d74ce2ad2b0a53ecfd5dca.png
-46.35166549682617,-28.119094848632812,0.0,deepfake,1,1,2,2,Deepfake-Fake,/mnt/public/public_datasets/OpenMMSecV2/Deepfake/Fake/FaceReenactment/Wav2Lip/e268878df4594fa78a4858f789cdb2e2.png
-48.35972213745117,-18.713956832885742,0.0,deepfake,1,1,2,2,Deepfake-Fake,/mnt/public/public_datasets/OpenMMSecV2/Deepfake/Fake/FaceEditing/StarGANv2/ff81ef16ef8943da8eee96a2fd6cf3f1.jpg
-35.30662155151367,-22.55524253845215,0.0,deepfake,0,1,1,1,Deepfake-Real,/mnt/public/public_datasets/OpenMMSecV2/Deepfake/Real/FF++/8cf064e451694af0b5a257058b474463.png
8.05907917022705,1.8349778652191162,0.0,AIGC,0,2,1,3,AIGC-Real,/mnt/public/public_datasets/OpenMMSecV2/AIGC/commercial/wukong/imgs/378f5a42e915478aa98c313789fc9654.JPEG
21.903121948242188,24.622676849365234,0.0,Doc,1,3,2,6,Document-Fake,/mnt/public/public_datasets/OpenMMSecV2/Doc/non_aigc/cover/imgs/31bd34238b814b789cae1980230ea545.jpg
-52.154029846191406,-22.46453285217285,0.0,deepfake,1,1,2,2,Deepfake-Fake,/mnt/public/public_datasets/OpenMMSecV2/Deepfake/Fake/FaceEditing/StarGAN/46e0bcad391443b2af93755fb8b4b59c.jpg
7.934834957122803,-7.861922264099121,0.0,IMDL,0,4,1,7,IMDL-Real,/mnt/public/public_datasets/OpenMMSecV2/IMDL/generative/coco/imgs/d8a716b5414d4b678e364712ca88d017.jpg
-20.2625732421875,-22.463598251342773,0.0,deepfake,0,1,1,1,Deepfake-Real,/mnt/public/public_datasets/OpenMMSecV2/Deepfake/Real/VFHQ/d88ff17fffab43bab31661c31cd8a1da.png
-14.972783088684082,5.557140350341797,0.0,AIGC,1,2,2,4,AIGC-Fake,/mnt/public/public_datasets/OpenMMSecV2/AIGC/autoregressive_model/tamingtransformers/9903eaf053cf47978f11e175296764f0.jpg
-50.44898986816406,-20.435394287109375,0.0,deepfake,1,1,2,2,Deepfake-Fake,/mnt/public/public_datasets/OpenMMSecV2/Deepfake/Fake/FaceSwap/SimSwap/48ca0feee0274f4ab3c82e1f7cda1de3.png
6.817282676696777,-9.316266059875488,0.0,IMDL,0,4,1,7,IMDL-Real,/mnt/public/public_datasets/OpenMMSecV2/IMDL/generative/coco/imgs/b4dc620dd64949d9a25068ba4b4f28fe.jpg
4.684200286865234,7.124128341674805,0.0,AIGC,0,2,1,3,AIGC-Real,/mnt/public/public_datasets/OpenMMSecV2/AIGC/laion/348f310e489042f5bfedca49d3709dc6.jpg
-6.802087306976318,4.652133941650391,0.0,AIGC,1,2,2,4,AIGC-Fake,/mnt/public/public_datasets/OpenMMSecV2/AIGC/pixel_diffusion/adm/imgs/5e3b82cb523c4941961d2c0d079f4ab2.png
6.471171855926514,1.9745042324066162,0.0,AIGC,0,2,1,3,AIGC-Real,/mnt/public/public_datasets/OpenMMSecV2/AIGC/GAN/BigGAN/imgs/55ff129e31a54d058696cde16a597a23.JPEG
-3.6265974044799805,-15.924452781677246,0.0,IMDL,1,4,2,8,IMDL-Fake,/mnt/public/public_datasets/OpenMMSecV2/IMDL/non_generative/manual_ps/imgs/3087c7b683474b0ab742463e061be6d7.jpg
33.94729232788086,25.43290901184082,0.0,Doc,0,3,1,5,Document-Real,/mnt/public/public_datasets/OpenMMSecV2/Doc/Real/12cfc00896a44fc18f4f34d9bea6ccf8.jpg
-32.28574752807617,-23.0811710357666,0.0,deepfake,0,1,1,1,Deepfake-Real,/mnt/public/public_datasets/OpenMMSecV2/Deepfake/Real/FF++/91e02d48c6f84ef99077377aad17e003.png
3.2223498821258545,2.1454501152038574,0.0,AIGC,0,2,1,3,AIGC-Real,/mnt/public/public_datasets/OpenMMSecV2/AIGC/other/online/imgs/6519402a0d6e4ad4ab42f52fbd44e3ae.jpg
-53.96359634399414,-18.776473999023438,0.0,deepfake,1,1,2,2,Deepfake-Fake,/mnt/public/public_datasets/OpenMMSecV2/Deepfake/Fake/FaceReenactment/PIRender/037774e8fd9e41358e3ab426d665db31.png
23.539539337158203,26.47457504272461,0.0,Doc,1,3,2,6,Document-Fake,/mnt/public/public_datasets/OpenMMSecV2/Doc/non_aigc/generation/imgs/83d5309d5155466f94dd8142fc8d30a9.jpg
-54.32760238647461,-15.187355041503906,0.0,deepfake,1,1,2,2,Deepfake-Fake,/mnt/public/public_datasets/OpenMMSecV2/Deepfake/Fake/EntireFaceSynthesis/DiT-XL/7e48b927ca9e44aa8c6c16f66f295b3b.png
-51.09446334838867,-23.446256637573242,0.0,deepfake,1,1,2,2,Deepfake-Fake,/mnt/public/public_datasets/OpenMMSecV2/Deepfake/Fake/FaceReenactment/TPSMM/111353a0ba62435794359da721ae23ae.png
-6.443181991577148,-5.92384147644043,0.0,IMDL,1,4,2,8,IMDL-Fake,/mnt/public/public_datasets/OpenMMSecV2/IMDL/non_generative/manual_ps/imgs/abcb8beac31e4361bc7aeb91681e7187.jpg
-50.44110870361328,-20.93003273010254,0.0,deepfake,1,1,2,2,Deepfake-Fake,/mnt/public/public_datasets/OpenMMSecV2/Deepfake/Fake/FaceSwap/Deepfake/e1283497746d477787cc9f9524499f9f.png
-3.5642662048339844,10.572599411010742,0.0,AIGC,1,2,2,4,AIGC-Fake,/mnt/public/public_datasets/OpenMMSecV2/AIGC/pixel_diffusion/glide/c670587d94c94a49bd2b7899e8bb7616.jpg
8.931851387023926,-12.266362190246582,0.0,IMDL,0,4,1,7,IMDL-Real,/mnt/public/public_datasets/OpenMMSecV2/IMDL/generative/stable_diffusion/imgs/ca1d1fdcda2a490b8910796461eb78c3.png
23.548446655273438,19.64620590209961,0.0,Doc,1,3,2,6,Document-Fake,/mnt/public/public_datasets/OpenMMSecV2/Doc/aigc/textocr/imgs/6302372b00474a9fbb5bf63bda046703.jpg
10.09951400756836,-9.203375816345215,0.0,IMDL,0,4,1,7,IMDL-Real,/mnt/public/public_datasets/OpenMMSecV2/IMDL/generative/coco/imgs/2c1a1326afe8472aa5385ca224b905b6.jpg
-9.540395736694336,7.123671531677246,0.0,AIGC,1,2,2,4,AIGC-Fake,/mnt/public/public_datasets/OpenMMSecV2/AIGC/pixel_diffusion/guided_diffusion/b4b79990bbce4f36b9598f34fdc49351.jpg
33.563358306884766,20.62220001220703,0.0,Doc,0,3,1,5,Document-Real,/mnt/public/public_datasets/OpenMMSecV2/Doc/Real/38c5925ecfb74c3ca4382314f8b03b8b.jpg
-31.17740821838379,-22.257076263427734,0.0,deepfake,0,1,1,1,Deepfake-Real,/mnt/public/public_datasets/OpenMMSecV2/Deepfake/Real/FF++/56a2101171c14f18a045aa1351858d0e.png
7.875791072845459,-10.647032737731934,0.0,IMDL,0,4,1,7,IMDL-Real,/mnt/public/public_datasets/OpenMMSecV2/IMDL/generative/flux_1/imgs/9ebdcdbe35934a50958ac7cd701697f6.png
-3.349036931991577,-8.959718704223633,0.0,IMDL,1,4,2,8,IMDL-Fake,/mnt/public/public_datasets/OpenMMSecV2/IMDL/non_generative/manual_ps/imgs/e0148871d63b4ae0a603a360686686c6.jpg
23.064680099487305,25.71189308166504,0.0,Doc,1,3,2,6,Document-Fake,/mnt/public/public_datasets/OpenMMSecV2/Doc/non_aigc/copy-move/imgs/369294fbbd404246891634f960923d0e.jpg
8.001442909240723,5.848647117614746,0.0,AIGC,0,2,1,3,AIGC-Real,/mnt/public/public_datasets/OpenMMSecV2/AIGC/laion/1ff380d4fe9f4221802ab3afa76cf873.jpg
-3.0611684322357178,-9.027685165405273,0.0,IMDL,1,4,2,8,IMDL-Fake,/mnt/public/public_datasets/OpenMMSecV2/IMDL/non_generative/manual_ps/imgs/f2c08580864144f4b4ae6d16ee1a5e58.jpg
-0.7623470425605774,-6.8347883224487305,0.0,IMDL,1,4,2,8,IMDL-Fake,/mnt/public/public_datasets/OpenMMSecV2/IMDL/non_generative/manual_ps/imgs/65d4e92c506f43aea666d6f0740ab77c.jpg
-3.1643869876861572,9.40973949432373,0.0,AIGC,1,2,2,4,AIGC-Fake,/mnt/public/public_datasets/OpenMMSecV2/AIGC/latent_diffusion/systematic/252c3af45f97412b9a6b9e75ab0a5010.jpg
-7.736269950866699,3.1015548706054688,0.0,AIGC,1,2,2,4,AIGC-Fake,/mnt/public/public_datasets/OpenMMSecV2/AIGC/pixel_diffusion/guided_diffusion/a2d1c6fa6e6d47f9a3d9cbeb4885c749.jpg
-53.901100158691406,-19.89330291748047,0.0,deepfake,1,1,2,2,Deepfake-Fake,/mnt/public/public_datasets/OpenMMSecV2/Deepfake/Fake/FaceReenactment/FS_vid2vid/f8605fe3957440968230da59075dd3db.png
-4.854391098022461,0.9390360116958618,0.0,AIGC,1,2,2,4,AIGC-Fake,/mnt/public/public_datasets/OpenMMSecV2/AIGC/latent_diffusion/systematic/bea749049efe487e9a72802eab393a48.jpg
-27.824874877929688,-18.232707977294922,0.0,deepfake,0,1,1,1,Deepfake-Real,/mnt/public/public_datasets/OpenMMSecV2/Deepfake/Real/VFHQ/4f7c0d720cdd4e8c8a978b94e5a1bff9.png
5.590395927429199,-2.5440139770507812,0.0,IMDL,0,4,1,7,IMDL-Real,/mnt/public/public_datasets/OpenMMSecV2/IMDL/generative/flux_1/imgs/413f855d686a4a078ae06435c62e77b3.png
5.114750862121582,1.1212947368621826,0.0,AIGC,0,2,1,3,AIGC-Real,/mnt/public/public_datasets/OpenMMSecV2/AIGC/laion/e10d99ef7a1d45b99ada8f612564f7bc.jpg
11.671493530273438,9.146646499633789,0.0,AIGC,0,2,1,3,AIGC-Real,/mnt/public/public_datasets/OpenMMSecV2/AIGC/laion/257ad0aaf0064a00846a40d4d1e633c4.jpg
6.603047847747803,3.1572659015655518,0.0,AIGC,0,2,1,3,AIGC-Real,/mnt/public/public_datasets/OpenMMSecV2/AIGC/other/online/imgs/9fccce85d87a4872b9fe82ee9c4b4af7.jpg
9.765124320983887,5.893065452575684,0.0,AIGC,0,2,1,3,AIGC-Real,/mnt/public/public_datasets/OpenMMSecV2/AIGC/other/online/imgs/1a9d3a307d4c448a9253bae76728c2b1.jpg
31.940702438354492,20.044475555419922,0.0,Doc,0,3,1,5,Document-Real,/mnt/public/public_datasets/OpenMMSecV2/Doc/aigc/derend/imgs/c0aa1a51c75d42afb050b54191705a7b.jpg
-36.7154541015625,-22.06005096435547,0.0,deepfake,0,1,1,1,Deepfake-Real,/mnt/public/public_datasets/OpenMMSecV2/Deepfake/Real/CelebDF-v2/69f8b772faa64a849b1644b0ccfbead5.png
-4.062094688415527,8.422526359558105,0.0,AIGC,1,2,2,4,AIGC-Fake,/mnt/public/public_datasets/OpenMMSecV2/AIGC/commercial/flux/7d398b6e56c94a69a1ef286dfee32577.jpg
9.522385597229004,-10.145094871520996,0.0,IMDL,0,4,1,7,IMDL-Real,/mnt/public/public_datasets/OpenMMSecV2/IMDL/generative/coco/imgs/855465b1979743fbae6036d0eb2197b0.jpg
-5.761326789855957,1.7309702634811401,0.0,AIGC,1,2,2,4,AIGC-Fake,/mnt/public/public_datasets/OpenMMSecV2/AIGC/commercial/ideogram/fbc32e53e6f04f8dbde8cb17b093fc96.jpg
-1.086443305015564,-5.656637191772461,0.0,IMDL,1,4,2,8,IMDL-Fake,/mnt/public/public_datasets/OpenMMSecV2/IMDL/non_generative/manual_ps/imgs/17b82e4ac401445eac985e69a53846d7.jpg
-0.3193281888961792,-2.021669864654541,0.0,AIGC,0,2,1,3,AIGC-Real,/mnt/public/public_datasets/OpenMMSecV2/AIGC/laion/fe0d5ea370a3478ebe03cd52cd3e0441.jpg
34.73041534423828,24.502756118774414,0.0,Doc,0,3,1,5,Document-Real,/mnt/public/public_datasets/OpenMMSecV2/Doc/Real/d5f48a43e0d14c718f566a9b77c04932.jpg
-4.442316055297852,-11.400854110717773,0.0,IMDL,1,4,2,8,IMDL-Fake,/mnt/public/public_datasets/OpenMMSecV2/IMDL/non_generative/manual_ps/imgs/e0de7d864dd04f6fa68cf878da332fcf.jpg
6.407256126403809,-9.056884765625,0.0,IMDL,0,4,1,7,IMDL-Real,/mnt/public/public_datasets/OpenMMSecV2/IMDL/generative/coco/imgs/9b274709119b4e22832254e69454a138.jpg
23.5351505279541,25.498655319213867,0.0,Doc,1,3,2,6,Document-Fake,/mnt/public/public_datasets/OpenMMSecV2/Doc/non_aigc/copy-move/imgs/d4b400244d2d4b0a8e27d3e119d9c786.jpg
23.061635971069336,26.278114318847656,0.0,Doc,1,3,2,6,Document-Fake,/mnt/public/public_datasets/OpenMMSecV2/Doc/non_aigc/generation/imgs/fefb5e365dc145a8804c3e38619b6a77.jpg
-2.3570921421051025,-9.775339126586914,0.0,IMDL,1,4,2,8,IMDL-Fake,/mnt/public/public_datasets/OpenMMSecV2/IMDL/non_generative/manual_ps/imgs/c1f5f0b472494cbaa38adb7d241f2176.jpg
-33.16695785522461,-18.994159698486328,0.0,deepfake,0,1,1,1,Deepfake-Real,/mnt/public/public_datasets/OpenMMSecV2/Deepfake/Real/DFD/4788274977be4922bb8d003f90573b87.png
8.895788192749023,-11.848722457885742,0.0,IMDL,0,4,1,7,IMDL-Real,/mnt/public/public_datasets/OpenMMSecV2/IMDL/generative/flux_1/imgs/ea567beb4d9841879a37dce36f931fd8.png
-4.108367443084717,9.77498722076416,0.0,AIGC,1,2,2,4,AIGC-Fake,/mnt/public/public_datasets/OpenMMSecV2/AIGC/latent_diffusion/systematic/095b3a3f275f4ee2b2c62814feb68e88.jpg
22.03445053100586,25.919097900390625,0.0,Doc,1,3,2,6,Document-Fake,/mnt/public/public_datasets/OpenMMSecV2/Doc/non_aigc/copy-move/imgs/ad98fc04fb9e489ea4bcf14c0b8f4c11.jpg
-11.394115447998047,7.881462097167969,0.0,AIGC,1,2,2,4,AIGC-Fake,/mnt/public/public_datasets/OpenMMSecV2/AIGC/pixel_diffusion/glide/e8f5959f5aeb41bbae9e571e7ed11569.jpg
-13.664778709411621,3.429832696914673,0.0,AIGC,1,2,2,4,AIGC-Fake,/mnt/public/public_datasets/OpenMMSecV2/AIGC/GAN/ProjectedGAN/93abd2be25fc4c19903afc0c5cc1aab9.jpg
-54.91024398803711,-19.69770622253418,0.0,deepfake,1,1,2,2,Deepfake-Fake,/mnt/public/public_datasets/OpenMMSecV2/Deepfake/Fake/EntireFaceSynthesis/RDDM/ad6704234d014c66ab855d227d06469d.png
7.0551958084106445,-9.484315872192383,0.0,IMDL,0,4,1,7,IMDL-Real,/mnt/public/public_datasets/OpenMMSecV2/IMDL/generative/coco/imgs/8efc2810ee6046039a209d2a57fe02ae.jpg
9.557838439941406,-9.446468353271484,0.0,IMDL,0,4,1,7,IMDL-Real,/mnt/public/public_datasets/OpenMMSecV2/IMDL/generative/coco/imgs/26379227657946e1aebafaa0ac155851.jpg
31.59420394897461,19.660259246826172,0.0,Doc,0,3,1,5,Document-Real,/mnt/public/public_datasets/OpenMMSecV2/Doc/Real/c166d1162cc440c98d291862af4463ab.jpg
-47.71002197265625,-21.05023193359375,0.0,deepfake,1,1,2,2,Deepfake-Fake,/mnt/public/public_datasets/OpenMMSecV2/Deepfake/Fake/FaceSwap/e4s/4bb7768f062a4b0fa376431103668bc1.png
-7.932048320770264,-4.287900924682617,0.0,IMDL,1,4,2,8,IMDL-Fake,/mnt/public/public_datasets/OpenMMSecV2/IMDL/generative/paintbyexample/imgs/1925dd32a6174b4e82fb72c5fa755747.png
-12.583988189697266,4.635923385620117,0.0,AIGC,1,2,2,4,AIGC-Fake,/mnt/public/public_datasets/OpenMMSecV2/AIGC/GAN/StyleSANXL/afd6280ce72a47c295eedb5b60533ef6.jpg
7.121039867401123,-11.279717445373535,0.0,IMDL,0,4,1,7,IMDL-Real,/mnt/public/public_datasets/OpenMMSecV2/IMDL/generative/stable_diffusion/imgs/b6e427b32ca5459b9b5fbf82bab3b9a1.png
-53.74994659423828,-18.956378936767578,0.0,deepfake,1,1,2,2,Deepfake-Fake,/mnt/public/public_datasets/OpenMMSecV2/Deepfake/Fake/FaceReenactment/OneShot/7d1638e8d4dd489e927d6ebbd10c5457.png
5.316783905029297,5.45950984954834,0.0,AIGC,0,2,1,3,AIGC-Real,/mnt/public/public_datasets/OpenMMSecV2/AIGC/commercial/wukong/imgs/d813a80c0c6e4dab97e0870a6e4dc523.JPEG
-1.2896076440811157,-13.920188903808594,0.0,IMDL,1,4,2,8,IMDL-Fake,/mnt/public/public_datasets/OpenMMSecV2/IMDL/generative/gan_mat/imgs/b59f32c942db4848a42168b5b62b5d5e.png
-11.329946517944336,7.4494733810424805,0.0,AIGC,1,2,2,4,AIGC-Fake,/mnt/public/public_datasets/OpenMMSecV2/AIGC/GAN/BigGAN/imgs/0c40c444a46f49728ee6508f9ada16cb.png
9.485223770141602,-6.890417098999023,0.0,IMDL,0,4,1,7,IMDL-Real,/mnt/public/public_datasets/OpenMMSecV2/IMDL/non_generative/manual_ps/imgs/e73bb2373cb64c54aca095568fc8ab22.jpg
-2.097736358642578,-8.183483123779297,0.0,IMDL,1,4,2,8,IMDL-Fake,/mnt/public/public_datasets/OpenMMSecV2/IMDL/non_generative/manual_ps/imgs/3da5b02b2ce34075917b5fa5337cd043.tif
7.32839298248291,3.019416332244873,0.0,AIGC,0,2,1,3,AIGC-Real,/mnt/public/public_datasets/OpenMMSecV2/AIGC/laion/5039ebf580b249e5bde226923e4dd830.jpg
-47.38372802734375,-14.101584434509277,0.0,deepfake,1,1,2,2,Deepfake-Fake,/mnt/public/public_datasets/OpenMMSecV2/Deepfake/Fake/EntireFaceSynthesis/StyleGAN-XL/8010a9c3ab684a229da16c3fca3d4f49.png
33.547706604003906,26.28495979309082,0.0,Doc,0,3,1,5,Document-Real,/mnt/public/public_datasets/OpenMMSecV2/Doc/Real/22b63a61f56141ffa60a584867b779dc.jpg
-53.10113525390625,-13.251540184020996,0.0,deepfake,1,1,2,2,Deepfake-Fake,/mnt/public/public_datasets/OpenMMSecV2/Deepfake/Fake/FaceEditing/StarGANv2/8dce80f32dd44d3284e404d80ca380e5.jpg
23.531692504882812,25.607507705688477,0.0,Doc,1,3,2,6,Document-Fake,/mnt/public/public_datasets/OpenMMSecV2/Doc/non_aigc/copy-move/imgs/f0dbbf8751d34cdd81eb98514d5f2c8a.jpg
-3.46740984916687,4.459992408752441,0.0,AIGC,1,2,2,4,AIGC-Fake,/mnt/public/public_datasets/OpenMMSecV2/AIGC/GAN/CIPS/11b8912a21b14cfd9567e3bebeb3ec23.jpg
23.42759895324707,20.194202423095703,0.0,Doc,1,3,2,6,Document-Fake,/mnt/public/public_datasets/OpenMMSecV2/Doc/aigc/textocr/imgs/91e40f314e3748dfae58c7e9ef02e8db.jpg
16.263643264770508,12.95045280456543,0.0,AIGC,0,2,1,3,AIGC-Real,/mnt/public/public_datasets/OpenMMSecV2/AIGC/laion/ac5235f1a4cd42b9b342c0afda9d6282.jpg
-52.25316619873047,-21.083698272705078,0.0,deepfake,1,1,2,2,Deepfake-Fake,/mnt/public/public_datasets/OpenMMSecV2/Deepfake/Fake/FaceReenactment/LIA/2393a8f00742435983e8755217f73d98.png
-3.50268816947937,-15.769511222839355,0.0,IMDL,1,4,2,8,IMDL-Fake,/mnt/public/public_datasets/OpenMMSecV2/IMDL/non_generative/manual_ps/imgs/08e0cff9e4e64c45b7ad06bf72fb3032.jpg
-34.48684310913086,-16.954687118530273,0.0,deepfake,0,1,1,1,Deepfake-Real,/mnt/public/public_datasets/OpenMMSecV2/Deepfake/Real/UADFV/22077ea51ef1452b950a54fcdd90e246.png
-14.2568359375,6.5375165939331055,0.0,AIGC,1,2,2,4,AIGC-Fake,/mnt/public/public_datasets/OpenMMSecV2/AIGC/GAN/StyleSANXL/8c4882fb05eb47ac889b499af56c437d.jpg
-3.6617863178253174,-7.108449935913086,0.0,IMDL,1,4,2,8,IMDL-Fake,/mnt/public/public_datasets/OpenMMSecV2/IMDL/generative/stable_diffusion/imgs/91c9342df5684659914f680a15da6e4f.png
34.46897506713867,24.818540573120117,0.0,Doc,0,3,1,5,Document-Real,/mnt/public/public_datasets/OpenMMSecV2/Doc/Real/a4ec9aae950b4709829252050a9af31b.jpg
12.405277252197266,5.6055908203125,0.0,AIGC,0,2,1,3,AIGC-Real,/mnt/public/public_datasets/OpenMMSecV2/AIGC/laion/7ef125e24ebb4912b7c71dfcacf789c3.jpg
29.831920623779297,26.80834197998047,0.0,Doc,0,3,1,5,Document-Real,/mnt/public/public_datasets/OpenMMSecV2/Doc/Real/93f56864d3ff47a9a6281c467cc3fdfc.jpg
29.712068557739258,19.122812271118164,0.0,Doc,0,3,1,5,Document-Real,/mnt/public/public_datasets/OpenMMSecV2/Doc/Real/6a16ffd6c2094270813d639e92266857.jpg
33.298702239990234,21.2615966796875,0.0,Doc,0,3,1,5,Document-Real,/mnt/public/public_datasets/OpenMMSecV2/Doc/Real/26d32cde540a488f8e6906dec40c644a.jpg
-0.3267323970794678,-9.805221557617188,0.0,IMDL,1,4,2,8,IMDL-Fake,/mnt/public/public_datasets/OpenMMSecV2/IMDL/non_generative/manual_ps/imgs/cae1a2e57e7c44cd9311eba0db44fd5d.jpg
8.463274002075195,-9.319429397583008,0.0,IMDL,0,4,1,7,IMDL-Real,/mnt/public/public_datasets/OpenMMSecV2/IMDL/generative/stable_diffusion/imgs/efcfc0025f0c422d9310646ed6e43f69.png
4.635970592498779,-9.428535461425781,0.0,IMDL,1,4,2,8,IMDL-Fake,/mnt/public/public_datasets/OpenMMSecV2/IMDL/non_generative/manual_ps/imgs/80780876960842f2b8d3f67889f4d3e2.jpg
11.192490577697754,-12.006767272949219,0.0,IMDL,0,4,1,7,IMDL-Real,/mnt/public/public_datasets/OpenMMSecV2/IMDL/generative/coco/imgs/29087a71feff434080095036594717f9.jpg
10.100211143493652,6.993393898010254,0.0,AIGC,0,2,1,3,AIGC-Real,/mnt/public/public_datasets/OpenMMSecV2/AIGC/laion/c07249c68c0244cbb4fedb0a2ce50669.jpg
-5.447300910949707,-7.059968948364258,0.0,IMDL,1,4,2,8,IMDL-Fake,/mnt/public/public_datasets/OpenMMSecV2/IMDL/non_generative/manual_ps/imgs/d6836ae1d720483aa7704fde3380635e.jpg
-34.388919830322266,-14.30401611328125,0.0,deepfake,0,1,1,1,Deepfake-Real,/mnt/public/public_datasets/OpenMMSecV2/Deepfake/Real/DFD/59d0b8c2636541f0afaf9c4f77ba724e.png
-12.466352462768555,4.764253616333008,0.0,AIGC,1,2,2,4,AIGC-Fake,/mnt/public/public_datasets/OpenMMSecV2/AIGC/GAN/StyleSANXL/4a295f973aaf446baa94866aa9115afd.jpg
-51.32440185546875,-20.43331527709961,0.0,deepfake,1,1,2,2,Deepfake-Fake,/mnt/public/public_datasets/OpenMMSecV2/Deepfake/Fake/FaceReenactment/LIA/747c6c4b198e4a42abf38ab04b9d7700.png
33.22187805175781,21.246862411499023,0.0,Doc,0,3,1,5,Document-Real,/mnt/public/public_datasets/OpenMMSecV2/Doc/Real/b9ab331b8f5448109fda812680413d91.jpg
-1.6911691427230835,-9.766948699951172,0.0,IMDL,1,4,2,8,IMDL-Fake,/mnt/public/public_datasets/OpenMMSecV2/IMDL/non_generative/manual_ps/imgs/c5b9dc7ed8d1464eb611de36eb387999.tif
33.20688247680664,20.824499130249023,0.0,Doc,0,3,1,5,Document-Real,/mnt/public/public_datasets/OpenMMSecV2/Doc/aigc/derend/imgs/9af215c16a45436bbb6bb2accdac6c82.jpg
29.976167678833008,26.550867080688477,0.0,Doc,0,3,1,5,Document-Real,/mnt/public/public_datasets/OpenMMSecV2/Doc/Real/ae79826cfcec471bb8886eabf22a4bf6.jpg
-1.0571162700653076,-15.586199760437012,0.0,IMDL,1,4,2,8,IMDL-Fake,/mnt/public/public_datasets/OpenMMSecV2/IMDL/generative/gan_mat/imgs/36988cf9b6e544cca5d78d2fe1e3566e.png
24.26315689086914,19.952573776245117,0.0,Doc,1,3,2,6,Document-Fake,/mnt/public/public_datasets/OpenMMSecV2/Doc/aigc/textdiff/imgs/dc61c5cb270f4402bbd2ac864d239797.jpg
-38.44332504272461,-20.76802635192871,0.0,deepfake,0,1,1,1,Deepfake-Real,/mnt/public/public_datasets/OpenMMSecV2/Deepfake/Real/CelebDF-v2/853c49703455450f80c452a4bc1c515a.png
23.719038009643555,25.339731216430664,0.0,Doc,1,3,2,6,Document-Fake,/mnt/public/public_datasets/OpenMMSecV2/Doc/non_aigc/generation/imgs/838f0e6b77994753996d444fad058ad0.jpg
2.8318042755126953,1.5261399745941162,0.0,AIGC,0,2,1,3,AIGC-Real,/mnt/public/public_datasets/OpenMMSecV2/AIGC/laion/17de1a1223cb4aa2bcfcd03fa8ad5fd6.jpg
8.822108268737793,-3.3059303760528564,0.0,IMDL,0,4,1,7,IMDL-Real,/mnt/public/public_datasets/OpenMMSecV2/IMDL/generative/coco/imgs/695e21233e134ced955851fa88b45cd4.jpg
-5.517573833465576,-9.546686172485352,0.0,IMDL,1,4,2,8,IMDL-Fake,/mnt/public/public_datasets/OpenMMSecV2/IMDL/non_generative/manual_ps/imgs/b090c0f563e04d9789e187b0e4ef0b0d.jpg
-35.90430450439453,-22.143203735351562,0.0,deepfake,0,1,1,1,Deepfake-Real,/mnt/public/public_datasets/OpenMMSecV2/Deepfake/Real/CelebDF-v2/bf2ac041afc04b73921e319a13523714.png
-4.952358722686768,-13.031790733337402,0.0,IMDL,1,4,2,8,IMDL-Fake,/mnt/public/public_datasets/OpenMMSecV2/IMDL/generative/stable_diffusion/imgs/2810d504e1a2470f8a0a9974033db7a6.png
-2.5598256587982178,-8.372376441955566,0.0,IMDL,1,4,2,8,IMDL-Fake,/mnt/public/public_datasets/OpenMMSecV2/IMDL/non_generative/manual_ps/imgs/48a3d79c710b40f1a58cb2bedc7596ba.jpg
29.62445068359375,27.10931396484375,0.0,Doc,0,3,1,5,Document-Real,/mnt/public/public_datasets/OpenMMSecV2/Doc/Real/3f453c8520524d8b8a8435f9f67a0c1e.jpg
12.787445068359375,3.532951831817627,0.0,AIGC,0,2,1,3,AIGC-Real,/mnt/public/public_datasets/OpenMMSecV2/AIGC/laion/26109d35853142668bcfa3e556ea3044.jpg
33.96257400512695,25.455039978027344,0.0,Doc,0,3,1,5,Document-Real,/mnt/public/public_datasets/OpenMMSecV2/Doc/Real/76d91c5284794898979f5a4e1cea899d.jpg
10.996376991271973,9.849425315856934,0.0,AIGC,0,2,1,3,AIGC-Real,/mnt/public/public_datasets/OpenMMSecV2/AIGC/laion/31a33cb012724e03843f2ae98b362dd5.jpg
-8.706987380981445,7.3843889236450195,0.0,AIGC,1,2,2,4,AIGC-Fake,/mnt/public/public_datasets/OpenMMSecV2/AIGC/pixel_diffusion/adm/imgs/fd4c60c029ec40ed8b9da7eddc4d3669.PNG
-6.607146263122559,-7.209230422973633,0.0,IMDL,1,4,2,8,IMDL-Fake,/mnt/public/public_datasets/OpenMMSecV2/IMDL/non_generative/manual_ps/imgs/885c92dd383b444d980bdf4017ff21ac.jpg
34.738887786865234,24.453800201416016,0.0,Doc,0,3,1,5,Document-Real,/mnt/public/public_datasets/OpenMMSecV2/Doc/Real/0cf4b2dfead54e6385fc2281ba2a5be1.jpg
-5.086331844329834,-12.933149337768555,0.0,IMDL,1,4,2,8,IMDL-Fake,/mnt/public/public_datasets/OpenMMSecV2/IMDL/generative/flux_1/imgs/cc868985d95b47b58bb7d89ec7a68195.png
7.098936080932617,-5.202033042907715,0.0,IMDL,0,4,1,7,IMDL-Real,/mnt/public/public_datasets/OpenMMSecV2/IMDL/generative/flux_1/imgs/f323562cbf7e4b3c9ba622a17eb917a3.png
34.45164108276367,24.41126251220703,0.0,Doc,0,3,1,5,Document-Real,/mnt/public/public_datasets/OpenMMSecV2/Doc/Real/588b844c51d34064820aa83f453cb71e.jpg
30.13840675354004,26.695741653442383,0.0,Doc,0,3,1,5,Document-Real,/mnt/public/public_datasets/OpenMMSecV2/Doc/Real/a5c775bc8c5241acabc2cb46cd4bce2f.jpg
24.603836059570312,19.581647872924805,0.0,Doc,1,3,2,6,Document-Fake,/mnt/public/public_datasets/OpenMMSecV2/Doc/aigc/udifftext/imgs/ab4c1d216c314e5eaace2387be7c0678.jpg
12.956156730651855,9.502909660339355,0.0,AIGC,0,2,1,3,AIGC-Real,/mnt/public/public_datasets/OpenMMSecV2/AIGC/laion/3ed1d9420b4247ed91f019c60d340f74.jpg
-2.626624822616577,-4.492882251739502,0.0,IMDL,1,4,2,8,IMDL-Fake,/mnt/public/public_datasets/OpenMMSecV2/IMDL/generative/flux_1/imgs/f7aadfdfe657467e802f8dad20aded4d.png
8.508329391479492,-11.190084457397461,0.0,IMDL,0,4,1,7,IMDL-Real,/mnt/public/public_datasets/OpenMMSecV2/IMDL/generative/flux_1/imgs/aeedcb83c1b6445aa133a6a077b40300.png
-8.396821975708008,-3.0278851985931396,0.0,IMDL,1,4,2,8,IMDL-Fake,/mnt/public/public_datasets/OpenMMSecV2/IMDL/generative/paintbyexample/imgs/40778168ffd341199576e0480052c03a.tiff
23.16802406311035,26.445676803588867,0.0,Doc,1,3,2,6,Document-Fake,/mnt/public/public_datasets/OpenMMSecV2/Doc/non_aigc/generation/imgs/5a953627a6494f2badd53df881716956.jpg
22.341751098632812,25.527633666992188,0.0,Doc,1,3,2,6,Document-Fake,/mnt/public/public_datasets/OpenMMSecV2/Doc/non_aigc/inpaint/imgs/3a70cc120452499a98494fb7b0366429.jpg
-7.033580303192139,-4.803655624389648,0.0,IMDL,1,4,2,8,IMDL-Fake,/mnt/public/public_datasets/OpenMMSecV2/IMDL/generative/stable_diffusion/imgs/dedf3e0b470141b08757641bba79536c.jpg
-29.602500915527344,-18.540485382080078,0.0,deepfake,0,1,1,1,Deepfake-Real,/mnt/public/public_datasets/OpenMMSecV2/Deepfake/Real/FF++/0ad9a1f814f14e81a35bd225c49611d6.png
-37.35926818847656,-22.356304168701172,0.0,deepfake,0,1,1,1,Deepfake-Real,/mnt/public/public_datasets/OpenMMSecV2/Deepfake/Real/CelebDF-v2/d38f2abb660440a7a277a3193bcf6463.png
-5.444283962249756,-5.674910545349121,0.0,IMDL,1,4,2,8,IMDL-Fake,/mnt/public/public_datasets/OpenMMSecV2/IMDL/non_generative/manual_ps/imgs/f8dc0fc7ce4f4f17b33dcec467765265.jpg
-52.528038024902344,-12.542348861694336,0.0,deepfake,1,1,2,2,Deepfake-Fake,/mnt/public/public_datasets/OpenMMSecV2/Deepfake/Fake/EntireFaceSynthesis/WhichisReal/e28b6a5439d04868af2bf7a1b26d736c.png
-27.57381248474121,-16.687223434448242,0.0,deepfake,0,1,1,1,Deepfake-Real,/mnt/public/public_datasets/OpenMMSecV2/Deepfake/Real/CelebA/53776c7d4fb443dcaf2ce364be46d25e.jpg
23.299436569213867,26.4979190826416,0.0,Doc,1,3,2,6,Document-Fake,/mnt/public/public_datasets/OpenMMSecV2/Doc/non_aigc/generation/imgs/d6a82080f3444145aa736c3e174d8d6f.jpg
25.548242568969727,23.774463653564453,0.0,Doc,1,3,2,6,Document-Fake,/mnt/public/public_datasets/OpenMMSecV2/Doc/non_aigc/cpmv/imgs/6ed076ce0236427b993289eb79fbf184.jpg
-22.046649932861328,-17.602869033813477,0.0,deepfake,0,1,1,1,Deepfake-Real,/mnt/public/public_datasets/OpenMMSecV2/Deepfake/Real/VFHQ/614858d08dc14f268ec65bf898e10d0d.png
11.161295890808105,7.666024208068848,0.0,AIGC,0,2,1,3,AIGC-Real,/mnt/public/public_datasets/OpenMMSecV2/AIGC/laion/c646fc0769c54c6da779a753f1fd5278.jpg
-15.890298843383789,6.16335391998291,0.0,AIGC,1,2,2,4,AIGC-Fake,/mnt/public/public_datasets/OpenMMSecV2/AIGC/autoregressive_model/tamingtransformers/5a09fe3fae304bfdaca651c7fd877bbc.jpg
11.093502044677734,-11.847187995910645,0.0,IMDL,0,4,1,7,IMDL-Real,/mnt/public/public_datasets/OpenMMSecV2/IMDL/generative/flux_1/imgs/1e07e3417beb4f8eb8a9f28c8599ef1a.png
7.310550689697266,-14.337726593017578,0.0,IMDL,0,4,1,7,IMDL-Real,/mnt/public/public_datasets/OpenMMSecV2/IMDL/generative/coco/imgs/a3ebed4e8e6146a09433eab770b9344a.jpg
-9.223981857299805,7.630227088928223,0.0,AIGC,1,2,2,4,AIGC-Fake,/mnt/public/public_datasets/OpenMMSecV2/AIGC/commercial/firefly/5dc33533e1704805b6a4bb790e0f0f0a.jpg
-6.819416046142578,-4.422531604766846,0.0,IMDL,1,4,2,8,IMDL-Fake,/mnt/public/public_datasets/OpenMMSecV2/IMDL/generative/gan_mat/imgs/137d1dd9c14d4988aa5cdf60b7212a3c.jpg
11.91783618927002,8.953317642211914,0.0,AIGC,0,2,1,3,AIGC-Real,/mnt/public/public_datasets/OpenMMSecV2/AIGC/laion/139759ddf48b4222b968e896249c01fa.jpg
-2.5989954471588135,-5.205618858337402,0.0,IMDL,1,4,2,8,IMDL-Fake,/mnt/public/public_datasets/OpenMMSecV2/IMDL/generative/flux_1/imgs/42047996beca4dc0b4a7b6f71c4f25e4.png
12.439263343811035,6.839502334594727,0.0,AIGC,0,2,1,3,AIGC-Real,/mnt/public/public_datasets/OpenMMSecV2/AIGC/laion/ed353fed767d4a7c9316d523a881c030.jpg
11.109131813049316,-10.22475528717041,0.0,IMDL,0,4,1,7,IMDL-Real,/mnt/public/public_datasets/OpenMMSecV2/IMDL/generative/stable_diffusion/imgs/a51c890106f6406889fcfd5f72375da3.png
23.343841552734375,26.428102493286133,0.0,Doc,1,3,2,6,Document-Fake,/mnt/public/public_datasets/OpenMMSecV2/Doc/non_aigc/copy-move/imgs/a6c404553eb045f8b2dc1ab6e170df5f.jpg
31.859773635864258,21.117359161376953,0.0,Doc,0,3,1,5,Document-Real,/mnt/public/public_datasets/OpenMMSecV2/Doc/aigc/derend/imgs/064e579c1e4440758debe27e875955cb.jpg
12.41501522064209,6.133138656616211,0.0,AIGC,0,2,1,3,AIGC-Real,/mnt/public/public_datasets/OpenMMSecV2/AIGC/laion/8f682f7b07e549cb8c5995abb9295150.jpg
-9.24826717376709,5.705426216125488,0.0,AIGC,1,2,2,4,AIGC-Fake,/mnt/public/public_datasets/OpenMMSecV2/AIGC/GAN/styleGANs/c29c8749aebb42a99211fffa565b09c0.jpg
21.75133514404297,26.304576873779297,0.0,Doc,1,3,2,6,Document-Fake,/mnt/public/public_datasets/OpenMMSecV2/Doc/non_aigc/copy-move/imgs/b97ca5b8a5e04fc099f4cd5c61e8182c.jpg
23.36292839050293,26.27682876586914,0.0,Doc,1,3,2,6,Document-Fake,/mnt/public/public_datasets/OpenMMSecV2/Doc/non_aigc/generation/imgs/7384633cfbea449c807d40216c6ee30c.jpg
5.354701042175293,4.626992225646973,0.0,AIGC,0,2,1,3,AIGC-Real,/mnt/public/public_datasets/OpenMMSecV2/AIGC/other/online/imgs/1daf84877d154f22bc2aad80abe8a996.jpg
8.44717788696289,-9.132645606994629,0.0,IMDL,0,4,1,7,IMDL-Real,/mnt/public/public_datasets/OpenMMSecV2/IMDL/generative/coco/imgs/c9ddd544db6444868bbbe76f15f6ab70.jpg
-47.31135559082031,-11.696292877197266,0.0,deepfake,1,1,2,2,Deepfake-Fake,/mnt/public/public_datasets/OpenMMSecV2/Deepfake/Fake/EntireFaceSynthesis/StyleGAN3/0730a297355046c48d4c3cfe398265e3.png
-32.55521774291992,-23.507312774658203,0.0,deepfake,0,1,1,1,Deepfake-Real,/mnt/public/public_datasets/OpenMMSecV2/Deepfake/Real/FF++/06180021fb0f45d1b4b4a91007d95131.png
-47.2592887878418,-10.671150207519531,0.0,deepfake,1,1,2,2,Deepfake-Fake,/mnt/public/public_datasets/OpenMMSecV2/Deepfake/Fake/EntireFaceSynthesis/SD-2.1/e820e3a29be743c89e5fe81066346c4a.png
-3.90004301071167,-10.973968505859375,0.0,IMDL,1,4,2,8,IMDL-Fake,/mnt/public/public_datasets/OpenMMSecV2/IMDL/generative/stable_diffusion/imgs/38f6ae3309da4a7f85924ee465da1eff.png
-28.14301872253418,-18.517929077148438,0.0,deepfake,0,1,1,1,Deepfake-Real,/mnt/public/public_datasets/OpenMMSecV2/Deepfake/Real/FFHQ/37399c413cdf46dfb42cbf675db88cd9.jpeg
-31.06842803955078,-23.02263069152832,0.0,deepfake,0,1,1,1,Deepfake-Real,/mnt/public/public_datasets/OpenMMSecV2/Deepfake/Real/FF++/5e67c68a10b54fedb5db12328fa9157f.png
-0.502662181854248,-17.366641998291016,0.0,IMDL,1,4,2,8,IMDL-Fake,/mnt/public/public_datasets/OpenMMSecV2/IMDL/non_generative/manual_ps/imgs/796397653d8a48148e7cacf007c1e9d9.jpg
7.692052364349365,-11.482635498046875,0.0,IMDL,0,4,1,7,IMDL-Real,/mnt/public/public_datasets/OpenMMSecV2/IMDL/generative/stable_diffusion/imgs/a2daf86c55eb4f66ad6055f9c3a0e57d.png
-4.454538345336914,-7.23326301574707,0.0,IMDL,1,4,2,8,IMDL-Fake,/mnt/public/public_datasets/OpenMMSecV2/IMDL/non_generative/manual_ps/imgs/00591626255a439788235d427ab4d0bc.jpg
13.442819595336914,-3.7714102268218994,0.0,IMDL,0,4,1,7,IMDL-Real,/mnt/public/public_datasets/OpenMMSecV2/IMDL/generative/stable_diffusion/imgs/2d8fa8daab4e47099b56b3ff51027a00.png
-52.71365737915039,-21.489253997802734,0.0,deepfake,1,1,2,2,Deepfake-Fake,/mnt/public/public_datasets/OpenMMSecV2/Deepfake/Fake/FaceSwap/SimSwap/e2ac07e8c80c44d98a24842abaceb55c.png
11.864089012145996,8.691758155822754,0.0,AIGC,0,2,1,3,AIGC-Real,/mnt/public/public_datasets/OpenMMSecV2/AIGC/laion/1e82a51e2ed44128b55abd27a0864c14.jpg
-5.478719711303711,-8.125472068786621,0.0,IMDL,1,4,2,8,IMDL-Fake,/mnt/public/public_datasets/OpenMMSecV2/IMDL/generative/gan_mat/imgs/b5528065351546caa5a5e2a045b1f8d2.png
21.970922470092773,24.770381927490234,0.0,Doc,1,3,2,6,Document-Fake,/mnt/public/public_datasets/OpenMMSecV2/Doc/non_aigc/cover/imgs/29a2694585f5435387cea7d0c7bc70e4.jpg
34.227195739746094,24.140037536621094,0.0,Doc,0,3,1,5,Document-Real,/mnt/public/public_datasets/OpenMMSecV2/Doc/Real/a1c14ddc09fc46d18feedf020ad41bc8.jpg
-7.443024635314941,-10.149096488952637,0.0,IMDL,1,4,2,8,IMDL-Fake,/mnt/public/public_datasets/OpenMMSecV2/IMDL/non_generative/manual_ps/imgs/ab0716be585541efa347484bb3b522b1.jpg
-5.509389877319336,9.634318351745605,0.0,AIGC,1,2,2,4,AIGC-Fake,/mnt/public/public_datasets/OpenMMSecV2/AIGC/latent_diffusion/systematic/33432c9986da48afb4d4a2f4b691dffa.jpg
33.519561767578125,20.780254364013672,0.0,Doc,0,3,1,5,Document-Real,/mnt/public/public_datasets/OpenMMSecV2/Doc/aigc/udifftext/imgs/382be2e5e45644adaea567d0c4d64c2c.jpg
30.194568634033203,26.658958435058594,0.0,Doc,0,3,1,5,Document-Real,/mnt/public/public_datasets/OpenMMSecV2/Doc/Real/3bec6e8071364ac2820b202bdb1df13f.jpg
11.216170310974121,8.86390209197998,0.0,AIGC,0,2,1,3,AIGC-Real,/mnt/public/public_datasets/OpenMMSecV2/AIGC/laion/c7b2a810cd03473f80f68b48a80fbe51.jpg
-32.93166732788086,-19.323896408081055,0.0,deepfake,0,1,1,1,Deepfake-Real,/mnt/public/public_datasets/OpenMMSecV2/Deepfake/Real/VFHQ/7f43022e841742fca024156641661733.png
-7.5327043533325195,0.9579262733459473,0.0,AIGC,1,2,2,4,AIGC-Fake,/mnt/public/public_datasets/OpenMMSecV2/AIGC/other/online/imgs/9ba92274c441424b86a9492722c825ef.jpg
30.9943904876709,27.847944259643555,0.0,Doc,0,3,1,5,Document-Real,/mnt/public/public_datasets/OpenMMSecV2/Doc/Real/1b49458103724dc3973c1258ec40814b.jpg
0.837705135345459,2.806222438812256,0.0,AIGC,1,2,2,4,AIGC-Fake,/mnt/public/public_datasets/OpenMMSecV2/AIGC/other/online/imgs/1685017579f447d38383aa6590572783.jpg
-9.23675537109375,5.921870231628418,0.0,AIGC,1,2,2,4,AIGC-Fake,/mnt/public/public_datasets/OpenMMSecV2/AIGC/pixel_diffusion/glide/imgs/f7540fcfa4f54f95be52460e9f64d2ac.png
22.222938537597656,24.93476104736328,0.0,Doc,1,3,2,6,Document-Fake,/mnt/public/public_datasets/OpenMMSecV2/Doc/non_aigc/cover/imgs/56142e298a2c46a4b213940594c2d0a7.jpg
3.434962034225464,3.2611887454986572,0.0,AIGC,0,2,1,3,AIGC-Real,/mnt/public/public_datasets/OpenMMSecV2/AIGC/laion/0bc3101164ed4d60b66645d87cc16d24.jpg
33.1583251953125,21.781230926513672,0.0,Doc,0,3,1,5,Document-Real,/mnt/public/public_datasets/OpenMMSecV2/Doc/Real/33f8b37aef694f839011c571af6bacec.jpg
4.454934120178223,-3.3252971172332764,0.0,IMDL,0,4,1,7,IMDL-Real,/mnt/public/public_datasets/OpenMMSecV2/IMDL/generative/stable_diffusion/imgs/9c9135afe83e4f808afb69807b4c395c.png
-2.5390822887420654,9.315384864807129,0.0,AIGC,1,2,2,4,AIGC-Fake,/mnt/public/public_datasets/OpenMMSecV2/AIGC/latent_diffusion/systematic/4951016535a445219f531c920d2cc294.jpg
24.63360595703125,19.609092712402344,0.0,Doc,1,3,2,6,Document-Fake,/mnt/public/public_datasets/OpenMMSecV2/Doc/aigc/textocr/imgs/9b89e00889324d7f8576de16808d3d07.jpg
31.97538948059082,20.957595825195312,0.0,Doc,0,3,1,5,Document-Real,/mnt/public/public_datasets/OpenMMSecV2/Doc/Real/6d7409b955194ea1b8a0f8dfeca35fbb.jpg
34.29281997680664,24.296581268310547,0.0,Doc,0,3,1,5,Document-Real,/mnt/public/public_datasets/OpenMMSecV2/Doc/Real/c5f66c0f496648efb35ae856790312b8.jpg
-50.718814849853516,-19.972122192382812,0.0,deepfake,1,1,2,2,Deepfake-Fake,/mnt/public/public_datasets/OpenMMSecV2/Deepfake/Fake/EntireFaceSynthesis/StyleGAN-XL/21ede76788e4403ca05284605325d6ca.png
11.992746353149414,6.1045427322387695,0.0,AIGC,0,2,1,3,AIGC-Real,/mnt/public/public_datasets/OpenMMSecV2/AIGC/laion/a56423805cbf4703b50ed4eeeecc98ec.jpg
9.634234428405762,4.422185897827148,0.0,AIGC,0,2,1,3,AIGC-Real,/mnt/public/public_datasets/OpenMMSecV2/AIGC/laion/d7455f351ae340f8a52263e6c02bac0d.jpg
21.49068260192871,26.161182403564453,0.0,Doc,1,3,2,6,Document-Fake,/mnt/public/public_datasets/OpenMMSecV2/Doc/non_aigc/copy-move/imgs/76de9a9a51bc42f0aaaaf064c22603e7.jpg
8.638951301574707,-11.043549537658691,0.0,IMDL,0,4,1,7,IMDL-Real,/mnt/public/public_datasets/OpenMMSecV2/IMDL/generative/coco/imgs/bad61613918b4905be34c60a29f7fa4d.jpg
-9.743633270263672,-5.530092239379883,0.0,IMDL,1,4,2,8,IMDL-Fake,/mnt/public/public_datasets/OpenMMSecV2/IMDL/non_generative/manual_ps/imgs/640b16511a93455eb4763b5060199fc2.jpg
33.23265075683594,20.52606964111328,0.0,Doc,0,3,1,5,Document-Real,/mnt/public/public_datasets/OpenMMSecV2/Doc/Real/4dcbaaea7cd0476e9fba0704830f1e7e.jpg
8.648634910583496,-4.063332557678223,0.0,AIGC,0,2,1,3,AIGC-Real,/mnt/public/public_datasets/OpenMMSecV2/AIGC/commercial/wukong/imgs/1020ee8a9db8463881b90eba35036d8a.JPEG
34.25196075439453,24.211755752563477,0.0,Doc,0,3,1,5,Document-Real,/mnt/public/public_datasets/OpenMMSecV2/Doc/Real/d7f61c3406ca468f95f0bef0f9f32aa2.jpg
-14.874905586242676,6.184557914733887,0.0,AIGC,1,2,2,4,AIGC-Fake,/mnt/public/public_datasets/OpenMMSecV2/AIGC/autoregressive_model/tamingtransformers/0c8cfcbd469f4a79a6b223cd6d402e41.jpg
-37.79433059692383,-16.762205123901367,0.0,deepfake,0,1,1,1,Deepfake-Real,/mnt/public/public_datasets/OpenMMSecV2/Deepfake/Real/CelebDF-v2/2d25416cf8c947668d6ebff26ef9b86e.png
-54.45782470703125,-19.45789337158203,0.0,deepfake,1,1,2,2,Deepfake-Fake,/mnt/public/public_datasets/OpenMMSecV2/Deepfake/Fake/FaceReenactment/FS_vid2vid/9fed1122bea14582b45094cceb3201e3.png
-7.957796096801758,-7.402547836303711,0.0,IMDL,1,4,2,8,IMDL-Fake,/mnt/public/public_datasets/OpenMMSecV2/IMDL/non_generative/manual_ps/imgs/fa0c98562e634d47bf3efa7597e48488.jpg
-49.826629638671875,-19.165613174438477,0.0,deepfake,1,1,2,2,Deepfake-Fake,/mnt/public/public_datasets/OpenMMSecV2/Deepfake/Fake/FaceEditing/StarGANv2/28b3c006c9744243bb2b9ee76c498e63.jpg
-14.910270690917969,6.421063423156738,0.0,AIGC,1,2,2,4,AIGC-Fake,/mnt/public/public_datasets/OpenMMSecV2/AIGC/autoregressive_model/tamingtransformers/b339632212c14d04b0a38af7120b2120.jpg
-8.210661888122559,-3.2938010692596436,0.0,IMDL,1,4,2,8,IMDL-Fake,/mnt/public/public_datasets/OpenMMSecV2/IMDL/generative/gan_mat/imgs/9f928c85c40a483890aa6fc0dea3f4e4.png
-8.174973487854004,-7.99388313293457,0.0,IMDL,1,4,2,8,IMDL-Fake,/mnt/public/public_datasets/OpenMMSecV2/IMDL/generative/stable_diffusion/imgs/04a70e804c3c4940b31b26470fd518fb.png
-54.07501220703125,-19.912647247314453,0.0,deepfake,1,1,2,2,Deepfake-Fake,/mnt/public/public_datasets/OpenMMSecV2/Deepfake/Fake/FaceReenactment/OneShot/bbc6cdc7d752430ab07eb0b0d15c1d48.png
9.045437812805176,-0.053177595138549805,0.0,IMDL,0,4,1,7,IMDL-Real,/mnt/public/public_datasets/OpenMMSecV2/IMDL/generative/stable_diffusion/imgs/672e1ae4848841958cc9f222765c0eec.png
24.518142700195312,18.74864959716797,0.0,Doc,1,3,2,6,Document-Fake,/mnt/public/public_datasets/OpenMMSecV2/Doc/aigc/textdiff/imgs/b0a6f43a31e04448b1af0e517a8eb792.jpg
9.665523529052734,-8.500885009765625,0.0,IMDL,0,4,1,7,IMDL-Real,/mnt/public/public_datasets/OpenMMSecV2/IMDL/generative/coco/imgs/24d62607807a454786ed7980f15c7b6c.jpg
33.85634231567383,25.945390701293945,0.0,Doc,0,3,1,5,Document-Real,/mnt/public/public_datasets/OpenMMSecV2/Doc/Real/e03a96dbd6d646d8a147a582f8a4f0ea.jpg
-14.84245777130127,6.299996376037598,0.0,AIGC,1,2,2,4,AIGC-Fake,/mnt/public/public_datasets/OpenMMSecV2/AIGC/autoregressive_model/tamingtransformers/e1708b9b8a7d484391a14d7f9d79744b.jpg
8.712142944335938,-8.709295272827148,0.0,IMDL,0,4,1,7,IMDL-Real,/mnt/public/public_datasets/OpenMMSecV2/IMDL/generative/coco/imgs/dfd7577e39c34a569311ad5a8cacef7c.jpg
22.045787811279297,26.410215377807617,0.0,Doc,1,3,2,6,Document-Fake,/mnt/public/public_datasets/OpenMMSecV2/Doc/non_aigc/copy-move/imgs/f558e7a0a86d4ae19f0fc039f246e67d.jpg
-36.27619171142578,-17.252185821533203,0.0,deepfake,0,1,1,1,Deepfake-Real,/mnt/public/public_datasets/OpenMMSecV2/Deepfake/Real/CelebDF-v2/1c73f469bc9648dea293b6ec993147a3.png
25.404033660888672,24.4200439453125,0.0,Doc,1,3,2,6,Document-Fake,/mnt/public/public_datasets/OpenMMSecV2/Doc/non_aigc/copy-move/imgs/319b3d36f1c14da8847e26f9dcea67c0.jpg
-5.527092456817627,-6.214801788330078,0.0,IMDL,1,4,2,8,IMDL-Fake,/mnt/public/public_datasets/OpenMMSecV2/IMDL/non_generative/manual_ps/imgs/b62f0a8a9e3a4058ae90c917cc5d3726.jpg
25.497570037841797,24.11380386352539,0.0,Doc,1,3,2,6,Document-Fake,/mnt/public/public_datasets/OpenMMSecV2/Doc/non_aigc/cover/imgs/32d16835951b4e4194654316dc6d17a4.jpg
21.624923706054688,25.777435302734375,0.0,Doc,1,3,2,6,Document-Fake,/mnt/public/public_datasets/OpenMMSecV2/Doc/non_aigc/copy-move/imgs/3faf174995d0492bbca4dff2383903f0.jpg
-36.3052864074707,-18.821002960205078,0.0,deepfake,0,1,1,1,Deepfake-Real,/mnt/public/public_datasets/OpenMMSecV2/Deepfake/Real/FF++/4c98f488e35c4ef59c541ba6647c819b.png
33.5557746887207,20.925527572631836,0.0,Doc,0,3,1,5,Document-Real,/mnt/public/public_datasets/OpenMMSecV2/Doc/aigc/derend/imgs/1f474300c3304deb891e0762f4dc3a95.jpg
-4.857595920562744,-9.349101066589355,0.0,IMDL,1,4,2,8,IMDL-Fake,/mnt/public/public_datasets/OpenMMSecV2/IMDL/non_generative/manual_ps/imgs/c78a4fc117de4679bd23dd8d33eba0ea.jpg
-31.581785202026367,-20.88451385498047,0.0,deepfake,0,1,1,1,Deepfake-Real,/mnt/public/public_datasets/OpenMMSecV2/Deepfake/Real/CelebDF-v2/e94b6689512c4a96868c69685d294c31.png
-51.713645935058594,-21.181018829345703,0.0,deepfake,1,1,2,2,Deepfake-Fake,/mnt/public/public_datasets/OpenMMSecV2/Deepfake/Fake/FaceReenactment/OneShot/3c87ca720e704a588160360b20b9ca72.png
32.111549377441406,20.959890365600586,0.0,Doc,0,3,1,5,Document-Real,/mnt/public/public_datasets/OpenMMSecV2/Doc/Real/86881bf479314ef889f07cafa1c14c8a.jpg
-4.5072832107543945,-7.304760932922363,0.0,IMDL,1,4,2,8,IMDL-Fake,/mnt/public/public_datasets/OpenMMSecV2/IMDL/non_generative/manual_ps/imgs/1b86e3688c1d48eebb3bfe1388402d09.jpg
23.299949645996094,26.510894775390625,0.0,Doc,1,3,2,6,Document-Fake,/mnt/public/public_datasets/OpenMMSecV2/Doc/non_aigc/copy-move/imgs/f94e1cf08a79401ab79d9054c83dd06a.jpg
23.881752014160156,25.53793716430664,0.0,Doc,1,3,2,6,Document-Fake,/mnt/public/public_datasets/OpenMMSecV2/Doc/non_aigc/copy-move/imgs/42d5209c347843fc831e3f5ceaad49a7.jpg
-5.127413272857666,-7.4265336990356445,0.0,IMDL,1,4,2,8,IMDL-Fake,/mnt/public/public_datasets/OpenMMSecV2/IMDL/non_generative/manual_ps/imgs/d380aa855e4d4400b5f04269aef2d099.jpg
-46.19332504272461,-22.25855255126953,0.0,deepfake,1,1,2,2,Deepfake-Fake,/mnt/public/public_datasets/OpenMMSecV2/Deepfake/Fake/FaceReenactment/Wav2Lip/1c414dc5443f4a8fb61cddb00295d432.png
4.6466474533081055,5.193235397338867,0.0,AIGC,0,2,1,3,AIGC-Real,/mnt/public/public_datasets/OpenMMSecV2/AIGC/other/online/imgs/b7bc993d3ba64d4d9b4586cca744e1e5.jpg
-8.393205642700195,5.1701202392578125,0.0,AIGC,1,2,2,4,AIGC-Fake,/mnt/public/public_datasets/OpenMMSecV2/AIGC/pixel_diffusion/glide/imgs/770496ad3dfe4aedb79fb69548fb617d.png
-36.782161712646484,-21.704404830932617,0.0,deepfake,0,1,1,1,Deepfake-Real,/mnt/public/public_datasets/OpenMMSecV2/Deepfake/Real/CelebDF-v2/6553480dea1d444bb15f3f969add3707.png
24.57381820678711,19.671785354614258,0.0,Doc,1,3,2,6,Document-Fake,/mnt/public/public_datasets/OpenMMSecV2/Doc/aigc/udifftext/imgs/e9708327b53c4f858c17b3d511f4814c.jpg
-49.19279479980469,-25.418672561645508,0.0,deepfake,1,1,2,2,Deepfake-Fake,/mnt/public/public_datasets/OpenMMSecV2/Deepfake/Fake/FaceSwap/InSwapper/b3ebe30364604a519671bc7f96dda5d2.png
7.869479179382324,5.512392044067383,0.0,AIGC,0,2,1,3,AIGC-Real,/mnt/public/public_datasets/OpenMMSecV2/AIGC/other/online/imgs/af764bff907c406baf3774ee1ea32362.jpg
12.217859268188477,5.893370628356934,0.0,AIGC,0,2,1,3,AIGC-Real,/mnt/public/public_datasets/OpenMMSecV2/AIGC/laion/6f94ec666af04eaebc03163bbec20445.jpg
-1.8582158088684082,-10.277396202087402,0.0,IMDL,1,4,2,8,IMDL-Fake,/mnt/public/public_datasets/OpenMMSecV2/IMDL/non_generative/manual_ps/imgs/e2c5dbcdf1394440862829daf1af4ad3.tif
6.261040210723877,-5.643735885620117,0.0,IMDL,0,4,1,7,IMDL-Real,/mnt/public/public_datasets/OpenMMSecV2/IMDL/non_generative/manual_ps/imgs/60881c88faa0473eb74775573e73a5c0.jpg
10.835655212402344,-12.285337448120117,0.0,IMDL,0,4,1,7,IMDL-Real,/mnt/public/public_datasets/OpenMMSecV2/IMDL/generative/coco/imgs/78a8a80b7f5e44a0928349d421821fe9.jpg
-7.5093159675598145,0.968946099281311,0.0,AIGC,1,2,2,4,AIGC-Fake,/mnt/public/public_datasets/OpenMMSecV2/AIGC/other/online/imgs/45f49bbc6d7f4b3b845cbd7356e519c1.jpg
-26.996849060058594,-17.372034072875977,0.0,deepfake,0,1,1,1,Deepfake-Real,/mnt/public/public_datasets/OpenMMSecV2/Deepfake/Real/FFHQ/08ed7918c28e4940a20053f9cd2b0b63.jpg
0.42387527227401733,-1.572568416595459,0.0,AIGC,0,2,1,3,AIGC-Real,/mnt/public/public_datasets/OpenMMSecV2/AIGC/laion/ccabdd66b1db43b0bc90084e1fda3977.jpg
-7.761420726776123,-8.856112480163574,0.0,IMDL,1,4,2,8,IMDL-Fake,/mnt/public/public_datasets/OpenMMSecV2/IMDL/generative/stable_diffusion/imgs/f59ba679e5514ed091975cc4c4839c42.png
-47.40126419067383,-10.667292594909668,0.0,deepfake,1,1,2,2,Deepfake-Fake,/mnt/public/public_datasets/OpenMMSecV2/Deepfake/Fake/EntireFaceSynthesis/SD-2.1/885e34f7b010492c92342c8daa2ae6c8.png
-0.6691240668296814,4.060860633850098,0.0,AIGC,1,2,2,4,AIGC-Fake,/mnt/public/public_datasets/OpenMMSecV2/AIGC/other/online/imgs/3cb1b6fd9e6f47b69aaf6d7e2471c23f.jpg
12.299426078796387,9.42251968383789,0.0,AIGC,0,2,1,3,AIGC-Real,/mnt/public/public_datasets/OpenMMSecV2/AIGC/laion/8770cd096eae41f49709cc8e222bed94.jpg
32.96574401855469,26.25960350036621,0.0,Doc,0,3,1,5,Document-Real,/mnt/public/public_datasets/OpenMMSecV2/Doc/Real/862a9f76d7f742ce9e655c110324de20.jpg
-3.4832141399383545,-8.304062843322754,0.0,IMDL,1,4,2,8,IMDL-Fake,/mnt/public/public_datasets/OpenMMSecV2/IMDL/non_generative/manual_ps/imgs/7f2757ee77f24a578619e8e752b4f302.jpg
-6.816760540008545,-4.971309661865234,0.0,IMDL,1,4,2,8,IMDL-Fake,/mnt/public/public_datasets/OpenMMSecV2/IMDL/non_generative/manual_ps/imgs/a4e4cceb51fc467ca875a6d3a064c72c.jpg
21.793779373168945,25.883520126342773,0.0,Doc,1,3,2,6,Document-Fake,/mnt/public/public_datasets/OpenMMSecV2/Doc/non_aigc/generation/imgs/8e4d18fdaf8c4bcd96c822cd0d415596.jpg
6.7044358253479,1.8980575799942017,0.0,AIGC,0,2,1,3,AIGC-Real,/mnt/public/public_datasets/OpenMMSecV2/AIGC/pixel_diffusion/glide/imgs/177bde335a2145b08b6b9512c00846aa.JPEG
8.855839729309082,-13.255830764770508,0.0,IMDL,0,4,1,7,IMDL-Real,/mnt/public/public_datasets/OpenMMSecV2/IMDL/generative/coco/imgs/5a6faf5e341f4249be0d715df3c9c6f9.jpg
-54.56175231933594,-19.607114791870117,0.0,deepfake,1,1,2,2,Deepfake-Fake,/mnt/public/public_datasets/OpenMMSecV2/Deepfake/Fake/FaceReenactment/FS_vid2vid/15f53d4023ea480689291c0476a44dfc.png
10.29951000213623,-1.9030885696411133,0.0,AIGC,0,2,1,3,AIGC-Real,/mnt/public/public_datasets/OpenMMSecV2/AIGC/other/online/imgs/26ddc188d9ee4ea2a00385b4e0c4dc82.jpg
33.360107421875,26.2779541015625,0.0,Doc,0,3,1,5,Document-Real,/mnt/public/public_datasets/OpenMMSecV2/Doc/Real/e00b8700de304529a926a3722a8786b5.jpg
-36.65359115600586,-18.146099090576172,0.0,deepfake,0,1,1,1,Deepfake-Real,/mnt/public/public_datasets/OpenMMSecV2/Deepfake/Real/FF++/ee22889e0cc948c8971ed45787e04541.png
-1.0957947969436646,1.151108980178833,0.0,AIGC,1,2,2,4,AIGC-Fake,/mnt/public/public_datasets/OpenMMSecV2/AIGC/GAN/GigaGAN/909d6c07aabb491096a05276068ba153.jpg
-2.768465757369995,-8.259905815124512,0.0,IMDL,1,4,2,8,IMDL-Fake,/mnt/public/public_datasets/OpenMMSecV2/IMDL/non_generative/manual_ps/imgs/f5f968d7d5d042f2a5ff5e21208cc50b.tif
11.3489990234375,7.025843620300293,0.0,AIGC,0,2,1,3,AIGC-Real,/mnt/public/public_datasets/OpenMMSecV2/AIGC/laion/0ff3131fa06944689371a36af2b769ce.jpg
8.659780502319336,-13.65963363647461,0.0,IMDL,0,4,1,7,IMDL-Real,/mnt/public/public_datasets/OpenMMSecV2/IMDL/generative/flux_1/imgs/865f79246d4d4785bce5612c62e27460.png
-9.958544731140137,5.7274885177612305,0.0,AIGC,1,2,2,4,AIGC-Fake,/mnt/public/public_datasets/OpenMMSecV2/AIGC/latent_diffusion/systematic/bfcfcda4c385492ea1af1e25abeb8be1.jpg
7.859241008758545,-4.541930198669434,0.0,IMDL,0,4,1,7,IMDL-Real,/mnt/public/public_datasets/OpenMMSecV2/IMDL/non_generative/manual_ps/imgs/3c2e7cd33d3c4487b3d9c095ca76753c.jpg
21.880863189697266,24.67430305480957,0.0,Doc,1,3,2,6,Document-Fake,/mnt/public/public_datasets/OpenMMSecV2/Doc/non_aigc/cpmv/imgs/8ce1861d25d24c229aa4b615f87c67ec.jpg
-55.00760269165039,-21.050052642822266,0.0,deepfake,1,1,2,2,Deepfake-Fake,/mnt/public/public_datasets/OpenMMSecV2/Deepfake/Fake/EntireFaceSynthesis/RDDM/91f464c4321246ac9b3342e816adadb2.png
-52.228790283203125,-20.802486419677734,0.0,deepfake,1,1,2,2,Deepfake-Fake,/mnt/public/public_datasets/OpenMMSecV2/Deepfake/Fake/FaceReenactment/DaGAN/870b2805dd8d4fefa862040097953caf.png
29.66237449645996,27.016624450683594,0.0,Doc,0,3,1,5,Document-Real,/mnt/public/public_datasets/OpenMMSecV2/Doc/Real/dce980898b9b4814b17c9a636041364d.jpg
-6.503292083740234,-10.352368354797363,0.0,IMDL,1,4,2,8,IMDL-Fake,/mnt/public/public_datasets/OpenMMSecV2/IMDL/non_generative/manual_ps/imgs/147328d006d3497da8905822f0bdb29e.jpg
29.64606285095215,27.029600143432617,0.0,Doc,0,3,1,5,Document-Real,/mnt/public/public_datasets/OpenMMSecV2/Doc/Real/1774ad5ade3644f9a77c473881d5ea1d.jpg
25.10289764404297,18.631912231445312,0.0,Doc,1,3,2,6,Document-Fake,/mnt/public/public_datasets/OpenMMSecV2/Doc/aigc/derend/imgs/d541e0017cd84be49abd9c0224586562.jpg
30.83805274963379,19.845809936523438,0.0,Doc,0,3,1,5,Document-Real,/mnt/public/public_datasets/OpenMMSecV2/Doc/Real/755663eb8dea4ad89902a8ca0e5a0272.jpg
25.805295944213867,23.644319534301758,0.0,Doc,1,3,2,6,Document-Fake,/mnt/public/public_datasets/OpenMMSecV2/Doc/non_aigc/cpmv/imgs/af4163adb5da4481a245124ae848f313.jpg
-34.555885314941406,-22.439136505126953,0.0,deepfake,0,1,1,1,Deepfake-Real,/mnt/public/public_datasets/OpenMMSecV2/Deepfake/Real/FF++/dcf36d7d13d54dd5a15b30f92820e3e1.png
23.802570343017578,25.215253829956055,0.0,Doc,1,3,2,6,Document-Fake,/mnt/public/public_datasets/OpenMMSecV2/Doc/non_aigc/copy-move/imgs/a3d048bc785b42c8b927ec5ae79021f7.jpg
24.65822410583496,19.013452529907227,0.0,Doc,1,3,2,6,Document-Fake,/mnt/public/public_datasets/OpenMMSecV2/Doc/aigc/mostel/imgs/af00dcc5df0847d9943db50965d580f5.jpg
7.467950820922852,-10.079841613769531,0.0,IMDL,0,4,1,7,IMDL-Real,/mnt/public/public_datasets/OpenMMSecV2/IMDL/generative/stable_diffusion/imgs/c2598b76c7da4d749d3703de0fd51756.png
-48.75197982788086,-25.518259048461914,0.0,deepfake,1,1,2,2,Deepfake-Fake,/mnt/public/public_datasets/OpenMMSecV2/Deepfake/Fake/FaceSwap/InSwapper/b0b40a627d7d4340b0296f7b84605686.png
22.667234420776367,25.740386962890625,0.0,Doc,1,3,2,6,Document-Fake,/mnt/public/public_datasets/OpenMMSecV2/Doc/non_aigc/cpmv/imgs/43523d05788e4682be64f5d5a782e5c2.jpg
-3.3061397075653076,-19.627334594726562,0.0,IMDL,1,4,2,8,IMDL-Fake,/mnt/public/public_datasets/OpenMMSecV2/IMDL/non_generative/manual_ps/imgs/e56ef1b8237d464e8f34229b0a841f8b.jpg
-50.34105682373047,-14.591594696044922,0.0,deepfake,1,1,2,2,Deepfake-Fake,/mnt/public/public_datasets/OpenMMSecV2/Deepfake/Fake/FaceEditing/e4e/6fff6aa453e64e8d930a0eb19e555b68.jpg
9.31716251373291,-13.465185165405273,0.0,IMDL,0,4,1,7,IMDL-Real,/mnt/public/public_datasets/OpenMMSecV2/IMDL/generative/coco/imgs/0037203528f24db49fdf68510df62f1f.jpg
-7.467014789581299,-2.847665548324585,0.0,IMDL,1,4,2,8,IMDL-Fake,/mnt/public/public_datasets/OpenMMSecV2/IMDL/generative/gan_mat/imgs/e08629dd34cd4630b42bb8bc72e81db3.jpg
4.288508892059326,-5.239850044250488,0.0,IMDL,0,4,1,7,IMDL-Real,/mnt/public/public_datasets/OpenMMSecV2/IMDL/generative/coco/imgs/b2c50cb60b63478cb68fe6b7c307ad03.jpg
-6.453397750854492,0.7126534581184387,0.0,AIGC,1,2,2,4,AIGC-Fake,/mnt/public/public_datasets/OpenMMSecV2/AIGC/other/online/imgs/e3c9724074f542508376560c963b5b9d.jpg
-29.097929000854492,-23.78636360168457,0.0,deepfake,0,1,1,1,Deepfake-Real,/mnt/public/public_datasets/OpenMMSecV2/Deepfake/Real/UADFV/7bb349cea9044d79ac03d2621debec6a.png
9.431654930114746,-12.43704891204834,0.0,IMDL,0,4,1,7,IMDL-Real,/mnt/public/public_datasets/OpenMMSecV2/IMDL/generative/coco/imgs/6899fc92823947ce8fcf126ad1ec9691.jpg
33.58219528198242,21.151460647583008,0.0,Doc,0,3,1,5,Document-Real,/mnt/public/public_datasets/OpenMMSecV2/Doc/aigc/derend/imgs/486ec1e782c3481ea711c736701a9687.jpg
-47.10493087768555,-13.057788848876953,0.0,deepfake,1,1,2,2,Deepfake-Fake,/mnt/public/public_datasets/OpenMMSecV2/Deepfake/Fake/EntireFaceSynthesis/StyleGAN-XL/7d3799317f75424f98e189d64ba399f9.png
-54.934837341308594,-20.285085678100586,0.0,deepfake,1,1,2,2,Deepfake-Fake,/mnt/public/public_datasets/OpenMMSecV2/Deepfake/Fake/EntireFaceSynthesis/RDDM/9d02c24458174cc3b90536f9cacf9ba2.png
23.112951278686523,26.45017433166504,0.0,Doc,1,3,2,6,Document-Fake,/mnt/public/public_datasets/OpenMMSecV2/Doc/non_aigc/copy-move/imgs/08bd02a09e38487fab05a64797af1ca9.jpg
24.337570190429688,18.976322174072266,0.0,Doc,1,3,2,6,Document-Fake,/mnt/public/public_datasets/OpenMMSecV2/Doc/aigc/derend/imgs/889ab1f89f5d4a4584ac99891e93e3d9.jpg
-9.781384468078613,6.7457475662231445,0.0,AIGC,1,2,2,4,AIGC-Fake,/mnt/public/public_datasets/OpenMMSecV2/AIGC/GAN/BigGAN/5bf6d0a89c254339aff2411eef69c305.jpg
-4.742910385131836,-10.478598594665527,0.0,IMDL,1,4,2,8,IMDL-Fake,/mnt/public/public_datasets/OpenMMSecV2/IMDL/generative/paintbyexample/imgs/11739338955046f4a75cef9644c48f52.jpg
11.968244552612305,8.933144569396973,0.0,AIGC,0,2,1,3,AIGC-Real,/mnt/public/public_datasets/OpenMMSecV2/AIGC/laion/e5668f6e8daf4bea8e5a8bc282c77377.jpg
-0.9958829879760742,-11.769124031066895,0.0,IMDL,1,4,2,8,IMDL-Fake,/mnt/public/public_datasets/OpenMMSecV2/IMDL/non_generative/manual_ps/imgs/129a1092bc544446b97d8496075d6247.jpg
-0.8406124114990234,-11.155940055847168,0.0,IMDL,1,4,2,8,IMDL-Fake,/mnt/public/public_datasets/OpenMMSecV2/IMDL/non_generative/manual_ps/imgs/e9f94a9dc15a45158db97f57c5f030dc.tif
-50.795440673828125,-20.10439109802246,0.0,deepfake,1,1,2,2,Deepfake-Fake,/mnt/public/public_datasets/OpenMMSecV2/Deepfake/Fake/EntireFaceSynthesis/StyleGAN-XL/a962c1ef0f104244a95904f893f62344.png
8.175204277038574,5.035856246948242,0.0,AIGC,0,2,1,3,AIGC-Real,/mnt/public/public_datasets/OpenMMSecV2/AIGC/laion/102b2d74c407446b9aff4ea4d9aaee07.jpg
0.9655479192733765,1.3434958457946777,0.0,AIGC,1,2,2,4,AIGC-Fake,/mnt/public/public_datasets/OpenMMSecV2/AIGC/other/online/imgs/0f31fda090d740c6bc5f1727433f08a5.jpg
5.706785202026367,2.4885430335998535,0.0,AIGC,0,2,1,3,AIGC-Real,/mnt/public/public_datasets/OpenMMSecV2/AIGC/other/online/imgs/06c817478da146a09abaefe5a49a8b8f.jpg
4.969596862792969,2.632535696029663,0.0,AIGC,0,2,1,3,AIGC-Real,/mnt/public/public_datasets/OpenMMSecV2/AIGC/laion/c5aacf544eed46798d74856c06bcce42.jpg
-8.619017601013184,5.061305046081543,0.0,AIGC,1,2,2,4,AIGC-Fake,/mnt/public/public_datasets/OpenMMSecV2/AIGC/latent_diffusion/systematic/73c57eed7be44e69b7a64353f7dd09e4.jpg
-29.920495986938477,-23.688608169555664,0.0,deepfake,0,1,1,1,Deepfake-Real,/mnt/public/public_datasets/OpenMMSecV2/Deepfake/Real/FF++/2a70354347f54f51adb2ba7676e9f469.png
5.456852436065674,-10.6934814453125,0.0,IMDL,0,4,1,7,IMDL-Real,/mnt/public/public_datasets/OpenMMSecV2/IMDL/generative/flux_1/imgs/982641f50399488ab39297ea2a4e343a.png
11.611832618713379,5.846261024475098,0.0,AIGC,0,2,1,3,AIGC-Real,/mnt/public/public_datasets/OpenMMSecV2/AIGC/laion/425595d5d826407e891a00b84198e86d.jpg
-32.12025833129883,-17.396575927734375,0.0,deepfake,0,1,1,1,Deepfake-Real,/mnt/public/public_datasets/OpenMMSecV2/Deepfake/Real/FF++/1d320ed6ade1424f9eaee1c44992beb5.png
-3.194446086883545,9.60634708404541,0.0,AIGC,1,2,2,4,AIGC-Fake,/mnt/public/public_datasets/OpenMMSecV2/AIGC/commercial/dalle/b61d06850dfd45a095111614cb00447a.jpg
7.36677360534668,7.535815238952637,0.0,AIGC,0,2,1,3,AIGC-Real,/mnt/public/public_datasets/OpenMMSecV2/AIGC/laion/9b58366e762a443dbff68a86b214ba3b.jpg
-50.289764404296875,-21.906923294067383,0.0,deepfake,1,1,2,2,Deepfake-Fake,/mnt/public/public_datasets/OpenMMSecV2/Deepfake/Fake/FaceSwap/SimSwap/97f3770e489f4fa1b6886dfdaa18edc0.png
32.04191970825195,20.274826049804688,0.0,Doc,0,3,1,5,Document-Real,/mnt/public/public_datasets/OpenMMSecV2/Doc/aigc/anytext/imgs/339017a537364f76969e21b7f9eaad31.jpg
-4.334033966064453,-10.621346473693848,0.0,IMDL,1,4,2,8,IMDL-Fake,/mnt/public/public_datasets/OpenMMSecV2/IMDL/non_generative/manual_ps/imgs/a7a92b303eda4512842aca7f26a654c5.tif
-9.236541748046875,0.5916941165924072,0.0,deepfake,0,1,1,1,Deepfake-Real,/mnt/public/public_datasets/OpenMMSecV2/Deepfake/Real/CelebA/6e3188f77503481cbfc4d9c1da485331.jpg
-35.40717697143555,-20.505964279174805,0.0,deepfake,0,1,1,1,Deepfake-Real,/mnt/public/public_datasets/OpenMMSecV2/Deepfake/Real/DFD/08f5b712328d49cbb7be3bacabef266a.png
9.24107551574707,-13.846765518188477,0.0,IMDL,0,4,1,7,IMDL-Real,/mnt/public/public_datasets/OpenMMSecV2/IMDL/generative/flux_1/imgs/45e0a7c91b6e44baa65274f763a29992.png
-14.749700546264648,5.178165435791016,0.0,AIGC,1,2,2,4,AIGC-Fake,/mnt/public/public_datasets/OpenMMSecV2/AIGC/GAN/ProjectedGAN/94cd93ccda174f0381ed92cfa9493bf6.jpg
-5.015124797821045,0.9116611480712891,0.0,AIGC,1,2,2,4,AIGC-Fake,/mnt/public/public_datasets/OpenMMSecV2/AIGC/latent_diffusion/systematic/515b77473dfc4a95ad715aa0922132bc.jpg
-37.9321403503418,-21.74032211303711,0.0,deepfake,0,1,1,1,Deepfake-Real,/mnt/public/public_datasets/OpenMMSecV2/Deepfake/Real/CelebDF-v2/a0e60129bedc4dfcba46a74082364513.png
-43.46274185180664,-32.68381881713867,0.0,deepfake,1,1,2,2,Deepfake-Fake,/mnt/public/public_datasets/OpenMMSecV2/Deepfake/Fake/FaceSwap/FaceShifter/a86add598be046c8bf57e3c2a97c1912.png
10.90679931640625,6.362753868103027,0.0,AIGC,0,2,1,3,AIGC-Real,/mnt/public/public_datasets/OpenMMSecV2/AIGC/laion/84dfb49b6c764cab8260c017ddfedb7c.jpg
33.085655212402344,21.6025333404541,0.0,Doc,0,3,1,5,Document-Real,/mnt/public/public_datasets/OpenMMSecV2/Doc/Real/def26e3f961545468c994ba50ba2a6fa.jpg
8.071208953857422,7.225435256958008,0.0,AIGC,0,2,1,3,AIGC-Real,/mnt/public/public_datasets/OpenMMSecV2/AIGC/laion/105d115e4c95421686fb6648623b0be1.jpg
7.895619869232178,2.9640145301818848,0.0,AIGC,0,2,1,3,AIGC-Real,/mnt/public/public_datasets/OpenMMSecV2/AIGC/pixel_diffusion/glide/imgs/e818738aa54a42419226ddabb40a28c0.JPEG
10.956070899963379,-11.18297004699707,0.0,IMDL,0,4,1,7,IMDL-Real,/mnt/public/public_datasets/OpenMMSecV2/IMDL/generative/coco/imgs/6bc1882684d84ac79f281e1ebfd0a199.jpg
5.703924655914307,4.193836212158203,0.0,AIGC,0,2,1,3,AIGC-Real,/mnt/public/public_datasets/OpenMMSecV2/AIGC/laion/cbc4c1b4899743909296e02c73dc06dd.jpg
-51.19164276123047,-16.945877075195312,0.0,deepfake,1,1,2,2,Deepfake-Fake,/mnt/public/public_datasets/OpenMMSecV2/Deepfake/Fake/FaceEditing/StarGAN/179393641ee544f88f44ead74d77813c.jpg
10.479935646057129,-11.631136894226074,0.0,IMDL,0,4,1,7,IMDL-Real,/mnt/public/public_datasets/OpenMMSecV2/IMDL/generative/coco/imgs/8087bfcb32094c61b5ae3bdb0fb8f4f2.jpg
-2.915724515914917,9.529867172241211,0.0,AIGC,1,2,2,4,AIGC-Fake,/mnt/public/public_datasets/OpenMMSecV2/AIGC/commercial/ideogram/b52d718aa6fc498d9c1186eafaabd1be.jpg
0.41819262504577637,-9.81481647491455,0.0,IMDL,1,4,2,8,IMDL-Fake,/mnt/public/public_datasets/OpenMMSecV2/IMDL/generative/stable_diffusion/imgs/4efdef344e9341d28c97d54d50c8f7a9.png
0.34611278772354126,10.09211254119873,0.0,AIGC,0,2,1,3,AIGC-Real,/mnt/public/public_datasets/OpenMMSecV2/AIGC/GAN/BigGAN/imgs/77588ed0b510424d8df4f7b5c1a3f2ea.JPEG
22.81049156188965,25.746379852294922,0.0,Doc,1,3,2,6,Document-Fake,/mnt/public/public_datasets/OpenMMSecV2/Doc/non_aigc/cover/imgs/bfe83a82920b4c10840b3104dca81ff0.jpg
29.946256637573242,26.812246322631836,0.0,Doc,0,3,1,5,Document-Real,/mnt/public/public_datasets/OpenMMSecV2/Doc/Real/21ecd366ac4244cfb701760c2e4e6ec1.jpg
-5.77091121673584,-6.885377883911133,0.0,IMDL,1,4,2,8,IMDL-Fake,/mnt/public/public_datasets/OpenMMSecV2/IMDL/non_generative/manual_ps/imgs/33c970a4679c4a1cb19b2bf81b75019c.jpg
11.602306365966797,8.357932090759277,0.0,AIGC,0,2,1,3,AIGC-Real,/mnt/public/public_datasets/OpenMMSecV2/AIGC/laion/6f9dd362dced49acac0377a96a1f0bea.jpg
-50.941776275634766,-30.309587478637695,0.0,deepfake,1,1,2,2,Deepfake-Fake,/mnt/public/public_datasets/OpenMMSecV2/Deepfake/Fake/FaceReenactment/Wav2Lip/a8b250d624ef4d0890be2a2c8cab419f.png
-5.621254920959473,-7.659411430358887,0.0,IMDL,1,4,2,8,IMDL-Fake,/mnt/public/public_datasets/OpenMMSecV2/IMDL/non_generative/manual_ps/imgs/8cd151f612184a0680c165eb81d9994b.jpg
8.360913276672363,5.727062225341797,0.0,AIGC,0,2,1,3,AIGC-Real,/mnt/public/public_datasets/OpenMMSecV2/AIGC/laion/f44b4c9fdeac404a93b5c7bce37d8062.jpg
-10.606221199035645,7.967861175537109,0.0,AIGC,1,2,2,4,AIGC-Fake,/mnt/public/public_datasets/OpenMMSecV2/AIGC/GAN/BigGAN/72e09b8eafc944a584dd9fdbc3028f4a.jpg
22.730270385742188,25.56866455078125,0.0,Doc,1,3,2,6,Document-Fake,/mnt/public/public_datasets/OpenMMSecV2/Doc/non_aigc/cpmv/imgs/37364f905b0443f795b26f028daf06ab.jpg
8.493582725524902,-11.312068939208984,0.0,IMDL,0,4,1,7,IMDL-Real,/mnt/public/public_datasets/OpenMMSecV2/IMDL/generative/coco/imgs/046ea8660ab54dea97e66729d1ca7414.jpg
-55.11077117919922,-19.45099449157715,0.0,deepfake,1,1,2,2,Deepfake-Fake,/mnt/public/public_datasets/OpenMMSecV2/Deepfake/Fake/FaceReenactment/HyperReenact/16eaab20b8854cc292099d9858e862bb.png
5.998943328857422,4.841617584228516,0.0,AIGC,0,2,1,3,AIGC-Real,/mnt/public/public_datasets/OpenMMSecV2/AIGC/laion/67a7d8266fe841cb8c8b2c83093e55d3.jpg
11.19883918762207,6.031543731689453,0.0,AIGC,0,2,1,3,AIGC-Real,/mnt/public/public_datasets/OpenMMSecV2/AIGC/laion/c8e8b13651614da2a89c196aca36a188.jpg
22.882898330688477,26.08951759338379,0.0,Doc,1,3,2,6,Document-Fake,/mnt/public/public_datasets/OpenMMSecV2/Doc/non_aigc/generation/imgs/eedac52102e74d8e9bbae0034f9898c5.jpg
25.774412155151367,24.395606994628906,0.0,Doc,1,3,2,6,Document-Fake,/mnt/public/public_datasets/OpenMMSecV2/Doc/non_aigc/cpmv/imgs/33733beb83a74797bc474ee7cb8c4da8.jpg
11.667573928833008,9.37671947479248,0.0,AIGC,0,2,1,3,AIGC-Real,/mnt/public/public_datasets/OpenMMSecV2/AIGC/laion/e60e061a4d074ef0a53ab370635a289a.jpg
31.303409576416016,21.09550666809082,0.0,Doc,0,3,1,5,Document-Real,/mnt/public/public_datasets/OpenMMSecV2/Doc/Real/9dabae7f14d545ada5b2396b9f493fd8.jpg
-32.35993576049805,-19.687713623046875,0.0,deepfake,0,1,1,1,Deepfake-Real,/mnt/public/public_datasets/OpenMMSecV2/Deepfake/Real/FF++/1d801c7011b24f2db40c4553b30e5475.png
-36.94273376464844,-15.623398780822754,0.0,deepfake,0,1,1,1,Deepfake-Real,/mnt/public/public_datasets/OpenMMSecV2/Deepfake/Real/CelebDF-v2/0059012d88e74bcc98e8be76a149a63a.png
7.351722240447998,-5.85455322265625,0.0,IMDL,0,4,1,7,IMDL-Real,/mnt/public/public_datasets/OpenMMSecV2/IMDL/generative/stable_diffusion/imgs/ac5305285fd64640ba7b119dadc50c42.png
9.463577270507812,-2.105975866317749,0.0,AIGC,0,2,1,3,AIGC-Real,/mnt/public/public_datasets/OpenMMSecV2/AIGC/laion/71eec1c2b2f64300b418b5dc9644c139.jpg
34.27914810180664,24.554901123046875,0.0,Doc,0,3,1,5,Document-Real,/mnt/public/public_datasets/OpenMMSecV2/Doc/Real/33cf201bdcb54630bd76e9ddeddab9a4.jpg
-0.7909947037696838,-12.28691291809082,0.0,IMDL,1,4,2,8,IMDL-Fake,/mnt/public/public_datasets/OpenMMSecV2/IMDL/non_generative/manual_ps/imgs/1b3472a36c3e477db07b620ade64e0ed.jpg
-47.09503936767578,-21.347688674926758,0.0,deepfake,1,1,2,2,Deepfake-Fake,/mnt/public/public_datasets/OpenMMSecV2/Deepfake/Fake/FaceSwap/Unknow_FS/f243cc4ab1664f64a7f1f2bb897e989b.png
23.030010223388672,25.244626998901367,0.0,Doc,1,3,2,6,Document-Fake,/mnt/public/public_datasets/OpenMMSecV2/Doc/non_aigc/generation/imgs/a220e6107be545ed89410b724ca3c455.jpg
10.94416332244873,-11.89778995513916,0.0,IMDL,0,4,1,7,IMDL-Real,/mnt/public/public_datasets/OpenMMSecV2/IMDL/generative/coco/imgs/2e91a496f23c448981592ecaed95adf5.jpg
24.446937561035156,20.824085235595703,0.0,Doc,1,3,2,6,Document-Fake,/mnt/public/public_datasets/OpenMMSecV2/Doc/aigc/textocr/imgs/c4e8ffd926144e25811a8acdfc84bbf3.jpg
11.554701805114746,-12.197003364562988,0.0,IMDL,0,4,1,7,IMDL-Real,/mnt/public/public_datasets/OpenMMSecV2/IMDL/generative/coco/imgs/b6adfb79f40c497ab78eb11306f02112.jpg
-8.082297325134277,4.4697370529174805,0.0,AIGC,1,2,2,4,AIGC-Fake,/mnt/public/public_datasets/OpenMMSecV2/AIGC/other/online/imgs/a1315d5a93d24a55bbc94daa2eb430fa.jpg
2.2575347423553467,2.43180513381958,0.0,AIGC,0,2,1,3,AIGC-Real,/mnt/public/public_datasets/OpenMMSecV2/AIGC/other/online/imgs/51a0860af5534f8b884e4f64f2f5a4f8.jpg
10.85856819152832,6.537959098815918,0.0,AIGC,0,2,1,3,AIGC-Real,/mnt/public/public_datasets/OpenMMSecV2/AIGC/laion/234f66b1b4734b1e9404cb644d1765e5.jpg
33.4616584777832,26.62024688720703,0.0,Doc,0,3,1,5,Document-Real,/mnt/public/public_datasets/OpenMMSecV2/Doc/Real/81f8590945d94b048fe4f3bebae7d2bf.jpg
-2.4606258869171143,-8.296802520751953,0.0,IMDL,1,4,2,8,IMDL-Fake,/mnt/public/public_datasets/OpenMMSecV2/IMDL/non_generative/manual_ps/imgs/76814fb37e3a42a9b379999662f2f976.jpg
21.63201141357422,21.71229362487793,0.0,Doc,1,3,2,6,Document-Fake,/mnt/public/public_datasets/OpenMMSecV2/Doc/aigc/textocr/imgs/caf7b6a381ea4b84980f5d77330d6614.jpg
-52.52470779418945,-19.915122985839844,0.0,deepfake,1,1,2,2,Deepfake-Fake,/mnt/public/public_datasets/OpenMMSecV2/Deepfake/Fake/FaceReenactment/TPSMM/77ab158c075f41558aa41400cb1d8b11.png
32.95664596557617,21.610340118408203,0.0,Doc,0,3,1,5,Document-Real,/mnt/public/public_datasets/OpenMMSecV2/Doc/Real/dfbf11b9a2a7402c8ad5b06d39a5d0b9.jpg
-8.317007064819336,7.134365081787109,0.0,AIGC,1,2,2,4,AIGC-Fake,/mnt/public/public_datasets/OpenMMSecV2/AIGC/commercial/wukong/imgs/92c3605742fc4c2f98fc9eaf9254f36f.png
22.97169303894043,25.655593872070312,0.0,Doc,1,3,2,6,Document-Fake,/mnt/public/public_datasets/OpenMMSecV2/Doc/non_aigc/generation/imgs/0028ce7d2d5447cb8650370968caba6b.jpg
-29.747962951660156,-23.316438674926758,0.0,deepfake,0,1,1,1,Deepfake-Real,/mnt/public/public_datasets/OpenMMSecV2/Deepfake/Real/UADFV/c859a7057e2843b2add8b89e54ea94bb.png
-17.331703186035156,6.457874298095703,0.0,AIGC,1,2,2,4,AIGC-Fake,/mnt/public/public_datasets/OpenMMSecV2/AIGC/autoregressive_model/tamingtransformers/ba91b991f3504c2f9e6310dbc95f8213.jpg
7.231988430023193,-14.546111106872559,0.0,IMDL,0,4,1,7,IMDL-Real,/mnt/public/public_datasets/OpenMMSecV2/IMDL/generative/coco/imgs/e1a9fb2e685f479c8ed304e5b83b10ff.jpg
-33.203147888183594,-21.462827682495117,0.0,deepfake,0,1,1,1,Deepfake-Real,/mnt/public/public_datasets/OpenMMSecV2/Deepfake/Real/FF++/4e0e1a08bcd74adba1161b3055c91a26.png
-35.628448486328125,-17.029340744018555,0.0,deepfake,0,1,1,1,Deepfake-Real,/mnt/public/public_datasets/OpenMMSecV2/Deepfake/Real/CelebDF-v2/7cec57da39a548db910b86b68e72deb2.png
-12.85297679901123,5.169086456298828,0.0,AIGC,1,2,2,4,AIGC-Fake,/mnt/public/public_datasets/OpenMMSecV2/AIGC/GAN/StyleSANXL/deee1e807a1d4028a8553a1e3892a347.jpg
-3.358970880508423,9.630434036254883,0.0,AIGC,1,2,2,4,AIGC-Fake,/mnt/public/public_datasets/OpenMMSecV2/AIGC/latent_diffusion/systematic/a5e76d5419424b8d840cf82fb78c3c8f.jpg
9.800308227539062,-5.009677886962891,0.0,IMDL,0,4,1,7,IMDL-Real,/mnt/public/public_datasets/OpenMMSecV2/IMDL/generative/coco/imgs/8e01cf52674d43589112c5f82daa85d0.jpg
22.8107967376709,25.616016387939453,0.0,Doc,1,3,2,6,Document-Fake,/mnt/public/public_datasets/OpenMMSecV2/Doc/non_aigc/cpmv/imgs/8b027b7f4e7a471b9099e10cd928eea0.jpg
12.600665092468262,6.744183540344238,0.0,AIGC,0,2,1,3,AIGC-Real,/mnt/public/public_datasets/OpenMMSecV2/AIGC/laion/a1181cb357fd4e86b7a8397e9976d15a.jpg
29.639816284179688,23.609617233276367,0.0,Doc,0,3,1,5,Document-Real,/mnt/public/public_datasets/OpenMMSecV2/Doc/Real/bfcdd456cff94be3994e787691a3edd5.jpg
-6.656700134277344,0.3973623514175415,0.0,AIGC,1,2,2,4,AIGC-Fake,/mnt/public/public_datasets/OpenMMSecV2/AIGC/other/online/imgs/cf9a3524b77b4389855fbca0c0227cad.jpg
21.701457977294922,25.04849624633789,0.0,Doc,1,3,2,6,Document-Fake,/mnt/public/public_datasets/OpenMMSecV2/Doc/non_aigc/cpmv/imgs/34ae6cdd53fc4c839c2e9e0c4007a1d5.jpg
-46.69363021850586,-12.43528938293457,0.0,deepfake,1,1,2,2,Deepfake-Fake,/mnt/public/public_datasets/OpenMMSecV2/Deepfake/Fake/FaceEditing/StarGANv2/b62579c840ac4d238d58b4afade285f6.jpg
11.979022026062012,10.190492630004883,0.0,AIGC,0,2,1,3,AIGC-Real,/mnt/public/public_datasets/OpenMMSecV2/AIGC/laion/27a168ec02824ceba995a2ebfe8d9b85.jpg
-29.96727180480957,-15.105402946472168,0.0,deepfake,0,1,1,1,Deepfake-Real,/mnt/public/public_datasets/OpenMMSecV2/Deepfake/Real/VFHQ/951251a9b79c426ba44ba6733670a5e9.png
-9.641107559204102,6.730384826660156,0.0,AIGC,1,2,2,4,AIGC-Fake,/mnt/public/public_datasets/OpenMMSecV2/AIGC/GAN/GigaGAN/52c3080d8c334a978e09459a5529a232.jpg
24.40286636352539,19.314971923828125,0.0,Doc,1,3,2,6,Document-Fake,/mnt/public/public_datasets/OpenMMSecV2/Doc/aigc/derend/imgs/ef484b5777d8467d9162be609f1775eb.jpg
4.546414852142334,1.5620839595794678,0.0,AIGC,0,2,1,3,AIGC-Real,/mnt/public/public_datasets/OpenMMSecV2/AIGC/other/online/imgs/387fbb88b10e483682c7edd3061502bc.jpg
23.646224975585938,25.56130599975586,0.0,Doc,1,3,2,6,Document-Fake,/mnt/public/public_datasets/OpenMMSecV2/Doc/non_aigc/copy-move/imgs/9989092ef5f54f6bb5e206745403599c.jpg
11.6264066696167,6.43393611907959,0.0,AIGC,0,2,1,3,AIGC-Real,/mnt/public/public_datasets/OpenMMSecV2/AIGC/laion/71a7f51f038c4a42b28fb41f371ee64c.jpg
-30.54121208190918,-21.460922241210938,0.0,deepfake,0,1,1,1,Deepfake-Real,/mnt/public/public_datasets/OpenMMSecV2/Deepfake/Real/CelebDF-v2/38a931ce76b24f66b4f4bcaf560185c9.png
13.047370910644531,8.35936450958252,0.0,AIGC,0,2,1,3,AIGC-Real,/mnt/public/public_datasets/OpenMMSecV2/AIGC/laion/c7bfa78736d14f69a32167e11185eae1.jpg
-49.30912780761719,-12.679728507995605,0.0,deepfake,1,1,2,2,Deepfake-Fake,/mnt/public/public_datasets/OpenMMSecV2/Deepfake/Fake/FaceEditing/e4e/e4ef22efea8e44e2b025dd532db1da7e.jpg
32.88606643676758,20.98567771911621,0.0,Doc,0,3,1,5,Document-Real,/mnt/public/public_datasets/OpenMMSecV2/Doc/Real/16752c4907c54efa9369dbbe53f616bb.jpg
32.93607711791992,26.508544921875,0.0,Doc,0,3,1,5,Document-Real,/mnt/public/public_datasets/OpenMMSecV2/Doc/Real/de1316f78aee4e16a48e4d0fe9aa7e8a.jpg
6.6845808029174805,10.035552978515625,0.0,AIGC,0,2,1,3,AIGC-Real,/mnt/public/public_datasets/OpenMMSecV2/AIGC/laion/058fed83143146d2a061b74df20d71f6.jpg
-33.15064239501953,-18.790109634399414,0.0,deepfake,0,1,1,1,Deepfake-Real,/mnt/public/public_datasets/OpenMMSecV2/Deepfake/Real/DFD/8028048b09f8420d96f0b0c0db0958a0.png
-29.046741485595703,-24.025075912475586,0.0,deepfake,0,1,1,1,Deepfake-Real,/mnt/public/public_datasets/OpenMMSecV2/Deepfake/Real/UADFV/43cde91b429e4ba5a9276661495c0ef2.png
33.71390151977539,26.20551872253418,0.0,Doc,0,3,1,5,Document-Real,/mnt/public/public_datasets/OpenMMSecV2/Doc/Real/c9612ac2d2504f1e8c174ff70e64bf83.jpg
9.464760780334473,-14.113297462463379,0.0,IMDL,0,4,1,7,IMDL-Real,/mnt/public/public_datasets/OpenMMSecV2/IMDL/generative/coco/imgs/c989aa892bb64bc6b8225841d63ee9e0.jpg
7.095653057098389,-3.4753711223602295,0.0,IMDL,0,4,1,7,IMDL-Real,/mnt/public/public_datasets/OpenMMSecV2/IMDL/non_generative/manual_ps/imgs/314fc243ee0a4e3196e969d7d25acbb0.jpg
-5.480251312255859,-8.968525886535645,0.0,IMDL,1,4,2,8,IMDL-Fake,/mnt/public/public_datasets/OpenMMSecV2/IMDL/generative/paintbyexample/imgs/3f3ade85f3754339aa644bd13d12bd50.jpg
10.076130867004395,-9.462441444396973,0.0,IMDL,0,4,1,7,IMDL-Real,/mnt/public/public_datasets/OpenMMSecV2/IMDL/generative/coco/imgs/1affa8d8bd084d27a6d37ee7889ad830.jpg
-47.58998489379883,-11.596842765808105,0.0,deepfake,1,1,2,2,Deepfake-Fake,/mnt/public/public_datasets/OpenMMSecV2/Deepfake/Fake/EntireFaceSynthesis/StyleGAN2/7ff5a98948c34b3883e82353b79f525d.png
8.705053329467773,-14.601827621459961,0.0,IMDL,0,4,1,7,IMDL-Real,/mnt/public/public_datasets/OpenMMSecV2/IMDL/generative/coco/imgs/6de51425a68e4ace89083bd1eb4be2e9.jpg
8.210562705993652,-2.215141534805298,0.0,AIGC,0,2,1,3,AIGC-Real,/mnt/public/public_datasets/OpenMMSecV2/AIGC/laion/34d415ddc5994f6abeff6c7beb31cac9.jpg
9.737266540527344,-11.688136100769043,0.0,IMDL,0,4,1,7,IMDL-Real,/mnt/public/public_datasets/OpenMMSecV2/IMDL/generative/coco/imgs/9afdc79bac754e2b95397a857163860e.jpg
-47.295040130615234,-13.099810600280762,0.0,deepfake,1,1,2,2,Deepfake-Fake,/mnt/public/public_datasets/OpenMMSecV2/Deepfake/Fake/EntireFaceSynthesis/StyleGAN-XL/27b5bbb81ef54ee492d45057ab01064d.png
-4.532369613647461,-0.958924412727356,0.0,AIGC,1,2,2,4,AIGC-Fake,/mnt/public/public_datasets/OpenMMSecV2/AIGC/other/online/imgs/f52f95623ea44ff4938991e979c44554.jpg
-4.192258834838867,-8.715526580810547,0.0,IMDL,1,4,2,8,IMDL-Fake,/mnt/public/public_datasets/OpenMMSecV2/IMDL/generative/gan_mat/imgs/f0ca313415e54ea3b35c23d3b6116101.png
23.74972915649414,26.316543579101562,0.0,Doc,1,3,2,6,Document-Fake,/mnt/public/public_datasets/OpenMMSecV2/Doc/non_aigc/copy-move/imgs/ea23923eb94143f29b7ec9e3c17e7dc0.jpg
7.2668681144714355,-13.595060348510742,0.0,IMDL,0,4,1,7,IMDL-Real,/mnt/public/public_datasets/OpenMMSecV2/IMDL/generative/stable_diffusion/imgs/cdc1da5bc917490d9e77df3d5057da9f.png
24.8348445892334,24.728900909423828,0.0,Doc,1,3,2,6,Document-Fake,/mnt/public/public_datasets/OpenMMSecV2/Doc/non_aigc/cpmv/imgs/3fa311586b6444548048cb2b8966fe4a.jpg
-49.78352355957031,-12.908597946166992,0.0,deepfake,1,1,2,2,Deepfake-Fake,/mnt/public/public_datasets/OpenMMSecV2/Deepfake/Fake/FaceEditing/e4e/8085e0672c0849c2978b2536aceabdf8.jpg
7.374903202056885,-8.26030445098877,0.0,IMDL,0,4,1,7,IMDL-Real,/mnt/public/public_datasets/OpenMMSecV2/IMDL/generative/coco/imgs/93077d7942644b2ba7c5cd96da9608ca.jpg
33.8813591003418,25.89693832397461,0.0,Doc,0,3,1,5,Document-Real,/mnt/public/public_datasets/OpenMMSecV2/Doc/Real/56026cf58fb143e18ec56e6e85eba6a8.jpg
25.59309959411621,23.17138671875,0.0,Doc,1,3,2,6,Document-Fake,/mnt/public/public_datasets/OpenMMSecV2/Doc/non_aigc/generation/imgs/5bceb298c59c4dbea92ac447e6938c3c.jpg
31.747093200683594,21.38013458251953,0.0,Doc,0,3,1,5,Document-Real,/mnt/public/public_datasets/OpenMMSecV2/Doc/Real/f7a7f66a411341749943220b78bf22de.jpg
-2.829228639602661,7.640466690063477,0.0,AIGC,1,2,2,4,AIGC-Fake,/mnt/public/public_datasets/OpenMMSecV2/AIGC/pixel_diffusion/guided_diffusion/c524c9b2113241d6ae44413d08eb8cab.jpg
-10.464550971984863,7.873558044433594,0.0,AIGC,1,2,2,4,AIGC-Fake,/mnt/public/public_datasets/OpenMMSecV2/AIGC/pixel_diffusion/glide/imgs/1a30500dfdc3400d9383bb46e821c680.png
10.191230773925781,-13.385824203491211,0.0,IMDL,0,4,1,7,IMDL-Real,/mnt/public/public_datasets/OpenMMSecV2/IMDL/generative/coco/imgs/0b7284566f214d3491be01aae9595680.jpg
-28.28061294555664,-19.205202102661133,0.0,deepfake,0,1,1,1,Deepfake-Real,/mnt/public/public_datasets/OpenMMSecV2/Deepfake/Real/VFHQ/63af9d896fef4f70952db0f09400bb63.png
33.191463470458984,21.60355567932129,0.0,Doc,0,3,1,5,Document-Real,/mnt/public/public_datasets/OpenMMSecV2/Doc/Real/fbfacad2c92a4c238ac2ff14f32bdae4.jpg
-5.0992865562438965,-7.212038040161133,0.0,IMDL,1,4,2,8,IMDL-Fake,/mnt/public/public_datasets/OpenMMSecV2/IMDL/non_generative/manual_ps/imgs/ccac17520185411ea60ad1daae76ff09.jpg
12.121874809265137,8.728172302246094,0.0,AIGC,0,2,1,3,AIGC-Real,/mnt/public/public_datasets/OpenMMSecV2/AIGC/laion/476f30ab553445f78515ea5b49dd6128.jpg
23.885906219482422,25.130367279052734,0.0,Doc,1,3,2,6,Document-Fake,/mnt/public/public_datasets/OpenMMSecV2/Doc/non_aigc/generation/imgs/4872d6d215d1442eb11823068a510863.jpg
6.421687126159668,-14.631181716918945,0.0,IMDL,0,4,1,7,IMDL-Real,/mnt/public/public_datasets/OpenMMSecV2/IMDL/generative/coco/imgs/95ff6bb47e144a07978c9f03c33bbb84.jpg
-6.204216480255127,-8.483501434326172,0.0,IMDL,1,4,2,8,IMDL-Fake,/mnt/public/public_datasets/OpenMMSecV2/IMDL/non_generative/manual_ps/imgs/69ec5028f2b842a7b94657abf0bbe4fc.jpg
31.727113723754883,21.39860725402832,0.0,Doc,0,3,1,5,Document-Real,/mnt/public/public_datasets/OpenMMSecV2/Doc/Real/8930fc7dd49d421cb324fdf59b9c7b5b.jpg
6.347068786621094,-9.30700969696045,0.0,IMDL,0,4,1,7,IMDL-Real,/mnt/public/public_datasets/OpenMMSecV2/IMDL/generative/stable_diffusion/imgs/0144e3a881d84ab998b6a734fb51c967.png
25.251052856445312,23.877300262451172,0.0,Doc,1,3,2,6,Document-Fake,/mnt/public/public_datasets/OpenMMSecV2/Doc/aigc/textocr/imgs/6b51fb9112be431c8ff09bae197ac240.jpg
4.031680583953857,5.553236961364746,0.0,AIGC,0,2,1,3,AIGC-Real,/mnt/public/public_datasets/OpenMMSecV2/AIGC/laion/46fd5d8d2cc246ae9b7247a88cf5d44d.jpg
-2.9181530475616455,8.99862003326416,0.0,AIGC,1,2,2,4,AIGC-Fake,/mnt/public/public_datasets/OpenMMSecV2/AIGC/latent_diffusion/systematic/491be9a24a5c467194d2f3e857250a7a.jpg
11.167543411254883,-8.212244033813477,0.0,IMDL,0,4,1,7,IMDL-Real,/mnt/public/public_datasets/OpenMMSecV2/IMDL/non_generative/manual_ps/imgs/1a5f097b14214151965a66c2f6584168.jpg
-8.18092155456543,5.295659065246582,0.0,AIGC,1,2,2,4,AIGC-Fake,/mnt/public/public_datasets/OpenMMSecV2/AIGC/pixel_diffusion/guided_diffusion/7db73fd18de94626aab02ca2b8b3d2cf.jpg
1.9883654117584229,8.462827682495117,0.0,AIGC,1,2,2,4,AIGC-Fake,/mnt/public/public_datasets/OpenMMSecV2/AIGC/commercial/flux/04dc43b331a74f8eb9198cdd3417625d.jpg
3.0716888904571533,-10.531168937683105,0.0,IMDL,1,4,2,8,IMDL-Fake,/mnt/public/public_datasets/OpenMMSecV2/IMDL/non_generative/manual_ps/imgs/def9c24b934844d595d5c88f41684df0.jpg
2.6864142417907715,-8.009604454040527,0.0,IMDL,1,4,2,8,IMDL-Fake,/mnt/public/public_datasets/OpenMMSecV2/IMDL/non_generative/manual_ps/imgs/e52457500b9149a493cab0ca54823e65.jpg
-30.04193878173828,-15.010623931884766,0.0,deepfake,0,1,1,1,Deepfake-Real,/mnt/public/public_datasets/OpenMMSecV2/Deepfake/Real/VFHQ/62617dde2a6e45ad8f8f89cc9ab51062.png
8.473054885864258,-10.406671524047852,0.0,IMDL,0,4,1,7,IMDL-Real,/mnt/public/public_datasets/OpenMMSecV2/IMDL/generative/flux_1/imgs/b4dd0a085bc246c6a85669f05cbd1c15.png
-34.34234619140625,-20.406829833984375,0.0,deepfake,0,1,1,1,Deepfake-Real,/mnt/public/public_datasets/OpenMMSecV2/Deepfake/Real/DFD/0d544b89c6da4ad4bae4450232a25484.png
12.117025375366211,9.936956405639648,0.0,AIGC,0,2,1,3,AIGC-Real,/mnt/public/public_datasets/OpenMMSecV2/AIGC/laion/39eacae25773407caa8c4dea1a58c111.jpg
-3.6543221473693848,8.462099075317383,0.0,AIGC,1,2,2,4,AIGC-Fake,/mnt/public/public_datasets/OpenMMSecV2/AIGC/latent_diffusion/systematic/978af1e1a6d14618b9b482a15c0827d4.jpg
21.767837524414062,26.170909881591797,0.0,Doc,1,3,2,6,Document-Fake,/mnt/public/public_datasets/OpenMMSecV2/Doc/non_aigc/copy-move/imgs/35077a44076a49fd9df9b2b4187af691.jpg
23.40660285949707,19.569320678710938,0.0,Doc,1,3,2,6,Document-Fake,/mnt/public/public_datasets/OpenMMSecV2/Doc/aigc/textocr/imgs/eb285c144a154938b185203b6f4e32bb.jpg
9.985381126403809,-14.005057334899902,0.0,IMDL,0,4,1,7,IMDL-Real,/mnt/public/public_datasets/OpenMMSecV2/IMDL/generative/stable_diffusion/imgs/b11f4368442c4105a095262796b2020d.png
-2.981100559234619,-12.369219779968262,0.0,IMDL,1,4,2,8,IMDL-Fake,/mnt/public/public_datasets/OpenMMSecV2/IMDL/non_generative/manual_ps/imgs/0beb576708cd48109d1befc9bd73755f.jpg
-31.04395294189453,-16.76812171936035,0.0,deepfake,0,1,1,1,Deepfake-Real,/mnt/public/public_datasets/OpenMMSecV2/Deepfake/Real/DFD/e1398f4b252b4a0b87d7c989428b924b.png
-1.319616436958313,-8.117537498474121,0.0,IMDL,1,4,2,8,IMDL-Fake,/mnt/public/public_datasets/OpenMMSecV2/IMDL/generative/flux_1/imgs/5259bb6f1bef41eda765d60e07316496.png
8.641894340515137,-10.49388313293457,0.0,IMDL,0,4,1,7,IMDL-Real,/mnt/public/public_datasets/OpenMMSecV2/IMDL/generative/coco/imgs/852b3881469041bbaa43a190d1b3ab25.jpg
-9.376025199890137,7.370842933654785,0.0,AIGC,1,2,2,4,AIGC-Fake,/mnt/public/public_datasets/OpenMMSecV2/AIGC/pixel_diffusion/guided_diffusion/b5d99c520167423797f509bff3b31529.jpg
-34.714942932128906,-22.365388870239258,0.0,deepfake,0,1,1,1,Deepfake-Real,/mnt/public/public_datasets/OpenMMSecV2/Deepfake/Real/FF++/e94eedaa5d9c484a90d77c599ccad059.png
7.367488861083984,-7.423362731933594,0.0,IMDL,0,4,1,7,IMDL-Real,/mnt/public/public_datasets/OpenMMSecV2/IMDL/generative/coco/imgs/0827116357f84a8ba24ff36f02e34708.jpg
-30.855636596679688,-17.832260131835938,0.0,deepfake,0,1,1,1,Deepfake-Real,/mnt/public/public_datasets/OpenMMSecV2/Deepfake/Real/CelebDF-v2/aedea3056191463b9d2089105aeb8a0c.png
-38.51689910888672,-21.529247283935547,0.0,deepfake,0,1,1,1,Deepfake-Real,/mnt/public/public_datasets/OpenMMSecV2/Deepfake/Real/DFD/a96f638855104b85bb054d1ea2831f77.png
8.799995422363281,-5.223664283752441,0.0,IMDL,0,4,1,7,IMDL-Real,/mnt/public/public_datasets/OpenMMSecV2/IMDL/non_generative/manual_ps/imgs/4c497f17b3d2491da608941b681ebb8f.jpg
11.784123420715332,9.749608039855957,0.0,AIGC,0,2,1,3,AIGC-Real,/mnt/public/public_datasets/OpenMMSecV2/AIGC/laion/eb24e8afdce541e3a98a408a73fe9ee8.jpg
-33.566078186035156,-20.8735294342041,0.0,deepfake,0,1,1,1,Deepfake-Real,/mnt/public/public_datasets/OpenMMSecV2/Deepfake/Real/FF++/085fa48b812a4023866532f4a92d2ae1.png
-38.308223724365234,-21.67276954650879,0.0,deepfake,0,1,1,1,Deepfake-Real,/mnt/public/public_datasets/OpenMMSecV2/Deepfake/Real/CelebDF-v2/c6c39393171e4602b566ac599d9df441.png
-48.11726379394531,-15.397693634033203,0.0,deepfake,1,1,2,2,Deepfake-Fake,/mnt/public/public_datasets/OpenMMSecV2/Deepfake/Fake/EntireFaceSynthesis/WhichisReal/39bb7e2a0360464fae84c6d954974d00.png
-46.60139846801758,-21.638790130615234,0.0,deepfake,1,1,2,2,Deepfake-Fake,/mnt/public/public_datasets/OpenMMSecV2/Deepfake/Fake/FaceSwap/Deepfake/cf81dbcaf3c749d98b7cf0977704694d.png
-1.1602649688720703,-10.86881160736084,0.0,IMDL,1,4,2,8,IMDL-Fake,/mnt/public/public_datasets/OpenMMSecV2/IMDL/generative/gan_mat/imgs/5adb83917aff4e86be6d743b704d2740.png
24.33623504638672,18.598209381103516,0.0,Doc,1,3,2,6,Document-Fake,/mnt/public/public_datasets/OpenMMSecV2/Doc/aigc/textdiff/imgs/386ef6fe4fe64ed69cb00d7f19e735b6.jpg
33.22464370727539,21.54428482055664,0.0,Doc,0,3,1,5,Document-Real,/mnt/public/public_datasets/OpenMMSecV2/Doc/Real/f5b14eba09e34fc6ac6f555212f6523a.jpg
25.242441177368164,23.96375274658203,0.0,Doc,1,3,2,6,Document-Fake,/mnt/public/public_datasets/OpenMMSecV2/Doc/non_aigc/cover/imgs/9cece11e21c94a78b749eccc580a53c9.jpg
-37.56576156616211,-20.468488693237305,0.0,deepfake,0,1,1,1,Deepfake-Real,/mnt/public/public_datasets/OpenMMSecV2/Deepfake/Real/CelebDF-v2/44306d78a92744f989fa07dd0debfba1.png
9.038086891174316,-6.594727516174316,0.0,IMDL,0,4,1,7,IMDL-Real,/mnt/public/public_datasets/OpenMMSecV2/IMDL/generative/coco/imgs/64547d014ccc4041b124766c377ed72b.jpg
34.686912536621094,24.576387405395508,0.0,Doc,0,3,1,5,Document-Real,/mnt/public/public_datasets/OpenMMSecV2/Doc/Real/019f4176000b46e8808c3f85af56005e.jpg
-4.442798614501953,-10.393070220947266,0.0,IMDL,1,4,2,8,IMDL-Fake,/mnt/public/public_datasets/OpenMMSecV2/IMDL/non_generative/manual_ps/imgs/ed4509ce19fc4363ae4f9119c70c3ff1.jpg
8.737577438354492,4.733473777770996,0.0,AIGC,0,2,1,3,AIGC-Real,/mnt/public/public_datasets/OpenMMSecV2/AIGC/other/online/imgs/80c6602576644e979234db5d8dbd0044.jpg
-5.2937421798706055,-7.2663116455078125,0.0,IMDL,1,4,2,8,IMDL-Fake,/mnt/public/public_datasets/OpenMMSecV2/IMDL/non_generative/manual_ps/imgs/85e73478935d431cb684b1fe1db224f2.jpg
3.4331741333007812,2.4298956394195557,0.0,AIGC,0,2,1,3,AIGC-Real,/mnt/public/public_datasets/OpenMMSecV2/AIGC/laion/4ab8f35495f14f529df8dfb774e455ba.jpg
33.30460739135742,25.804697036743164,0.0,Doc,0,3,1,5,Document-Real,/mnt/public/public_datasets/OpenMMSecV2/Doc/Real/da22fcd2b3d44e24825e608622ef1df4.jpg
