x,y,z,domain,label,domain_id,label_id,class_id,class_name,path
-13.478109359741211,54.5134391784668,0.0,deepfake,1,1,2,2,Deepfake-Fake,/mnt/public/public_datasets/OpenMMSecV2/Deepfake/Fake/FaceEditing/StarGAN/02d4aa4be3b64a009a7cba2f1feee594.jpg
19.206621170043945,60.465152740478516,0.0,deepfake,0,1,1,1,Deepfake-Real,/mnt/public/public_datasets/OpenMMSecV2/Deepfake/Real/UADFV/7372598a60d648fb9c6066bd8024aea9.png
-18.889249801635742,-47.230289459228516,0.0,Doc,1,3,2,6,Document-Fake,/mnt/public/public_datasets/OpenMMSecV2/Doc/non_aigc/copy-move/imgs/5c98942752c14ea9a0c36f6ed0b28506.jpg
-8.23611831665039,11.089044570922852,0.0,AIGC,0,2,1,3,AIGC-Real,/mnt/public/public_datasets/OpenMMSecV2/AIGC/laion/262375e413904d67addf5390f629bdbd.jpg
-3.9134883880615234,-1.026638150215149,0.0,IMDL,1,4,2,8,IMDL-Fake,/mnt/public/public_datasets/OpenMMSecV2/IMDL/generative/flux_1/imgs/66a41bc7dadc4c9590116c9328db66f1.png
51.72723388671875,-10.923938751220703,0.0,Doc,1,3,2,6,Document-Fake,/mnt/public/public_datasets/OpenMMSecV2/Doc/aigc/mostel/imgs/841a4959eb734dc9a3ddfd697933618a.jpg
-9.313994407653809,-42.3773307800293,0.0,Doc,0,3,1,5,Document-Real,/mnt/public/public_datasets/OpenMMSecV2/Doc/Real/ab4007a0a2074de5abdc2037dcb747ad.jpg
10.75217342376709,54.67395782470703,0.0,deepfake,0,1,1,1,Deepfake-Real,/mnt/public/public_datasets/OpenMMSecV2/Deepfake/Real/DFD/631c0ddd9a2c4093a85afcc31dd5c8f4.png
22.212369918823242,51.451812744140625,0.0,deepfake,0,1,1,1,Deepfake-Real,/mnt/public/public_datasets/OpenMMSecV2/Deepfake/Real/FF++/398526d2bde748e7973733645011e2b4.png
-18.47458267211914,64.16319274902344,0.0,deepfake,1,1,2,2,Deepfake-Fake,/mnt/public/public_datasets/OpenMMSecV2/Deepfake/Fake/FaceSwap/UniFace/67a1c7b9b0a44ada87e57be69639809e.png
-7.797112464904785,-18.364322662353516,0.0,Doc,0,3,1,5,Document-Real,/mnt/public/public_datasets/OpenMMSecV2/Doc/Real/8ae64c1fa55944fe9c5398dcca5aa86d.jpg
5.301384449005127,43.830421447753906,0.0,deepfake,0,1,1,1,Deepfake-Real,/mnt/public/public_datasets/OpenMMSecV2/Deepfake/Real/FFHQ/96811572521945e3ade156a87a1b9501.jpg
9.761608123779297,-13.022607803344727,0.0,AIGC,0,2,1,3,AIGC-Real,/mnt/public/public_datasets/OpenMMSecV2/AIGC/other/online/imgs/6844e84de14d406eb0d8fec66a68aa8d.jpg
27.234325408935547,-11.481117248535156,0.0,IMDL,0,4,1,7,IMDL-Real,/mnt/public/public_datasets/OpenMMSecV2/IMDL/generative/flux_1/imgs/53210c97cb784db98179ac79095501f5.png
-24.410425186157227,9.76339054107666,0.0,AIGC,1,2,2,4,AIGC-Fake,/mnt/public/public_datasets/OpenMMSecV2/AIGC/commercial/wukong/imgs/d15f2f0092464b7c989bea5bbe026f2b.png
10.951838493347168,-5.0495195388793945,0.0,IMDL,0,4,1,7,IMDL-Real,/mnt/public/public_datasets/OpenMMSecV2/IMDL/generative/flux_1/imgs/56374890d51246dd9e13de70de7db928.png
-12.934965133666992,4.356853485107422,0.0,IMDL,1,4,2,8,IMDL-Fake,/mnt/public/public_datasets/OpenMMSecV2/IMDL/generative/flux_1/imgs/a972f243a4da4b2b9ca944ee28544a31.png
17.80220603942871,59.51986312866211,0.0,deepfake,0,1,1,1,Deepfake-Real,/mnt/public/public_datasets/OpenMMSecV2/Deepfake/Real/UADFV/0d07d0c0651d4596a35ae20b06eeb163.png
26.896028518676758,-34.54358673095703,0.0,AIGC,0,2,1,3,AIGC-Real,/mnt/public/public_datasets/OpenMMSecV2/AIGC/laion/26c75b85e8b549779863a8b2e3521491.jpg
4.930325508117676,60.01564407348633,0.0,deepfake,1,1,2,2,Deepfake-Fake,/mnt/public/public_datasets/OpenMMSecV2/Deepfake/Fake/FaceSwap/FaceDancer/58fa70cc3a874a0494613bb5b7e2f451.png
-18.514490127563477,4.160518169403076,0.0,AIGC,1,2,2,4,AIGC-Fake,/mnt/public/public_datasets/OpenMMSecV2/AIGC/commercial/firefly/bcec48be7d644cdfa1c5888e2a2e14ad.jpg
1.9799925088882446,57.25950241088867,0.0,deepfake,0,1,1,1,Deepfake-Real,/mnt/public/public_datasets/OpenMMSecV2/Deepfake/Real/CelebDF-v2/fefd05a675f7452187817991bac0b2e4.png
19.966033935546875,9.32555103302002,0.0,IMDL,0,4,1,7,IMDL-Real,/mnt/public/public_datasets/OpenMMSecV2/IMDL/generative/flux_1/imgs/b215dd0f94114972b892d309a7b92341.png
23.81845474243164,-1.0043193101882935,0.0,IMDL,0,4,1,7,IMDL-Real,/mnt/public/public_datasets/OpenMMSecV2/IMDL/generative/coco/imgs/8a6cc9ff9e6a41b28c402115173608aa.jpg
8.870491027832031,-40.02953338623047,0.0,AIGC,0,2,1,3,AIGC-Real,/mnt/public/public_datasets/OpenMMSecV2/AIGC/laion/e8b088a8906e4802b77a8547822eeaa1.jpg
-26.496505737304688,32.7056999206543,0.0,AIGC,1,2,2,4,AIGC-Fake,/mnt/public/public_datasets/OpenMMSecV2/AIGC/autoregressive_model/tamingtransformers/6459aedcd3484ddf8fe0c268c55d542d.jpg
-8.653841018676758,-50.11109924316406,0.0,Doc,0,3,1,5,Document-Real,/mnt/public/public_datasets/OpenMMSecV2/Doc/Real/7f59432664084f24bc305b22f7cc42ed.jpg
13.39276123046875,17.27609634399414,0.0,AIGC,1,2,2,4,AIGC-Fake,/mnt/public/public_datasets/OpenMMSecV2/AIGC/commercial/ideogram/78341fe3475c4fafaef3914fa077b23e.jpg
-20.709383010864258,66.31266021728516,0.0,deepfake,1,1,2,2,Deepfake-Fake,/mnt/public/public_datasets/OpenMMSecV2/Deepfake/Fake/FaceReenactment/MCNet/b8acecce636846f1b527e9699abaecbe.png
-9.090829849243164,-5.824770450592041,0.0,AIGC,1,2,2,4,AIGC-Fake,/mnt/public/public_datasets/OpenMMSecV2/AIGC/latent_diffusion/systematic/f97c0a1510b34ca3aacf44bdefc2ba38.jpg
34.187217712402344,-27.925533294677734,0.0,Doc,0,3,1,5,Document-Real,/mnt/public/public_datasets/OpenMMSecV2/Doc/Real/0e470fdbba424defab8b1f73ad92aaeb.jpg
-15.114890098571777,66.65542602539062,0.0,deepfake,1,1,2,2,Deepfake-Fake,/mnt/public/public_datasets/OpenMMSecV2/Deepfake/Fake/FaceReenactment/MCNet/44eff53451a74715ab6d97afcb26d1c2.png
-20.457544326782227,-12.61539363861084,0.0,IMDL,1,4,2,8,IMDL-Fake,/mnt/public/public_datasets/OpenMMSecV2/IMDL/non_generative/manual_ps/imgs/67348bf987764dbb882085b95bbb3fcf.jpg
8.803560256958008,49.149192810058594,0.0,deepfake,0,1,1,1,Deepfake-Real,/mnt/public/public_datasets/OpenMMSecV2/Deepfake/Real/FF++/2345e0121d8f46569699d7b44d1777d8.png
17.549362182617188,-16.03948402404785,0.0,IMDL,0,4,1,7,IMDL-Real,/mnt/public/public_datasets/OpenMMSecV2/IMDL/generative/coco/imgs/60c24a2c3efc40f4825c56be2bd97ab0.jpg
23.010902404785156,13.097064971923828,0.0,IMDL,1,4,2,8,IMDL-Fake,/mnt/public/public_datasets/OpenMMSecV2/IMDL/generative/stable_diffusion/imgs/04bbdf7674664f6a98723c383299b8ac.png
19.06377601623535,-37.043704986572266,0.0,AIGC,0,2,1,3,AIGC-Real,/mnt/public/public_datasets/OpenMMSecV2/AIGC/laion/db9c45cbb41c4a4c9559916c97c8e2dc.jpg
21.62009048461914,1.8093613386154175,0.0,IMDL,0,4,1,7,IMDL-Real,/mnt/public/public_datasets/OpenMMSecV2/IMDL/generative/coco/imgs/de016ef04a5e43859558960f99cf913b.jpg
24.860227584838867,-28.510223388671875,0.0,AIGC,0,2,1,3,AIGC-Real,/mnt/public/public_datasets/OpenMMSecV2/AIGC/laion/9124ac4cf77e43d3964e85a5f22c2370.jpg
-34.526283264160156,-11.489992141723633,0.0,IMDL,1,4,2,8,IMDL-Fake,/mnt/public/public_datasets/OpenMMSecV2/IMDL/generative/gan_mat/imgs/a587a27bc44c47ff93272d9abd72f054.tiff
-3.3678834438323975,-11.339681625366211,0.0,AIGC,0,2,1,3,AIGC-Real,/mnt/public/public_datasets/OpenMMSecV2/AIGC/laion/46fb3cd1d58f4284be91868861592894.jpg
-30.478944778442383,-53.952030181884766,0.0,Doc,1,3,2,6,Document-Fake,/mnt/public/public_datasets/OpenMMSecV2/Doc/non_aigc/cpmv/imgs/c8afddc3e7be4ba28e3ea543d676dadf.jpg
25.96687126159668,-13.714258193969727,0.0,IMDL,0,4,1,7,IMDL-Real,/mnt/public/public_datasets/OpenMMSecV2/IMDL/generative/stable_diffusion/imgs/c79294a8ba474024bf3d77d721bf164f.png
-17.411489486694336,-58.76969909667969,0.0,Doc,0,3,1,5,Document-Real,/mnt/public/public_datasets/OpenMMSecV2/Doc/Real/24cb2b7d185746499f892d4d3e77b394.jpg
-32.40018844604492,32.848793029785156,0.0,AIGC,1,2,2,4,AIGC-Fake,/mnt/public/public_datasets/OpenMMSecV2/AIGC/GAN/ProGAN/9ea7cdead6c64631ba14c97011816c0b.jpg
9.836517333984375,-58.42163848876953,0.0,Doc,0,3,1,5,Document-Real,/mnt/public/public_datasets/OpenMMSecV2/Doc/Real/3d6aa5b3107f4131b3bb511353a8e16d.jpg
-10.085197448730469,-48.59812927246094,0.0,Doc,0,3,1,5,Document-Real,/mnt/public/public_datasets/OpenMMSecV2/Doc/Real/71f4ab3fe05045669012fe4af0f4d9c4.jpg
41.592140197753906,-23.47011375427246,0.0,Doc,0,3,1,5,Document-Real,/mnt/public/public_datasets/OpenMMSecV2/Doc/Real/abe841c627ff461e8efa78d2e8bfe591.jpg
-18.0496768951416,-60.98233413696289,0.0,Doc,0,3,1,5,Document-Real,/mnt/public/public_datasets/OpenMMSecV2/Doc/Real/f4fcc5b696f24433affe26e620e6dded.jpg
-7.7486348152160645,52.644046783447266,0.0,deepfake,1,1,2,2,Deepfake-Fake,/mnt/public/public_datasets/OpenMMSecV2/Deepfake/Fake/FaceEditing/StarGAN/546d5bd971974874a12b5ae7a014400d.jpg
37.06466293334961,-22.508758544921875,0.0,Doc,0,3,1,5,Document-Real,/mnt/public/public_datasets/OpenMMSecV2/Doc/Real/61626b021dfc444081633041d2e5177e.jpg
-8.133678436279297,-10.745040893554688,0.0,AIGC,0,2,1,3,AIGC-Real,/mnt/public/public_datasets/OpenMMSecV2/AIGC/latent_diffusion/vqdiffusion/imgs/32eb28e1957e41668d7b4d1e5243b1a3.JPEG
-18.067718505859375,-58.629703521728516,0.0,Doc,0,3,1,5,Document-Real,/mnt/public/public_datasets/OpenMMSecV2/Doc/Real/b3f1184f13e94ca18079eb462c3c7e0f.jpg
27.767799377441406,-17.497711181640625,0.0,AIGC,0,2,1,3,AIGC-Real,/mnt/public/public_datasets/OpenMMSecV2/AIGC/laion/6b7697828d484d6b8b124728a3c610fd.jpg
12.646892547607422,61.77340316772461,0.0,deepfake,0,1,1,1,Deepfake-Real,/mnt/public/public_datasets/OpenMMSecV2/Deepfake/Real/FF++/9092bee180e94001bc2618ec8d3fdb55.png
12.44670295715332,4.488879203796387,0.0,IMDL,0,4,1,7,IMDL-Real,/mnt/public/public_datasets/OpenMMSecV2/IMDL/generative/coco/imgs/4a9990d39449473ea399a316dd3d999c.jpg
18.70775032043457,53.2109489440918,0.0,deepfake,0,1,1,1,Deepfake-Real,/mnt/public/public_datasets/OpenMMSecV2/Deepfake/Real/FF++/00a66ef68c7f47f0aaf4cd5286b2fc6d.png
39.09006118774414,-21.654733657836914,0.0,Doc,0,3,1,5,Document-Real,/mnt/public/public_datasets/OpenMMSecV2/Doc/Real/f3a8e97610ec4705859000e8b13a0818.jpg
-26.352872848510742,-9.03913688659668,0.0,IMDL,1,4,2,8,IMDL-Fake,/mnt/public/public_datasets/OpenMMSecV2/IMDL/non_generative/manual_ps/imgs/31376d690de3435698718f899252249b.jpg
18.32555389404297,51.553955078125,0.0,deepfake,0,1,1,1,Deepfake-Real,/mnt/public/public_datasets/OpenMMSecV2/Deepfake/Real/FF++/b7ab8c82e9f345d59e480295b6c228e5.png
-20.3953800201416,66.89156341552734,0.0,deepfake,1,1,2,2,Deepfake-Fake,/mnt/public/public_datasets/OpenMMSecV2/Deepfake/Fake/FaceReenactment/DaGAN/d8380fd0dc8b48fa9ca12e669c6fc5f4.png
8.328617095947266,51.11708068847656,0.0,deepfake,0,1,1,1,Deepfake-Real,/mnt/public/public_datasets/OpenMMSecV2/Deepfake/Real/VFHQ/0ad19ad4a4604834b1398a28f1ca966c.png
25.21365737915039,-29.8201904296875,0.0,AIGC,0,2,1,3,AIGC-Real,/mnt/public/public_datasets/OpenMMSecV2/AIGC/laion/366cf7cb17784b5a96701add0370e745.jpg
9.40438175201416,53.85813522338867,0.0,deepfake,0,1,1,1,Deepfake-Real,/mnt/public/public_datasets/OpenMMSecV2/Deepfake/Real/CelebDF-v2/dd4797767bea494698056acd3c9458ca.png
19.914152145385742,-32.67914962768555,0.0,AIGC,0,2,1,3,AIGC-Real,/mnt/public/public_datasets/OpenMMSecV2/AIGC/laion/dad9be69b64840efb706f987a039e953.jpg
-12.19882583618164,-54.60289764404297,0.0,Doc,0,3,1,5,Document-Real,/mnt/public/public_datasets/OpenMMSecV2/Doc/Real/9a1a3fd93f094c5c9953dc7d94ad027e.jpg
28.139232635498047,-23.119224548339844,0.0,Doc,0,3,1,5,Document-Real,/mnt/public/public_datasets/OpenMMSecV2/Doc/Real/7c2fceef467944dc82ac6b6fd395ca27.jpg
14.395357131958008,62.094173431396484,0.0,deepfake,0,1,1,1,Deepfake-Real,/mnt/public/public_datasets/OpenMMSecV2/Deepfake/Real/FF++/e75e6ca791c244408d42dec395f69261.png
9.768253326416016,-5.756327152252197,0.0,AIGC,1,2,2,4,AIGC-Fake,/mnt/public/public_datasets/OpenMMSecV2/AIGC/pixel_diffusion/adm/imgs/6bbd2e6cecc54f57b74f27d71bb84df2.PNG
8.491677284240723,56.441062927246094,0.0,deepfake,0,1,1,1,Deepfake-Real,/mnt/public/public_datasets/OpenMMSecV2/Deepfake/Real/FF++/5b7608d1ab7545d28e25db5f24fce916.png
23.984800338745117,49.389015197753906,0.0,deepfake,0,1,1,1,Deepfake-Real,/mnt/public/public_datasets/OpenMMSecV2/Deepfake/Real/FF++/0ffeb59514ba4f9fb00151365d25e52d.png
-11.98709774017334,-44.62283706665039,0.0,Doc,1,3,2,6,Document-Fake,/mnt/public/public_datasets/OpenMMSecV2/Doc/non_aigc/generation/imgs/a72d5c43556843e8bd3954c9336b1619.jpg
26.465415954589844,-16.350963592529297,0.0,Doc,0,3,1,5,Document-Real,/mnt/public/public_datasets/OpenMMSecV2/Doc/Real/3cb16659ccbc448eb66937a553c3b0f4.jpg
12.556069374084473,-2.282623767852783,0.0,IMDL,0,4,1,7,IMDL-Real,/mnt/public/public_datasets/OpenMMSecV2/IMDL/generative/coco/imgs/8def2d61f1c54d1f8f42549e8d80c3ed.jpg
11.002192497253418,-58.66949462890625,0.0,Doc,0,3,1,5,Document-Real,/mnt/public/public_datasets/OpenMMSecV2/Doc/Real/683ad77724034c38be3755459aebbb9e.jpg
3.2816100120544434,53.56379318237305,0.0,deepfake,0,1,1,1,Deepfake-Real,/mnt/public/public_datasets/OpenMMSecV2/Deepfake/Real/FF++/3f90f8f17f9840a198dd617984c46638.png
17.16489028930664,51.56787109375,0.0,deepfake,1,1,2,2,Deepfake-Fake,/mnt/public/public_datasets/OpenMMSecV2/Deepfake/Fake/EntireFaceSynthesis/SiT-XL/11984c672bb144a99ae5ebad13054aea.png
2.1640465259552,-4.180192947387695,0.0,IMDL,1,4,2,8,IMDL-Fake,/mnt/public/public_datasets/OpenMMSecV2/IMDL/generative/stable_diffusion/imgs/ea399ca4542343f7aafc4889587cca36.png
-5.774946212768555,19.909521102905273,0.0,AIGC,1,2,2,4,AIGC-Fake,/mnt/public/public_datasets/OpenMMSecV2/AIGC/other/online/imgs/b5fbf206a3c64ddcb921900fc8d85217.jpg
22.093664169311523,-8.569689750671387,0.0,IMDL,0,4,1,7,IMDL-Real,/mnt/public/public_datasets/OpenMMSecV2/IMDL/generative/stable_diffusion/imgs/64642b797fbd4086946ef695fc6abb25.png
51.29817199707031,-13.696784019470215,0.0,Doc,1,3,2,6,Document-Fake,/mnt/public/public_datasets/OpenMMSecV2/Doc/aigc/mostel/imgs/2c6594c9577745c8a1afbb9d4a50954d.jpg
16.501739501953125,-35.369781494140625,0.0,AIGC,0,2,1,3,AIGC-Real,/mnt/public/public_datasets/OpenMMSecV2/AIGC/laion/61dc7b42b70f4a73a1895dc41d7b58b1.jpg
21.569711685180664,10.984254837036133,0.0,IMDL,1,4,2,8,IMDL-Fake,/mnt/public/public_datasets/OpenMMSecV2/IMDL/non_generative/manual_ps/imgs/7ec247d589d44373a3a0b663aba1cf73.jpg
36.33245086669922,-19.77289390563965,0.0,Doc,0,3,1,5,Document-Real,/mnt/public/public_datasets/OpenMMSecV2/Doc/Real/8b4b1adf588b4bb69e68c8357df5911a.jpg
-12.941025733947754,65.94623565673828,0.0,deepfake,1,1,2,2,Deepfake-Fake,/mnt/public/public_datasets/OpenMMSecV2/Deepfake/Fake/FaceReenactment/TPSMM/4c45c308b6484b82a0fb986185f099d7.png
-10.420742988586426,28.791156768798828,0.0,deepfake,0,1,1,1,Deepfake-Real,/mnt/public/public_datasets/OpenMMSecV2/Deepfake/Real/VFHQ/52f7f05587544598918c1fb4b3286ff4.png
11.1835355758667,-62.32478713989258,0.0,Doc,0,3,1,5,Document-Real,/mnt/public/public_datasets/OpenMMSecV2/Doc/Real/2be8c5204c114edf876122008b0ff634.jpg
14.320691108703613,-4.554487228393555,0.0,IMDL,0,4,1,7,IMDL-Real,/mnt/public/public_datasets/OpenMMSecV2/IMDL/generative/coco/imgs/9d67035fab6947338aeae10e518bb040.jpg
-17.25581169128418,-7.764623641967773,0.0,IMDL,0,4,1,7,IMDL-Real,/mnt/public/public_datasets/OpenMMSecV2/IMDL/generative/stable_diffusion/imgs/868144b03be547e68be2d6619bb1f2ab.png
20.272674560546875,59.754600524902344,0.0,deepfake,0,1,1,1,Deepfake-Real,/mnt/public/public_datasets/OpenMMSecV2/Deepfake/Real/UADFV/ef2cd21a74594d22878111d91fc63925.png
-18.766883850097656,62.81782531738281,0.0,deepfake,1,1,2,2,Deepfake-Fake,/mnt/public/public_datasets/OpenMMSecV2/Deepfake/Fake/FaceReenactment/PIRender/ac25b246a7314a2b8d7178ab82bbff51.png
-48.34627914428711,-39.769569396972656,0.0,Doc,1,3,2,6,Document-Fake,/mnt/public/public_datasets/OpenMMSecV2/Doc/non_aigc/copy-move/imgs/f00d31f5b14e41eba13f6f9dacbd5c2e.jpg
51.66952133178711,-15.286572456359863,0.0,Doc,0,3,1,5,Document-Real,/mnt/public/public_datasets/OpenMMSecV2/Doc/Real/974765eb65ea4b5a8d999c29d77beda9.jpg
22.197969436645508,-31.118003845214844,0.0,AIGC,0,2,1,3,AIGC-Real,/mnt/public/public_datasets/OpenMMSecV2/AIGC/laion/135c4416cd3049dd9ced933999dee551.jpg
-22.661746978759766,1.429482340812683,0.0,AIGC,1,2,2,4,AIGC-Fake,/mnt/public/public_datasets/OpenMMSecV2/AIGC/GAN/BigGAN/imgs/28eb4bd2aba643ecae18beaf1684e10c.png
33.65252685546875,-16.955060958862305,0.0,Doc,0,3,1,5,Document-Real,/mnt/public/public_datasets/OpenMMSecV2/Doc/Real/100619d3656847ba9a94160ae0614e74.jpg
-23.143037796020508,29.926355361938477,0.0,deepfake,1,1,2,2,Deepfake-Fake,/mnt/public/public_datasets/OpenMMSecV2/Deepfake/Fake/EntireFaceSynthesis/WhichisReal/23fb94aae89d4e28b0fe474da3f8945c.png
2.378523826599121,64.21866607666016,0.0,deepfake,1,1,2,2,Deepfake-Fake,/mnt/public/public_datasets/OpenMMSecV2/Deepfake/Fake/EntireFaceSynthesis/StyleGAN-XL/3cf10a496e3446d39e7a0b69dea9880d.png
33.52748107910156,-31.098241806030273,0.0,AIGC,0,2,1,3,AIGC-Real,/mnt/public/public_datasets/OpenMMSecV2/AIGC/laion/674675ebcc8d4810991a1f2503b2f51b.jpg
-7.3348259925842285,6.082401752471924,0.0,AIGC,1,2,2,4,AIGC-Fake,/mnt/public/public_datasets/OpenMMSecV2/AIGC/latent_diffusion/systematic/45d14cc326a2477d9dd90828fa18b9bf.jpg
25.480066299438477,4.248147964477539,0.0,IMDL,0,4,1,7,IMDL-Real,/mnt/public/public_datasets/OpenMMSecV2/IMDL/generative/stable_diffusion/imgs/e97ce0fb6c3b446f8f2094646e5404a2.png
19.716699600219727,8.214712142944336,0.0,IMDL,0,4,1,7,IMDL-Real,/mnt/public/public_datasets/OpenMMSecV2/IMDL/generative/flux_1/imgs/3cfebf0a06f141af94ff732b6bf3a80c.png
-13.298007011413574,-56.92424392700195,0.0,Doc,1,3,2,6,Document-Fake,/mnt/public/public_datasets/OpenMMSecV2/Doc/non_aigc/cover/imgs/e3dfc340ae3c467fa2e7dc452419dd1f.jpg
6.999100208282471,-11.011295318603516,0.0,AIGC,0,2,1,3,AIGC-Real,/mnt/public/public_datasets/OpenMMSecV2/AIGC/other/online/imgs/d412c59dde2d4cd1b3e9a8b5c06cc639.jpg
-3.1971890926361084,-10.094326972961426,0.0,IMDL,0,4,1,7,IMDL-Real,/mnt/public/public_datasets/OpenMMSecV2/IMDL/generative/coco/imgs/8517d8a468984c4abf9141cf3220c546.jpg
6.938833236694336,63.488197326660156,0.0,deepfake,0,1,1,1,Deepfake-Real,/mnt/public/public_datasets/OpenMMSecV2/Deepfake/Real/FF++/a9cdd40ea0224cbd9292bdbdf02dd481.png
6.044276237487793,-59.49415969848633,0.0,Doc,0,3,1,5,Document-Real,/mnt/public/public_datasets/OpenMMSecV2/Doc/Real/88270822baea498d897e7fc2df6a5abc.jpg
21.950071334838867,16.833454132080078,0.0,IMDL,1,4,2,8,IMDL-Fake,/mnt/public/public_datasets/OpenMMSecV2/IMDL/non_generative/manual_ps/imgs/5f483cd2f8964d6084bf6687a3a64cd9.jpg
-3.6884639263153076,-13.629162788391113,0.0,AIGC,1,2,2,4,AIGC-Fake,/mnt/public/public_datasets/OpenMMSecV2/AIGC/other/online/imgs/2bab2bb4afb04923bbfde4ee8f717d38.jpg
-22.321937561035156,-45.498287200927734,0.0,Doc,1,3,2,6,Document-Fake,/mnt/public/public_datasets/OpenMMSecV2/Doc/non_aigc/copy-move/imgs/700c7b39afe043c5ac970c0bee3c2b6e.jpg
37.96076583862305,-24.049575805664062,0.0,Doc,0,3,1,5,Document-Real,/mnt/public/public_datasets/OpenMMSecV2/Doc/Real/f6aedae1d7f4445caab43cd544e49b53.jpg
-23.49490737915039,33.746585845947266,0.0,deepfake,1,1,2,2,Deepfake-Fake,/mnt/public/public_datasets/OpenMMSecV2/Deepfake/Fake/FaceEditing/e4e/ebb3dfbd3e64427ab0167480cc6b3a5c.jpg
-31.423757553100586,-15.107856750488281,0.0,IMDL,1,4,2,8,IMDL-Fake,/mnt/public/public_datasets/OpenMMSecV2/IMDL/generative/stable_diffusion/imgs/cadc3cd9fcfd4aeb81bb4c68dbabe2e4.tiff
15.119460105895996,-39.835548400878906,0.0,AIGC,0,2,1,3,AIGC-Real,/mnt/public/public_datasets/OpenMMSecV2/AIGC/laion/3dce58387dfe43f9a43999a30363e720.jpg
-13.621930122375488,-54.221187591552734,0.0,Doc,0,3,1,5,Document-Real,/mnt/public/public_datasets/OpenMMSecV2/Doc/Real/4aacd4d3217744c392eac441ab1b3400.jpg
23.802871704101562,5.779425144195557,0.0,IMDL,0,4,1,7,IMDL-Real,/mnt/public/public_datasets/OpenMMSecV2/IMDL/generative/coco/imgs/54f0bfefaa8c4908bbd53c56d171d9fe.jpg
-4.8578782081604,10.668455123901367,0.0,AIGC,1,2,2,4,AIGC-Fake,/mnt/public/public_datasets/OpenMMSecV2/AIGC/other/online/imgs/4b19b1f8592c46c383ece56b6811ac74.jpg
2.1133604049682617,44.94181442260742,0.0,deepfake,1,1,2,2,Deepfake-Fake,/mnt/public/public_datasets/OpenMMSecV2/Deepfake/Fake/FaceEditing/StarGAN/c49c782ee26f4befb4dc395f36fd87f3.jpg
44.55348205566406,-20.653888702392578,0.0,Doc,0,3,1,5,Document-Real,/mnt/public/public_datasets/OpenMMSecV2/Doc/Real/195568c5e3a7454486ecade5a6944ce5.jpg
8.596768379211426,-5.072004795074463,0.0,AIGC,0,2,1,3,AIGC-Real,/mnt/public/public_datasets/OpenMMSecV2/AIGC/pixel_diffusion/adm/imgs/9f889f1eaa8d469cbd3758514c3b92bf.JPEG
7.767935752868652,-35.807918548583984,0.0,AIGC,0,2,1,3,AIGC-Real,/mnt/public/public_datasets/OpenMMSecV2/AIGC/laion/c7e006770b0446b18458d7aaf871ca37.jpg
-31.408519744873047,-56.46790313720703,0.0,Doc,1,3,2,6,Document-Fake,/mnt/public/public_datasets/OpenMMSecV2/Doc/non_aigc/generation/imgs/04a3cf0ec63c4d74bec8df97f879f1be.jpg
11.757287979125977,59.85711669921875,0.0,deepfake,1,1,2,2,Deepfake-Fake,/mnt/public/public_datasets/OpenMMSecV2/Deepfake/Fake/FaceReenactment/Wav2Lip/815b35badf6c4b8a83d8856c1ea6cdc7.png
-32.08805465698242,-13.840551376342773,0.0,IMDL,1,4,2,8,IMDL-Fake,/mnt/public/public_datasets/OpenMMSecV2/IMDL/generative/gan_mat/imgs/6e185cff4f15489cb3f5f2e36d47c9f0.jpg
-20.57766342163086,34.70922088623047,0.0,deepfake,1,1,2,2,Deepfake-Fake,/mnt/public/public_datasets/OpenMMSecV2/Deepfake/Fake/FaceEditing/e4e/f5543e645213454098cdff6b60c0de6a.jpg
-19.65813636779785,15.46527099609375,0.0,IMDL,0,4,1,7,IMDL-Real,/mnt/public/public_datasets/OpenMMSecV2/IMDL/generative/flux_1/imgs/d0994cd953164a85a7c5935999ad60e8.png
40.04893493652344,-19.88071632385254,0.0,Doc,0,3,1,5,Document-Real,/mnt/public/public_datasets/OpenMMSecV2/Doc/Real/16b9584683b5453ea7931e5728dd9c8e.jpg
11.708930015563965,-60.29130554199219,0.0,Doc,0,3,1,5,Document-Real,/mnt/public/public_datasets/OpenMMSecV2/Doc/Real/e380886363cd4b6d849b677a0f57d0e5.jpg
-11.50916862487793,-54.74885559082031,0.0,Doc,1,3,2,6,Document-Fake,/mnt/public/public_datasets/OpenMMSecV2/Doc/non_aigc/cover/imgs/9a7446449db54b08bb105680d6845329.jpg
26.51827049255371,-30.400671005249023,0.0,AIGC,0,2,1,3,AIGC-Real,/mnt/public/public_datasets/OpenMMSecV2/AIGC/laion/a943e992472a453bbbe3bd15bfe8f4d7.jpg
23.426212310791016,7.911829471588135,0.0,IMDL,0,4,1,7,IMDL-Real,/mnt/public/public_datasets/OpenMMSecV2/IMDL/generative/coco/imgs/ae9d494869254a30b70403f87322c247.jpg
10.034414291381836,-62.751426696777344,0.0,Doc,0,3,1,5,Document-Real,/mnt/public/public_datasets/OpenMMSecV2/Doc/Real/6d4bff5d70ee4f859143756f66317654.jpg
33.73509979248047,-16.28813934326172,0.0,Doc,0,3,1,5,Document-Real,/mnt/public/public_datasets/OpenMMSecV2/Doc/Real/7d47822b166a4bfa9381a960dc5af835.jpg
-33.34685516357422,-12.88772964477539,0.0,IMDL,1,4,2,8,IMDL-Fake,/mnt/public/public_datasets/OpenMMSecV2/IMDL/generative/stable_diffusion/imgs/878833780c4f4c7cb85d558d36cc65bc.jpg
40.02632141113281,-11.615178108215332,0.0,Doc,1,3,2,6,Document-Fake,/mnt/public/public_datasets/OpenMMSecV2/Doc/aigc/textocr/imgs/eaf40029002d45608c80a9b12c762887.jpg
-16.38771629333496,-9.454380989074707,0.0,AIGC,1,2,2,4,AIGC-Fake,/mnt/public/public_datasets/OpenMMSecV2/AIGC/latent_diffusion/vqdiffusion/imgs/1107948bf9c241538fff6e85f6c90e02.png
-19.567508697509766,-45.1823616027832,0.0,Doc,1,3,2,6,Document-Fake,/mnt/public/public_datasets/OpenMMSecV2/Doc/non_aigc/copy-move/imgs/85214519d7464cc586bb8bcdd8dbe87a.jpg
41.59227752685547,-23.470088958740234,0.0,Doc,0,3,1,5,Document-Real,/mnt/public/public_datasets/OpenMMSecV2/Doc/Real/dd3d48113f06436d90f13914b5ddf775.jpg
-20.40038299560547,34.70249938964844,0.0,deepfake,1,1,2,2,Deepfake-Fake,/mnt/public/public_datasets/OpenMMSecV2/Deepfake/Fake/FaceEditing/e4e/e369d081d6124169b418f1fe4c6ea9b2.jpg
-5.634304046630859,60.8695068359375,0.0,deepfake,0,1,1,1,Deepfake-Real,/mnt/public/public_datasets/OpenMMSecV2/Deepfake/Real/CelebDF-v2/24c2d2b7b9f34c68b8f88988917add48.png
6.810390949249268,55.74977111816406,0.0,deepfake,0,1,1,1,Deepfake-Real,/mnt/public/public_datasets/OpenMMSecV2/Deepfake/Real/FF++/713bdd5c3cc54bbe821a55dd1b196b5c.png
-45.091957092285156,-38.595863342285156,0.0,Doc,1,3,2,6,Document-Fake,/mnt/public/public_datasets/OpenMMSecV2/Doc/non_aigc/copy-move/imgs/b1b861148fb54f719db21573039abee4.jpg
-11.762105941772461,-44.11009979248047,0.0,Doc,1,3,2,6,Document-Fake,/mnt/public/public_datasets/OpenMMSecV2/Doc/non_aigc/cpmv/imgs/3e696141c1114cf0841ad63c4f3dead8.jpg
-26.849998474121094,-2.5047335624694824,0.0,AIGC,1,2,2,4,AIGC-Fake,/mnt/public/public_datasets/OpenMMSecV2/AIGC/latent_diffusion/systematic/0c43532301554e3d8760239282be4f8c.jpg
14.43312931060791,66.30113983154297,0.0,deepfake,0,1,1,1,Deepfake-Real,/mnt/public/public_datasets/OpenMMSecV2/Deepfake/Real/CelebDF-v2/f89854051e704857b1c21620107f08a5.png
3.917839765548706,0.13610203564167023,0.0,IMDL,1,4,2,8,IMDL-Fake,/mnt/public/public_datasets/OpenMMSecV2/IMDL/non_generative/manual_ps/imgs/bc7bb8b076d747da9b23112ff6898a82.jpg
38.031959533691406,-17.492210388183594,0.0,Doc,0,3,1,5,Document-Real,/mnt/public/public_datasets/OpenMMSecV2/Doc/aigc/derend/imgs/a58909d1e5734e78aa41bf10a9f23c37.jpg
-27.154634475708008,37.8383903503418,0.0,deepfake,1,1,2,2,Deepfake-Fake,/mnt/public/public_datasets/OpenMMSecV2/Deepfake/Fake/FaceEditing/e4e/2812bd8db09b4c54b17fa248e17a3f9e.jpg
-16.094451904296875,64.0713119506836,0.0,deepfake,1,1,2,2,Deepfake-Fake,/mnt/public/public_datasets/OpenMMSecV2/Deepfake/Fake/FaceReenactment/PIRender/5c1c10c68650483eba05fb5d2c512720.png
27.686134338378906,11.93446159362793,0.0,IMDL,1,4,2,8,IMDL-Fake,/mnt/public/public_datasets/OpenMMSecV2/IMDL/non_generative/manual_ps/imgs/f462cba32e854ced93d69cbb1a3bc3f5.jpg
34.666812896728516,-26.099388122558594,0.0,Doc,1,3,2,6,Document-Fake,/mnt/public/public_datasets/OpenMMSecV2/Doc/aigc/textdiff/imgs/f40fd7a92138419db3b93fd7bfdc4910.jpg
7.202548027038574,4.190812110900879,0.0,AIGC,0,2,1,3,AIGC-Real,/mnt/public/public_datasets/OpenMMSecV2/AIGC/laion/7d23241f6388414389f83ed27488b287.jpg
-2.9498941898345947,2.496549129486084,0.0,AIGC,1,2,2,4,AIGC-Fake,/mnt/public/public_datasets/OpenMMSecV2/AIGC/GAN/BigGAN/44b9c0f1e5d9470693f5d09d9741c6fe.jpg
-22.84051513671875,14.348054885864258,0.0,AIGC,1,2,2,4,AIGC-Fake,/mnt/public/public_datasets/OpenMMSecV2/AIGC/other/online/imgs/f46aadcb1b5a470ca9457eedee959370.jpg
-24.582975387573242,-44.343143463134766,0.0,Doc,1,3,2,6,Document-Fake,/mnt/public/public_datasets/OpenMMSecV2/Doc/non_aigc/generation/imgs/ab95e9e580aa42eba7a832bc4d94f0b0.jpg
7.902152061462402,1.2055387496948242,0.0,IMDL,1,4,2,8,IMDL-Fake,/mnt/public/public_datasets/OpenMMSecV2/IMDL/non_generative/manual_ps/imgs/61c8e29e60ea44a683f4194b16800d5f.jpg
13.014802932739258,65.1746826171875,0.0,deepfake,0,1,1,1,Deepfake-Real,/mnt/public/public_datasets/OpenMMSecV2/Deepfake/Real/FF++/5c9c04035f9c45b0b8df32a60f386cd6.png
13.932408332824707,-14.073360443115234,0.0,Doc,0,3,1,5,Document-Real,/mnt/public/public_datasets/OpenMMSecV2/Doc/Real/22cb98fef5ad45a98b19407567900820.jpg
-19.990711212158203,33.893455505371094,0.0,deepfake,1,1,2,2,Deepfake-Fake,/mnt/public/public_datasets/OpenMMSecV2/Deepfake/Fake/FaceEditing/e4e/7942c4de3c8e4af19eaf7455ec3ac9fe.jpg
22.297880172729492,47.47426986694336,0.0,deepfake,0,1,1,1,Deepfake-Real,/mnt/public/public_datasets/OpenMMSecV2/Deepfake/Real/DFD/34ccf75dde4548e8879d345b53d15857.png
-1.7175813913345337,59.49046325683594,0.0,deepfake,0,1,1,1,Deepfake-Real,/mnt/public/public_datasets/OpenMMSecV2/Deepfake/Real/DFD/9b66b10268c440dc8a1b47918e6c6d3f.png
-6.397811412811279,-42.37949752807617,0.0,Doc,0,3,1,5,Document-Real,/mnt/public/public_datasets/OpenMMSecV2/Doc/Real/54208ae02f8841a4a5bdbb85d3d5dfee.jpg
17.229816436767578,3.5911009311676025,0.0,IMDL,1,4,2,8,IMDL-Fake,/mnt/public/public_datasets/OpenMMSecV2/IMDL/generative/paintbyexample/imgs/47002c63488b45158b0ec3cadbcfb0a4.png
-22.238632202148438,0.9374838471412659,0.0,AIGC,1,2,2,4,AIGC-Fake,/mnt/public/public_datasets/OpenMMSecV2/AIGC/GAN/BigGAN/9c9be8889dc248dd82294a8fb487cb7c.jpg
12.75041389465332,-10.022112846374512,0.0,IMDL,0,4,1,7,IMDL-Real,/mnt/public/public_datasets/OpenMMSecV2/IMDL/generative/stable_diffusion/imgs/bde98bb92c2e46d5b414bc8607fe08c2.png
-20.16975975036621,62.50551223754883,0.0,deepfake,1,1,2,2,Deepfake-Fake,/mnt/public/public_datasets/OpenMMSecV2/Deepfake/Fake/FaceReenactment/PIRender/efd8ef88d38f477fba8305af70976195.png
-4.436083793640137,-39.974388122558594,0.0,Doc,0,3,1,5,Document-Real,/mnt/public/public_datasets/OpenMMSecV2/Doc/Real/4d7aeafc53c04a48b94beda8d8c3f8ea.jpg
-33.65024948120117,-43.30752182006836,0.0,Doc,1,3,2,6,Document-Fake,/mnt/public/public_datasets/OpenMMSecV2/Doc/non_aigc/generation/imgs/d1eba2048d874f38aae87a481cf91f8e.jpg
20.397851943969727,0.19279730319976807,0.0,IMDL,0,4,1,7,IMDL-Real,/mnt/public/public_datasets/OpenMMSecV2/IMDL/generative/stable_diffusion/imgs/e91801d97b324eb68a7d892f83446ae5.png
-21.236528396606445,-46.5949592590332,0.0,Doc,1,3,2,6,Document-Fake,/mnt/public/public_datasets/OpenMMSecV2/Doc/non_aigc/copy-move/imgs/b65414cd4de043b7ab16f91f7fb125e7.jpg
12.453570365905762,51.69341278076172,0.0,deepfake,1,1,2,2,Deepfake-Fake,/mnt/public/public_datasets/OpenMMSecV2/Deepfake/Fake/FaceSwap/Unknow_FS/7183252f5e2b4c17ab7bdb43d7468dc9.png
-29.90019416809082,-10.036978721618652,0.0,IMDL,1,4,2,8,IMDL-Fake,/mnt/public/public_datasets/OpenMMSecV2/IMDL/generative/stable_diffusion/imgs/58845ef165644d92891c9c51c240c5fd.jpg
-16.71337890625,62.87549591064453,0.0,deepfake,1,1,2,2,Deepfake-Fake,/mnt/public/public_datasets/OpenMMSecV2/Deepfake/Fake/FaceReenactment/PIRender/49ca77b356194b06bb87cc182f199426.png
9.069999694824219,-60.67824935913086,0.0,Doc,0,3,1,5,Document-Real,/mnt/public/public_datasets/OpenMMSecV2/Doc/Real/512c3a28edc2498b897d9ea1721f4de7.jpg
10.516039848327637,-60.31516647338867,0.0,Doc,0,3,1,5,Document-Real,/mnt/public/public_datasets/OpenMMSecV2/Doc/Real/7287af3d1d294d2ba46812bd31b8f899.jpg
6.688177108764648,50.5197639465332,0.0,deepfake,0,1,1,1,Deepfake-Real,/mnt/public/public_datasets/OpenMMSecV2/Deepfake/Real/FF++/e83b2bda24a94c72bef998731a0b75dd.png
-14.437114715576172,65.85289764404297,0.0,deepfake,1,1,2,2,Deepfake-Fake,/mnt/public/public_datasets/OpenMMSecV2/Deepfake/Fake/FaceReenactment/HyperReenact/012b6e1448f1418fa7e63cacac154086.png
12.558877944946289,14.237530708312988,0.0,IMDL,0,4,1,7,IMDL-Real,/mnt/public/public_datasets/OpenMMSecV2/IMDL/generative/coco/imgs/bdf0af8810bb47f7a7f50f421a5430c6.jpg
-31.150510787963867,-51.8032341003418,0.0,Doc,1,3,2,6,Document-Fake,/mnt/public/public_datasets/OpenMMSecV2/Doc/non_aigc/edit/imgs/47f582ff8f6d4149bc33bfff59a1a013.jpg
5.3290863037109375,-56.79521942138672,0.0,Doc,1,3,2,6,Document-Fake,/mnt/public/public_datasets/OpenMMSecV2/Doc/non_aigc/insert/imgs/f4b0f58adf4947d89b4a0ebacf497e0e.jpg
7.712791919708252,-35.74283981323242,0.0,AIGC,0,2,1,3,AIGC-Real,/mnt/public/public_datasets/OpenMMSecV2/AIGC/laion/ea6e0936745b449c8277ccb158a12bb1.jpg
-12.53820514678955,70.90774536132812,0.0,deepfake,1,1,2,2,Deepfake-Fake,/mnt/public/public_datasets/OpenMMSecV2/Deepfake/Fake/EntireFaceSynthesis/RDDM/4bf81251eda54540b2471d8815c4a9fc.png
-15.376294136047363,-59.73492431640625,0.0,Doc,1,3,2,6,Document-Fake,/mnt/public/public_datasets/OpenMMSecV2/Doc/non_aigc/cpmv/imgs/1bf466bac0e448138596e06ab7b04a56.jpg
2.6001267433166504,-61.60947799682617,0.0,Doc,1,3,2,6,Document-Fake,/mnt/public/public_datasets/OpenMMSecV2/Doc/non_aigc/cpmv/imgs/8ddb8496b0d84af981a815297e8a61bf.jpg
-48.7768669128418,-38.63096618652344,0.0,Doc,1,3,2,6,Document-Fake,/mnt/public/public_datasets/OpenMMSecV2/Doc/non_aigc/generation/imgs/a32ab9c31ac64a6a814f79fa72bf2e7a.jpg
-19.511022567749023,-61.354488372802734,0.0,Doc,0,3,1,5,Document-Real,/mnt/public/public_datasets/OpenMMSecV2/Doc/Real/56bd676dc5c3414facd14167a40d5b23.jpg
21.998388290405273,-38.17720031738281,0.0,AIGC,0,2,1,3,AIGC-Real,/mnt/public/public_datasets/OpenMMSecV2/AIGC/laion/2f54460faa9c48cc9f03d92daca7c982.jpg
-20.179243087768555,15.719968795776367,0.0,AIGC,1,2,2,4,AIGC-Fake,/mnt/public/public_datasets/OpenMMSecV2/AIGC/other/online/imgs/4811fa5ba1fc42a1bc309013ce0d401e.jpg
2.272688865661621,51.58988952636719,0.0,deepfake,0,1,1,1,Deepfake-Real,/mnt/public/public_datasets/OpenMMSecV2/Deepfake/Real/CelebDF-v2/997448b0ae234caaa58a1cf6dc25c7a7.png
5.552902698516846,-56.584632873535156,0.0,Doc,1,3,2,6,Document-Fake,/mnt/public/public_datasets/OpenMMSecV2/Doc/non_aigc/inpaint/imgs/597444980bc145a8b79283851098adb2.jpg
2.7231063842773438,11.431811332702637,0.0,AIGC,0,2,1,3,AIGC-Real,/mnt/public/public_datasets/OpenMMSecV2/AIGC/other/online/imgs/7627227e437a4bf9857c6c1a649387f6.jpg
-18.83220672607422,-0.6090485453605652,0.0,AIGC,1,2,2,4,AIGC-Fake,/mnt/public/public_datasets/OpenMMSecV2/AIGC/pixel_diffusion/adm/imgs/ca7486e84b774f84a9f1f9bdc3e5eeb5.PNG
-30.621171951293945,34.824371337890625,0.0,AIGC,1,2,2,4,AIGC-Fake,/mnt/public/public_datasets/OpenMMSecV2/AIGC/autoregressive_model/tamingtransformers/189f3cd2e0ef4a90ab18734071a1b392.jpg
-19.377601623535156,6.989516735076904,0.0,AIGC,0,2,1,3,AIGC-Real,/mnt/public/public_datasets/OpenMMSecV2/AIGC/other/online/imgs/06fd01a96a654109942b9868be2f7433.jpg
-5.724201202392578,-40.025299072265625,0.0,Doc,0,3,1,5,Document-Real,/mnt/public/public_datasets/OpenMMSecV2/Doc/Real/843287175ef14383831889abe13e8186.jpg
-28.936107635498047,35.41791915893555,0.0,AIGC,1,2,2,4,AIGC-Fake,/mnt/public/public_datasets/OpenMMSecV2/AIGC/autoregressive_model/tamingtransformers/7b8ef876029a4c939e767eccef217ae0.jpg
-8.622971534729004,8.244799613952637,0.0,AIGC,0,2,1,3,AIGC-Real,/mnt/public/public_datasets/OpenMMSecV2/AIGC/other/online/imgs/3bf7a6ac218f428b9384cd2469b4f8fc.jpg
16.376482009887695,-15.131600379943848,0.0,IMDL,0,4,1,7,IMDL-Real,/mnt/public/public_datasets/OpenMMSecV2/IMDL/generative/coco/imgs/acec87c6669b4cf58d6db387e5c6b457.jpg
5.895617961883545,-6.685266971588135,0.0,IMDL,1,4,2,8,IMDL-Fake,/mnt/public/public_datasets/OpenMMSecV2/IMDL/generative/stable_diffusion/imgs/c20e54f74d7041cfac4a4b2a92d2eeac.png
15.376607894897461,0.42717209458351135,0.0,Doc,0,3,1,5,Document-Real,/mnt/public/public_datasets/OpenMMSecV2/Doc/Real/fd339d12acf04fe5b6eeb3f03a4976b7.jpg
-14.584457397460938,-61.21418762207031,0.0,Doc,1,3,2,6,Document-Fake,/mnt/public/public_datasets/OpenMMSecV2/Doc/non_aigc/cpmv/imgs/13b30cb8f3cc4f72bfd0c511ad15d535.jpg
-24.66239356994629,-47.88200378417969,0.0,Doc,1,3,2,6,Document-Fake,/mnt/public/public_datasets/OpenMMSecV2/Doc/non_aigc/generation/imgs/cda32984e4994eba943f712722cd455f.jpg
-16.915828704833984,-60.00454330444336,0.0,Doc,1,3,2,6,Document-Fake,/mnt/public/public_datasets/OpenMMSecV2/Doc/non_aigc/cpmv/imgs/145f62bd14554493a889fbc2dd51f089.jpg
24.599029541015625,-9.388870239257812,0.0,IMDL,0,4,1,7,IMDL-Real,/mnt/public/public_datasets/OpenMMSecV2/IMDL/generative/coco/imgs/3133d9ef7f434a6ca87aec9399261cd7.jpg
13.43898868560791,-7.132171630859375,0.0,IMDL,1,4,2,8,IMDL-Fake,/mnt/public/public_datasets/OpenMMSecV2/IMDL/generative/flux_1/imgs/5066d73d61574a2a81078e7e701ec89e.png
12.62962532043457,-62.71030807495117,0.0,Doc,0,3,1,5,Document-Real,/mnt/public/public_datasets/OpenMMSecV2/Doc/Real/9e5a9511569a445b9b5c619a166ad103.jpg
10.874500274658203,2.1850104331970215,0.0,IMDL,0,4,1,7,IMDL-Real,/mnt/public/public_datasets/OpenMMSecV2/IMDL/non_generative/manual_ps/imgs/3deb102ad1164ca0ad0036a509060a5d.jpg
-19.70313835144043,36.534698486328125,0.0,deepfake,1,1,2,2,Deepfake-Fake,/mnt/public/public_datasets/OpenMMSecV2/Deepfake/Fake/FaceSwap/FaceShifter/a478ff5c51a04ef893201392ea04d9fc.png
5.780061721801758,-64.4196548461914,0.0,Doc,0,3,1,5,Document-Real,/mnt/public/public_datasets/OpenMMSecV2/Doc/Real/cda91c934ab4450b8f4898fa03645a17.jpg
52.39486312866211,-14.481901168823242,0.0,Doc,0,3,1,5,Document-Real,/mnt/public/public_datasets/OpenMMSecV2/Doc/Real/7e7b7adeeb9b4c4c9c4e70bdbce41f8e.jpg
2.993028402328491,-0.5496735572814941,0.0,IMDL,0,4,1,7,IMDL-Real,/mnt/public/public_datasets/OpenMMSecV2/IMDL/generative/stable_diffusion/imgs/c36ba5dbeade4bbc81bfadc21717cf05.png
-4.70078706741333,62.3800048828125,0.0,deepfake,1,1,2,2,Deepfake-Fake,/mnt/public/public_datasets/OpenMMSecV2/Deepfake/Fake/FaceSwap/Deepfake/fa3ac64379364074a90ae5ccfdb50d27.png
34.83365249633789,-29.483928680419922,0.0,AIGC,0,2,1,3,AIGC-Real,/mnt/public/public_datasets/OpenMMSecV2/AIGC/laion/f8949b41d617480080619ad91bff9514.jpg
0.19309373199939728,60.63469696044922,0.0,deepfake,0,1,1,1,Deepfake-Real,/mnt/public/public_datasets/OpenMMSecV2/Deepfake/Real/CelebDF-v2/74f4ea766b06417bb4fc2ce49edc1d41.png
-14.981359481811523,68.36564636230469,0.0,deepfake,1,1,2,2,Deepfake-Fake,/mnt/public/public_datasets/OpenMMSecV2/Deepfake/Fake/FaceReenactment/TPSMM/d1ba0f9f5c7042af868c1074e5fbacab.png
-5.422947406768799,48.797000885009766,0.0,deepfake,1,1,2,2,Deepfake-Fake,/mnt/public/public_datasets/OpenMMSecV2/Deepfake/Fake/FaceEditing/StarGANv2/b2fd9a4954ef4f77bf5fa9c195c96fd6.jpg
6.3404459953308105,13.856404304504395,0.0,AIGC,0,2,1,3,AIGC-Real,/mnt/public/public_datasets/OpenMMSecV2/AIGC/laion/4ccb9df729b94b19b440e5a7ba54d53b.jpg
-1.6413778066635132,64.63661193847656,0.0,deepfake,0,1,1,1,Deepfake-Real,/mnt/public/public_datasets/OpenMMSecV2/Deepfake/Real/FF++/8fe02cbf61eb4e14b07f8816322f9411.png
-14.232954978942871,57.6807975769043,0.0,deepfake,1,1,2,2,Deepfake-Fake,/mnt/public/public_datasets/OpenMMSecV2/Deepfake/Fake/FaceSwap/e4s/7e76538cb5484d899312f12fd5bd96e9.png
-25.608518600463867,8.394617080688477,0.0,AIGC,1,2,2,4,AIGC-Fake,/mnt/public/public_datasets/OpenMMSecV2/AIGC/latent_diffusion/systematic/80fdb96531034f40b0d4fac5d9e73521.jpg
16.68199920654297,66.37602996826172,0.0,deepfake,0,1,1,1,Deepfake-Real,/mnt/public/public_datasets/OpenMMSecV2/Deepfake/Real/FF++/e178e56a7e2444e2ba27c778fca0ce73.png
-23.815444946289062,33.17721939086914,0.0,deepfake,1,1,2,2,Deepfake-Fake,/mnt/public/public_datasets/OpenMMSecV2/Deepfake/Fake/FaceEditing/e4e/dfbd5d5d4b54451e8280ddfc40d414b6.jpg
-9.453954696655273,66.6747055053711,0.0,deepfake,1,1,2,2,Deepfake-Fake,/mnt/public/public_datasets/OpenMMSecV2/Deepfake/Fake/FaceReenactment/Wav2Lip/6e69152b677c440cada00ceb694349aa.png
-13.167733192443848,29.45714569091797,0.0,deepfake,0,1,1,1,Deepfake-Real,/mnt/public/public_datasets/OpenMMSecV2/Deepfake/Real/VFHQ/f59d12332e2042e28b90db427510125b.png
-7.665574550628662,61.288272857666016,0.0,deepfake,0,1,1,1,Deepfake-Real,/mnt/public/public_datasets/OpenMMSecV2/Deepfake/Real/DFD/8036f6f1825844b3ada7dd715d3d5a83.png
6.084842681884766,-2.5176174640655518,0.0,IMDL,0,4,1,7,IMDL-Real,/mnt/public/public_datasets/OpenMMSecV2/IMDL/generative/coco/imgs/b76a2dd1a50d4618a54d55d305618617.jpg
20.819244384765625,-1.7113354206085205,0.0,IMDL,0,4,1,7,IMDL-Real,/mnt/public/public_datasets/OpenMMSecV2/IMDL/generative/coco/imgs/5adbf99c65014febad04b36f306f5011.jpg
19.58659553527832,52.86186218261719,0.0,deepfake,0,1,1,1,Deepfake-Real,/mnt/public/public_datasets/OpenMMSecV2/Deepfake/Real/FF++/72cc5fc53cf6488fa980e8ffd5469285.png
19.097118377685547,-37.334815979003906,0.0,AIGC,0,2,1,3,AIGC-Real,/mnt/public/public_datasets/OpenMMSecV2/AIGC/laion/b7d8440e996042d5935369932bc450c2.jpg
22.108882904052734,46.23460388183594,0.0,deepfake,0,1,1,1,Deepfake-Real,/mnt/public/public_datasets/OpenMMSecV2/Deepfake/Real/CelebDF-v2/a96cb33fdb5f4e3fa0862e00ed15f228.png
-13.694544792175293,50.61323928833008,0.0,deepfake,1,1,2,2,Deepfake-Fake,/mnt/public/public_datasets/OpenMMSecV2/Deepfake/Fake/FaceEditing/StarGAN/2ecb098912394173a9428f2c9d9e1bce.jpg
-24.570199966430664,6.783897876739502,0.0,IMDL,1,4,2,8,IMDL-Fake,/mnt/public/public_datasets/OpenMMSecV2/IMDL/generative/stable_diffusion/imgs/e74b8ceb07f54d83ad55d87387446544.png
0.9273666143417358,3.5736944675445557,0.0,IMDL,1,4,2,8,IMDL-Fake,/mnt/public/public_datasets/OpenMMSecV2/IMDL/non_generative/manual_ps/imgs/1f15419e04f7490abb9d6f394361e303.tif
18.456281661987305,-0.5695323348045349,0.0,AIGC,0,2,1,3,AIGC-Real,/mnt/public/public_datasets/OpenMMSecV2/AIGC/other/online/imgs/fb9bba335c914bec9d2f851216e15c79.jpg
10.324433326721191,43.38761901855469,0.0,IMDL,0,4,1,7,IMDL-Real,/mnt/public/public_datasets/OpenMMSecV2/IMDL/generative/stable_diffusion/imgs/fe43c824bcc140ca80db49c0788de6bc.png
25.405580520629883,13.730432510375977,0.0,IMDL,1,4,2,8,IMDL-Fake,/mnt/public/public_datasets/OpenMMSecV2/IMDL/generative/flux_1/imgs/97f08ed0f1d54b09a1f0289bc5fc21b4.png
16.621047973632812,64.264892578125,0.0,deepfake,0,1,1,1,Deepfake-Real,/mnt/public/public_datasets/OpenMMSecV2/Deepfake/Real/FF++/065cfd989def4d7eaafec9dc1693317a.png
23.354684829711914,5.243606090545654,0.0,IMDL,0,4,1,7,IMDL-Real,/mnt/public/public_datasets/OpenMMSecV2/IMDL/generative/coco/imgs/0c8ecaa8ea7f4a5da2d4ffd5df1fb0c1.jpg
4.483737945556641,45.272186279296875,0.0,deepfake,1,1,2,2,Deepfake-Fake,/mnt/public/public_datasets/OpenMMSecV2/Deepfake/Fake/FaceEditing/StarGANv2/897079ba7d974ada832654ec99d6dabf.jpg
-5.061709403991699,15.650918960571289,0.0,IMDL,1,4,2,8,IMDL-Fake,/mnt/public/public_datasets/OpenMMSecV2/IMDL/generative/flux_1/imgs/b5c65d0a8fce4a0dbcfa088df309937e.png
-34.5575065612793,-43.644901275634766,0.0,Doc,1,3,2,6,Document-Fake,/mnt/public/public_datasets/OpenMMSecV2/Doc/non_aigc/copy-move/imgs/f189a691388d49faa80f6a40fa2bb6a1.jpg
-9.467127799987793,30.421281814575195,0.0,deepfake,0,1,1,1,Deepfake-Real,/mnt/public/public_datasets/OpenMMSecV2/Deepfake/Real/DFD/1a1cf61ecc9449d8aeda00dc3e347621.png
19.845827102661133,3.43355131149292,0.0,IMDL,0,4,1,7,IMDL-Real,/mnt/public/public_datasets/OpenMMSecV2/IMDL/generative/coco/imgs/a89c2a71f56c4936894dc1c2e8b5cf05.jpg
14.895336151123047,14.640814781188965,0.0,Doc,1,3,2,6,Document-Fake,/mnt/public/public_datasets/OpenMMSecV2/Doc/aigc/textocr/imgs/0f67d0a0e6b84359a0aac46eec0d7d12.jpg
-12.728973388671875,70.63629913330078,0.0,deepfake,1,1,2,2,Deepfake-Fake,/mnt/public/public_datasets/OpenMMSecV2/Deepfake/Fake/EntireFaceSynthesis/RDDM/a0318e96b79b44488cccbcc601b7f02f.png
24.31333351135254,-33.20423126220703,0.0,AIGC,0,2,1,3,AIGC-Real,/mnt/public/public_datasets/OpenMMSecV2/AIGC/laion/346b3d93d3f94ecb952b7255f9956025.jpg
-1.4811071157455444,10.110416412353516,0.0,AIGC,1,2,2,4,AIGC-Fake,/mnt/public/public_datasets/OpenMMSecV2/AIGC/other/online/imgs/3456b2f325714230b2ad8a0e2ad71185.jpg
-25.200775146484375,34.47800827026367,0.0,deepfake,1,1,2,2,Deepfake-Fake,/mnt/public/public_datasets/OpenMMSecV2/Deepfake/Fake/FaceEditing/e4e/fac676e2876642e5ad08f38207e960ed.jpg
-11.044307708740234,-58.80479431152344,0.0,Doc,1,3,2,6,Document-Fake,/mnt/public/public_datasets/OpenMMSecV2/Doc/non_aigc/insert/imgs/8198dea04b12426395a7bd092fcb4c96.jpg
-3.8046815395355225,66.64091491699219,0.0,deepfake,1,1,2,2,Deepfake-Fake,/mnt/public/public_datasets/OpenMMSecV2/Deepfake/Fake/FaceSwap/SimSwap/1bb4917a8d8348a6b120b1f003df1378.png
13.654471397399902,63.98203659057617,0.0,deepfake,0,1,1,1,Deepfake-Real,/mnt/public/public_datasets/OpenMMSecV2/Deepfake/Real/FF++/c386e686f7534569beaf3eff1669973e.png
26.197505950927734,-33.350555419921875,0.0,AIGC,0,2,1,3,AIGC-Real,/mnt/public/public_datasets/OpenMMSecV2/AIGC/laion/f211da0076084ee2bdec0f5bfbecd14d.jpg
7.242503643035889,6.956111907958984,0.0,AIGC,1,2,2,4,AIGC-Fake,/mnt/public/public_datasets/OpenMMSecV2/AIGC/pixel_diffusion/guided_diffusion/4343f9893cb4455c876150a9979e69c5.jpg
12.576860427856445,56.979896545410156,0.0,deepfake,0,1,1,1,Deepfake-Real,/mnt/public/public_datasets/OpenMMSecV2/Deepfake/Real/CelebDF-v2/cbcf574ed8bd4186b6c62aa08f532a8f.png
-17.932903289794922,-61.65152359008789,0.0,Doc,0,3,1,5,Document-Real,/mnt/public/public_datasets/OpenMMSecV2/Doc/Real/d17e872054fd4c429f923a417cccc323.jpg
15.480058670043945,-36.93785858154297,0.0,AIGC,0,2,1,3,AIGC-Real,/mnt/public/public_datasets/OpenMMSecV2/AIGC/laion/0492527612e34f259e5adc59cc0f602c.jpg
37.88187789916992,-25.319931030273438,0.0,Doc,0,3,1,5,Document-Real,/mnt/public/public_datasets/OpenMMSecV2/Doc/Real/9c3db1d5ce7a48c188df4bd1fe3d731c.jpg
-2.502021312713623,50.16746139526367,0.0,deepfake,0,1,1,1,Deepfake-Real,/mnt/public/public_datasets/OpenMMSecV2/Deepfake/Real/FFHQ/a3620c5dc44c4932a93dfc5307e230bb.jpg
-32.76796340942383,-41.528297424316406,0.0,Doc,1,3,2,6,Document-Fake,/mnt/public/public_datasets/OpenMMSecV2/Doc/non_aigc/generation/imgs/8ed4b510696b4e78abfa70a9cd599afa.jpg
16.901601791381836,-14.307869911193848,0.0,IMDL,0,4,1,7,IMDL-Real,/mnt/public/public_datasets/OpenMMSecV2/IMDL/generative/flux_1/imgs/95c0e126a3cf4844981a4e308821feae.png
-1.9597758054733276,-10.478453636169434,0.0,AIGC,0,2,1,3,AIGC-Real,/mnt/public/public_datasets/OpenMMSecV2/AIGC/laion/92a6255566ac486a9659767b6fbd7467.jpg
3.8275537490844727,-1.0586392879486084,0.0,AIGC,1,2,2,4,AIGC-Fake,/mnt/public/public_datasets/OpenMMSecV2/AIGC/GAN/GigaGAN/1f315a0206c1460a9eaeead1fc59e265.jpg
41.59220886230469,-23.470134735107422,0.0,Doc,0,3,1,5,Document-Real,/mnt/public/public_datasets/OpenMMSecV2/Doc/Real/e07e32708c454cfe9a27c2000202cc61.jpg
-30.237567901611328,35.193504333496094,0.0,deepfake,1,1,2,2,Deepfake-Fake,/mnt/public/public_datasets/OpenMMSecV2/Deepfake/Fake/FaceEditing/e4e/92db4aef1d2d47bfa679b6543b92564a.jpg
0.759946882724762,49.061431884765625,0.0,deepfake,0,1,1,1,Deepfake-Real,/mnt/public/public_datasets/OpenMMSecV2/Deepfake/Real/FFHQ/2ed65c53079140a897bcc68ef5a2b01c.jpg
20.284292221069336,62.7397575378418,0.0,deepfake,0,1,1,1,Deepfake-Real,/mnt/public/public_datasets/OpenMMSecV2/Deepfake/Real/FF++/e8ffffb21dcc4396996ac1b906696613.png
-18.116838455200195,32.862457275390625,0.0,deepfake,1,1,2,2,Deepfake-Fake,/mnt/public/public_datasets/OpenMMSecV2/Deepfake/Fake/FaceReenactment/HeyGen/6c5d3941e061450e8ddfdb0c6cb82e3a.png
-34.42950439453125,30.219161987304688,0.0,deepfake,1,1,2,2,Deepfake-Fake,/mnt/public/public_datasets/OpenMMSecV2/Deepfake/Fake/EntireFaceSynthesis/SD-2.1/d8f265b7d4cb4046a56c93ccd1d47323.png
-31.861154556274414,-12.389437675476074,0.0,IMDL,1,4,2,8,IMDL-Fake,/mnt/public/public_datasets/OpenMMSecV2/IMDL/generative/paintbyexample/imgs/63860ba8d0bc4dd6bc7e00f1dc0d54c8.png
-16.528478622436523,-6.712056636810303,0.0,AIGC,1,2,2,4,AIGC-Fake,/mnt/public/public_datasets/OpenMMSecV2/AIGC/pixel_diffusion/glide/imgs/911072969bfc4667b85c0c49d7d22577.png
-33.37721252441406,37.627037048339844,0.0,deepfake,1,1,2,2,Deepfake-Fake,/mnt/public/public_datasets/OpenMMSecV2/Deepfake/Fake/EntireFaceSynthesis/StyleGAN2/e84baebc15684dc19c786929f9eea4a7.png
12.11575984954834,3.387521505355835,0.0,IMDL,1,4,2,8,IMDL-Fake,/mnt/public/public_datasets/OpenMMSecV2/IMDL/generative/flux_1/imgs/a683404359cc40b48cad3ddd927c5e75.png
-35.99916458129883,-10.624449729919434,0.0,IMDL,1,4,2,8,IMDL-Fake,/mnt/public/public_datasets/OpenMMSecV2/IMDL/generative/gan_mat/imgs/d314c1422e114cbbb5ae8d3dbf44ddf0.jpg
-46.9998664855957,-36.95787811279297,0.0,Doc,1,3,2,6,Document-Fake,/mnt/public/public_datasets/OpenMMSecV2/Doc/non_aigc/copy-move/imgs/a839ada59c7f40f99360468ba7df8f3a.jpg
6.946040630340576,-39.59394836425781,0.0,AIGC,1,2,2,4,AIGC-Fake,/mnt/public/public_datasets/OpenMMSecV2/AIGC/commercial/imagen/d7273b52274f4ed19e11bd0e1c41b6e0.jpg
-4.847939491271973,-12.333577156066895,0.0,AIGC,0,2,1,3,AIGC-Real,/mnt/public/public_datasets/OpenMMSecV2/AIGC/other/online/imgs/a5fcc9c3637d4772838e0ad3586b6659.jpg
20.133434295654297,10.245576858520508,0.0,IMDL,0,4,1,7,IMDL-Real,/mnt/public/public_datasets/OpenMMSecV2/IMDL/generative/stable_diffusion/imgs/5695e82ea7c94681a58ae16d93c5c769.png
-14.19538688659668,11.73888111114502,0.0,IMDL,1,4,2,8,IMDL-Fake,/mnt/public/public_datasets/OpenMMSecV2/IMDL/non_generative/manual_ps/imgs/0c73ce82bfa7454db4f27303d1f8fb4e.jpg
15.995832443237305,19.002042770385742,0.0,AIGC,0,2,1,3,AIGC-Real,/mnt/public/public_datasets/OpenMMSecV2/AIGC/laion/0f68192ec371448a81904c04d73506be.jpg
-3.3288657665252686,20.201112747192383,0.0,AIGC,0,2,1,3,AIGC-Real,/mnt/public/public_datasets/OpenMMSecV2/AIGC/laion/28cf1ec4754443f8b6fcac4deaede33b.jpg
-25.957725524902344,28.038240432739258,0.0,AIGC,1,2,2,4,AIGC-Fake,/mnt/public/public_datasets/OpenMMSecV2/AIGC/GAN/StyleSANXL/8ff05b08a91e41d7804f08157cf1380c.jpg
-21.45927619934082,11.977842330932617,0.0,IMDL,1,4,2,8,IMDL-Fake,/mnt/public/public_datasets/OpenMMSecV2/IMDL/generative/stable_diffusion/imgs/d5573f9d2d44417a846ae620af70b740.png
9.911115646362305,-60.20663070678711,0.0,Doc,0,3,1,5,Document-Real,/mnt/public/public_datasets/OpenMMSecV2/Doc/Real/7552554f741441bf800bf727cf12c03f.jpg
1.191519021987915,20.96381950378418,0.0,IMDL,1,4,2,8,IMDL-Fake,/mnt/public/public_datasets/OpenMMSecV2/IMDL/non_generative/manual_ps/imgs/91e31d39692746a08145f417fde0ea67.jpg
13.546549797058105,-11.194351196289062,0.0,AIGC,0,2,1,3,AIGC-Real,/mnt/public/public_datasets/OpenMMSecV2/AIGC/other/online/imgs/5b34c17af9b54c80834bc31ad13d0c7d.jpg
38.98526382446289,-21.50295066833496,0.0,Doc,0,3,1,5,Document-Real,/mnt/public/public_datasets/OpenMMSecV2/Doc/aigc/derend/imgs/75a2639c25b84b1e971140e937a83895.jpg
-13.169844627380371,-17.950708389282227,0.0,IMDL,1,4,2,8,IMDL-Fake,/mnt/public/public_datasets/OpenMMSecV2/IMDL/non_generative/manual_ps/imgs/24355235e2d64f2bad3f2348257548ee.jpg
-13.323074340820312,64.69744110107422,0.0,deepfake,1,1,2,2,Deepfake-Fake,/mnt/public/public_datasets/OpenMMSecV2/Deepfake/Fake/FaceReenactment/TPSMM/30783cb2154a474b9d31b4e4957d2b4b.png
-15.66170597076416,-53.88435363769531,0.0,Doc,0,3,1,5,Document-Real,/mnt/public/public_datasets/OpenMMSecV2/Doc/Real/ec80edbcdb184b8a8417cb967ecad75a.jpg
18.17242431640625,59.303871154785156,0.0,deepfake,0,1,1,1,Deepfake-Real,/mnt/public/public_datasets/OpenMMSecV2/Deepfake/Real/FF++/9d555196d1ec49178c0bde4f8103840e.png
-2.5517430305480957,15.811932563781738,0.0,AIGC,1,2,2,4,AIGC-Fake,/mnt/public/public_datasets/OpenMMSecV2/AIGC/latent_diffusion/systematic/54db63a0dfeb463d99ada75f9369977d.jpg
-9.511722564697266,-54.225589752197266,0.0,Doc,0,3,1,5,Document-Real,/mnt/public/public_datasets/OpenMMSecV2/Doc/Real/e9a294979079420ead6ca89180151852.jpg
23.82671356201172,-36.64266586303711,0.0,AIGC,0,2,1,3,AIGC-Real,/mnt/public/public_datasets/OpenMMSecV2/AIGC/laion/6a41e8d846a040ff95a27690d16554ac.jpg
-35.04206466674805,-43.35231018066406,0.0,Doc,1,3,2,6,Document-Fake,/mnt/public/public_datasets/OpenMMSecV2/Doc/non_aigc/copy-move/imgs/c2723fb20e244f329116c665c7b8112e.jpg
-9.578157424926758,-17.888456344604492,0.0,AIGC,1,2,2,4,AIGC-Fake,/mnt/public/public_datasets/OpenMMSecV2/AIGC/pixel_diffusion/adm/imgs/0bb9dc842e1a41b4818260988c66840c.PNG
-13.85818862915039,64.40673828125,0.0,deepfake,1,1,2,2,Deepfake-Fake,/mnt/public/public_datasets/OpenMMSecV2/Deepfake/Fake/FaceReenactment/HyperReenact/17b0dbb6a58941f1a00972c1985db25b.png
15.21273422241211,-36.45840835571289,0.0,AIGC,0,2,1,3,AIGC-Real,/mnt/public/public_datasets/OpenMMSecV2/AIGC/laion/3233e73739ce468bbec423d2f018f094.jpg
2.606236457824707,-57.74909591674805,0.0,Doc,0,3,1,5,Document-Real,/mnt/public/public_datasets/OpenMMSecV2/Doc/Real/145ea43f902141c59b5d573b34e575e9.jpg
1.4522662162780762,47.166358947753906,0.0,deepfake,1,1,2,2,Deepfake-Fake,/mnt/public/public_datasets/OpenMMSecV2/Deepfake/Fake/FaceEditing/StarGANv2/db9ecb1011014ef1a068139c2a70c12b.jpg
-22.96004867553711,4.87844181060791,0.0,IMDL,1,4,2,8,IMDL-Fake,/mnt/public/public_datasets/OpenMMSecV2/IMDL/non_generative/manual_ps/imgs/1afb167b02bf4dcba937d583ac141c99.jpg
5.600723743438721,-0.7043882608413696,0.0,IMDL,1,4,2,8,IMDL-Fake,/mnt/public/public_datasets/OpenMMSecV2/IMDL/non_generative/manual_ps/imgs/6e9beff154184beea3a5947725b86cc3.jpg
36.85487365722656,-14.14116382598877,0.0,Doc,1,3,2,6,Document-Fake,/mnt/public/public_datasets/OpenMMSecV2/Doc/aigc/derend/imgs/44c940dd6a1c4022b7904295d296938f.jpg
-8.489629745483398,3.627223253250122,0.0,AIGC,1,2,2,4,AIGC-Fake,/mnt/public/public_datasets/OpenMMSecV2/AIGC/other/online/imgs/b1ca7cf65f61408f886348c70e3e64a7.jpg
21.240365982055664,48.75987243652344,0.0,deepfake,0,1,1,1,Deepfake-Real,/mnt/public/public_datasets/OpenMMSecV2/Deepfake/Real/CelebDF-v2/69bb0c12b0984685864e02c667f986fe.png
-23.25589370727539,11.934296607971191,0.0,AIGC,1,2,2,4,AIGC-Fake,/mnt/public/public_datasets/OpenMMSecV2/AIGC/commercial/firefly/3af93df9507e43e894a3955791d204f8.jpg
-22.28931427001953,66.5531234741211,0.0,deepfake,1,1,2,2,Deepfake-Fake,/mnt/public/public_datasets/OpenMMSecV2/Deepfake/Fake/FaceReenactment/FS_vid2vid/763aac579ce24035afd90b9feb4b6f60.png
-18.135995864868164,-4.963662147521973,0.0,IMDL,0,4,1,7,IMDL-Real,/mnt/public/public_datasets/OpenMMSecV2/IMDL/generative/flux_1/imgs/30b0864c903a4b71ae45ca532fdca6d9.png
-44.58076477050781,-39.263816833496094,0.0,Doc,1,3,2,6,Document-Fake,/mnt/public/public_datasets/OpenMMSecV2/Doc/non_aigc/copy-move/imgs/7c2f6c3d352f49719ecd403bbdc76491.jpg
-47.951175689697266,-39.33290481567383,0.0,Doc,1,3,2,6,Document-Fake,/mnt/public/public_datasets/OpenMMSecV2/Doc/non_aigc/copy-move/imgs/f98a4545ef964ea2857098801ebb9cf5.jpg
12.570611000061035,-30.18831443786621,0.0,AIGC,1,2,2,4,AIGC-Fake,/mnt/public/public_datasets/OpenMMSecV2/AIGC/other/online/imgs/744be5278288450699fa1ef906ca5afb.jpg
36.71816635131836,-13.532125473022461,0.0,Doc,1,3,2,6,Document-Fake,/mnt/public/public_datasets/OpenMMSecV2/Doc/aigc/textocr/imgs/6b1b20c1cd014e1fab59b1b897855ef1.jpg
50.19174575805664,-15.136922836303711,0.0,Doc,0,3,1,5,Document-Real,/mnt/public/public_datasets/OpenMMSecV2/Doc/Real/eef4b667075041b7860742afd48ecb43.jpg
-12.593324661254883,-41.275821685791016,0.0,Doc,0,3,1,5,Document-Real,/mnt/public/public_datasets/OpenMMSecV2/Doc/Real/ba79451a0acd4dc39fa595ad4490184d.jpg
17.61057472229004,-15.632190704345703,0.0,IMDL,0,4,1,7,IMDL-Real,/mnt/public/public_datasets/OpenMMSecV2/IMDL/generative/coco/imgs/e241543a1be442e285705e92b1b04d90.jpg
-7.890650749206543,6.326647758483887,0.0,AIGC,1,2,2,4,AIGC-Fake,/mnt/public/public_datasets/OpenMMSecV2/AIGC/latent_diffusion/systematic/e030492973e4429ab875d9cc323ffea1.jpg
14.449739456176758,51.553524017333984,0.0,deepfake,0,1,1,1,Deepfake-Real,/mnt/public/public_datasets/OpenMMSecV2/Deepfake/Real/CelebDF-v2/35d1984eebe84bd185094538cc89b29e.png
-19.90901756286621,29.60300064086914,0.0,AIGC,1,2,2,4,AIGC-Fake,/mnt/public/public_datasets/OpenMMSecV2/AIGC/GAN/StyleSANXL/beff3ffcdb3a4dc78bb19892c5c95d3b.jpg
-35.37152099609375,-12.14835262298584,0.0,IMDL,1,4,2,8,IMDL-Fake,/mnt/public/public_datasets/OpenMMSecV2/IMDL/generative/stable_diffusion/imgs/71072132e4634cfdafe77df41a4211e6.jpg
3.4904918670654297,9.337471008300781,0.0,IMDL,1,4,2,8,IMDL-Fake,/mnt/public/public_datasets/OpenMMSecV2/IMDL/non_generative/manual_ps/imgs/1e6028ee43e54070b38a253dc96e15c4.jpg
27.758989334106445,-18.193151473999023,0.0,Doc,0,3,1,5,Document-Real,/mnt/public/public_datasets/OpenMMSecV2/Doc/aigc/derend/imgs/e22b0c3511c9412292ff56d84d9513c9.jpg
-29.643938064575195,37.756229400634766,0.0,deepfake,1,1,2,2,Deepfake-Fake,/mnt/public/public_datasets/OpenMMSecV2/Deepfake/Fake/FaceEditing/e4e/74556d3dee034245b55ea89cf01df7be.jpg
-13.851104736328125,52.484840393066406,0.0,deepfake,1,1,2,2,Deepfake-Fake,/mnt/public/public_datasets/OpenMMSecV2/Deepfake/Fake/FaceEditing/StarGAN/668f780a5f0546ecb856a0e2516247db.jpg
3.3904383182525635,-24.970083236694336,0.0,AIGC,0,2,1,3,AIGC-Real,/mnt/public/public_datasets/OpenMMSecV2/AIGC/other/online/imgs/ca9ee7ec6405474abd28c95a4aacf51a.jpg
-10.950042724609375,-54.147647857666016,0.0,Doc,0,3,1,5,Document-Real,/mnt/public/public_datasets/OpenMMSecV2/Doc/Real/10aa2bc6c9334c529caa77c8dc90a9aa.jpg
38.02467346191406,-20.59743881225586,0.0,Doc,1,3,2,6,Document-Fake,/mnt/public/public_datasets/OpenMMSecV2/Doc/aigc/udifftext/imgs/242453f0e6f74a168e7717d5b4276971.jpg
2.869938611984253,52.431617736816406,0.0,deepfake,1,1,2,2,Deepfake-Fake,/mnt/public/public_datasets/OpenMMSecV2/Deepfake/Fake/EntireFaceSynthesis/SiT-XL/aa9ac884773941cabb8134a4da22c2d0.png
-12.211851119995117,-3.8343069553375244,0.0,AIGC,0,2,1,3,AIGC-Real,/mnt/public/public_datasets/OpenMMSecV2/AIGC/other/online/imgs/419f71dfcc2c4abf960b655c01ef0b54.jpg
-24.36855697631836,29.24827003479004,0.0,AIGC,1,2,2,4,AIGC-Fake,/mnt/public/public_datasets/OpenMMSecV2/AIGC/GAN/styleGANs/44f5df40726e433380df3c282b6f0a2b.jpg
14.182426452636719,52.93014144897461,0.0,deepfake,0,1,1,1,Deepfake-Real,/mnt/public/public_datasets/OpenMMSecV2/Deepfake/Real/CelebDF-v2/7f5fc22f5d2c4ff9a2b6168a430b6e28.png
11.480476379394531,17.61151123046875,0.0,IMDL,1,4,2,8,IMDL-Fake,/mnt/public/public_datasets/OpenMMSecV2/IMDL/non_generative/manual_ps/imgs/da1980ba45024510a50ffc6e5959ff2e.jpg
-46.97688674926758,-37.53265380859375,0.0,Doc,1,3,2,6,Document-Fake,/mnt/public/public_datasets/OpenMMSecV2/Doc/non_aigc/copy-move/imgs/ff5fc183ab3f47689e39e657fcacb225.jpg
-0.7872248888015747,57.90058898925781,0.0,deepfake,0,1,1,1,Deepfake-Real,/mnt/public/public_datasets/OpenMMSecV2/Deepfake/Real/DFD/3d73d08b02b44acba87e17b313a837de.png
19.29203987121582,-2.3194150924682617,0.0,AIGC,0,2,1,3,AIGC-Real,/mnt/public/public_datasets/OpenMMSecV2/AIGC/laion/08e85394cd654fb9ae4200b0569f3045.jpg
11.141106605529785,-63.910945892333984,0.0,Doc,0,3,1,5,Document-Real,/mnt/public/public_datasets/OpenMMSecV2/Doc/Real/7c5f8a6158bc4d68b6788e4560caf5ed.jpg
19.6147403717041,62.395748138427734,0.0,deepfake,0,1,1,1,Deepfake-Real,/mnt/public/public_datasets/OpenMMSecV2/Deepfake/Real/FF++/6785280aba3f42f7ab1e4360c8d6a45b.png
24.567312240600586,-0.5674037337303162,0.0,IMDL,0,4,1,7,IMDL-Real,/mnt/public/public_datasets/OpenMMSecV2/IMDL/generative/stable_diffusion/imgs/cbb603919e0c4778957c39f55564f678.png
-30.836748123168945,-42.40007019042969,0.0,Doc,1,3,2,6,Document-Fake,/mnt/public/public_datasets/OpenMMSecV2/Doc/non_aigc/copy-move/imgs/60616849e0ff415b8a1fc0e195872f19.jpg
11.257719993591309,-65.96896362304688,0.0,Doc,0,3,1,5,Document-Real,/mnt/public/public_datasets/OpenMMSecV2/Doc/Real/ca501c13085c45f38035881ee3e8bd36.jpg
-30.679109573364258,-55.70338439941406,0.0,Doc,1,3,2,6,Document-Fake,/mnt/public/public_datasets/OpenMMSecV2/Doc/non_aigc/generation/imgs/b7ada54b232b429bb7ec971a4825f244.jpg
-1.3058788776397705,-13.535605430603027,0.0,IMDL,1,4,2,8,IMDL-Fake,/mnt/public/public_datasets/OpenMMSecV2/IMDL/non_generative/manual_ps/imgs/5b59d8fef947491aba92752f9a5f8828.tif
-26.110334396362305,36.39448928833008,0.0,AIGC,1,2,2,4,AIGC-Fake,/mnt/public/public_datasets/OpenMMSecV2/AIGC/autoregressive_model/tamingtransformers/c5218f2f51b240198cc2c1262b315725.jpg
-3.7728378772735596,49.42709732055664,0.0,deepfake,1,1,2,2,Deepfake-Fake,/mnt/public/public_datasets/OpenMMSecV2/Deepfake/Fake/FaceEditing/StarGANv2/14dd2fb919524d61b29b84bac933eb93.jpg
-5.695566654205322,-40.2618408203125,0.0,Doc,0,3,1,5,Document-Real,/mnt/public/public_datasets/OpenMMSecV2/Doc/Real/b6cf2be0ecf746bc9cd9740d54161fcd.jpg
21.298154830932617,6.774927616119385,0.0,IMDL,0,4,1,7,IMDL-Real,/mnt/public/public_datasets/OpenMMSecV2/IMDL/generative/coco/imgs/7ba87e01ebbb4ec7aa7eee48e2752236.jpg
0.03608770668506622,47.75159454345703,0.0,deepfake,1,1,2,2,Deepfake-Fake,/mnt/public/public_datasets/OpenMMSecV2/Deepfake/Fake/FaceEditing/StarGANv2/581530d1940142138698199b846760f1.jpg
-6.557522296905518,-9.664422988891602,0.0,IMDL,1,4,2,8,IMDL-Fake,/mnt/public/public_datasets/OpenMMSecV2/IMDL/generative/stable_diffusion/imgs/56a74692435f4f2ca6a6d72835d1cb4d.png
-19.88684844970703,33.3192253112793,0.0,deepfake,1,1,2,2,Deepfake-Fake,/mnt/public/public_datasets/OpenMMSecV2/Deepfake/Fake/EntireFaceSynthesis/SD-2.1/dad264bc5fe743ecb01d31cde95b7804.png
-12.506786346435547,27.156888961791992,0.0,AIGC,1,2,2,4,AIGC-Fake,/mnt/public/public_datasets/OpenMMSecV2/AIGC/other/online/imgs/9225bccfda7846099113cbc90aadc81f.jpg
-20.474401473999023,10.982061386108398,0.0,AIGC,1,2,2,4,AIGC-Fake,/mnt/public/public_datasets/OpenMMSecV2/AIGC/commercial/firefly/b8e6f5b6db5a403197570269f24e6648.jpg
-22.717639923095703,9.166129112243652,0.0,AIGC,1,2,2,4,AIGC-Fake,/mnt/public/public_datasets/OpenMMSecV2/AIGC/GAN/styleGANs/0b397e03a6cf4070ad1af0cfcee5523d.jpg
-1.4989854097366333,1.9909812211990356,0.0,IMDL,1,4,2,8,IMDL-Fake,/mnt/public/public_datasets/OpenMMSecV2/IMDL/non_generative/manual_ps/imgs/d53c1ec1377349939d3bdfca47fce927.jpg
13.83809757232666,-25.90620994567871,0.0,AIGC,0,2,1,3,AIGC-Real,/mnt/public/public_datasets/OpenMMSecV2/AIGC/laion/efa75b8fc13e430ea74ea1b613e44d34.jpg
23.638118743896484,-29.95260238647461,0.0,AIGC,0,2,1,3,AIGC-Real,/mnt/public/public_datasets/OpenMMSecV2/AIGC/laion/ca6167a829fc4726a62b6b0f0151f2ff.jpg
-20.34659194946289,15.635491371154785,0.0,AIGC,1,2,2,4,AIGC-Fake,/mnt/public/public_datasets/OpenMMSecV2/AIGC/commercial/flux/5225510847034733aa6d1d05018ef14b.jpg
18.127660751342773,14.054922103881836,0.0,IMDL,1,4,2,8,IMDL-Fake,/mnt/public/public_datasets/OpenMMSecV2/IMDL/non_generative/manual_ps/imgs/cbe376ee80554173ab3a5f1abe68e82b.tif
23.447040557861328,47.60462188720703,0.0,deepfake,0,1,1,1,Deepfake-Real,/mnt/public/public_datasets/OpenMMSecV2/Deepfake/Real/CelebDF-v2/844748d7ac244f25baa6426557163688.png
14.36141300201416,56.15782165527344,0.0,deepfake,1,1,2,2,Deepfake-Fake,/mnt/public/public_datasets/OpenMMSecV2/Deepfake/Fake/FaceEditing/StarGANv2/59b32df8a5e24be5991075876c6086f7.jpg
8.673203468322754,-1.2870311737060547,0.0,IMDL,0,4,1,7,IMDL-Real,/mnt/public/public_datasets/OpenMMSecV2/IMDL/generative/stable_diffusion/imgs/bbfe56eb315946978b41a6812a7517ef.png
-14.248246192932129,50.92227554321289,0.0,deepfake,1,1,2,2,Deepfake-Fake,/mnt/public/public_datasets/OpenMMSecV2/Deepfake/Fake/FaceEditing/StarGAN/0fa29ca7293444a3b73ec4fc032a902f.jpg
15.271798133850098,15.972224235534668,0.0,IMDL,0,4,1,7,IMDL-Real,/mnt/public/public_datasets/OpenMMSecV2/IMDL/generative/coco/imgs/1813de4e26b54e1ea366cb13d656df41.jpg
0.7706359028816223,2.4151883125305176,0.0,AIGC,1,2,2,4,AIGC-Fake,/mnt/public/public_datasets/OpenMMSecV2/AIGC/GAN/styleGANs/44e15f9790a041f88168aa65c328835b.jpg
-15.770424842834473,9.865796089172363,0.0,AIGC,1,2,2,4,AIGC-Fake,/mnt/public/public_datasets/OpenMMSecV2/AIGC/latent_diffusion/systematic/a183c5f89bf147649b6076f56bcae68c.jpg
-16.60692596435547,7.068360328674316,0.0,AIGC,1,2,2,4,AIGC-Fake,/mnt/public/public_datasets/OpenMMSecV2/AIGC/latent_diffusion/systematic/6eccbf5ec75c4855be160baed680df26.jpg
15.037793159484863,-1.8802094459533691,0.0,IMDL,0,4,1,7,IMDL-Real,/mnt/public/public_datasets/OpenMMSecV2/IMDL/generative/coco/imgs/724b4989edb94ba6bd7c6d2f768e78c9.jpg
20.147018432617188,-4.659612655639648,0.0,IMDL,0,4,1,7,IMDL-Real,/mnt/public/public_datasets/OpenMMSecV2/IMDL/generative/coco/imgs/cc69ee0d7825414f8feb7a3dad6cc42d.jpg
3.2257447242736816,-12.740398406982422,0.0,IMDL,0,4,1,7,IMDL-Real,/mnt/public/public_datasets/OpenMMSecV2/IMDL/generative/flux_1/imgs/4e0860a93267487f85bcd8660060fe5b.png
-35.11719512939453,32.10456466674805,0.0,deepfake,1,1,2,2,Deepfake-Fake,/mnt/public/public_datasets/OpenMMSecV2/Deepfake/Fake/EntireFaceSynthesis/StyleGAN3/d5e1791324ac4b33b486f0cebe6369b7.png
17.645671844482422,19.056617736816406,0.0,AIGC,0,2,1,3,AIGC-Real,/mnt/public/public_datasets/OpenMMSecV2/AIGC/laion/716f2cfae9c945cd931ed86ac4fc8cb8.jpg
-8.272261619567871,11.0926513671875,0.0,AIGC,1,2,2,4,AIGC-Fake,/mnt/public/public_datasets/OpenMMSecV2/AIGC/GAN/GigaGAN/d03cf60e85fc437985ce7610698014b1.jpg
-32.30237579345703,37.58674621582031,0.0,deepfake,1,1,2,2,Deepfake-Fake,/mnt/public/public_datasets/OpenMMSecV2/Deepfake/Fake/EntireFaceSynthesis/StyleGAN2/c8c7b1de42f845bca28b793dc7cfdcb5.png
-8.450963020324707,-18.60791778564453,0.0,AIGC,0,2,1,3,AIGC-Real,/mnt/public/public_datasets/OpenMMSecV2/AIGC/laion/dfa13e51fb1d474f9e96cd9687dd49ef.jpg
-11.657917022705078,26.371665954589844,0.0,AIGC,1,2,2,4,AIGC-Fake,/mnt/public/public_datasets/OpenMMSecV2/AIGC/other/online/imgs/fc2d97cd097e4b5b8ba7098f7da93d58.jpg
32.056827545166016,-9.569047927856445,0.0,AIGC,0,2,1,3,AIGC-Real,/mnt/public/public_datasets/OpenMMSecV2/AIGC/laion/8e9cf53464fd4a5bad479be30f66d0af.jpg
-26.66727638244629,-52.613800048828125,0.0,Doc,1,3,2,6,Document-Fake,/mnt/public/public_datasets/OpenMMSecV2/Doc/non_aigc/copy-move/imgs/14932ebcfb234df2a1231bf6082c9bed.jpg
-21.27174186706543,67.60578155517578,0.0,deepfake,1,1,2,2,Deepfake-Fake,/mnt/public/public_datasets/OpenMMSecV2/Deepfake/Fake/FaceReenactment/OneShot/fdf25166b3c742079f7f0ad3ec2c253b.png
9.975497245788574,-62.895423889160156,0.0,Doc,0,3,1,5,Document-Real,/mnt/public/public_datasets/OpenMMSecV2/Doc/Real/b9750413e3d645daa4a8284d5747ed58.jpg
-20.78167152404785,-45.240234375,0.0,Doc,1,3,2,6,Document-Fake,/mnt/public/public_datasets/OpenMMSecV2/Doc/non_aigc/copy-move/imgs/4fa3cfa8572e46f69137fe05a91e0d99.jpg
-9.494988441467285,21.06972312927246,0.0,AIGC,1,2,2,4,AIGC-Fake,/mnt/public/public_datasets/OpenMMSecV2/AIGC/other/online/imgs/1d9d8dc92e1448a18ef0ac9d00cea493.jpg
12.564009666442871,-41.52631759643555,0.0,AIGC,0,2,1,3,AIGC-Real,/mnt/public/public_datasets/OpenMMSecV2/AIGC/laion/4254a0dc2baf44a498c71824706c885d.jpg
12.475995063781738,-19.263296127319336,0.0,IMDL,0,4,1,7,IMDL-Real,/mnt/public/public_datasets/OpenMMSecV2/IMDL/non_generative/manual_ps/imgs/781ccc68929f4669a31d29e539d86928.jpg
-16.186492919921875,-55.261661529541016,0.0,Doc,0,3,1,5,Document-Real,/mnt/public/public_datasets/OpenMMSecV2/Doc/Real/be00138ce0d249ce872a0b1b202e3bf3.jpg
-18.324901580810547,63.87184524536133,0.0,deepfake,1,1,2,2,Deepfake-Fake,/mnt/public/public_datasets/OpenMMSecV2/Deepfake/Fake/FaceReenactment/OneShot/f02124ebafe442a1ae1742a66f3e48c3.png
-28.978797912597656,-55.25373077392578,0.0,Doc,0,3,1,5,Document-Real,/mnt/public/public_datasets/OpenMMSecV2/Doc/Real/77ae79f20ed646178c3ec127918fe324.jpg
0.2927444875240326,-0.6546772122383118,0.0,IMDL,0,4,1,7,IMDL-Real,/mnt/public/public_datasets/OpenMMSecV2/IMDL/generative/coco/imgs/16aa1a6a157a4a46b85c67a831d37bef.jpg
52.09770965576172,-13.712553024291992,0.0,Doc,1,3,2,6,Document-Fake,/mnt/public/public_datasets/OpenMMSecV2/Doc/aigc/derend/imgs/8dd31dcee495475287b4bd08a85632f4.jpg
18.831077575683594,18.310556411743164,0.0,IMDL,0,4,1,7,IMDL-Real,/mnt/public/public_datasets/OpenMMSecV2/IMDL/generative/stable_diffusion/imgs/3b29b40927414a56b34f0b23b73ca254.png
-25.767091751098633,-46.02745819091797,0.0,Doc,1,3,2,6,Document-Fake,/mnt/public/public_datasets/OpenMMSecV2/Doc/non_aigc/copy-move/imgs/cf2c57b9caf449b695cc419e8a87d458.jpg
-23.583086013793945,-12.862717628479004,0.0,IMDL,1,4,2,8,IMDL-Fake,/mnt/public/public_datasets/OpenMMSecV2/IMDL/non_generative/manual_ps/imgs/462364964d8d40c8821bda0e32323b66.tif
47.22917175292969,-15.80855655670166,0.0,Doc,1,3,2,6,Document-Fake,/mnt/public/public_datasets/OpenMMSecV2/Doc/aigc/textocr/imgs/150a7ba341fe41f2b0ccb76c4f060c5e.jpg
4.506255626678467,59.95378112792969,0.0,deepfake,0,1,1,1,Deepfake-Real,/mnt/public/public_datasets/OpenMMSecV2/Deepfake/Real/CelebDF-v2/3d5814703d514fc7a6fdab1bfbbd0d41.png
-16.496274948120117,-58.77757263183594,0.0,Doc,1,3,2,6,Document-Fake,/mnt/public/public_datasets/OpenMMSecV2/Doc/non_aigc/cpmv/imgs/17bf308f2c364eed99a6147803e99f1e.jpg
-27.16309928894043,29.947463989257812,0.0,AIGC,1,2,2,4,AIGC-Fake,/mnt/public/public_datasets/OpenMMSecV2/AIGC/GAN/styleGANs/f5dfa5bc7d384321995249136a76fb11.jpg
-26.933307647705078,-51.896087646484375,0.0,Doc,1,3,2,6,Document-Fake,/mnt/public/public_datasets/OpenMMSecV2/Doc/non_aigc/copy-move/imgs/4beb5df66b0a45f08cf5aa32d80c35ec.jpg
12.727899551391602,-64.86026763916016,0.0,Doc,0,3,1,5,Document-Real,/mnt/public/public_datasets/OpenMMSecV2/Doc/Real/09a1d295575642a5835b80bf68105e64.jpg
26.539533615112305,-23.470443725585938,0.0,IMDL,0,4,1,7,IMDL-Real,/mnt/public/public_datasets/OpenMMSecV2/IMDL/generative/flux_1/imgs/a9c0a4b698d24b1b8c69b212494e7bd8.png
-21.475191116333008,-10.825406074523926,0.0,IMDL,0,4,1,7,IMDL-Real,/mnt/public/public_datasets/OpenMMSecV2/IMDL/generative/flux_1/imgs/453233ef9d944a11bbd6d6742480421b.png
-27.275611877441406,-6.101609706878662,0.0,IMDL,1,4,2,8,IMDL-Fake,/mnt/public/public_datasets/OpenMMSecV2/IMDL/non_generative/manual_ps/imgs/059255a153a2457988bd6c01c8950743.jpg
-23.721586227416992,11.268854141235352,0.0,AIGC,1,2,2,4,AIGC-Fake,/mnt/public/public_datasets/OpenMMSecV2/AIGC/commercial/ideogram/839d6bbbc4bf47e291ae308464aeb30d.jpg
15.939741134643555,-15.238941192626953,0.0,IMDL,0,4,1,7,IMDL-Real,/mnt/public/public_datasets/OpenMMSecV2/IMDL/generative/stable_diffusion/imgs/152729a80b984a26a6494657196f7978.png
-17.792842864990234,64.49412536621094,0.0,deepfake,1,1,2,2,Deepfake-Fake,/mnt/public/public_datasets/OpenMMSecV2/Deepfake/Fake/FaceSwap/FaceDancer/6f66ed89201d437ab5ab3c7dc62a946e.png
0.23244255781173706,-9.325374603271484,0.0,IMDL,0,4,1,7,IMDL-Real,/mnt/public/public_datasets/OpenMMSecV2/IMDL/generative/stable_diffusion/imgs/043aa81feeb145828d4147a66deea74c.png
-26.064271926879883,10.029513359069824,0.0,AIGC,1,2,2,4,AIGC-Fake,/mnt/public/public_datasets/OpenMMSecV2/AIGC/commercial/dalle/5076de31e7ed42ebb4bf4f1ccbd650b6.jpg
-17.18836212158203,-10.856439590454102,0.0,IMDL,1,4,2,8,IMDL-Fake,/mnt/public/public_datasets/OpenMMSecV2/IMDL/non_generative/manual_ps/imgs/d6f630ada1a34c3abd55a95c91c9f376.jpg
-24.952251434326172,12.095916748046875,0.0,AIGC,1,2,2,4,AIGC-Fake,/mnt/public/public_datasets/OpenMMSecV2/AIGC/commercial/ideogram/ea1be9b47c7f493885d313e6a6f63814.jpg
20.202714920043945,58.228267669677734,0.0,deepfake,0,1,1,1,Deepfake-Real,/mnt/public/public_datasets/OpenMMSecV2/Deepfake/Real/CelebDF-v2/7622393b4a86468a90f0dc6c721d9725.png
-35.92137908935547,30.273422241210938,0.0,deepfake,1,1,2,2,Deepfake-Fake,/mnt/public/public_datasets/OpenMMSecV2/Deepfake/Fake/EntireFaceSynthesis/SD-2.1/7edd2ad6347e4baf833a9ed8d618a6e6.png
-28.668468475341797,-54.333003997802734,0.0,Doc,0,3,1,5,Document-Real,/mnt/public/public_datasets/OpenMMSecV2/Doc/Real/a5ae638bc67641c984ac3fed96b7eb30.jpg
3.476888656616211,64.50555419921875,0.0,deepfake,0,1,1,1,Deepfake-Real,/mnt/public/public_datasets/OpenMMSecV2/Deepfake/Real/CelebDF-v2/ad94857f5d7e4f80b01fd17429a8b03c.png
-1.148643136024475,5.986661434173584,0.0,AIGC,1,2,2,4,AIGC-Fake,/mnt/public/public_datasets/OpenMMSecV2/AIGC/other/online/imgs/1fc77a61dbfc4ccaa06d004fa2a0f53b.jpg
-5.701672554016113,19.389753341674805,0.0,AIGC,1,2,2,4,AIGC-Fake,/mnt/public/public_datasets/OpenMMSecV2/AIGC/other/online/imgs/f1fc5dbd26364d448ccaf901062f8536.jpg
-2.910717725753784,-43.99131393432617,0.0,Doc,0,3,1,5,Document-Real,/mnt/public/public_datasets/OpenMMSecV2/Doc/Real/ff006ce4f47946c19aaa938de8fd515a.jpg
28.474973678588867,-11.927927017211914,0.0,Doc,0,3,1,5,Document-Real,/mnt/public/public_datasets/OpenMMSecV2/Doc/Real/2e219e3aa3334f27a151e790807d403d.jpg
16.765296936035156,3.8937535285949707,0.0,IMDL,0,4,1,7,IMDL-Real,/mnt/public/public_datasets/OpenMMSecV2/IMDL/generative/coco/imgs/020814b3d5464bf8b0dff4540d38a7e6.jpg
-28.365619659423828,-13.40170955657959,0.0,IMDL,1,4,2,8,IMDL-Fake,/mnt/public/public_datasets/OpenMMSecV2/IMDL/generative/paintbyexample/imgs/9f1c0e3bba024400a66e097ceb14ca19.jpg
-36.397682189941406,-9.807415008544922,0.0,IMDL,1,4,2,8,IMDL-Fake,/mnt/public/public_datasets/OpenMMSecV2/IMDL/generative/paintbyexample/imgs/0e30ae65952545e0b01cad0d6dd04ab0.png
-27.946409225463867,-53.44450378417969,0.0,Doc,1,3,2,6,Document-Fake,/mnt/public/public_datasets/OpenMMSecV2/Doc/non_aigc/cover/imgs/c25619f801604d88a2af4bcc6e02faa3.jpg
10.369660377502441,44.21613311767578,0.0,deepfake,0,1,1,1,Deepfake-Real,/mnt/public/public_datasets/OpenMMSecV2/Deepfake/Real/DFD/b9d359811d854b9eaed8aabb5e0f0c88.png
6.705334186553955,-0.9816639423370361,0.0,IMDL,1,4,2,8,IMDL-Fake,/mnt/public/public_datasets/OpenMMSecV2/IMDL/generative/stable_diffusion/imgs/19e2f95701a445e594081dbd7c1b2521.png
-15.102490425109863,68.24942779541016,0.0,deepfake,1,1,2,2,Deepfake-Fake,/mnt/public/public_datasets/OpenMMSecV2/Deepfake/Fake/FaceReenactment/TPSMM/ff137cb069cf41f5a905b85381458992.png
12.01108455657959,-8.18933391571045,0.0,IMDL,0,4,1,7,IMDL-Real,/mnt/public/public_datasets/OpenMMSecV2/IMDL/non_generative/manual_ps/imgs/ddd54c9030dd493b8e74b52af3102e01.jpg
3.6661062240600586,-22.12019920349121,0.0,AIGC,1,2,2,4,AIGC-Fake,/mnt/public/public_datasets/OpenMMSecV2/AIGC/other/online/imgs/a4496b7b4b7f4004b0a76411dc2b19ed.jpg
-2.519097328186035,18.90768814086914,0.0,AIGC,0,2,1,3,AIGC-Real,/mnt/public/public_datasets/OpenMMSecV2/AIGC/laion/ffe34fa50b7440ccb9fed52c8494cb60.jpg
-15.97472858428955,-57.65201187133789,0.0,Doc,0,3,1,5,Document-Real,/mnt/public/public_datasets/OpenMMSecV2/Doc/Real/02b32be87cac4d8e9ebfd43f75dde8f0.jpg
2.538841485977173,-8.852791786193848,0.0,IMDL,1,4,2,8,IMDL-Fake,/mnt/public/public_datasets/OpenMMSecV2/IMDL/generative/flux_1/imgs/ecd3367f949349ee86af0f1b6880d6c1.png
-32.99717330932617,-4.896082878112793,0.0,deepfake,0,1,1,1,Deepfake-Real,/mnt/public/public_datasets/OpenMMSecV2/Deepfake/Real/DFD/57cc34f78f0d4bc889c07d2fe54660fa.png
-1.380489706993103,61.043792724609375,0.0,deepfake,1,1,2,2,Deepfake-Fake,/mnt/public/public_datasets/OpenMMSecV2/Deepfake/Fake/FaceReenactment/DaGAN/0cd065dd7941424f8fb27b2aaadf332f.png
21.588197708129883,51.90898132324219,0.0,deepfake,0,1,1,1,Deepfake-Real,/mnt/public/public_datasets/OpenMMSecV2/Deepfake/Real/FF++/3a7fba35b3f1405d9cb505e9cea73d22.png
13.751383781433105,62.055511474609375,0.0,deepfake,0,1,1,1,Deepfake-Real,/mnt/public/public_datasets/OpenMMSecV2/Deepfake/Real/FF++/eb98db33046d4cd383e2bf2164b4dd2b.png
-44.19370651245117,-38.8026237487793,0.0,Doc,1,3,2,6,Document-Fake,/mnt/public/public_datasets/OpenMMSecV2/Doc/non_aigc/copy-move/imgs/5ad1fbbd49cd4697923e64afb863def8.jpg
16.27935028076172,64.36405944824219,0.0,deepfake,0,1,1,1,Deepfake-Real,/mnt/public/public_datasets/OpenMMSecV2/Deepfake/Real/FF++/ed1b3b72589344569ee8b8833ea88a91.png
24.365354537963867,3.913374185562134,0.0,IMDL,0,4,1,7,IMDL-Real,/mnt/public/public_datasets/OpenMMSecV2/IMDL/generative/coco/imgs/1e4fb5730df14e80b77a1d0f7cd74832.jpg
18.0756778717041,-41.636085510253906,0.0,IMDL,1,4,2,8,IMDL-Fake,/mnt/public/public_datasets/OpenMMSecV2/IMDL/non_generative/manual_ps/imgs/652e5cb17b204553af36cbde544802fb.jpg
-20.567596435546875,-16.306724548339844,0.0,Doc,1,3,2,6,Document-Fake,/mnt/public/public_datasets/OpenMMSecV2/Doc/non_aigc/generation/imgs/0ab1d8ac52c04f29ac97d6d8cf6fc4cc.jpg
15.183242797851562,0.07574847340583801,0.0,IMDL,0,4,1,7,IMDL-Real,/mnt/public/public_datasets/OpenMMSecV2/IMDL/generative/stable_diffusion/imgs/3caaa9baae32459dbef5b4014a4913b5.png
-18.161651611328125,-61.028663635253906,0.0,Doc,1,3,2,6,Document-Fake,/mnt/public/public_datasets/OpenMMSecV2/Doc/non_aigc/cover/imgs/c0e53e9bc4bc4c3898bc3fefc6953397.jpg
28.133447647094727,6.027070999145508,0.0,IMDL,0,4,1,7,IMDL-Real,/mnt/public/public_datasets/OpenMMSecV2/IMDL/generative/coco/imgs/6585477ecf8148109198e59f6e06830a.jpg
-0.3128235638141632,55.36824417114258,0.0,deepfake,0,1,1,1,Deepfake-Real,/mnt/public/public_datasets/OpenMMSecV2/Deepfake/Real/CelebDF-v2/46b66a3808d24975a830807eafbdd637.png
-9.553112983703613,-52.885284423828125,0.0,Doc,0,3,1,5,Document-Real,/mnt/public/public_datasets/OpenMMSecV2/Doc/Real/75ea25c06faa4c1fab331b33936843eb.jpg
34.30901336669922,-25.289812088012695,0.0,Doc,1,3,2,6,Document-Fake,/mnt/public/public_datasets/OpenMMSecV2/Doc/aigc/textocr/imgs/11f28816ea52401ca2cc8e8b14771383.jpg
-29.296619415283203,-53.782840728759766,0.0,Doc,1,3,2,6,Document-Fake,/mnt/public/public_datasets/OpenMMSecV2/Doc/non_aigc/cpmv/imgs/514973ef304847f0875a2efa78a5b913.jpg
13.744612693786621,17.42369270324707,0.0,IMDL,0,4,1,7,IMDL-Real,/mnt/public/public_datasets/OpenMMSecV2/IMDL/generative/stable_diffusion/imgs/a23d090ca0ca4122bb0ef1697a99a576.png
-20.898883819580078,62.0815315246582,0.0,deepfake,1,1,2,2,Deepfake-Fake,/mnt/public/public_datasets/OpenMMSecV2/Deepfake/Fake/FaceReenactment/MRAA/483113530ee341b7b176d5593f163f3b.png
14.704571723937988,14.732828140258789,0.0,Doc,0,3,1,5,Document-Real,/mnt/public/public_datasets/OpenMMSecV2/Doc/Real/1e76ceb811994a41b874de0e201eb08e.jpg
-11.670522689819336,-16.110048294067383,0.0,IMDL,1,4,2,8,IMDL-Fake,/mnt/public/public_datasets/OpenMMSecV2/IMDL/non_generative/manual_ps/imgs/c3ed506fdaac448e957eb492f0bc2240.jpg
-17.48093032836914,-59.7917366027832,0.0,Doc,0,3,1,5,Document-Real,/mnt/public/public_datasets/OpenMMSecV2/Doc/Real/95509df7b342481bac571192f2dcacf5.jpg
12.51947021484375,18.367856979370117,0.0,Doc,1,3,2,6,Document-Fake,/mnt/public/public_datasets/OpenMMSecV2/Doc/aigc/textocr/imgs/ab4e09ad69014920808a674df9f9b72a.jpg
10.50868034362793,10.41476821899414,0.0,IMDL,0,4,1,7,IMDL-Real,/mnt/public/public_datasets/OpenMMSecV2/IMDL/generative/coco/imgs/d201dfb7420642f7a2f33148efca315d.jpg
8.288795471191406,-7.822293281555176,0.0,AIGC,1,2,2,4,AIGC-Fake,/mnt/public/public_datasets/OpenMMSecV2/AIGC/pixel_diffusion/adm/imgs/767e8d83ce7347c198a4836d96c35ac3.png
11.43227481842041,-3.648974657058716,0.0,AIGC,1,2,2,4,AIGC-Fake,/mnt/public/public_datasets/OpenMMSecV2/AIGC/pixel_diffusion/adm/imgs/7702cf7e1ff146069f6b5742c4d37fc7.png
25.244304656982422,-3.054952621459961,0.0,IMDL,0,4,1,7,IMDL-Real,/mnt/public/public_datasets/OpenMMSecV2/IMDL/generative/stable_diffusion/imgs/d7197706ae4c428caa1b6b45ef3e4c69.png
21.90854263305664,3.4229719638824463,0.0,IMDL,0,4,1,7,IMDL-Real,/mnt/public/public_datasets/OpenMMSecV2/IMDL/generative/coco/imgs/1a4c00c4cf5c46d1963baec73f6c1e0e.jpg
-23.147409439086914,63.474239349365234,0.0,deepfake,1,1,2,2,Deepfake-Fake,/mnt/public/public_datasets/OpenMMSecV2/Deepfake/Fake/FaceSwap/FSGAN/cf4ca9f0e0d445e08536139d55ba819e.png
-13.085736274719238,52.81807327270508,0.0,deepfake,1,1,2,2,Deepfake-Fake,/mnt/public/public_datasets/OpenMMSecV2/Deepfake/Fake/FaceEditing/StarGAN/92779cabeb7a4391ba158ce7808f8bcb.jpg
20.1168270111084,52.60304641723633,0.0,deepfake,0,1,1,1,Deepfake-Real,/mnt/public/public_datasets/OpenMMSecV2/Deepfake/Real/FF++/a0d705a741574d608bed1452ae333cad.png
-11.188380241394043,67.18891906738281,0.0,deepfake,1,1,2,2,Deepfake-Fake,/mnt/public/public_datasets/OpenMMSecV2/Deepfake/Fake/FaceReenactment/Wav2Lip/60e1194a782243b2a2b6e6eb1a9834e1.png
-20.39658546447754,-13.24747371673584,0.0,AIGC,0,2,1,3,AIGC-Real,/mnt/public/public_datasets/OpenMMSecV2/AIGC/laion/8b1065b1ce164c4d97d905b21c1c52f1.jpg
-26.854267120361328,39.42135238647461,0.0,deepfake,1,1,2,2,Deepfake-Fake,/mnt/public/public_datasets/OpenMMSecV2/Deepfake/Fake/FaceEditing/e4e/0b9d3eaa81ad4c97b572684c5fdfad6e.jpg
-22.881528854370117,28.947021484375,0.0,deepfake,1,1,2,2,Deepfake-Fake,/mnt/public/public_datasets/OpenMMSecV2/Deepfake/Fake/EntireFaceSynthesis/WhichisReal/37893dbd136743eeb9e99f3e681eae7c.png
13.357951164245605,-25.581527709960938,0.0,AIGC,1,2,2,4,AIGC-Fake,/mnt/public/public_datasets/OpenMMSecV2/AIGC/latent_diffusion/systematic/8039f9dcff2a4bbe911ed9ec8a2221c1.jpg
11.904730796813965,38.91263198852539,0.0,deepfake,0,1,1,1,Deepfake-Real,/mnt/public/public_datasets/OpenMMSecV2/Deepfake/Real/VFHQ/888ca0dcb7c6487299371d0b24774c57.png
-28.172618865966797,-44.971736907958984,0.0,Doc,1,3,2,6,Document-Fake,/mnt/public/public_datasets/OpenMMSecV2/Doc/non_aigc/copy-move/imgs/1c5d58a2a1784f15b54cad12ba582f05.jpg
-3.7715277671813965,-6.8683342933654785,0.0,AIGC,1,2,2,4,AIGC-Fake,/mnt/public/public_datasets/OpenMMSecV2/AIGC/GAN/GigaGAN/552f5c99291b482c8a0faeb239d5b7c8.jpg
-32.687339782714844,29.518430709838867,0.0,deepfake,1,1,2,2,Deepfake-Fake,/mnt/public/public_datasets/OpenMMSecV2/Deepfake/Fake/EntireFaceSynthesis/MidJounery/3ef6e17f916e4c1680c90bc02e4f53bf.png
-5.814475059509277,-22.011213302612305,0.0,AIGC,0,2,1,3,AIGC-Real,/mnt/public/public_datasets/OpenMMSecV2/AIGC/laion/5f8afc30b5d3455d8c9918175cefb55e.jpg
22.55735969543457,47.48421859741211,0.0,deepfake,0,1,1,1,Deepfake-Real,/mnt/public/public_datasets/OpenMMSecV2/Deepfake/Real/DFD/30037d30b06e4a9998c666a4f7d938fc.png
-20.68080711364746,-59.814483642578125,0.0,Doc,1,3,2,6,Document-Fake,/mnt/public/public_datasets/OpenMMSecV2/Doc/non_aigc/cpmv/imgs/40ec7c0cab1244dcae4fe54d2f1e93fc.jpg
13.04521369934082,67.53240203857422,0.0,deepfake,0,1,1,1,Deepfake-Real,/mnt/public/public_datasets/OpenMMSecV2/Deepfake/Real/UADFV/fc605302415e413b90fcdd71cec83d29.png
-23.065690994262695,16.092838287353516,0.0,AIGC,1,2,2,4,AIGC-Fake,/mnt/public/public_datasets/OpenMMSecV2/AIGC/other/online/imgs/a1b4ca8250944ddeaf43a657a641ccd6.jpg
-33.8401985168457,-10.757447242736816,0.0,IMDL,1,4,2,8,IMDL-Fake,/mnt/public/public_datasets/OpenMMSecV2/IMDL/generative/stable_diffusion/imgs/92c0ae1ff8be4e8eb8a3fa8ece76e374.jpg
-10.857117652893066,-49.11814880371094,0.0,Doc,0,3,1,5,Document-Real,/mnt/public/public_datasets/OpenMMSecV2/Doc/Real/d715f54b0b324b9bbd6b20ae352028c0.jpg
-20.72216796875,-8.721687316894531,0.0,IMDL,1,4,2,8,IMDL-Fake,/mnt/public/public_datasets/OpenMMSecV2/IMDL/generative/paintbyexample/imgs/b7046d158ee74736b6b84b05987355d8.jpg
11.807738304138184,-61.40703201293945,0.0,Doc,0,3,1,5,Document-Real,/mnt/public/public_datasets/OpenMMSecV2/Doc/Real/f14c6178765e497990527b1cb52cc416.jpg
33.71272277832031,-28.47423553466797,0.0,Doc,0,3,1,5,Document-Real,/mnt/public/public_datasets/OpenMMSecV2/Doc/Real/1b1b5bbbe44e4d258a5fbbb29ca35c13.jpg
1.3987020254135132,57.53543472290039,0.0,deepfake,0,1,1,1,Deepfake-Real,/mnt/public/public_datasets/OpenMMSecV2/Deepfake/Real/CelebDF-v2/229463d4ffe4406fab457bd9601636ab.png
-9.34738540649414,20.716493606567383,0.0,AIGC,1,2,2,4,AIGC-Fake,/mnt/public/public_datasets/OpenMMSecV2/AIGC/other/online/imgs/19e6fca960b349dbb7e786348cfd8c41.jpg
-5.563279151916504,64.21157836914062,0.0,deepfake,1,1,2,2,Deepfake-Fake,/mnt/public/public_datasets/OpenMMSecV2/Deepfake/Fake/FaceSwap/Unknow_FS/2548abb3cd344a2b8c57fbbd1202168e.png
-17.723735809326172,30.71164894104004,0.0,deepfake,0,1,1,1,Deepfake-Real,/mnt/public/public_datasets/OpenMMSecV2/Deepfake/Real/FFHQ/b4e5bc41170c4d14bff78c559338e901.jpeg
-11.09939956665039,49.88990020751953,0.0,AIGC,1,2,2,4,AIGC-Fake,/mnt/public/public_datasets/OpenMMSecV2/AIGC/latent_diffusion/systematic/e2314a4f7d7d4c7e8886d775046db979.jpg
-47.66292953491211,-40.53114318847656,0.0,Doc,1,3,2,6,Document-Fake,/mnt/public/public_datasets/OpenMMSecV2/Doc/non_aigc/generation/imgs/690eb0754bde42729c9ce09dac5a760f.jpg
50.12396240234375,-14.47232723236084,0.0,Doc,0,3,1,5,Document-Real,/mnt/public/public_datasets/OpenMMSecV2/Doc/Real/157566f105a74a22ac567402001b7120.jpg
9.465620040893555,-2.5808701515197754,0.0,IMDL,1,4,2,8,IMDL-Fake,/mnt/public/public_datasets/OpenMMSecV2/IMDL/non_generative/manual_ps/imgs/52d88e56c60e488f99158bbdddf530b6.jpg
-16.914287567138672,66.38419342041016,0.0,deepfake,1,1,2,2,Deepfake-Fake,/mnt/public/public_datasets/OpenMMSecV2/Deepfake/Fake/FaceReenactment/TPSMM/bc78ffe445d948ba8fc890e6256ef48a.png
1.0580390691757202,66.52534484863281,0.0,deepfake,1,1,2,2,Deepfake-Fake,/mnt/public/public_datasets/OpenMMSecV2/Deepfake/Fake/FaceSwap/FaceDancer/84f4951bf203462bb47fd6d062fc3a0f.png
20.778179168701172,47.282920837402344,0.0,deepfake,0,1,1,1,Deepfake-Real,/mnt/public/public_datasets/OpenMMSecV2/Deepfake/Real/CelebDF-v2/c1a069b92a984944bfbb2e2896792f96.png
-23.471363067626953,26.548917770385742,0.0,AIGC,1,2,2,4,AIGC-Fake,/mnt/public/public_datasets/OpenMMSecV2/AIGC/GAN/ProjectedGAN/5f7ccc5cd5c04ce5b47b3de6e1ae63ed.jpg
-33.89304733276367,-44.915889739990234,0.0,Doc,1,3,2,6,Document-Fake,/mnt/public/public_datasets/OpenMMSecV2/Doc/non_aigc/generation/imgs/758c56dc84bd48acbc90b238baf0161d.jpg
5.03466796875,11.533795356750488,0.0,IMDL,0,4,1,7,IMDL-Real,/mnt/public/public_datasets/OpenMMSecV2/IMDL/generative/flux_1/imgs/de7a62588c86447eac690fd5af925e30.png
14.033916473388672,54.707584381103516,0.0,deepfake,1,1,2,2,Deepfake-Fake,/mnt/public/public_datasets/OpenMMSecV2/Deepfake/Fake/FaceReenactment/Wav2Lip/12ee098d5eca46a8bfb922e238868523.png
-26.864599227905273,8.02844524383545,0.0,IMDL,1,4,2,8,IMDL-Fake,/mnt/public/public_datasets/OpenMMSecV2/IMDL/generative/stable_diffusion/imgs/f63eacef48f64313b50ec08caf712481.png
-31.840471267700195,-43.660064697265625,0.0,Doc,1,3,2,6,Document-Fake,/mnt/public/public_datasets/OpenMMSecV2/Doc/non_aigc/generation/imgs/c559b8dc57d6403cb7f0ae035e6bff06.jpg
-32.67555236816406,-5.821837425231934,0.0,AIGC,1,2,2,4,AIGC-Fake,/mnt/public/public_datasets/OpenMMSecV2/AIGC/other/online/imgs/e23057cc57ef489e90c439f8ba23667b.jpg
-28.080036163330078,-54.73335647583008,0.0,Doc,1,3,2,6,Document-Fake,/mnt/public/public_datasets/OpenMMSecV2/Doc/non_aigc/inpaint/imgs/733053e3056742e2a79ed1d9e9ca2be9.jpg
29.824960708618164,-29.253843307495117,0.0,AIGC,0,2,1,3,AIGC-Real,/mnt/public/public_datasets/OpenMMSecV2/AIGC/laion/824c4eba7c94439a894d23bd001e3e79.jpg
17.982372283935547,2.632706880569458,0.0,IMDL,0,4,1,7,IMDL-Real,/mnt/public/public_datasets/OpenMMSecV2/IMDL/generative/coco/imgs/1dd61613443b4ffea774156530907269.jpg
-27.079788208007812,-3.800945281982422,0.0,IMDL,1,4,2,8,IMDL-Fake,/mnt/public/public_datasets/OpenMMSecV2/IMDL/generative/flux_1/imgs/4639b2c1f6074b76b2cbe3898eafad29.png
11.596988677978516,-64.09613037109375,0.0,AIGC,0,2,1,3,AIGC-Real,/mnt/public/public_datasets/OpenMMSecV2/AIGC/laion/27bda086c8884068bed3cc17cb51c01f.jpg
16.698991775512695,7.925234317779541,0.0,IMDL,0,4,1,7,IMDL-Real,/mnt/public/public_datasets/OpenMMSecV2/IMDL/generative/coco/imgs/8e18caa6e3214c7cb7536512647a7ae5.jpg
10.62908935546875,-22.930728912353516,0.0,AIGC,0,2,1,3,AIGC-Real,/mnt/public/public_datasets/OpenMMSecV2/AIGC/laion/69ba5a8141d74be3b29e375f0d1de4bc.jpg
26.602336883544922,20.65965461730957,0.0,IMDL,0,4,1,7,IMDL-Real,/mnt/public/public_datasets/OpenMMSecV2/IMDL/generative/coco/imgs/805b97c1821745cdb48f426a2f61bd6c.jpg
-30.14415740966797,-54.92520523071289,0.0,Doc,1,3,2,6,Document-Fake,/mnt/public/public_datasets/OpenMMSecV2/Doc/non_aigc/cpmv/imgs/354ce67ce8ea48e8b655f731f27bce14.jpg
13.519235610961914,-62.9031867980957,0.0,Doc,0,3,1,5,Document-Real,/mnt/public/public_datasets/OpenMMSecV2/Doc/Real/995047755b2a44f6b32fd65b8094b72c.jpg
7.3618621826171875,63.69768524169922,0.0,IMDL,1,4,2,8,IMDL-Fake,/mnt/public/public_datasets/OpenMMSecV2/IMDL/non_generative/manual_ps/imgs/67b8599fe5f44773957687a41264c40d.jpg
16.542051315307617,48.746055603027344,0.0,deepfake,0,1,1,1,Deepfake-Real,/mnt/public/public_datasets/OpenMMSecV2/Deepfake/Real/FF++/33fafcfa6c4449acbca1982e41085090.png
27.846473693847656,-9.142729759216309,0.0,Doc,0,3,1,5,Document-Real,/mnt/public/public_datasets/OpenMMSecV2/Doc/Real/03e6ca0a8120400583139d1cea5364c3.jpg
-31.43531036376953,33.77881622314453,0.0,AIGC,1,2,2,4,AIGC-Fake,/mnt/public/public_datasets/OpenMMSecV2/AIGC/GAN/ProGAN/37602aabcf6d470d80baef98816b00df.jpg
-21.214923858642578,30.525394439697266,0.0,AIGC,1,2,2,4,AIGC-Fake,/mnt/public/public_datasets/OpenMMSecV2/AIGC/autoregressive_model/tamingtransformers/b080a00cc4274e9a913d97a006750c2c.jpg
-44.72479248046875,-37.99199676513672,0.0,Doc,1,3,2,6,Document-Fake,/mnt/public/public_datasets/OpenMMSecV2/Doc/non_aigc/generation/imgs/570fb29b517443de8f1fd66566833001.jpg
-28.74314308166504,-7.3276047706604,0.0,IMDL,1,4,2,8,IMDL-Fake,/mnt/public/public_datasets/OpenMMSecV2/IMDL/non_generative/manual_ps/imgs/05cb7e10fbef43e192129560d842f9d2.tif
4.865581035614014,-63.34638214111328,0.0,Doc,0,3,1,5,Document-Real,/mnt/public/public_datasets/OpenMMSecV2/Doc/Real/ee0dac5c80d24c0dae427c38df73fe7e.jpg
-31.49324607849121,-54.52312469482422,0.0,Doc,0,3,1,5,Document-Real,/mnt/public/public_datasets/OpenMMSecV2/Doc/Real/8c6ae7447c244570ba27284af27d68fe.jpg
-34.3601188659668,33.39207077026367,0.0,deepfake,1,1,2,2,Deepfake-Fake,/mnt/public/public_datasets/OpenMMSecV2/Deepfake/Fake/EntireFaceSynthesis/StyleGAN3/8938485290574d7bbf43c35df8803432.png
-48.44181442260742,-39.79570388793945,0.0,Doc,1,3,2,6,Document-Fake,/mnt/public/public_datasets/OpenMMSecV2/Doc/non_aigc/copy-move/imgs/b932a29c36b541808367f792816cf1e9.jpg
40.96870040893555,-13.645974159240723,0.0,Doc,1,3,2,6,Document-Fake,/mnt/public/public_datasets/OpenMMSecV2/Doc/aigc/textdiff/imgs/8eb7722846dc49398842834980ea04c0.jpg
-3.2334885597229004,-12.890554428100586,0.0,IMDL,0,4,1,7,IMDL-Real,/mnt/public/public_datasets/OpenMMSecV2/IMDL/non_generative/manual_ps/imgs/10281c7c4bcd42ba84ae4b6b43c83d5f.jpg
15.809974670410156,-24.577392578125,0.0,AIGC,0,2,1,3,AIGC-Real,/mnt/public/public_datasets/OpenMMSecV2/AIGC/laion/24c8a1fba1014e2d9547751f43a436a9.jpg
25.737422943115234,0.5458194017410278,0.0,IMDL,0,4,1,7,IMDL-Real,/mnt/public/public_datasets/OpenMMSecV2/IMDL/generative/flux_1/imgs/8e3858b4fda64229b2f776e9a5c4e8f4.png
-33.306602478027344,35.052024841308594,0.0,AIGC,1,2,2,4,AIGC-Fake,/mnt/public/public_datasets/OpenMMSecV2/AIGC/GAN/ProGAN/5c262392296f460e94f245a7ffddc88b.jpg
17.456912994384766,16.588342666625977,0.0,IMDL,0,4,1,7,IMDL-Real,/mnt/public/public_datasets/OpenMMSecV2/IMDL/generative/coco/imgs/d7b0692a734a459781628103773ad1b5.jpg
-18.280502319335938,-46.549522399902344,0.0,Doc,1,3,2,6,Document-Fake,/mnt/public/public_datasets/OpenMMSecV2/Doc/non_aigc/generation/imgs/ce6fb2bf019d45b1b125e828bce292be.jpg
13.336165428161621,-33.73067855834961,0.0,AIGC,0,2,1,3,AIGC-Real,/mnt/public/public_datasets/OpenMMSecV2/AIGC/laion/4493c3f25d644a36b0f305345db21aae.jpg
-13.397418975830078,3.2855064868927,0.0,AIGC,1,2,2,4,AIGC-Fake,/mnt/public/public_datasets/OpenMMSecV2/AIGC/commercial/wukong/imgs/8375fe25bb3b4d84907a2a38b07af85d.png
-23.24775505065918,13.36814022064209,0.0,IMDL,1,4,2,8,IMDL-Fake,/mnt/public/public_datasets/OpenMMSecV2/IMDL/generative/stable_diffusion/imgs/540bca7af43f4c05bfd43ade6b13f12e.png
22.18027687072754,-9.302949905395508,0.0,AIGC,0,2,1,3,AIGC-Real,/mnt/public/public_datasets/OpenMMSecV2/AIGC/other/online/imgs/2ed31fd85d8f45b98213c9b87d3de354.jpg
10.314534187316895,-7.825737953186035,0.0,IMDL,1,4,2,8,IMDL-Fake,/mnt/public/public_datasets/OpenMMSecV2/IMDL/non_generative/manual_ps/imgs/2e3249e650d7458e9de72797b0aae0d9.jpg
25.087932586669922,8.169235229492188,0.0,AIGC,0,2,1,3,AIGC-Real,/mnt/public/public_datasets/OpenMMSecV2/AIGC/laion/c6ad49dfcb0d4f83b737552b14e4af5f.jpg
17.871295928955078,61.385948181152344,0.0,deepfake,0,1,1,1,Deepfake-Real,/mnt/public/public_datasets/OpenMMSecV2/Deepfake/Real/FF++/23b3f0792195460cb4fd5e48798c7a48.png
-0.3870191276073456,47.893978118896484,0.0,deepfake,1,1,2,2,Deepfake-Fake,/mnt/public/public_datasets/OpenMMSecV2/Deepfake/Fake/FaceEditing/StarGANv2/56d8d2fe75f342578ec0ac512ca0329f.jpg
-22.872215270996094,5.854001998901367,0.0,AIGC,1,2,2,4,AIGC-Fake,/mnt/public/public_datasets/OpenMMSecV2/AIGC/commercial/wukong/imgs/eae8370c65854bbcae256f065979359f.png
-0.4814797639846802,55.218223571777344,0.0,deepfake,0,1,1,1,Deepfake-Real,/mnt/public/public_datasets/OpenMMSecV2/Deepfake/Real/CelebDF-v2/52c5a52ed6244c62a9e938eb71bfba51.png
-12.015890121459961,71.40863800048828,0.0,deepfake,1,1,2,2,Deepfake-Fake,/mnt/public/public_datasets/OpenMMSecV2/Deepfake/Fake/EntireFaceSynthesis/RDDM/0591fbe618d141f08feac93bcfd1a6e6.png
12.264358520507812,-35.67721939086914,0.0,AIGC,0,2,1,3,AIGC-Real,/mnt/public/public_datasets/OpenMMSecV2/AIGC/laion/4dc3e28e611540f28b50ac74906925fa.jpg
-24.324260711669922,12.138101577758789,0.0,AIGC,1,2,2,4,AIGC-Fake,/mnt/public/public_datasets/OpenMMSecV2/AIGC/commercial/dalle/1094b863e8894b0289c72dae548d5419.jpg
4.275143146514893,45.594486236572266,0.0,deepfake,1,1,2,2,Deepfake-Fake,/mnt/public/public_datasets/OpenMMSecV2/Deepfake/Fake/FaceEditing/StarGANv2/0fad6fc8e4654f5b9e2d551421dd4294.jpg
15.666227340698242,51.99082565307617,0.0,deepfake,0,1,1,1,Deepfake-Real,/mnt/public/public_datasets/OpenMMSecV2/Deepfake/Real/CelebDF-v2/8f468178d26c494d900617b215dab9e4.png
23.539751052856445,48.418270111083984,0.0,deepfake,0,1,1,1,Deepfake-Real,/mnt/public/public_datasets/OpenMMSecV2/Deepfake/Real/CelebDF-v2/7ec9c300f6e24766a5e66554e4543b04.png
17.07388687133789,49.516239166259766,0.0,deepfake,0,1,1,1,Deepfake-Real,/mnt/public/public_datasets/OpenMMSecV2/Deepfake/Real/DFD/e8bbd06162cf4404a146b0a94e7fed87.png
-14.47031307220459,2.3171887397766113,0.0,AIGC,1,2,2,4,AIGC-Fake,/mnt/public/public_datasets/OpenMMSecV2/AIGC/commercial/wukong/imgs/6a79d8ceed9d49a281ee97890f95ff25.png
7.949195384979248,56.459228515625,0.0,deepfake,1,1,2,2,Deepfake-Fake,/mnt/public/public_datasets/OpenMMSecV2/Deepfake/Fake/FaceSwap/FaceDancer/39bd39bc386647fa8b1b9d5a304c2eeb.png
26.819547653198242,-1.154742956161499,0.0,IMDL,1,4,2,8,IMDL-Fake,/mnt/public/public_datasets/OpenMMSecV2/IMDL/non_generative/manual_ps/imgs/e108a85f510b4992aaa05368136280b4.jpg
-45.29572677612305,-37.65489196777344,0.0,Doc,1,3,2,6,Document-Fake,/mnt/public/public_datasets/OpenMMSecV2/Doc/non_aigc/copy-move/imgs/6a54b5d7cbe44467b50189dc828bdc4d.jpg
-22.754358291625977,31.948162078857422,0.0,AIGC,1,2,2,4,AIGC-Fake,/mnt/public/public_datasets/OpenMMSecV2/AIGC/autoregressive_model/tamingtransformers/5d32378f83054f8ab4aa9d068096e7b6.jpg
-0.49878552556037903,-3.4837684631347656,0.0,AIGC,1,2,2,4,AIGC-Fake,/mnt/public/public_datasets/OpenMMSecV2/AIGC/other/online/imgs/22a4a6994fa547c1a6d470f0ff91705d.jpg
16.361928939819336,59.3293571472168,0.0,deepfake,0,1,1,1,Deepfake-Real,/mnt/public/public_datasets/OpenMMSecV2/Deepfake/Real/UADFV/b55d76e279d2452a9a84b09210946c8d.png
22.95569610595703,-1.9385734796524048,0.0,IMDL,0,4,1,7,IMDL-Real,/mnt/public/public_datasets/OpenMMSecV2/IMDL/generative/stable_diffusion/imgs/7dcf5e0e7368442fa8f5f1e02b58edfe.png
-2.978320837020874,-16.48395538330078,0.0,AIGC,0,2,1,3,AIGC-Real,/mnt/public/public_datasets/OpenMMSecV2/AIGC/other/online/imgs/c6973cf898b04328b9d99d426ac2e96f.jpg
12.722620010375977,-30.55821990966797,0.0,AIGC,0,2,1,3,AIGC-Real,/mnt/public/public_datasets/OpenMMSecV2/AIGC/laion/301beb272ba3498687cf74cdad1d555f.jpg
17.19220733642578,17.76701545715332,0.0,Doc,0,3,1,5,Document-Real,/mnt/public/public_datasets/OpenMMSecV2/Doc/Real/1edce4dfdd5141298f5069164c80783c.jpg
-21.30348014831543,66.37779235839844,0.0,deepfake,1,1,2,2,Deepfake-Fake,/mnt/public/public_datasets/OpenMMSecV2/Deepfake/Fake/FaceReenactment/MCNet/0f985f354150447580ec45cd820f592d.png
13.914968490600586,-2.059854507446289,0.0,IMDL,0,4,1,7,IMDL-Real,/mnt/public/public_datasets/OpenMMSecV2/IMDL/generative/coco/imgs/888b812b6fd8405b80ca3ba5e883cba4.jpg
14.950390815734863,63.44104766845703,0.0,deepfake,0,1,1,1,Deepfake-Real,/mnt/public/public_datasets/OpenMMSecV2/Deepfake/Real/FF++/b7c60218f3fd4b71b8e76952af7b6748.png
2.594771385192871,59.82419967651367,0.0,deepfake,0,1,1,1,Deepfake-Real,/mnt/public/public_datasets/OpenMMSecV2/Deepfake/Real/CelebDF-v2/9ef98f8c0a0447c8aeb1f7ec4cb867c5.png
1.9310189485549927,-20.73490333557129,0.0,IMDL,1,4,2,8,IMDL-Fake,/mnt/public/public_datasets/OpenMMSecV2/IMDL/generative/stable_diffusion/imgs/ee309882cc3c47e1928b81fb77d90619.png
8.449563026428223,-60.311500549316406,0.0,Doc,0,3,1,5,Document-Real,/mnt/public/public_datasets/OpenMMSecV2/Doc/Real/50d2a89628c94b54ab6c0fdffd277128.jpg
-15.70958137512207,-32.521942138671875,0.0,Doc,1,3,2,6,Document-Fake,/mnt/public/public_datasets/OpenMMSecV2/Doc/non_aigc/cpmv/imgs/06aa919ad5e94a3cbc68b9516b63d96c.jpg
40.56705856323242,-15.419557571411133,0.0,Doc,1,3,2,6,Document-Fake,/mnt/public/public_datasets/OpenMMSecV2/Doc/aigc/udifftext/imgs/6fa15b6dbe1244ccb636a73b644c14ad.jpg
-7.569184303283691,51.45288848876953,0.0,deepfake,1,1,2,2,Deepfake-Fake,/mnt/public/public_datasets/OpenMMSecV2/Deepfake/Fake/FaceEditing/StarGAN/5b88bc2cf9ca44dc8d27a49702da22b7.jpg
-6.316689968109131,-6.558200836181641,0.0,IMDL,1,4,2,8,IMDL-Fake,/mnt/public/public_datasets/OpenMMSecV2/IMDL/generative/stable_diffusion/imgs/6d4b9be21a684df09cbad1ff63728337.png
14.425718307495117,-10.302022933959961,0.0,AIGC,0,2,1,3,AIGC-Real,/mnt/public/public_datasets/OpenMMSecV2/AIGC/laion/e2fd8191f5374d58af79eba464e4bf8d.jpg
9.003471374511719,10.544387817382812,0.0,IMDL,0,4,1,7,IMDL-Real,/mnt/public/public_datasets/OpenMMSecV2/IMDL/generative/coco/imgs/16212df8a73d4872a174819a49f41138.jpg
-15.77975845336914,63.61302185058594,0.0,deepfake,1,1,2,2,Deepfake-Fake,/mnt/public/public_datasets/OpenMMSecV2/Deepfake/Fake/EntireFaceSynthesis/SiT-XL/975f2ff6e5f44321b3e49bd667ef5e64.png
7.31364631652832,15.00024700164795,0.0,IMDL,1,4,2,8,IMDL-Fake,/mnt/public/public_datasets/OpenMMSecV2/IMDL/generative/gan_mat/imgs/d6996745bd9b44e88be67597fbe6e5c7.png
38.26420593261719,-20.085851669311523,0.0,Doc,0,3,1,5,Document-Real,/mnt/public/public_datasets/OpenMMSecV2/Doc/Real/13115c245c0141e7be37a52e1f1648ac.jpg
7.643132209777832,-23.905559539794922,0.0,AIGC,0,2,1,3,AIGC-Real,/mnt/public/public_datasets/OpenMMSecV2/AIGC/laion/b5c7f5ce14974974ab1b48f792097ec6.jpg
0.5859405994415283,49.2501106262207,0.0,deepfake,0,1,1,1,Deepfake-Real,/mnt/public/public_datasets/OpenMMSecV2/Deepfake/Real/FFHQ/15166fdc79ed4d8696505c89e9a74551.jpg
-13.550622940063477,-55.87901306152344,0.0,Doc,0,3,1,5,Document-Real,/mnt/public/public_datasets/OpenMMSecV2/Doc/Real/30622ba6c51945d6aafb815d6759a826.jpg
-20.61439323425293,32.962127685546875,0.0,AIGC,1,2,2,4,AIGC-Fake,/mnt/public/public_datasets/OpenMMSecV2/AIGC/autoregressive_model/tamingtransformers/23bdafd7055a4e1da244bf4acb0c3d22.jpg
15.687801361083984,-22.943317413330078,0.0,AIGC,0,2,1,3,AIGC-Real,/mnt/public/public_datasets/OpenMMSecV2/AIGC/laion/e1385a22bacb4fc0963d2dd142abc586.jpg
-18.41558265686035,63.03807067871094,0.0,deepfake,1,1,2,2,Deepfake-Fake,/mnt/public/public_datasets/OpenMMSecV2/Deepfake/Fake/FaceSwap/InSwapper/0a8b59c090864e5180726774877eb1b1.png
-30.196929931640625,-6.383060455322266,0.0,IMDL,1,4,2,8,IMDL-Fake,/mnt/public/public_datasets/OpenMMSecV2/IMDL/generative/gan_mat/imgs/3813bbda50a5431da016a2f8508aecca.tiff
-21.03407096862793,62.74515914916992,0.0,deepfake,1,1,2,2,Deepfake-Fake,/mnt/public/public_datasets/OpenMMSecV2/Deepfake/Fake/FaceReenactment/MRAA/c4c137c6bb8d4b99b26feb97583c251a.png
-47.24323654174805,-42.22980880737305,0.0,Doc,1,3,2,6,Document-Fake,/mnt/public/public_datasets/OpenMMSecV2/Doc/non_aigc/copy-move/imgs/8fa0a00f73b4413585c9386281928dca.jpg
39.41781234741211,-25.212806701660156,0.0,Doc,0,3,1,5,Document-Real,/mnt/public/public_datasets/OpenMMSecV2/Doc/Real/4f9b2c484fe44f0b8e66759e6d6a4f48.jpg
16.4860782623291,7.395503997802734,0.0,IMDL,0,4,1,7,IMDL-Real,/mnt/public/public_datasets/OpenMMSecV2/IMDL/generative/stable_diffusion/imgs/3b66d8be05c747e1a3ad61b44988d430.png
2.510336399078369,-4.152217864990234,0.0,IMDL,1,4,2,8,IMDL-Fake,/mnt/public/public_datasets/OpenMMSecV2/IMDL/generative/stable_diffusion/imgs/f910832c48e24a1b9be661ebb5f7191b.png
21.77295684814453,-2.285698413848877,0.0,IMDL,0,4,1,7,IMDL-Real,/mnt/public/public_datasets/OpenMMSecV2/IMDL/generative/coco/imgs/3c0b1429fba8462b9e2af719b5a84d55.jpg
-28.59603500366211,-44.79098892211914,0.0,Doc,1,3,2,6,Document-Fake,/mnt/public/public_datasets/OpenMMSecV2/Doc/non_aigc/copy-move/imgs/01e32c8eeaeb44ce846d9ceedc441f9f.jpg
13.612091064453125,68.42195129394531,0.0,deepfake,1,1,2,2,Deepfake-Fake,/mnt/public/public_datasets/OpenMMSecV2/Deepfake/Fake/EntireFaceSynthesis/StyleGAN-XL/84e5126e5a9940b7ab0b42fbb6b7fcab.png
52.59242248535156,-13.946784019470215,0.0,Doc,1,3,2,6,Document-Fake,/mnt/public/public_datasets/OpenMMSecV2/Doc/aigc/udifftext/imgs/7eb58c36cfec40a5872ad80a25b4e491.jpg
22.036640167236328,-9.729084014892578,0.0,IMDL,0,4,1,7,IMDL-Real,/mnt/public/public_datasets/OpenMMSecV2/IMDL/generative/stable_diffusion/imgs/71dd7738b50c4267ad9a5e33a0ae2b4e.png
-13.847172737121582,-60.532073974609375,0.0,Doc,1,3,2,6,Document-Fake,/mnt/public/public_datasets/OpenMMSecV2/Doc/non_aigc/cover/imgs/3821a40933684f898d52e409faf0460f.jpg
21.892915725708008,-34.124488830566406,0.0,AIGC,0,2,1,3,AIGC-Real,/mnt/public/public_datasets/OpenMMSecV2/AIGC/laion/e039f3515b5043279b36cce9abee3144.jpg
35.08626174926758,-30.044252395629883,0.0,AIGC,0,2,1,3,AIGC-Real,/mnt/public/public_datasets/OpenMMSecV2/AIGC/laion/93f87c77c0a148b18f24f2387f200049.jpg
-12.529842376708984,-55.02294921875,0.0,Doc,0,3,1,5,Document-Real,/mnt/public/public_datasets/OpenMMSecV2/Doc/Real/974e5985d24844d3bf8ecf7f652b6cd1.jpg
-13.146344184875488,-52.76466751098633,0.0,Doc,1,3,2,6,Document-Fake,/mnt/public/public_datasets/OpenMMSecV2/Doc/non_aigc/inpaint/imgs/28a6f45e0d7f45ff8af2d5d64085a295.jpg
23.731210708618164,15.221235275268555,0.0,IMDL,0,4,1,7,IMDL-Real,/mnt/public/public_datasets/OpenMMSecV2/IMDL/generative/flux_1/imgs/d35ca5c23cd54618ab24f1922a5b00b1.png
-3.0128097534179688,52.260528564453125,0.0,deepfake,1,1,2,2,Deepfake-Fake,/mnt/public/public_datasets/OpenMMSecV2/Deepfake/Fake/FaceEditing/StarGANv2/a08edb3e07914fc78e05549dd89eacf4.jpg
21.60854148864746,12.812704086303711,0.0,IMDL,0,4,1,7,IMDL-Real,/mnt/public/public_datasets/OpenMMSecV2/IMDL/generative/stable_diffusion/imgs/bc7369e657f84c65a6cba213043f3c91.png
-27.054035186767578,5.024165630340576,0.0,IMDL,1,4,2,8,IMDL-Fake,/mnt/public/public_datasets/OpenMMSecV2/IMDL/generative/stable_diffusion/imgs/ab12ac4387f1422ba68611b5449b602b.png
-12.80417251586914,26.683835983276367,0.0,AIGC,1,2,2,4,AIGC-Fake,/mnt/public/public_datasets/OpenMMSecV2/AIGC/other/online/imgs/5e2219ec33b347e4aeab598df5c2bee0.jpg
-47.073036193847656,-38.385894775390625,0.0,Doc,1,3,2,6,Document-Fake,/mnt/public/public_datasets/OpenMMSecV2/Doc/non_aigc/generation/imgs/447bc8759cf949d481af09618012f9b3.jpg
5.485076904296875,16.86216926574707,0.0,IMDL,1,4,2,8,IMDL-Fake,/mnt/public/public_datasets/OpenMMSecV2/IMDL/non_generative/manual_ps/imgs/37bce708d6374f2e86d31a72fdd49acd.jpg
51.36982727050781,-12.52684211730957,0.0,Doc,1,3,2,6,Document-Fake,/mnt/public/public_datasets/OpenMMSecV2/Doc/aigc/stefann/imgs/eb64caee8a8b46959484bf444c9e5c24.jpg
-11.584542274475098,8.533634185791016,0.0,AIGC,1,2,2,4,AIGC-Fake,/mnt/public/public_datasets/OpenMMSecV2/AIGC/commercial/ideogram/87c5731dceb14458be6fc8b9d8e17567.jpg
-10.125340461730957,-48.330936431884766,0.0,Doc,0,3,1,5,Document-Real,/mnt/public/public_datasets/OpenMMSecV2/Doc/Real/09365978c1174b36b6f74fa828349ce4.jpg
-14.202938079833984,63.71834945678711,0.0,deepfake,1,1,2,2,Deepfake-Fake,/mnt/public/public_datasets/OpenMMSecV2/Deepfake/Fake/FaceReenactment/MRAA/f8dc482f44e640ea89670d17c0e91d99.png
-20.89659309387207,15.39384651184082,0.0,AIGC,1,2,2,4,AIGC-Fake,/mnt/public/public_datasets/OpenMMSecV2/AIGC/commercial/firefly/d39ca2ec904b429c8bfe65ed679adcdc.jpg
-18.92839241027832,60.16637420654297,0.0,deepfake,1,1,2,2,Deepfake-Fake,/mnt/public/public_datasets/OpenMMSecV2/Deepfake/Fake/FaceEditing/StarGAN/fb00cf66449b409ca45769a488c5adba.jpg
-48.53936004638672,-39.26762390136719,0.0,Doc,1,3,2,6,Document-Fake,/mnt/public/public_datasets/OpenMMSecV2/Doc/non_aigc/generation/imgs/5f76a96dd9b44d06b78035b856e0f04b.jpg
35.02821731567383,-18.97469711303711,0.0,Doc,0,3,1,5,Document-Real,/mnt/public/public_datasets/OpenMMSecV2/Doc/aigc/derend/imgs/e2f1bb370040491f8708422f5762efd3.jpg
-4.095316410064697,50.28765106201172,0.0,deepfake,1,1,2,2,Deepfake-Fake,/mnt/public/public_datasets/OpenMMSecV2/Deepfake/Fake/FaceEditing/StarGANv2/f269bedc3ced402fb6cd26144205d925.jpg
25.480409622192383,15.93232250213623,0.0,IMDL,1,4,2,8,IMDL-Fake,/mnt/public/public_datasets/OpenMMSecV2/IMDL/non_generative/manual_ps/imgs/7c7404954b73480b90591e109bf649f9.jpg
-9.790145874023438,56.427467346191406,0.0,deepfake,1,1,2,2,Deepfake-Fake,/mnt/public/public_datasets/OpenMMSecV2/Deepfake/Fake/FaceSwap/UniFace/1a121f347cde48fda4288f54c4bb71b2.png
-6.2394328117370605,-6.910205364227295,0.0,IMDL,0,4,1,7,IMDL-Real,/mnt/public/public_datasets/OpenMMSecV2/IMDL/generative/stable_diffusion/imgs/2efdd360a44b40f59957bed8b7dacdcb.png
18.181793212890625,20.419504165649414,0.0,IMDL,1,4,2,8,IMDL-Fake,/mnt/public/public_datasets/OpenMMSecV2/IMDL/generative/flux_1/imgs/70527f2e80524be589942d1342e90723.png
-2.5318477153778076,61.312007904052734,0.0,deepfake,0,1,1,1,Deepfake-Real,/mnt/public/public_datasets/OpenMMSecV2/Deepfake/Real/FF++/f865bd2734eb42cca38704f07ac9cdbb.png
-9.904285430908203,-44.36383056640625,0.0,Doc,0,3,1,5,Document-Real,/mnt/public/public_datasets/OpenMMSecV2/Doc/Real/1fffb71df6cb4d5eaffd87c91d1e91fd.jpg
18.841983795166016,-16.753124237060547,0.0,IMDL,0,4,1,7,IMDL-Real,/mnt/public/public_datasets/OpenMMSecV2/IMDL/generative/coco/imgs/b05a2bdcc9ea4afdb3e048b9be2470bc.jpg
44.15514373779297,-17.026330947875977,0.0,Doc,1,3,2,6,Document-Fake,/mnt/public/public_datasets/OpenMMSecV2/Doc/aigc/textdiff/imgs/f0ef173d18b84cc2b786352605db1951.jpg
8.267909049987793,-1.863478183746338,0.0,IMDL,0,4,1,7,IMDL-Real,/mnt/public/public_datasets/OpenMMSecV2/IMDL/generative/flux_1/imgs/64a7e067d8a740d4967d640cbccc4b62.png
-32.78335952758789,-43.241146087646484,0.0,Doc,1,3,2,6,Document-Fake,/mnt/public/public_datasets/OpenMMSecV2/Doc/non_aigc/generation/imgs/dd80397cc63d43219da4b2ee748fe910.jpg
15.952194213867188,40.994659423828125,0.0,deepfake,0,1,1,1,Deepfake-Real,/mnt/public/public_datasets/OpenMMSecV2/Deepfake/Real/FF++/5e6cf1a8bfdb460a9b461666f1162087.png
6.333869934082031,9.825895309448242,0.0,IMDL,1,4,2,8,IMDL-Fake,/mnt/public/public_datasets/OpenMMSecV2/IMDL/generative/gan_mat/imgs/ebb7f7fa4b714824a818ce99b3e59d1a.tiff
-21.682382583618164,-7.517337322235107,0.0,IMDL,1,4,2,8,IMDL-Fake,/mnt/public/public_datasets/OpenMMSecV2/IMDL/generative/stable_diffusion/imgs/540c75c5e10649bab7cc6b1675bb97e1.png
16.162321090698242,-5.871307849884033,0.0,AIGC,0,2,1,3,AIGC-Real,/mnt/public/public_datasets/OpenMMSecV2/AIGC/commercial/wukong/imgs/07a1a3aef2604526a16acaaa66ab19ee.JPEG
19.489473342895508,51.37295150756836,0.0,deepfake,0,1,1,1,Deepfake-Real,/mnt/public/public_datasets/OpenMMSecV2/Deepfake/Real/FF++/a9d32059670043a3a79baae7e6a1161b.png
-1.9844948053359985,-10.63812255859375,0.0,AIGC,0,2,1,3,AIGC-Real,/mnt/public/public_datasets/OpenMMSecV2/AIGC/laion/9098ad61d4b24645b7c501b3337edf40.jpg
-29.028940200805664,-9.810186386108398,0.0,IMDL,1,4,2,8,IMDL-Fake,/mnt/public/public_datasets/OpenMMSecV2/IMDL/generative/paintbyexample/imgs/27d31a9fb7a646f491110472b9c24c6d.jpg
12.559957504272461,55.07130813598633,0.0,AIGC,0,2,1,3,AIGC-Real,/mnt/public/public_datasets/OpenMMSecV2/AIGC/laion/b5203515558e4b168fb3377f598d6987.jpg
13.96552562713623,59.68461227416992,0.0,deepfake,0,1,1,1,Deepfake-Real,/mnt/public/public_datasets/OpenMMSecV2/Deepfake/Real/CelebDF-v2/28e810058358417592effffaec93dacd.png
-12.469427108764648,-10.821134567260742,0.0,IMDL,1,4,2,8,IMDL-Fake,/mnt/public/public_datasets/OpenMMSecV2/IMDL/non_generative/manual_ps/imgs/9b5020b2e4524d3caef636960623fbfb.tif
37.616031646728516,-21.081626892089844,0.0,Doc,1,3,2,6,Document-Fake,/mnt/public/public_datasets/OpenMMSecV2/Doc/aigc/textdiff/imgs/487590d907e24034abf8d455582aca08.jpg
-13.89576244354248,-6.212993144989014,0.0,AIGC,0,2,1,3,AIGC-Real,/mnt/public/public_datasets/OpenMMSecV2/AIGC/laion/1411568a91204b78a9241aedd1bfcc70.jpg
-4.083710193634033,17.724918365478516,0.0,AIGC,1,2,2,4,AIGC-Fake,/mnt/public/public_datasets/OpenMMSecV2/AIGC/other/online/imgs/20f89711305249f0841c47d9b2311048.jpg
18.618568420410156,2.815075397491455,0.0,IMDL,0,4,1,7,IMDL-Real,/mnt/public/public_datasets/OpenMMSecV2/IMDL/generative/flux_1/imgs/337cf4bf497a4f87b8bedce7962a4151.png
-26.088930130004883,-6.195965766906738,0.0,IMDL,1,4,2,8,IMDL-Fake,/mnt/public/public_datasets/OpenMMSecV2/IMDL/generative/stable_diffusion/imgs/af83af0b9e0d48d293dbf93f0b60acd1.png
-34.12965393066406,-42.72439193725586,0.0,Doc,1,3,2,6,Document-Fake,/mnt/public/public_datasets/OpenMMSecV2/Doc/non_aigc/copy-move/imgs/2e9ccffe8f274a7fbbb1ad4990a691ac.jpg
-32.99728012084961,-4.8983659744262695,0.0,deepfake,0,1,1,1,Deepfake-Real,/mnt/public/public_datasets/OpenMMSecV2/Deepfake/Real/DFD/f6d848e100e34324a508ec1b1b0ba32d.png
-4.760635852813721,18.848859786987305,0.0,AIGC,1,2,2,4,AIGC-Fake,/mnt/public/public_datasets/OpenMMSecV2/AIGC/other/online/imgs/7fbd7a9a77154396ab1ef47d82ad7b79.jpg
0.36334168910980225,-9.085667610168457,0.0,IMDL,0,4,1,7,IMDL-Real,/mnt/public/public_datasets/OpenMMSecV2/IMDL/generative/coco/imgs/93336d85c4204f1f99e2480c8421bed3.jpg
16.908727645874023,-39.61614990234375,0.0,AIGC,0,2,1,3,AIGC-Real,/mnt/public/public_datasets/OpenMMSecV2/AIGC/laion/513c5f60eaa24d90a2ee6480a2b6215e.jpg
-28.373920440673828,34.929927825927734,0.0,AIGC,1,2,2,4,AIGC-Fake,/mnt/public/public_datasets/OpenMMSecV2/AIGC/autoregressive_model/tamingtransformers/32187022839140ceb1413c885b21d350.jpg
-7.806768894195557,30.061246871948242,0.0,deepfake,0,1,1,1,Deepfake-Real,/mnt/public/public_datasets/OpenMMSecV2/Deepfake/Real/VFHQ/b3fabef3134c4d8984b924a639669164.png
13.984213829040527,57.370914459228516,0.0,deepfake,0,1,1,1,Deepfake-Real,/mnt/public/public_datasets/OpenMMSecV2/Deepfake/Real/CelebDF-v2/853939bdb77d4ec49b1d51b84a2c8fe7.png
-10.507015228271484,-41.371551513671875,0.0,Doc,0,3,1,5,Document-Real,/mnt/public/public_datasets/OpenMMSecV2/Doc/Real/30114d57287a4f45b7490d42fb968dc5.jpg
18.75701904296875,12.21497631072998,0.0,IMDL,0,4,1,7,IMDL-Real,/mnt/public/public_datasets/OpenMMSecV2/IMDL/generative/stable_diffusion/imgs/97fe20fb50684c6fada65863fe0f2a85.png
23.223081588745117,11.506529808044434,0.0,IMDL,0,4,1,7,IMDL-Real,/mnt/public/public_datasets/OpenMMSecV2/IMDL/generative/stable_diffusion/imgs/77bccb5fca6f41d5aa5ec025a7e69d17.png
-27.79361343383789,-52.07265853881836,0.0,Doc,1,3,2,6,Document-Fake,/mnt/public/public_datasets/OpenMMSecV2/Doc/non_aigc/copy-move/imgs/e3b810f00e9f4fcc842e736bfe0a3178.jpg
21.29912757873535,16.479867935180664,0.0,IMDL,1,4,2,8,IMDL-Fake,/mnt/public/public_datasets/OpenMMSecV2/IMDL/non_generative/manual_ps/imgs/23c8e6aa35b14232a7543ed991faeac4.jpg
13.735574722290039,-28.863481521606445,0.0,AIGC,1,2,2,4,AIGC-Fake,/mnt/public/public_datasets/OpenMMSecV2/AIGC/other/online/imgs/bc31c422711a41a694bc5385d6f23fd2.jpg
8.798003196716309,-62.435359954833984,0.0,Doc,0,3,1,5,Document-Real,/mnt/public/public_datasets/OpenMMSecV2/Doc/Real/51348617351e48f7a1e17c9d8b53305f.jpg
3.0352530479431152,-22.112295150756836,0.0,AIGC,1,2,2,4,AIGC-Fake,/mnt/public/public_datasets/OpenMMSecV2/AIGC/other/online/imgs/274d0f1fa4f24c8a9917c1b0b9fe6a20.jpg
-26.585596084594727,-56.2381591796875,0.0,Doc,1,3,2,6,Document-Fake,/mnt/public/public_datasets/OpenMMSecV2/Doc/non_aigc/generation/imgs/4d1e225991b0403e9436b759ca44c6b5.jpg
-9.460174560546875,-13.71565055847168,0.0,IMDL,1,4,2,8,IMDL-Fake,/mnt/public/public_datasets/OpenMMSecV2/IMDL/non_generative/manual_ps/imgs/1113e75b8b5144918d5636761f3deb7c.jpg
-5.941051006317139,17.178035736083984,0.0,IMDL,1,4,2,8,IMDL-Fake,/mnt/public/public_datasets/OpenMMSecV2/IMDL/generative/stable_diffusion/imgs/74afc3439cac484eb942d83faeba9871.png
10.143691062927246,53.59099197387695,0.0,deepfake,0,1,1,1,Deepfake-Real,/mnt/public/public_datasets/OpenMMSecV2/Deepfake/Real/CelebDF-v2/72f31dc45d784823ae47bdd564424224.png
1.5432333946228027,59.704524993896484,0.0,deepfake,1,1,2,2,Deepfake-Fake,/mnt/public/public_datasets/OpenMMSecV2/Deepfake/Fake/FaceSwap/FSGAN/d68f11850ac54979974cd5112f3bda1d.png
15.103483200073242,50.79913330078125,0.0,deepfake,0,1,1,1,Deepfake-Real,/mnt/public/public_datasets/OpenMMSecV2/Deepfake/Real/FF++/618ff3a1ce62498bbe27b02ece5354f1.png
-21.11895179748535,5.586213111877441,0.0,AIGC,1,2,2,4,AIGC-Fake,/mnt/public/public_datasets/OpenMMSecV2/AIGC/commercial/imagen/6b950c90dfbf4fca8b193f6101037d04.jpg
32.02703857421875,0.18434037268161774,0.0,Doc,0,3,1,5,Document-Real,/mnt/public/public_datasets/OpenMMSecV2/Doc/Real/d92555e52f2a43a6be9982620cb48a83.jpg
-19.828630447387695,-58.54590606689453,0.0,Doc,1,3,2,6,Document-Fake,/mnt/public/public_datasets/OpenMMSecV2/Doc/non_aigc/cover/imgs/d4e7c483ed8947deb758a5cfb59d0c48.jpg
4.549009799957275,-62.079036712646484,0.0,Doc,1,3,2,6,Document-Fake,/mnt/public/public_datasets/OpenMMSecV2/Doc/non_aigc/cover/imgs/f1e57a975ab24a188b99e7606e2972e7.jpg
24.07501220703125,-20.612112045288086,0.0,Doc,1,3,2,6,Document-Fake,/mnt/public/public_datasets/OpenMMSecV2/Doc/aigc/textocr/imgs/74a0bee611714117a6636aec48fe4fba.jpg
16.282211303710938,56.54012680053711,0.0,deepfake,1,1,2,2,Deepfake-Fake,/mnt/public/public_datasets/OpenMMSecV2/Deepfake/Fake/EntireFaceSynthesis/StyleGAN-XL/2b515c2c0f5b421ea939abd28e8122b2.png
12.310206413269043,-42.00421905517578,0.0,AIGC,0,2,1,3,AIGC-Real,/mnt/public/public_datasets/OpenMMSecV2/AIGC/laion/e0f27365adf541bba5a93fe38f5dd4eb.jpg
22.774614334106445,15.061789512634277,0.0,IMDL,0,4,1,7,IMDL-Real,/mnt/public/public_datasets/OpenMMSecV2/IMDL/generative/stable_diffusion/imgs/cca52da9d7ae4a5f983d407b57621730.png
8.747818946838379,9.133647918701172,0.0,IMDL,1,4,2,8,IMDL-Fake,/mnt/public/public_datasets/OpenMMSecV2/IMDL/generative/flux_1/imgs/7d1ba0c18e2a49b9bc337447db36b018.png
12.258987426757812,-61.57942581176758,0.0,Doc,0,3,1,5,Document-Real,/mnt/public/public_datasets/OpenMMSecV2/Doc/Real/8f88bf7617c445e4afa5196f8a7ed336.jpg
38.082489013671875,-18.245790481567383,0.0,Doc,0,3,1,5,Document-Real,/mnt/public/public_datasets/OpenMMSecV2/Doc/aigc/derend/imgs/81e44044d57e4a008b4ddcc478f206cf.jpg
23.997602462768555,53.04718017578125,0.0,deepfake,0,1,1,1,Deepfake-Real,/mnt/public/public_datasets/OpenMMSecV2/Deepfake/Real/FF++/23e39aba7d5d4f688c913e664eec9deb.png
20.95500946044922,-1.91448175907135,0.0,IMDL,0,4,1,7,IMDL-Real,/mnt/public/public_datasets/OpenMMSecV2/IMDL/generative/flux_1/imgs/58d80a6e61a644a98d032f0dfb71cea8.png
39.376914978027344,-24.67591667175293,0.0,Doc,0,3,1,5,Document-Real,/mnt/public/public_datasets/OpenMMSecV2/Doc/Real/51948914e8714f61a242eb51e138b442.jpg
19.698265075683594,53.06985855102539,0.0,deepfake,0,1,1,1,Deepfake-Real,/mnt/public/public_datasets/OpenMMSecV2/Deepfake/Real/FF++/6cafb1fb84ed4a7a8265099fb8fa5d82.png
19.51388931274414,50.852386474609375,0.0,deepfake,0,1,1,1,Deepfake-Real,/mnt/public/public_datasets/OpenMMSecV2/Deepfake/Real/FF++/40e63c9ebd1f47de8a6365753a5e9e4c.png
17.024457931518555,-25.832775115966797,0.0,AIGC,0,2,1,3,AIGC-Real,/mnt/public/public_datasets/OpenMMSecV2/AIGC/laion/7aba01139c844f4a9b26b300c450e0b2.jpg
34.46067428588867,-18.109447479248047,0.0,Doc,0,3,1,5,Document-Real,/mnt/public/public_datasets/OpenMMSecV2/Doc/Real/841eddd1e8b740538a5cda94d053b22f.jpg
35.02824020385742,-18.9749698638916,0.0,Doc,0,3,1,5,Document-Real,/mnt/public/public_datasets/OpenMMSecV2/Doc/Real/93a167a915a140f3b7795dca66bacb6a.jpg
-36.8197135925293,-10.04131031036377,0.0,IMDL,1,4,2,8,IMDL-Fake,/mnt/public/public_datasets/OpenMMSecV2/IMDL/generative/stable_diffusion/imgs/1b7f8f37008c4ca78d7a1f971923d2e7.jpg
4.123981952667236,-59.784568786621094,0.0,AIGC,0,2,1,3,AIGC-Real,/mnt/public/public_datasets/OpenMMSecV2/AIGC/laion/81eae93b4b7e43d8b10411b65b3afa56.jpg
45.415138244628906,-21.538652420043945,0.0,Doc,0,3,1,5,Document-Real,/mnt/public/public_datasets/OpenMMSecV2/Doc/Real/5090da04357e482ba91a01afaa7e7723.jpg
-25.857593536376953,-13.211573600769043,0.0,IMDL,1,4,2,8,IMDL-Fake,/mnt/public/public_datasets/OpenMMSecV2/IMDL/generative/paintbyexample/imgs/35d0cb1edf734646a642a2c59f36e824.tiff
-34.848419189453125,-43.93162536621094,0.0,Doc,1,3,2,6,Document-Fake,/mnt/public/public_datasets/OpenMMSecV2/Doc/non_aigc/generation/imgs/2cbc0747bd594ee6875a00f12d9b8d93.jpg
-30.813602447509766,-41.541358947753906,0.0,Doc,1,3,2,6,Document-Fake,/mnt/public/public_datasets/OpenMMSecV2/Doc/non_aigc/cpmv/imgs/9b338c2b376d49c6ab9dde61fe0e1d0a.jpg
18.847761154174805,-1.524422526359558,0.0,AIGC,1,2,2,4,AIGC-Fake,/mnt/public/public_datasets/OpenMMSecV2/AIGC/other/online/imgs/8ab41fdc36654d28bbc8655c29aa13b6.jpg
-33.147254943847656,-10.371456146240234,0.0,IMDL,1,4,2,8,IMDL-Fake,/mnt/public/public_datasets/OpenMMSecV2/IMDL/generative/paintbyexample/imgs/b937bb70085245e5ab2e444c11371ae8.jpg
2.854426383972168,48.67792892456055,0.0,deepfake,1,1,2,2,Deepfake-Fake,/mnt/public/public_datasets/OpenMMSecV2/Deepfake/Fake/FaceEditing/StarGANv2/5768b69bd5184dffaa568dc1bd77ca3d.jpg
43.81159210205078,-17.63492774963379,0.0,Doc,0,3,1,5,Document-Real,/mnt/public/public_datasets/OpenMMSecV2/Doc/Real/d22482487ac04f22bdd8f9843e80211d.jpg
-35.05634307861328,37.692928314208984,0.0,deepfake,1,1,2,2,Deepfake-Fake,/mnt/public/public_datasets/OpenMMSecV2/Deepfake/Fake/EntireFaceSynthesis/SD-2.1/49bab6b725204328ba7ecd920f0a9fdd.png
-22.49950408935547,11.742602348327637,0.0,AIGC,1,2,2,4,AIGC-Fake,/mnt/public/public_datasets/OpenMMSecV2/AIGC/commercial/firefly/d24e57d720c2438db825ef9b6bc4815f.jpg
-20.067073822021484,-46.33024978637695,0.0,Doc,1,3,2,6,Document-Fake,/mnt/public/public_datasets/OpenMMSecV2/Doc/non_aigc/copy-move/imgs/478204acab6d4a068d0b41e3de876ba3.jpg
-3.5012736320495605,49.88532257080078,0.0,deepfake,1,1,2,2,Deepfake-Fake,/mnt/public/public_datasets/OpenMMSecV2/Deepfake/Fake/FaceEditing/StarGANv2/5aea2c5ecdb64da5ba611930d20860a0.jpg
26.841859817504883,-15.648577690124512,0.0,Doc,0,3,1,5,Document-Real,/mnt/public/public_datasets/OpenMMSecV2/Doc/Real/81e9e52feb6d4bae9845f5f3af32d95a.jpg
-3.8873355388641357,-0.9726575613021851,0.0,IMDL,1,4,2,8,IMDL-Fake,/mnt/public/public_datasets/OpenMMSecV2/IMDL/generative/stable_diffusion/imgs/8bfe7061a43f4abab04ee530609d5ea2.png
3.1830639839172363,-21.816511154174805,0.0,AIGC,1,2,2,4,AIGC-Fake,/mnt/public/public_datasets/OpenMMSecV2/AIGC/other/online/imgs/6c11ad5564b44187b16483c6db96f4aa.jpg
24.802749633789062,17.92537498474121,0.0,AIGC,0,2,1,3,AIGC-Real,/mnt/public/public_datasets/OpenMMSecV2/AIGC/laion/99a9679d4ce84b51abcec7a02154c05e.jpg
2.1694424152374268,57.27145767211914,0.0,deepfake,1,1,2,2,Deepfake-Fake,/mnt/public/public_datasets/OpenMMSecV2/Deepfake/Fake/FaceSwap/BlendFace/0425ab483d944898b8d318414ec51324.png
-34.58391571044922,-45.53166198730469,0.0,Doc,1,3,2,6,Document-Fake,/mnt/public/public_datasets/OpenMMSecV2/Doc/non_aigc/generation/imgs/123a2a74a50d4117bf207cc11ee64aa2.jpg
-21.05153465270996,7.9727463722229,0.0,AIGC,1,2,2,4,AIGC-Fake,/mnt/public/public_datasets/OpenMMSecV2/AIGC/GAN/styleGANs/964589ae6de64171ad15db7248035266.jpg
21.728757858276367,58.74580383300781,0.0,deepfake,0,1,1,1,Deepfake-Real,/mnt/public/public_datasets/OpenMMSecV2/Deepfake/Real/CelebDF-v2/8a89d455ec58490c907df937705c8ecf.png
-14.25120735168457,49.349552154541016,0.0,AIGC,0,2,1,3,AIGC-Real,/mnt/public/public_datasets/OpenMMSecV2/AIGC/commercial/wukong/imgs/fac22d3a661e49c29313610c07d68326.JPEG
27.177837371826172,-16.208236694335938,0.0,Doc,0,3,1,5,Document-Real,/mnt/public/public_datasets/OpenMMSecV2/Doc/Real/c9b488dab43d428b901aeba97611cbb9.jpg
-12.056212425231934,5.765634536743164,0.0,IMDL,0,4,1,7,IMDL-Real,/mnt/public/public_datasets/OpenMMSecV2/IMDL/generative/stable_diffusion/imgs/1282aa6d60464305b192b8d2a35e703d.png
22.374969482421875,-34.388580322265625,0.0,AIGC,0,2,1,3,AIGC-Real,/mnt/public/public_datasets/OpenMMSecV2/AIGC/laion/e8b37b53574d4d9185d96160959801ae.jpg
-8.48846435546875,0.32280489802360535,0.0,AIGC,1,2,2,4,AIGC-Fake,/mnt/public/public_datasets/OpenMMSecV2/AIGC/latent_diffusion/systematic/799cd640de414d0e99d2f3f96a05e347.jpg
-9.295414924621582,24.52398681640625,0.0,AIGC,1,2,2,4,AIGC-Fake,/mnt/public/public_datasets/OpenMMSecV2/AIGC/other/online/imgs/f0d850875523407690166d89750c9337.jpg
37.40644073486328,-15.229811668395996,0.0,Doc,1,3,2,6,Document-Fake,/mnt/public/public_datasets/OpenMMSecV2/Doc/aigc/textocr/imgs/b52634a64be341f3afe537081573574f.jpg
19.937456130981445,-27.628816604614258,0.0,IMDL,1,4,2,8,IMDL-Fake,/mnt/public/public_datasets/OpenMMSecV2/IMDL/non_generative/manual_ps/imgs/e07dac389e76480fb889f64c4c31b426.jpg
-2.2610981464385986,64.99000549316406,0.0,deepfake,0,1,1,1,Deepfake-Real,/mnt/public/public_datasets/OpenMMSecV2/Deepfake/Real/CelebDF-v2/1795546d6ecb4ea2b216837173054652.png
-29.132400512695312,-12.688987731933594,0.0,IMDL,1,4,2,8,IMDL-Fake,/mnt/public/public_datasets/OpenMMSecV2/IMDL/non_generative/manual_ps/imgs/8c88f95efb9a4c398f2a9e723a1a5318.tif
-2.8056955337524414,13.60905647277832,0.0,IMDL,1,4,2,8,IMDL-Fake,/mnt/public/public_datasets/OpenMMSecV2/IMDL/non_generative/manual_ps/imgs/aff12be15bf44cd7aac188545924b364.jpg
5.209959030151367,11.383285522460938,0.0,IMDL,1,4,2,8,IMDL-Fake,/mnt/public/public_datasets/OpenMMSecV2/IMDL/generative/stable_diffusion/imgs/29acab08c39545eca390fff5be7ddc12.png
-5.149878025054932,-10.398002624511719,0.0,AIGC,0,2,1,3,AIGC-Real,/mnt/public/public_datasets/OpenMMSecV2/AIGC/laion/8e501a101b43473791eeb60295d314c0.jpg
-8.66272258758545,3.592417001724243,0.0,AIGC,1,2,2,4,AIGC-Fake,/mnt/public/public_datasets/OpenMMSecV2/AIGC/commercial/imagen/9010ba140e2a4e76ad75e1aa4c0f91d5.jpg
11.884552955627441,-62.62675476074219,0.0,Doc,0,3,1,5,Document-Real,/mnt/public/public_datasets/OpenMMSecV2/Doc/Real/3bcd9de5bae44041ab46e7351bd8e199.jpg
-8.289806365966797,-6.813133716583252,0.0,AIGC,1,2,2,4,AIGC-Fake,/mnt/public/public_datasets/OpenMMSecV2/AIGC/other/online/imgs/9ff3907fd24347ca93327046018543cf.jpg
14.187666893005371,63.7509880065918,0.0,deepfake,0,1,1,1,Deepfake-Real,/mnt/public/public_datasets/OpenMMSecV2/Deepfake/Real/FF++/04696d1f699443cfbfecf9d9b1962630.png
27.54252815246582,-4.394023418426514,0.0,IMDL,0,4,1,7,IMDL-Real,/mnt/public/public_datasets/OpenMMSecV2/IMDL/generative/coco/imgs/c0fbe122b37a4d57a37013d473cbae4d.jpg
7.810493469238281,5.574718952178955,0.0,IMDL,1,4,2,8,IMDL-Fake,/mnt/public/public_datasets/OpenMMSecV2/IMDL/non_generative/manual_ps/imgs/9c9370c426c848dabfabed736689c765.jpg
21.860130310058594,10.515852928161621,0.0,IMDL,0,4,1,7,IMDL-Real,/mnt/public/public_datasets/OpenMMSecV2/IMDL/generative/stable_diffusion/imgs/a0eea116efb64d8d91515746db6efb6f.png
13.87396240234375,9.55554485321045,0.0,IMDL,0,4,1,7,IMDL-Real,/mnt/public/public_datasets/OpenMMSecV2/IMDL/generative/coco/imgs/825da9f86d3e4744b6639e76d9ccca52.jpg
20.646865844726562,-37.81948471069336,0.0,AIGC,0,2,1,3,AIGC-Real,/mnt/public/public_datasets/OpenMMSecV2/AIGC/laion/f57d725a245d4e6aa067bd3e5e196f33.jpg
1.1383633613586426,-10.854705810546875,0.0,IMDL,1,4,2,8,IMDL-Fake,/mnt/public/public_datasets/OpenMMSecV2/IMDL/generative/stable_diffusion/imgs/969faaebf29445da8d2d254a93cc8390.png
3.8518528938293457,57.93766403198242,0.0,deepfake,1,1,2,2,Deepfake-Fake,/mnt/public/public_datasets/OpenMMSecV2/Deepfake/Fake/EntireFaceSynthesis/SiT-XL/95a0cba0ad8c4473ad6adf00344c42be.png
-26.837495803833008,-6.794737815856934,0.0,IMDL,1,4,2,8,IMDL-Fake,/mnt/public/public_datasets/OpenMMSecV2/IMDL/non_generative/manual_ps/imgs/be46a6ead8da4fc9b9d15a8d83ab28f4.jpg
38.564151763916016,-21.737247467041016,0.0,Doc,0,3,1,5,Document-Real,/mnt/public/public_datasets/OpenMMSecV2/Doc/aigc/derend/imgs/16a3ab01a95549b1b80ce0b3835939dd.jpg
20.665803909301758,54.422447204589844,0.0,deepfake,0,1,1,1,Deepfake-Real,/mnt/public/public_datasets/OpenMMSecV2/Deepfake/Real/FF++/06dd7a48ded8450c875600f413d3cb4e.png
21.966732025146484,2.4596238136291504,0.0,IMDL,0,4,1,7,IMDL-Real,/mnt/public/public_datasets/OpenMMSecV2/IMDL/generative/stable_diffusion/imgs/f48661a52c6c439cbec87d3741149a3e.png
-2.255882978439331,15.699984550476074,0.0,IMDL,1,4,2,8,IMDL-Fake,/mnt/public/public_datasets/OpenMMSecV2/IMDL/generative/stable_diffusion/imgs/3fb9e52bce26452bafb15301bd4a3c72.png
-0.19242945313453674,12.335494995117188,0.0,AIGC,0,2,1,3,AIGC-Real,/mnt/public/public_datasets/OpenMMSecV2/AIGC/other/online/imgs/cef47da30c5142fcb90a1d43ad78bea2.jpg
7.1132683753967285,62.55066680908203,0.0,deepfake,1,1,2,2,Deepfake-Fake,/mnt/public/public_datasets/OpenMMSecV2/Deepfake/Fake/FaceSwap/UniFace/c838a308733048ce8fc95f04f7a28256.png
-2.079664468765259,11.871047019958496,0.0,IMDL,1,4,2,8,IMDL-Fake,/mnt/public/public_datasets/OpenMMSecV2/IMDL/non_generative/manual_ps/imgs/19fb8c44e95d4ba48c824f9e27449359.jpg
-6.365610122680664,4.551185131072998,0.0,AIGC,0,2,1,3,AIGC-Real,/mnt/public/public_datasets/OpenMMSecV2/AIGC/laion/763ebed4f3df4516b68f639010a3d82a.jpg
8.25479793548584,54.69329833984375,0.0,deepfake,0,1,1,1,Deepfake-Real,/mnt/public/public_datasets/OpenMMSecV2/Deepfake/Real/DFD/d147443515ed48a6a3386ebb80fd29a2.png
-9.167463302612305,29.824886322021484,0.0,deepfake,0,1,1,1,Deepfake-Real,/mnt/public/public_datasets/OpenMMSecV2/Deepfake/Real/FFHQ/f9f7bd1d794b41ea901ca5e16db0ac89.jpeg
20.418123245239258,-6.837080478668213,0.0,IMDL,0,4,1,7,IMDL-Real,/mnt/public/public_datasets/OpenMMSecV2/IMDL/generative/coco/imgs/bcea426b79744dea8cf206917d12a276.jpg
3.755531072616577,-13.848302841186523,0.0,IMDL,0,4,1,7,IMDL-Real,/mnt/public/public_datasets/OpenMMSecV2/IMDL/generative/stable_diffusion/imgs/4c447e46aea741909250782ea5eb73f4.png
-17.233919143676758,62.24474334716797,0.0,deepfake,1,1,2,2,Deepfake-Fake,/mnt/public/public_datasets/OpenMMSecV2/Deepfake/Fake/FaceReenactment/DaGAN/8dd76d1cd389443ab58e9a7deb5c71e3.png
7.518759727478027,54.944759368896484,0.0,deepfake,0,1,1,1,Deepfake-Real,/mnt/public/public_datasets/OpenMMSecV2/Deepfake/Real/FF++/f6c7b1d5214c4ac6aca9b5a4a3909da7.png
16.78246307373047,-31.86445426940918,0.0,Doc,1,3,2,6,Document-Fake,/mnt/public/public_datasets/OpenMMSecV2/Doc/aigc/textocr/imgs/a4934db677d04585a1747427fc71bf84.jpg
-18.68121337890625,29.217187881469727,0.0,deepfake,0,1,1,1,Deepfake-Real,/mnt/public/public_datasets/OpenMMSecV2/Deepfake/Real/FFHQ/e29514bcb165400e92f8f038434a8a3c.jpeg
31.89271354675293,-23.85821533203125,0.0,AIGC,0,2,1,3,AIGC-Real,/mnt/public/public_datasets/OpenMMSecV2/AIGC/laion/72d4fba6cc364b6c9ce4f816e5be6ce4.jpg
1.0910612344741821,60.72956848144531,0.0,deepfake,1,1,2,2,Deepfake-Fake,/mnt/public/public_datasets/OpenMMSecV2/Deepfake/Fake/FaceReenactment/Wav2Lip/97850a15416d43fa88fb87542d1e833d.png
45.72838592529297,-14.098159790039062,0.0,Doc,1,3,2,6,Document-Fake,/mnt/public/public_datasets/OpenMMSecV2/Doc/aigc/textocr/imgs/17c7dd1d3656488aa011deb42b32ae9e.jpg
-35.62822341918945,-9.27145767211914,0.0,IMDL,1,4,2,8,IMDL-Fake,/mnt/public/public_datasets/OpenMMSecV2/IMDL/generative/gan_mat/imgs/26bb8ff293f4483cb96a831e3e709537.jpg
18.82304573059082,61.913543701171875,0.0,deepfake,1,1,2,2,Deepfake-Fake,/mnt/public/public_datasets/OpenMMSecV2/Deepfake/Fake/FaceSwap/FaceDancer/54063f046af04ba390c894b9c3b04320.png
-46.3404541015625,-40.2745475769043,0.0,Doc,1,3,2,6,Document-Fake,/mnt/public/public_datasets/OpenMMSecV2/Doc/non_aigc/copy-move/imgs/85d198f7755141d098c330231d2ab171.jpg
14.592083930969238,-20.402263641357422,0.0,AIGC,0,2,1,3,AIGC-Real,/mnt/public/public_datasets/OpenMMSecV2/AIGC/pixel_diffusion/adm/imgs/d90a22bbe7d34b7da4e1affc17eb9b2e.JPEG
-19.964418411254883,-8.239230155944824,0.0,Doc,0,3,1,5,Document-Real,/mnt/public/public_datasets/OpenMMSecV2/Doc/Real/001eb53c7b234f76bd9a8efa3086140d.jpg
-34.248409271240234,-10.107182502746582,0.0,IMDL,1,4,2,8,IMDL-Fake,/mnt/public/public_datasets/OpenMMSecV2/IMDL/generative/gan_mat/imgs/04475b348e664c1a9e5a4124059dbdef.jpg
-32.47528076171875,-11.564862251281738,0.0,IMDL,1,4,2,8,IMDL-Fake,/mnt/public/public_datasets/OpenMMSecV2/IMDL/generative/paintbyexample/imgs/fcbfb6edf3224c67b49266018b44ff18.jpg
17.318382263183594,3.015702247619629,0.0,IMDL,0,4,1,7,IMDL-Real,/mnt/public/public_datasets/OpenMMSecV2/IMDL/generative/coco/imgs/49de8b714fbc43a19fe7af331906b888.jpg
-6.430599689483643,6.153610706329346,0.0,AIGC,1,2,2,4,AIGC-Fake,/mnt/public/public_datasets/OpenMMSecV2/AIGC/latent_diffusion/systematic/b4d532474ec246bf9f234faad8d4059f.jpg
-7.8904218673706055,-13.326960563659668,0.0,IMDL,1,4,2,8,IMDL-Fake,/mnt/public/public_datasets/OpenMMSecV2/IMDL/generative/paintbyexample/imgs/5e51977fe00646c78b380f6bdd9eca02.png
-9.46447467803955,61.20960998535156,0.0,deepfake,1,1,2,2,Deepfake-Fake,/mnt/public/public_datasets/OpenMMSecV2/Deepfake/Fake/FaceSwap/Deepfake/d453a4f6660b448a8a7e4a1f79c47ee3.png
28.030662536621094,-6.012447357177734,0.0,AIGC,0,2,1,3,AIGC-Real,/mnt/public/public_datasets/OpenMMSecV2/AIGC/laion/bc34f8fd164343338ac96dd427d3e21b.jpg
-14.049678802490234,5.573897838592529,0.0,AIGC,0,2,1,3,AIGC-Real,/mnt/public/public_datasets/OpenMMSecV2/AIGC/other/online/imgs/aa151cb69ad84a4b95a04f482228cf9d.jpg
-31.386106491088867,34.40000534057617,0.0,AIGC,1,2,2,4,AIGC-Fake,/mnt/public/public_datasets/OpenMMSecV2/AIGC/autoregressive_model/tamingtransformers/ba8778e0291d48e4b4717137ef6155e0.jpg
-2.1926064491271973,-5.761039733886719,0.0,IMDL,0,4,1,7,IMDL-Real,/mnt/public/public_datasets/OpenMMSecV2/IMDL/generative/stable_diffusion/imgs/db732de549df477cb408f5c5bb97b6ac.png
-16.04271125793457,-53.379703521728516,0.0,Doc,0,3,1,5,Document-Real,/mnt/public/public_datasets/OpenMMSecV2/Doc/Real/fc2c89b8979b4516b13e9b904f518308.jpg
10.35483455657959,-64.64250183105469,0.0,Doc,0,3,1,5,Document-Real,/mnt/public/public_datasets/OpenMMSecV2/Doc/Real/e991b9d0ef244243a6a08101c4670519.jpg
28.423505783081055,12.425689697265625,0.0,AIGC,0,2,1,3,AIGC-Real,/mnt/public/public_datasets/OpenMMSecV2/AIGC/laion/1a41db60bf254a5d966f84e961681331.jpg
23.160724639892578,-3.1226675510406494,0.0,IMDL,0,4,1,7,IMDL-Real,/mnt/public/public_datasets/OpenMMSecV2/IMDL/generative/coco/imgs/529f28bffffa48baac250b1273a080da.jpg
20.15045738220215,61.6876335144043,0.0,deepfake,0,1,1,1,Deepfake-Real,/mnt/public/public_datasets/OpenMMSecV2/Deepfake/Real/FF++/9dc121e551ae4eb3a451db6b60ebcca4.png
9.825672149658203,43.09800720214844,0.0,deepfake,0,1,1,1,Deepfake-Real,/mnt/public/public_datasets/OpenMMSecV2/Deepfake/Real/VFHQ/825678fb2bfb4b66b22f78e70ada8dd7.png
-33.89748764038086,-43.39289093017578,0.0,Doc,1,3,2,6,Document-Fake,/mnt/public/public_datasets/OpenMMSecV2/Doc/non_aigc/generation/imgs/01c71d8656604402b1e142d086acab37.jpg
17.13594627380371,56.88655471801758,0.0,deepfake,0,1,1,1,Deepfake-Real,/mnt/public/public_datasets/OpenMMSecV2/Deepfake/Real/CelebDF-v2/8653b72b729b409090a88b7faef79306.png
50.0433349609375,-15.695998191833496,0.0,Doc,0,3,1,5,Document-Real,/mnt/public/public_datasets/OpenMMSecV2/Doc/Real/2278ec3e9d9d4d659ea5949fec75a50e.jpg
30.314571380615234,-23.339189529418945,0.0,Doc,1,3,2,6,Document-Fake,/mnt/public/public_datasets/OpenMMSecV2/Doc/aigc/textocr/imgs/8ecd50a66dd84224afe4d9812e868e31.jpg
9.037446975708008,38.181636810302734,0.0,deepfake,0,1,1,1,Deepfake-Real,/mnt/public/public_datasets/OpenMMSecV2/Deepfake/Real/CelebA/6d9492b819c6473a9f19b38e87c1a970.jpg
-29.26048469543457,-52.015357971191406,0.0,Doc,1,3,2,6,Document-Fake,/mnt/public/public_datasets/OpenMMSecV2/Doc/non_aigc/insert/imgs/c73d81a7a8374c609aa2c749ced56a51.jpg
-33.043697357177734,-13.963822364807129,0.0,IMDL,1,4,2,8,IMDL-Fake,/mnt/public/public_datasets/OpenMMSecV2/IMDL/generative/gan_mat/imgs/cf1a5bb06c934df8a83702e03e1109b2.jpg
-11.940834045410156,-53.167301177978516,0.0,Doc,0,3,1,5,Document-Real,/mnt/public/public_datasets/OpenMMSecV2/Doc/Real/8188d6c6c33347e8bb89f4966ced0dc2.jpg
-8.935343742370605,14.333078384399414,0.0,AIGC,1,2,2,4,AIGC-Fake,/mnt/public/public_datasets/OpenMMSecV2/AIGC/latent_diffusion/systematic/ba2806bf37404206a2fae2b970f906c2.jpg
0.3444463610649109,-6.602591037750244,0.0,IMDL,1,4,2,8,IMDL-Fake,/mnt/public/public_datasets/OpenMMSecV2/IMDL/generative/stable_diffusion/imgs/276c0b7c26004bc4a9d81bdf1057fc8b.png
-33.032596588134766,-11.878230094909668,0.0,IMDL,1,4,2,8,IMDL-Fake,/mnt/public/public_datasets/OpenMMSecV2/IMDL/generative/paintbyexample/imgs/19506d71d1ad40be8da36e2b9e6d1686.png
-37.058624267578125,-8.805231094360352,0.0,IMDL,1,4,2,8,IMDL-Fake,/mnt/public/public_datasets/OpenMMSecV2/IMDL/generative/gan_mat/imgs/6ddb203da5b9402fbf9b493cf4980981.tiff
-12.369564056396484,52.69837188720703,0.0,deepfake,1,1,2,2,Deepfake-Fake,/mnt/public/public_datasets/OpenMMSecV2/Deepfake/Fake/FaceEditing/StarGAN/b608a7300da947278f815cd72f93b75d.jpg
5.539021968841553,-0.1057761013507843,0.0,AIGC,1,2,2,4,AIGC-Fake,/mnt/public/public_datasets/OpenMMSecV2/AIGC/pixel_diffusion/adm/imgs/b93669fdc77940b997ba6b8c01ba4ddb.png
-0.9606403112411499,48.710079193115234,0.0,deepfake,1,1,2,2,Deepfake-Fake,/mnt/public/public_datasets/OpenMMSecV2/Deepfake/Fake/FaceEditing/StarGANv2/23819f38f2784985aeca9bc366f9da49.jpg
-25.68069076538086,29.547313690185547,0.0,AIGC,1,2,2,4,AIGC-Fake,/mnt/public/public_datasets/OpenMMSecV2/AIGC/GAN/styleGANs/0a4f39eed1264e389800075a40b59a09.jpg
-11.626505851745605,-0.19532199203968048,0.0,AIGC,0,2,1,3,AIGC-Real,/mnt/public/public_datasets/OpenMMSecV2/AIGC/other/online/imgs/8e50980b40b344cbbbb274a375856e85.jpg
-34.32575607299805,36.324371337890625,0.0,deepfake,1,1,2,2,Deepfake-Fake,/mnt/public/public_datasets/OpenMMSecV2/Deepfake/Fake/EntireFaceSynthesis/StyleGAN2/576e4a4edfe44a27a5f6f50d808b21ce.png
17.004114151000977,3.4384043216705322,0.0,IMDL,0,4,1,7,IMDL-Real,/mnt/public/public_datasets/OpenMMSecV2/IMDL/generative/coco/imgs/72699ee46fdd4f62931a75b5e981683c.jpg
7.106703758239746,-12.787245750427246,0.0,IMDL,0,4,1,7,IMDL-Real,/mnt/public/public_datasets/OpenMMSecV2/IMDL/non_generative/manual_ps/imgs/57b53687d72d4839a1ecf72d8ca007bc.jpg
7.316223621368408,-14.570219993591309,0.0,IMDL,0,4,1,7,IMDL-Real,/mnt/public/public_datasets/OpenMMSecV2/IMDL/non_generative/manual_ps/imgs/040f350855ee448cbeb8b5ee57a45f79.jpg
8.403063774108887,-7.916855335235596,0.0,AIGC,1,2,2,4,AIGC-Fake,/mnt/public/public_datasets/OpenMMSecV2/AIGC/pixel_diffusion/adm/imgs/30a8726ca60c4812b5a7a37e0b255c2d.png
-22.56332778930664,64.31664276123047,0.0,deepfake,1,1,2,2,Deepfake-Fake,/mnt/public/public_datasets/OpenMMSecV2/Deepfake/Fake/FaceReenactment/LIA/e4eac7d711e4401f903655a8b4a71a35.png
-14.81970500946045,58.19284439086914,0.0,deepfake,1,1,2,2,Deepfake-Fake,/mnt/public/public_datasets/OpenMMSecV2/Deepfake/Fake/FaceReenactment/HyperReenact/d099d4013578412694ef19042eb296af.png
12.61894702911377,18.570667266845703,0.0,IMDL,1,4,2,8,IMDL-Fake,/mnt/public/public_datasets/OpenMMSecV2/IMDL/generative/gan_mat/imgs/91edf21ae0134d868fd30f3a2f393093.jpg
19.656923294067383,8.902332305908203,0.0,IMDL,1,4,2,8,IMDL-Fake,/mnt/public/public_datasets/OpenMMSecV2/IMDL/non_generative/manual_ps/imgs/612ceeba5f574a3da419a70b2a32e779.jpg
-4.396042823791504,65.63948059082031,0.0,deepfake,1,1,2,2,Deepfake-Fake,/mnt/public/public_datasets/OpenMMSecV2/Deepfake/Fake/FaceReenactment/LIA/2ebee45a86eb401fa07a014c2f70b7e6.png
31.386655807495117,-27.28058624267578,0.0,Doc,0,3,1,5,Document-Real,/mnt/public/public_datasets/OpenMMSecV2/Doc/Real/5ad0fb1a5076447b939038fb2dc5f617.jpg
-24.090688705444336,-1.6430079936981201,0.0,AIGC,1,2,2,4,AIGC-Fake,/mnt/public/public_datasets/OpenMMSecV2/AIGC/GAN/BigGAN/0fcef440d42647c1affa391bc0c46846.jpg
14.266210556030273,-56.2521858215332,0.0,AIGC,0,2,1,3,AIGC-Real,/mnt/public/public_datasets/OpenMMSecV2/AIGC/laion/70e38363ac87445eb5fc47ebac0c17fc.jpg
-21.076948165893555,65.43000030517578,0.0,deepfake,1,1,2,2,Deepfake-Fake,/mnt/public/public_datasets/OpenMMSecV2/Deepfake/Fake/FaceReenactment/FS_vid2vid/c1bf0c5aa16d4fa79e793c25f9a5fceb.png
-15.660019874572754,66.29886627197266,0.0,deepfake,1,1,2,2,Deepfake-Fake,/mnt/public/public_datasets/OpenMMSecV2/Deepfake/Fake/FaceReenactment/TPSMM/69b4af5652e145bfb79b6ecad469da75.png
-3.6169075965881348,63.27922439575195,0.0,deepfake,1,1,2,2,Deepfake-Fake,/mnt/public/public_datasets/OpenMMSecV2/Deepfake/Fake/FaceSwap/Deepfake/496077b11132420099f56e7c9360e284.png
18.508567810058594,-15.134350776672363,0.0,IMDL,0,4,1,7,IMDL-Real,/mnt/public/public_datasets/OpenMMSecV2/IMDL/generative/coco/imgs/9278f7427b86482386b9479a216c11d0.jpg
24.087936401367188,15.448394775390625,0.0,IMDL,1,4,2,8,IMDL-Fake,/mnt/public/public_datasets/OpenMMSecV2/IMDL/generative/stable_diffusion/imgs/e54bd71b263649ffb50b68d6fdd6d2d8.png
13.670982360839844,10.04279613494873,0.0,IMDL,1,4,2,8,IMDL-Fake,/mnt/public/public_datasets/OpenMMSecV2/IMDL/generative/stable_diffusion/imgs/daa0c37a46c841bf80a3b7dec0ff9cb3.png
7.81850528717041,-14.522598266601562,0.0,Doc,1,3,2,6,Document-Fake,/mnt/public/public_datasets/OpenMMSecV2/Doc/aigc/textocr/imgs/4bf476c2050c4d67b96954abadc0ea2d.jpg
-23.680824279785156,5.758400917053223,0.0,AIGC,0,2,1,3,AIGC-Real,/mnt/public/public_datasets/OpenMMSecV2/AIGC/laion/acaef3c641ca4df8bf9dad0411d5911c.jpg
15.200440406799316,-7.136507034301758,0.0,IMDL,0,4,1,7,IMDL-Real,/mnt/public/public_datasets/OpenMMSecV2/IMDL/generative/coco/imgs/94bc748d6c104e608dc317b8943528a6.jpg
-31.86106300354004,-50.87470626831055,0.0,Doc,1,3,2,6,Document-Fake,/mnt/public/public_datasets/OpenMMSecV2/Doc/non_aigc/insert/imgs/e9d6548c276940979a1c753e79231441.jpg
5.223671913146973,-63.731956481933594,0.0,Doc,0,3,1,5,Document-Real,/mnt/public/public_datasets/OpenMMSecV2/Doc/Real/6dfdd713a9be473f8bb30a996dd86b9a.jpg
-17.34252166748047,-61.76667022705078,0.0,Doc,0,3,1,5,Document-Real,/mnt/public/public_datasets/OpenMMSecV2/Doc/Real/68b0255ec31a4498b83747f9214ce15b.jpg
21.6971378326416,9.010717391967773,0.0,IMDL,0,4,1,7,IMDL-Real,/mnt/public/public_datasets/OpenMMSecV2/IMDL/generative/stable_diffusion/imgs/63e71bfe4b314163bf77149c1c817b72.png
-6.6421637535095215,64.1375732421875,0.0,deepfake,1,1,2,2,Deepfake-Fake,/mnt/public/public_datasets/OpenMMSecV2/Deepfake/Fake/FaceSwap/FaceShifter/ef97c016056a4d60841d96c56f6abe5b.png
-5.83087158203125,-34.8968505859375,0.0,Doc,1,3,2,6,Document-Fake,/mnt/public/public_datasets/OpenMMSecV2/Doc/non_aigc/cpmv/imgs/d44ed173fdd941eeb6cdaf12cced9cd4.jpg
-7.220947742462158,6.089537620544434,0.0,AIGC,1,2,2,4,AIGC-Fake,/mnt/public/public_datasets/OpenMMSecV2/AIGC/latent_diffusion/systematic/dc8aa872c1864d5fbfcd88e15362a563.jpg
25.537353515625,-31.26793098449707,0.0,AIGC,0,2,1,3,AIGC-Real,/mnt/public/public_datasets/OpenMMSecV2/AIGC/laion/6e1a4dcbf8294bf9974b5a9a1f813050.jpg
-22.183643341064453,13.312787055969238,0.0,AIGC,1,2,2,4,AIGC-Fake,/mnt/public/public_datasets/OpenMMSecV2/AIGC/latent_diffusion/systematic/1434fbb60392409b922b784e05dbf471.jpg
-6.398515224456787,60.575191497802734,0.0,deepfake,1,1,2,2,Deepfake-Fake,/mnt/public/public_datasets/OpenMMSecV2/Deepfake/Fake/FaceSwap/FSGAN/c0e04fa5371544329c037940d802531f.png
-33.6998291015625,-9.34532356262207,0.0,IMDL,0,4,1,7,IMDL-Real,/mnt/public/public_datasets/OpenMMSecV2/IMDL/non_generative/manual_ps/imgs/6fda926b3c36470ca46af25dd921ae07.jpg
17.509597778320312,-15.528250694274902,0.0,IMDL,0,4,1,7,IMDL-Real,/mnt/public/public_datasets/OpenMMSecV2/IMDL/generative/stable_diffusion/imgs/44f98924949d40998b2e08e5993eb349.png
-33.460540771484375,-44.05488204956055,0.0,Doc,1,3,2,6,Document-Fake,/mnt/public/public_datasets/OpenMMSecV2/Doc/non_aigc/generation/imgs/8abe632e7c5d4dfda5a4b6820c17620f.jpg
12.995738983154297,15.588353157043457,0.0,IMDL,0,4,1,7,IMDL-Real,/mnt/public/public_datasets/OpenMMSecV2/IMDL/generative/coco/imgs/b17b668bedf74d17a072f00d3990a805.jpg
-10.231544494628906,30.94062614440918,0.0,IMDL,0,4,1,7,IMDL-Real,/mnt/public/public_datasets/OpenMMSecV2/IMDL/generative/coco/imgs/4109d5847710418dab6512380938f0e6.jpg
27.67949867248535,-11.305581092834473,0.0,IMDL,0,4,1,7,IMDL-Real,/mnt/public/public_datasets/OpenMMSecV2/IMDL/generative/coco/imgs/3aa979bb3638421ab6788bfb2eb87dea.jpg
-5.310715675354004,-14.4351806640625,0.0,AIGC,0,2,1,3,AIGC-Real,/mnt/public/public_datasets/OpenMMSecV2/AIGC/other/online/imgs/9177fed5e3f1434d891328cffe026f05.jpg
-20.82376480102539,10.397844314575195,0.0,AIGC,1,2,2,4,AIGC-Fake,/mnt/public/public_datasets/OpenMMSecV2/AIGC/latent_diffusion/systematic/2fbc4daaf62f499e85c336cfc37dbd4c.jpg
45.48728561401367,-15.389531135559082,0.0,Doc,1,3,2,6,Document-Fake,/mnt/public/public_datasets/OpenMMSecV2/Doc/aigc/udifftext/imgs/c8d8c942a4944946b9259d2370e09be0.jpg
-3.5520823001861572,-42.57654571533203,0.0,Doc,0,3,1,5,Document-Real,/mnt/public/public_datasets/OpenMMSecV2/Doc/Real/22d0851b87f7437cbe85d03f9e505149.jpg
-9.744576454162598,63.88235855102539,0.0,deepfake,1,1,2,2,Deepfake-Fake,/mnt/public/public_datasets/OpenMMSecV2/Deepfake/Fake/FaceSwap/FSGAN/ad78496c6c8c4bc7ac1d39db24377807.png
-42.88687515258789,-38.060890197753906,0.0,Doc,1,3,2,6,Document-Fake,/mnt/public/public_datasets/OpenMMSecV2/Doc/non_aigc/copy-move/imgs/f4a3a46f75f64f3eaca2f4dbcf07efdb.jpg
-27.962757110595703,30.799283981323242,0.0,AIGC,1,2,2,4,AIGC-Fake,/mnt/public/public_datasets/OpenMMSecV2/AIGC/autoregressive_model/tamingtransformers/e59988f4bdda4483a6925bb7bbde1d0a.jpg
-6.062621116638184,-39.661991119384766,0.0,Doc,1,3,2,6,Document-Fake,/mnt/public/public_datasets/OpenMMSecV2/Doc/aigc/textocr/imgs/cb050a7bb2464c2983f8578969fc4895.jpg
-6.258455753326416,6.414812088012695,0.0,AIGC,0,2,1,3,AIGC-Real,/mnt/public/public_datasets/OpenMMSecV2/AIGC/laion/3a772132002a454daf0d73147e791df3.jpg
43.845054626464844,-14.893266677856445,0.0,Doc,1,3,2,6,Document-Fake,/mnt/public/public_datasets/OpenMMSecV2/Doc/aigc/textdiff/imgs/8008eb952a114816a11e9ae4405469f7.jpg
-18.414796829223633,-45.840938568115234,0.0,Doc,1,3,2,6,Document-Fake,/mnt/public/public_datasets/OpenMMSecV2/Doc/non_aigc/generation/imgs/2fec6a651cee4c2394b9e7993c228153.jpg
38.27183532714844,-16.743799209594727,0.0,IMDL,0,4,1,7,IMDL-Real,/mnt/public/public_datasets/OpenMMSecV2/IMDL/generative/stable_diffusion/imgs/435520c04af5422a8a82eb69e287cccc.png
-18.925249099731445,34.702274322509766,0.0,deepfake,1,1,2,2,Deepfake-Fake,/mnt/public/public_datasets/OpenMMSecV2/Deepfake/Fake/FaceEditing/e4e/a016a0c94dd84f6fbca8a1bd39857e36.jpg
20.392597198486328,-4.930983543395996,0.0,IMDL,0,4,1,7,IMDL-Real,/mnt/public/public_datasets/OpenMMSecV2/IMDL/generative/flux_1/imgs/2bc197b633144279acbdf1c1fc8d43fa.png
-33.69151306152344,-44.53346633911133,0.0,Doc,1,3,2,6,Document-Fake,/mnt/public/public_datasets/OpenMMSecV2/Doc/non_aigc/generation/imgs/7d8ae7c7670f43b4a09a43fb90a54996.jpg
45.98427200317383,-19.369483947753906,0.0,Doc,0,3,1,5,Document-Real,/mnt/public/public_datasets/OpenMMSecV2/Doc/Real/9ca4c8406ed941129e584fd3223f9af2.jpg
5.867062091827393,55.565155029296875,0.0,deepfake,0,1,1,1,Deepfake-Real,/mnt/public/public_datasets/OpenMMSecV2/Deepfake/Real/FF++/d1a640d4ddcc4046a4dce7ee2c3e3536.png
-22.794754028320312,-4.029551982879639,0.0,IMDL,1,4,2,8,IMDL-Fake,/mnt/public/public_datasets/OpenMMSecV2/IMDL/non_generative/manual_ps/imgs/e231bba27809472da409f6f0b6720e0f.jpg
-8.475960731506348,51.83477020263672,0.0,deepfake,1,1,2,2,Deepfake-Fake,/mnt/public/public_datasets/OpenMMSecV2/Deepfake/Fake/FaceEditing/StarGAN/2ae176a05ed347d7a16c304f17ee7051.jpg
-25.95829200744629,-53.90210723876953,0.0,Doc,0,3,1,5,Document-Real,/mnt/public/public_datasets/OpenMMSecV2/Doc/Real/36d7a903bec54db19ca033184987126a.jpg
13.673803329467773,-56.65487289428711,0.0,AIGC,0,2,1,3,AIGC-Real,/mnt/public/public_datasets/OpenMMSecV2/AIGC/laion/76038cae2c4645b9bb75b98dff925659.jpg
-8.666841506958008,-49.93531036376953,0.0,Doc,0,3,1,5,Document-Real,/mnt/public/public_datasets/OpenMMSecV2/Doc/Real/3c6b324b35dd4dbea6cf064079d9fca4.jpg
-21.87221908569336,65.43672180175781,0.0,deepfake,1,1,2,2,Deepfake-Fake,/mnt/public/public_datasets/OpenMMSecV2/Deepfake/Fake/FaceReenactment/OneShot/bb5a731db6fa44f89366ad574509af26.png
25.106483459472656,-10.890398979187012,0.0,Doc,1,3,2,6,Document-Fake,/mnt/public/public_datasets/OpenMMSecV2/Doc/aigc/textdiff/imgs/6f61f59678634cf5917e3d2e15e51133.jpg
-12.977339744567871,-9.26210880279541,0.0,AIGC,1,2,2,4,AIGC-Fake,/mnt/public/public_datasets/OpenMMSecV2/AIGC/other/online/imgs/8fab3bebce6248f6900826d06dea5f67.jpg
-31.44565200805664,-45.00962448120117,0.0,Doc,1,3,2,6,Document-Fake,/mnt/public/public_datasets/OpenMMSecV2/Doc/non_aigc/copy-move/imgs/00ff1199977a41f58724f44a13761faf.jpg
8.896642684936523,-30.5263729095459,0.0,AIGC,0,2,1,3,AIGC-Real,/mnt/public/public_datasets/OpenMMSecV2/AIGC/laion/e0df3c98f75948f39e299be82104d188.jpg
-35.54116439819336,-44.014686584472656,0.0,Doc,1,3,2,6,Document-Fake,/mnt/public/public_datasets/OpenMMSecV2/Doc/non_aigc/generation/imgs/4c17df4989f5401cb97235bc00412960.jpg
-10.428153991699219,65.53008270263672,0.0,deepfake,1,1,2,2,Deepfake-Fake,/mnt/public/public_datasets/OpenMMSecV2/Deepfake/Fake/FaceSwap/InSwapper/d1ebfcc00c7f4affa2e64a9b65762842.png
-11.322164535522461,-1.119576096534729,0.0,AIGC,1,2,2,4,AIGC-Fake,/mnt/public/public_datasets/OpenMMSecV2/AIGC/pixel_diffusion/glide/imgs/898c06a9663a4c39a69e2caf310160be.png
25.35030174255371,-10.700557708740234,0.0,AIGC,0,2,1,3,AIGC-Real,/mnt/public/public_datasets/OpenMMSecV2/AIGC/laion/086b7f31ebc74663bb6eac6ec27dc29c.jpg
-10.56221866607666,27.460590362548828,0.0,AIGC,1,2,2,4,AIGC-Fake,/mnt/public/public_datasets/OpenMMSecV2/AIGC/GAN/StyleSANXL/a70d6bbe72cc4d109e7cf3abea748f94.jpg
-49.50634765625,-39.20318603515625,0.0,Doc,1,3,2,6,Document-Fake,/mnt/public/public_datasets/OpenMMSecV2/Doc/non_aigc/copy-move/imgs/fb40e3268d944956ac8241f6a4e8a198.jpg
15.54525089263916,-25.923337936401367,0.0,AIGC,0,2,1,3,AIGC-Real,/mnt/public/public_datasets/OpenMMSecV2/AIGC/laion/cae9ccd9cb7949258173d36776b44176.jpg
6.454381942749023,-61.761478424072266,0.0,Doc,0,3,1,5,Document-Real,/mnt/public/public_datasets/OpenMMSecV2/Doc/Real/0568bf169c064f0fa222fdebd7a846cb.jpg
-35.643760681152344,-43.131263732910156,0.0,Doc,1,3,2,6,Document-Fake,/mnt/public/public_datasets/OpenMMSecV2/Doc/non_aigc/generation/imgs/973d2256f3fd40d9910730a8a3d3e8e9.jpg
21.517986297607422,45.64649963378906,0.0,deepfake,0,1,1,1,Deepfake-Real,/mnt/public/public_datasets/OpenMMSecV2/Deepfake/Real/CelebDF-v2/2c0dc7795266412299540c6c20c2198f.png
-26.78133773803711,-45.575439453125,0.0,Doc,1,3,2,6,Document-Fake,/mnt/public/public_datasets/OpenMMSecV2/Doc/non_aigc/generation/imgs/9c7761f57ddd427093f9215af859c680.jpg
8.28584098815918,-0.2576453685760498,0.0,IMDL,1,4,2,8,IMDL-Fake,/mnt/public/public_datasets/OpenMMSecV2/IMDL/non_generative/manual_ps/imgs/9d0da58ab54d42f790fae2a84f6df44a.jpg
-12.631133079528809,-11.673543930053711,0.0,IMDL,1,4,2,8,IMDL-Fake,/mnt/public/public_datasets/OpenMMSecV2/IMDL/non_generative/manual_ps/imgs/4abf13d508f54de89d4c378a65771d9e.tif
-22.599428176879883,15.28130054473877,0.0,AIGC,1,2,2,4,AIGC-Fake,/mnt/public/public_datasets/OpenMMSecV2/AIGC/other/online/imgs/7cd1361372fd473893b31b54a37ab2ec.jpg
21.182018280029297,57.23403549194336,0.0,deepfake,0,1,1,1,Deepfake-Real,/mnt/public/public_datasets/OpenMMSecV2/Deepfake/Real/CelebDF-v2/451c8d3b412145aab1b75202e3071e88.png
-11.504648208618164,-53.8605842590332,0.0,Doc,1,3,2,6,Document-Fake,/mnt/public/public_datasets/OpenMMSecV2/Doc/non_aigc/cpmv/imgs/58a2cbdcc3044aaba7b98a12b5da3a90.jpg
-5.355215549468994,48.846946716308594,0.0,deepfake,1,1,2,2,Deepfake-Fake,/mnt/public/public_datasets/OpenMMSecV2/Deepfake/Fake/FaceEditing/StarGANv2/551fba1b8d0246e49fbe44b1c531298f.jpg
4.393594264984131,55.52178955078125,0.0,deepfake,1,1,2,2,Deepfake-Fake,/mnt/public/public_datasets/OpenMMSecV2/Deepfake/Fake/FaceSwap/FaceShifter/c035bdaeb6334f2fae938ef361d1440a.png
13.287074089050293,-13.25199031829834,0.0,Doc,1,3,2,6,Document-Fake,/mnt/public/public_datasets/OpenMMSecV2/Doc/aigc/derend/imgs/50fcb875f65c4d4dbddfbf86690f1ce0.jpg
8.734452247619629,-6.256661891937256,0.0,AIGC,0,2,1,3,AIGC-Real,/mnt/public/public_datasets/OpenMMSecV2/AIGC/other/online/imgs/a6b78ec031924195825878148526f8b4.jpg
-0.12180323153734207,-11.032133102416992,0.0,IMDL,1,4,2,8,IMDL-Fake,/mnt/public/public_datasets/OpenMMSecV2/IMDL/generative/stable_diffusion/imgs/45c1c5fd4d0d42779b746ef096e35aee.png
21.30477523803711,10.386122703552246,0.0,AIGC,0,2,1,3,AIGC-Real,/mnt/public/public_datasets/OpenMMSecV2/AIGC/pixel_diffusion/adm/imgs/bba2140bfa5d4d0681fe91e8452cebd2.JPEG
-19.279796600341797,3.223574161529541,0.0,AIGC,1,2,2,4,AIGC-Fake,/mnt/public/public_datasets/OpenMMSecV2/AIGC/latent_diffusion/systematic/09e50f8e52e3444f975f9ff90196e33d.jpg
14.790168762207031,-38.60499572753906,0.0,AIGC,0,2,1,3,AIGC-Real,/mnt/public/public_datasets/OpenMMSecV2/AIGC/laion/0416117d35644e09a1cdbbb37993e0b4.jpg
-8.522283554077148,-43.86972427368164,0.0,Doc,1,3,2,6,Document-Fake,/mnt/public/public_datasets/OpenMMSecV2/Doc/non_aigc/cover/imgs/92912046f6d74607bb4dc694df2c6347.jpg
-18.517026901245117,-61.816741943359375,0.0,Doc,0,3,1,5,Document-Real,/mnt/public/public_datasets/OpenMMSecV2/Doc/Real/cb0958ba0d774736bd9a3a671591a6b9.jpg
-16.839902877807617,-47.423622131347656,0.0,Doc,1,3,2,6,Document-Fake,/mnt/public/public_datasets/OpenMMSecV2/Doc/non_aigc/generation/imgs/db97a60d82af4134b4be911640af3137.jpg
22.47954559326172,-36.57609176635742,0.0,AIGC,0,2,1,3,AIGC-Real,/mnt/public/public_datasets/OpenMMSecV2/AIGC/laion/0e55d6f528dc40478097e96b809e643e.jpg
35.44439697265625,-21.87618637084961,0.0,IMDL,0,4,1,7,IMDL-Real,/mnt/public/public_datasets/OpenMMSecV2/IMDL/generative/flux_1/imgs/e203c6ef9c244a4d8df62b33302b6a16.png
-33.17311096191406,32.95598602294922,0.0,AIGC,1,2,2,4,AIGC-Fake,/mnt/public/public_datasets/OpenMMSecV2/AIGC/GAN/ProGAN/bbc7db9f61264248bc6cf94b2a5fbd46.jpg
-33.892574310302734,37.76144027709961,0.0,deepfake,1,1,2,2,Deepfake-Fake,/mnt/public/public_datasets/OpenMMSecV2/Deepfake/Fake/EntireFaceSynthesis/StyleGAN2/8d71a10b456a4e81b9a1046e8c7c0069.png
-6.855074882507324,52.09971618652344,0.0,deepfake,1,1,2,2,Deepfake-Fake,/mnt/public/public_datasets/OpenMMSecV2/Deepfake/Fake/FaceEditing/StarGAN/38d9e7cbf6ec4f65b4d08abbf6ce28f9.jpg
-5.888244152069092,-5.824244499206543,0.0,AIGC,1,2,2,4,AIGC-Fake,/mnt/public/public_datasets/OpenMMSecV2/AIGC/other/online/imgs/17d9c92d587e483fa68b8c8a8f68576a.jpg
25.1856632232666,-11.567691802978516,0.0,IMDL,0,4,1,7,IMDL-Real,/mnt/public/public_datasets/OpenMMSecV2/IMDL/generative/coco/imgs/99ada2eae51c4c55af7ce273dbdfcc5b.jpg
25.02942657470703,1.7615729570388794,0.0,IMDL,0,4,1,7,IMDL-Real,/mnt/public/public_datasets/OpenMMSecV2/IMDL/generative/coco/imgs/39957fccdef04e059f73d2a51c127a95.jpg
-2.990356922149658,-40.393192291259766,0.0,Doc,0,3,1,5,Document-Real,/mnt/public/public_datasets/OpenMMSecV2/Doc/Real/e035b5730ad54372be7f935b61e4a071.jpg
52.34916687011719,-15.413276672363281,0.0,Doc,1,3,2,6,Document-Fake,/mnt/public/public_datasets/OpenMMSecV2/Doc/aigc/stefann/imgs/c5642972befc42aca5123549e14cb209.jpg
18.88504981994629,-33.91459655761719,0.0,AIGC,0,2,1,3,AIGC-Real,/mnt/public/public_datasets/OpenMMSecV2/AIGC/laion/c8002b919c8343b0990f37ffb445a99f.jpg
9.698816299438477,-7.111828327178955,0.0,IMDL,0,4,1,7,IMDL-Real,/mnt/public/public_datasets/OpenMMSecV2/IMDL/generative/coco/imgs/9ccfe5d8a3f341d9b40bfd55fbbdc312.jpg
-6.364766597747803,55.63722229003906,0.0,deepfake,1,1,2,2,Deepfake-Fake,/mnt/public/public_datasets/OpenMMSecV2/Deepfake/Fake/EntireFaceSynthesis/DiT-XL/ebea820d18b54ffcaf1950081c8a299f.png
-11.620019912719727,31.3726749420166,0.0,deepfake,0,1,1,1,Deepfake-Real,/mnt/public/public_datasets/OpenMMSecV2/Deepfake/Real/FFHQ/faba6f8d6dac4ad7932937c8eda6ee28.jpeg
27.470417022705078,2.3692052364349365,0.0,IMDL,0,4,1,7,IMDL-Real,/mnt/public/public_datasets/OpenMMSecV2/IMDL/generative/stable_diffusion/imgs/b2cf6883aad64e69a7bd8be866b4fa9c.png
16.19284439086914,14.882013320922852,0.0,IMDL,1,4,2,8,IMDL-Fake,/mnt/public/public_datasets/OpenMMSecV2/IMDL/generative/stable_diffusion/imgs/e2e5c5a9b7fe467fb273a25f8317ddb2.png
-16.70006561279297,-12.121713638305664,0.0,IMDL,0,4,1,7,IMDL-Real,/mnt/public/public_datasets/OpenMMSecV2/IMDL/non_generative/manual_ps/imgs/ac8cf654b8254d42a96ee65e82ebdf31.jpg
-15.259387016296387,-54.404510498046875,0.0,Doc,1,3,2,6,Document-Fake,/mnt/public/public_datasets/OpenMMSecV2/Doc/non_aigc/cover/imgs/c507f6da90ce4fee9404273e8601e431.jpg
14.445525169372559,53.87787628173828,0.0,deepfake,0,1,1,1,Deepfake-Real,/mnt/public/public_datasets/OpenMMSecV2/Deepfake/Real/CelebDF-v2/5a8d4b12a3a945979cf116f98a443fe0.png
-25.544668197631836,-46.661991119384766,0.0,Doc,1,3,2,6,Document-Fake,/mnt/public/public_datasets/OpenMMSecV2/Doc/non_aigc/copy-move/imgs/58b4c9bfbd5d44d89c0ba13f34f6a447.jpg
2.8601057529449463,-8.32591438293457,0.0,AIGC,0,2,1,3,AIGC-Real,/mnt/public/public_datasets/OpenMMSecV2/AIGC/laion/e2832ce50bbb40e38582e24f6e51e3e6.jpg
-17.828895568847656,-47.14698791503906,0.0,Doc,1,3,2,6,Document-Fake,/mnt/public/public_datasets/OpenMMSecV2/Doc/non_aigc/copy-move/imgs/0485aec3cedd4083a6b5daafa04dfc49.jpg
30.492982864379883,-19.74588966369629,0.0,IMDL,0,4,1,7,IMDL-Real,/mnt/public/public_datasets/OpenMMSecV2/IMDL/generative/flux_1/imgs/e31126056ed246deadd10d34c55938d7.png
-45.11005401611328,-38.67310333251953,0.0,Doc,1,3,2,6,Document-Fake,/mnt/public/public_datasets/OpenMMSecV2/Doc/non_aigc/copy-move/imgs/5947a1edf1c24e1f9063d80ff94f867e.jpg
-45.65678787231445,-37.13835144042969,0.0,Doc,1,3,2,6,Document-Fake,/mnt/public/public_datasets/OpenMMSecV2/Doc/non_aigc/generation/imgs/6d31d95640864a26bb647f764e312c36.jpg
-19.837308883666992,31.099966049194336,0.0,AIGC,1,2,2,4,AIGC-Fake,/mnt/public/public_datasets/OpenMMSecV2/AIGC/GAN/StyleSANXL/171983100c2a43fb9d2814af62a2c042.jpg
-8.609062194824219,18.60268783569336,0.0,IMDL,1,4,2,8,IMDL-Fake,/mnt/public/public_datasets/OpenMMSecV2/IMDL/generative/flux_1/imgs/8550983452a14a22b0e8f1c7c6f58ba1.png
-33.12856674194336,-45.547332763671875,0.0,Doc,1,3,2,6,Document-Fake,/mnt/public/public_datasets/OpenMMSecV2/Doc/non_aigc/generation/imgs/324934ec4d4a459c92cc22467f46b2fa.jpg
-5.596267223358154,16.662458419799805,0.0,AIGC,0,2,1,3,AIGC-Real,/mnt/public/public_datasets/OpenMMSecV2/AIGC/GAN/BigGAN/imgs/850a95250d164299881d5f1847645c32.JPEG
-17.920866012573242,-44.95689010620117,0.0,Doc,1,3,2,6,Document-Fake,/mnt/public/public_datasets/OpenMMSecV2/Doc/non_aigc/generation/imgs/5ca7b63ebabe4cd1920cb528e1ac1059.jpg
15.88797664642334,45.83828353881836,0.0,deepfake,0,1,1,1,Deepfake-Real,/mnt/public/public_datasets/OpenMMSecV2/Deepfake/Real/FF++/7e4e93e75919469fb7cb9f48e23496eb.png
2.8106555938720703,-21.36058807373047,0.0,AIGC,1,2,2,4,AIGC-Fake,/mnt/public/public_datasets/OpenMMSecV2/AIGC/other/online/imgs/4f38201429b64acbb7e72e3a0de5b3f2.jpg
-6.660955429077148,-42.59547424316406,0.0,AIGC,0,2,1,3,AIGC-Real,/mnt/public/public_datasets/OpenMMSecV2/AIGC/laion/42de318810424063870d60e53d1757f0.jpg
-5.734434127807617,-5.166458606719971,0.0,IMDL,0,4,1,7,IMDL-Real,/mnt/public/public_datasets/OpenMMSecV2/IMDL/generative/stable_diffusion/imgs/b09a5f7a0b1641c5977b54a53680c2ac.png
32.771907806396484,-24.168333053588867,0.0,Doc,0,3,1,5,Document-Real,/mnt/public/public_datasets/OpenMMSecV2/Doc/Real/404187a2ae2243b593524d5dd33d68a9.jpg
3.4786572456359863,-21.689697265625,0.0,AIGC,1,2,2,4,AIGC-Fake,/mnt/public/public_datasets/OpenMMSecV2/AIGC/other/online/imgs/650bdeced4f94e3fa843046b1b5e4175.jpg
16.600080490112305,-39.52151107788086,0.0,AIGC,0,2,1,3,AIGC-Real,/mnt/public/public_datasets/OpenMMSecV2/AIGC/laion/ac60de338a0b460d8c1aa2639b945a47.jpg
-1.6448239088058472,-16.979236602783203,0.0,IMDL,1,4,2,8,IMDL-Fake,/mnt/public/public_datasets/OpenMMSecV2/IMDL/non_generative/manual_ps/imgs/2422966c5d184f32859f928d79123ea3.jpg
-17.581340789794922,-60.20204162597656,0.0,Doc,1,3,2,6,Document-Fake,/mnt/public/public_datasets/OpenMMSecV2/Doc/non_aigc/cpmv/imgs/7e9f6d49e7ec4b5f9a5606d6efa90308.jpg
43.59953308105469,-13.480119705200195,0.0,Doc,0,3,1,5,Document-Real,/mnt/public/public_datasets/OpenMMSecV2/Doc/aigc/derend/imgs/397083a7b8ca4ea6837bb0c51efd8571.jpg
15.216263771057129,60.76625442504883,0.0,deepfake,0,1,1,1,Deepfake-Real,/mnt/public/public_datasets/OpenMMSecV2/Deepfake/Real/UADFV/2a75a0548ee849e79db2c293cdfa333f.png
-23.86626625061035,-9.709548950195312,0.0,IMDL,1,4,2,8,IMDL-Fake,/mnt/public/public_datasets/OpenMMSecV2/IMDL/non_generative/manual_ps/imgs/e3061956d30d4ac3a147e8968089d5a9.jpg
23.220701217651367,46.15438461303711,0.0,deepfake,0,1,1,1,Deepfake-Real,/mnt/public/public_datasets/OpenMMSecV2/Deepfake/Real/CelebDF-v2/d4fda6bbc68346bca8175a74925342a1.png
1.60447096824646,-57.55072021484375,0.0,Doc,1,3,2,6,Document-Fake,/mnt/public/public_datasets/OpenMMSecV2/Doc/non_aigc/cpmv/imgs/8903c3131c314bea9bd901969affd91f.jpg
-5.107484340667725,11.739480972290039,0.0,AIGC,1,2,2,4,AIGC-Fake,/mnt/public/public_datasets/OpenMMSecV2/AIGC/latent_diffusion/systematic/ae3ac19e959142b4b92ccb341cdffffc.jpg
9.044963836669922,61.10984802246094,0.0,deepfake,0,1,1,1,Deepfake-Real,/mnt/public/public_datasets/OpenMMSecV2/Deepfake/Real/CelebDF-v2/863e2e5a4c184f3abd9ef18d74d6e173.png
20.987308502197266,-7.809537887573242,0.0,IMDL,0,4,1,7,IMDL-Real,/mnt/public/public_datasets/OpenMMSecV2/IMDL/generative/stable_diffusion/imgs/bc322d32a2964caf942af1cd0aa1362e.png
15.15265941619873,7.607644557952881,0.0,IMDL,1,4,2,8,IMDL-Fake,/mnt/public/public_datasets/OpenMMSecV2/IMDL/generative/stable_diffusion/imgs/b91cd3a3e6af4c39afc3e9fb1a0ec72b.tiff
-13.958471298217773,60.196353912353516,0.0,deepfake,1,1,2,2,Deepfake-Fake,/mnt/public/public_datasets/OpenMMSecV2/Deepfake/Fake/FaceSwap/FSGAN/50c0c4b676604795be65705eea6c078a.png
12.889293670654297,-4.34211540222168,0.0,AIGC,1,2,2,4,AIGC-Fake,/mnt/public/public_datasets/OpenMMSecV2/AIGC/GAN/GigaGAN/695b25ccd1d64a089506e81a6c849318.jpg
29.436023712158203,-0.6095597147941589,0.0,Doc,0,3,1,5,Document-Real,/mnt/public/public_datasets/OpenMMSecV2/Doc/Real/208e5bc6b61345a1a5db5e395917da73.jpg
10.018852233886719,47.179317474365234,0.0,deepfake,0,1,1,1,Deepfake-Real,/mnt/public/public_datasets/OpenMMSecV2/Deepfake/Real/FF++/23b57e89648b4554850a9fa126289743.png
10.188117980957031,-66.07767486572266,0.0,Doc,0,3,1,5,Document-Real,/mnt/public/public_datasets/OpenMMSecV2/Doc/Real/91a4ce40acd840eaadcee783d2137eed.jpg
-0.3198397159576416,-7.553594589233398,0.0,IMDL,1,4,2,8,IMDL-Fake,/mnt/public/public_datasets/OpenMMSecV2/IMDL/non_generative/manual_ps/imgs/a4d3ef8b8f424724af15769e4732ff73.jpg
17.336692810058594,1.7368890047073364,0.0,Doc,1,3,2,6,Document-Fake,/mnt/public/public_datasets/OpenMMSecV2/Doc/aigc/textocr/imgs/b257ab46c2d64236b147b03cbcf6b01a.jpg
11.552252769470215,46.89955520629883,0.0,deepfake,0,1,1,1,Deepfake-Real,/mnt/public/public_datasets/OpenMMSecV2/Deepfake/Real/FF++/dbd9297624cf4eb1b842cd25eb6b08d5.png
4.1331658363342285,52.612430572509766,0.0,deepfake,0,1,1,1,Deepfake-Real,/mnt/public/public_datasets/OpenMMSecV2/Deepfake/Real/DFD/068c33d7fafa44179c870a9c41055c6f.png
18.90001106262207,60.66173553466797,0.0,deepfake,0,1,1,1,Deepfake-Real,/mnt/public/public_datasets/OpenMMSecV2/Deepfake/Real/UADFV/cb6abb4d8d0346ac9bffb13275d699c7.png
7.879120826721191,-1.841326355934143,0.0,IMDL,1,4,2,8,IMDL-Fake,/mnt/public/public_datasets/OpenMMSecV2/IMDL/non_generative/manual_ps/imgs/7158a7fd89b1423ba29775b03c4fac38.jpg
-22.038236618041992,8.256989479064941,0.0,AIGC,1,2,2,4,AIGC-Fake,/mnt/public/public_datasets/OpenMMSecV2/AIGC/GAN/styleGANs/5e9f45fb578c48a3a134861c1b506887.jpg
-16.282352447509766,-1.3462718725204468,0.0,AIGC,1,2,2,4,AIGC-Fake,/mnt/public/public_datasets/OpenMMSecV2/AIGC/GAN/BigGAN/cdda310f5c814cd286302061c6b8c2ba.jpg
11.980228424072266,65.94122314453125,0.0,deepfake,0,1,1,1,Deepfake-Real,/mnt/public/public_datasets/OpenMMSecV2/Deepfake/Real/FF++/bf5a016e96bd42c9b8ec6496f3233e80.png
47.47944259643555,-12.634480476379395,0.0,Doc,0,3,1,5,Document-Real,/mnt/public/public_datasets/OpenMMSecV2/Doc/Real/14080e9a4bd04c37b5bb5054b2f373b3.jpg
15.69416332244873,-37.604583740234375,0.0,AIGC,0,2,1,3,AIGC-Real,/mnt/public/public_datasets/OpenMMSecV2/AIGC/laion/cb8d442f315d4e9b8f8ba0abfa2b180d.jpg
1.9650521278381348,44.98239517211914,0.0,deepfake,1,1,2,2,Deepfake-Fake,/mnt/public/public_datasets/OpenMMSecV2/Deepfake/Fake/FaceEditing/StarGAN/b1afd0ece9444093bd09398e27aec302.jpg
-10.583303451538086,-12.908332824707031,0.0,IMDL,0,4,1,7,IMDL-Real,/mnt/public/public_datasets/OpenMMSecV2/IMDL/non_generative/manual_ps/imgs/30307de99e1b41e79c5220374938c887.jpg
51.49613571166992,-14.733293533325195,0.0,Doc,0,3,1,5,Document-Real,/mnt/public/public_datasets/OpenMMSecV2/Doc/Real/5932d42c15ff401faf7164524f1560a7.jpg
-20.733306884765625,12.311651229858398,0.0,AIGC,1,2,2,4,AIGC-Fake,/mnt/public/public_datasets/OpenMMSecV2/AIGC/latent_diffusion/systematic/b381051ea0d04d78bd69d231b9b27548.jpg
28.26860237121582,-22.947038650512695,0.0,AIGC,0,2,1,3,AIGC-Real,/mnt/public/public_datasets/OpenMMSecV2/AIGC/laion/05dea69232d343c3b2198497e514c56c.jpg
-9.908818244934082,-41.87763977050781,0.0,Doc,0,3,1,5,Document-Real,/mnt/public/public_datasets/OpenMMSecV2/Doc/Real/8dbf46f196bb4beea83b3a455e8ce949.jpg
44.6405029296875,-14.035802841186523,0.0,Doc,1,3,2,6,Document-Fake,/mnt/public/public_datasets/OpenMMSecV2/Doc/aigc/textdiff/imgs/526003f602fc4780baa2d3d5e5789e24.jpg
-25.03217124938965,-8.604578018188477,0.0,IMDL,0,4,1,7,IMDL-Real,/mnt/public/public_datasets/OpenMMSecV2/IMDL/generative/stable_diffusion/imgs/ecf04c39ca894908a2e89b70bf6d8db2.png
-18.770427703857422,-46.486572265625,0.0,Doc,1,3,2,6,Document-Fake,/mnt/public/public_datasets/OpenMMSecV2/Doc/non_aigc/generation/imgs/d1f84e900c684d37ac21d76cc893cb27.jpg
14.127296447753906,12.082839012145996,0.0,IMDL,0,4,1,7,IMDL-Real,/mnt/public/public_datasets/OpenMMSecV2/IMDL/generative/coco/imgs/b8cd6507da41400baf7c34595cef4191.jpg
-34.07698440551758,36.599456787109375,0.0,deepfake,1,1,2,2,Deepfake-Fake,/mnt/public/public_datasets/OpenMMSecV2/Deepfake/Fake/EntireFaceSynthesis/StyleGAN2/e88bb40ece5c4c78a92f67a91ae179b5.png
24.643136978149414,4.137105464935303,0.0,IMDL,0,4,1,7,IMDL-Real,/mnt/public/public_datasets/OpenMMSecV2/IMDL/generative/stable_diffusion/imgs/6ab258e2280d40f98dc941409ba58f7a.png
4.968979358673096,55.91447448730469,0.0,deepfake,1,1,2,2,Deepfake-Fake,/mnt/public/public_datasets/OpenMMSecV2/Deepfake/Fake/EntireFaceSynthesis/SiT-XL/936ad946f13d4dd4a4ebbb786f195d9b.png
13.527962684631348,53.05310821533203,0.0,deepfake,0,1,1,1,Deepfake-Real,/mnt/public/public_datasets/OpenMMSecV2/Deepfake/Real/CelebDF-v2/60240697823a499cb7dc85279a3a94d0.png
28.136959075927734,-5.005012512207031,0.0,Doc,0,3,1,5,Document-Real,/mnt/public/public_datasets/OpenMMSecV2/Doc/Real/ed51f645b2114153a5b69bfcec0d9a62.jpg
23.97503662109375,-36.71916580200195,0.0,Doc,1,3,2,6,Document-Fake,/mnt/public/public_datasets/OpenMMSecV2/Doc/aigc/textocr/imgs/ce69d62999ff4383a32deb8c1c0fc5ca.jpg
44.03264236450195,-15.15396499633789,0.0,Doc,0,3,1,5,Document-Real,/mnt/public/public_datasets/OpenMMSecV2/Doc/Real/bbbf158a16224572b76417c14f92c1a3.jpg
13.38508129119873,-25.854061126708984,0.0,AIGC,0,2,1,3,AIGC-Real,/mnt/public/public_datasets/OpenMMSecV2/AIGC/laion/64e07a0a275d4ff5b3e2636055aa0bb2.jpg
11.858003616333008,-65.97425842285156,0.0,Doc,0,3,1,5,Document-Real,/mnt/public/public_datasets/OpenMMSecV2/Doc/Real/2638eb4855234f2b987aa46f908efb3d.jpg
16.424528121948242,63.42229461669922,0.0,deepfake,0,1,1,1,Deepfake-Real,/mnt/public/public_datasets/OpenMMSecV2/Deepfake/Real/FF++/864e1751d8e84505861dbc1f22baa657.png
-23.983749389648438,10.806745529174805,0.0,AIGC,1,2,2,4,AIGC-Fake,/mnt/public/public_datasets/OpenMMSecV2/AIGC/commercial/dalle/a2fc3babada0418c9225b04b5a81defb.jpg
-25.089908599853516,-45.2551155090332,0.0,Doc,1,3,2,6,Document-Fake,/mnt/public/public_datasets/OpenMMSecV2/Doc/non_aigc/copy-move/imgs/fd796be04dcb4dd3a7b0f33277820223.jpg
-21.637434005737305,31.519691467285156,0.0,AIGC,1,2,2,4,AIGC-Fake,/mnt/public/public_datasets/OpenMMSecV2/AIGC/autoregressive_model/tamingtransformers/a90e093141e64877a4e639a4d7bc8163.jpg
-48.9807243347168,-40.54673767089844,0.0,Doc,1,3,2,6,Document-Fake,/mnt/public/public_datasets/OpenMMSecV2/Doc/non_aigc/copy-move/imgs/82cf24f3201749a394c7788af7c0eb14.jpg
-37.06945037841797,-8.545394897460938,0.0,IMDL,1,4,2,8,IMDL-Fake,/mnt/public/public_datasets/OpenMMSecV2/IMDL/generative/gan_mat/imgs/24d5511e60d8486196d863003a6d315f.jpg
-22.683513641357422,67.91712951660156,0.0,deepfake,1,1,2,2,Deepfake-Fake,/mnt/public/public_datasets/OpenMMSecV2/Deepfake/Fake/FaceSwap/FSGAN/af9db2d1b6af4be9b3f431f79c9d5761.png
-47.82667541503906,-41.48253631591797,0.0,Doc,1,3,2,6,Document-Fake,/mnt/public/public_datasets/OpenMMSecV2/Doc/non_aigc/copy-move/imgs/69a82df1f5ff43a3930323a5a1bad355.jpg
18.342336654663086,-33.170166015625,0.0,AIGC,0,2,1,3,AIGC-Real,/mnt/public/public_datasets/OpenMMSecV2/AIGC/laion/280238b6e9e44e438fae14d61361c13e.jpg
-15.794150352478027,9.610288619995117,0.0,IMDL,1,4,2,8,IMDL-Fake,/mnt/public/public_datasets/OpenMMSecV2/IMDL/non_generative/manual_ps/imgs/276eab40a8094caa8b2bf8493792e19e.jpg
18.93401527404785,9.590258598327637,0.0,IMDL,0,4,1,7,IMDL-Real,/mnt/public/public_datasets/OpenMMSecV2/IMDL/generative/stable_diffusion/imgs/9f9ffe68d9554e5f9be2584900c98213.png
34.585166931152344,-25.244747161865234,0.0,Doc,0,3,1,5,Document-Real,/mnt/public/public_datasets/OpenMMSecV2/Doc/aigc/stefann/imgs/986d2a4430874515805bd83e909ac954.jpg
9.88140869140625,-34.59410858154297,0.0,AIGC,1,2,2,4,AIGC-Fake,/mnt/public/public_datasets/OpenMMSecV2/AIGC/pixel_diffusion/glide/b6d2ee15b0de4c98a5f515ad9a57c0bc.jpg
37.882083892822266,-25.319549560546875,0.0,Doc,0,3,1,5,Document-Real,/mnt/public/public_datasets/OpenMMSecV2/Doc/Real/17ddc59005104deaba80bc915d0cbcf5.jpg
18.690147399902344,-39.40913391113281,0.0,AIGC,0,2,1,3,AIGC-Real,/mnt/public/public_datasets/OpenMMSecV2/AIGC/laion/2c41fe6b1d5d47819d761a0c298fd4bf.jpg
-6.403812885284424,0.2815267741680145,0.0,AIGC,1,2,2,4,AIGC-Fake,/mnt/public/public_datasets/OpenMMSecV2/AIGC/latent_diffusion/systematic/6195c74713284d5d9577aa0c396fad68.jpg
16.64107322692871,62.7044677734375,0.0,deepfake,0,1,1,1,Deepfake-Real,/mnt/public/public_datasets/OpenMMSecV2/Deepfake/Real/FF++/e72ec4568d0143908c1751f8a5b0b8ce.png
7.1265716552734375,-3.9312894344329834,0.0,AIGC,1,2,2,4,AIGC-Fake,/mnt/public/public_datasets/OpenMMSecV2/AIGC/pixel_diffusion/guided_diffusion/4492bf922d7c4d329058474e8d92c633.jpg
41.216217041015625,-14.937934875488281,0.0,Doc,1,3,2,6,Document-Fake,/mnt/public/public_datasets/OpenMMSecV2/Doc/aigc/textdiff/imgs/5deb3f91c3804e8eb8041d25f100ecfc.jpg
5.306872844696045,-9.658056259155273,0.0,AIGC,0,2,1,3,AIGC-Real,/mnt/public/public_datasets/OpenMMSecV2/AIGC/GAN/BigGAN/imgs/b70a4c8cc84d4902a7c7ad58fd8c33f0.JPEG
-30.352670669555664,36.260677337646484,0.0,deepfake,1,1,2,2,Deepfake-Fake,/mnt/public/public_datasets/OpenMMSecV2/Deepfake/Fake/FaceEditing/e4e/1c8032448c1b482db9b6018ef21f5120.jpg
4.283407211303711,59.05882263183594,0.0,deepfake,0,1,1,1,Deepfake-Real,/mnt/public/public_datasets/OpenMMSecV2/Deepfake/Real/CelebDF-v2/d4375295ff624ffb949a7a5e5eda1e8b.png
-15.731016159057617,59.36027145385742,0.0,deepfake,1,1,2,2,Deepfake-Fake,/mnt/public/public_datasets/OpenMMSecV2/Deepfake/Fake/FaceSwap/UniFace/7a3e5733ff724bbcb4c344607370bc01.png
-20.840593338012695,63.770484924316406,0.0,deepfake,1,1,2,2,Deepfake-Fake,/mnt/public/public_datasets/OpenMMSecV2/Deepfake/Fake/FaceReenactment/FS_vid2vid/45da03461490428b8a141ff3a322020e.png
-30.808712005615234,38.14011764526367,0.0,deepfake,1,1,2,2,Deepfake-Fake,/mnt/public/public_datasets/OpenMMSecV2/Deepfake/Fake/FaceEditing/e4e/1b6fd6ef36ad49dbacabdaef3b282c1e.jpg
-3.5027546882629395,49.778282165527344,0.0,deepfake,1,1,2,2,Deepfake-Fake,/mnt/public/public_datasets/OpenMMSecV2/Deepfake/Fake/FaceEditing/StarGANv2/de80d2497f6c4826b37973b5210552a3.jpg
-32.516021728515625,40.197444915771484,0.0,deepfake,1,1,2,2,Deepfake-Fake,/mnt/public/public_datasets/OpenMMSecV2/Deepfake/Fake/FaceSwap/e4s/3295aca0ebe14c80be609b17c38dc031.png
5.800327777862549,61.37161636352539,0.0,deepfake,1,1,2,2,Deepfake-Fake,/mnt/public/public_datasets/OpenMMSecV2/Deepfake/Fake/FaceSwap/e4s/7112148c3813465895bba7bef3103f04.png
8.981172561645508,-37.676734924316406,0.0,AIGC,1,2,2,4,AIGC-Fake,/mnt/public/public_datasets/OpenMMSecV2/AIGC/commercial/ideogram/71f68c01379a4228957be87196be222b.jpg
-12.003010749816895,52.89118957519531,0.0,deepfake,1,1,2,2,Deepfake-Fake,/mnt/public/public_datasets/OpenMMSecV2/Deepfake/Fake/FaceEditing/StarGAN/05865420ebdd4d86b891f4bd5ebb1177.jpg
-33.62964630126953,37.33712387084961,0.0,deepfake,1,1,2,2,Deepfake-Fake,/mnt/public/public_datasets/OpenMMSecV2/Deepfake/Fake/EntireFaceSynthesis/StyleGAN2/f16c9445f25940a0b26b9224391ff103.png
-14.269155502319336,11.684110641479492,0.0,IMDL,1,4,2,8,IMDL-Fake,/mnt/public/public_datasets/OpenMMSecV2/IMDL/non_generative/manual_ps/imgs/57fffcbbec8948139901691f3b11f6e6.jpg
20.161556243896484,54.020301818847656,0.0,deepfake,0,1,1,1,Deepfake-Real,/mnt/public/public_datasets/OpenMMSecV2/Deepfake/Real/FF++/ec507185c29d4385b6e4646208f0c288.png
-18.2390193939209,65.53392791748047,0.0,deepfake,1,1,2,2,Deepfake-Fake,/mnt/public/public_datasets/OpenMMSecV2/Deepfake/Fake/FaceReenactment/MRAA/ec4e3f6d85d14199850305b3f9d1ec9c.png
-15.653711318969727,-32.36649703979492,0.0,IMDL,0,4,1,7,IMDL-Real,/mnt/public/public_datasets/OpenMMSecV2/IMDL/generative/stable_diffusion/imgs/b231775c13d44de1a98046bc8b8be405.png
24.392576217651367,-27.92902183532715,0.0,IMDL,1,4,2,8,IMDL-Fake,/mnt/public/public_datasets/OpenMMSecV2/IMDL/non_generative/manual_ps/imgs/8a8b82322936497784b99ec689ff4ea0.jpg
12.080894470214844,-5.511415004730225,0.0,IMDL,0,4,1,7,IMDL-Real,/mnt/public/public_datasets/OpenMMSecV2/IMDL/generative/coco/imgs/4fccc9cfb789477dab306ee3643af4d9.jpg
-32.03547286987305,-55.13335418701172,0.0,Doc,1,3,2,6,Document-Fake,/mnt/public/public_datasets/OpenMMSecV2/Doc/non_aigc/generation/imgs/2b4163093774465a9163c086db44ba18.jpg
-33.17684555053711,32.5802116394043,0.0,AIGC,1,2,2,4,AIGC-Fake,/mnt/public/public_datasets/OpenMMSecV2/AIGC/GAN/ProGAN/5602dbe6c2a440d69ea7c06b7eceb63b.jpg
3.5621325969696045,-4.697575569152832,0.0,IMDL,0,4,1,7,IMDL-Real,/mnt/public/public_datasets/OpenMMSecV2/IMDL/generative/flux_1/imgs/3a172e91d0334b8dad626b5c77318385.png
13.258676528930664,2.044834613800049,0.0,IMDL,0,4,1,7,IMDL-Real,/mnt/public/public_datasets/OpenMMSecV2/IMDL/generative/coco/imgs/c0ac0388a1a54214b325ddd19294e55e.jpg
-4.48587703704834,-5.9181694984436035,0.0,AIGC,1,2,2,4,AIGC-Fake,/mnt/public/public_datasets/OpenMMSecV2/AIGC/pixel_diffusion/guided_diffusion/0721f925c5c149908e62f08801b4a79d.jpg
22.718177795410156,17.255863189697266,0.0,IMDL,0,4,1,7,IMDL-Real,/mnt/public/public_datasets/OpenMMSecV2/IMDL/non_generative/manual_ps/imgs/7eb19e5d71b5458e8d0f51d72b8eeae7.jpg
14.345431327819824,59.497589111328125,0.0,deepfake,0,1,1,1,Deepfake-Real,/mnt/public/public_datasets/OpenMMSecV2/Deepfake/Real/CelebDF-v2/545690271d814c059b00b40da8e3ff5b.png
17.62012481689453,-18.828601837158203,0.0,IMDL,0,4,1,7,IMDL-Real,/mnt/public/public_datasets/OpenMMSecV2/IMDL/generative/flux_1/imgs/d466978c7b8e4c5fb778e2e4522a7349.png
3.585493564605713,-20.79877471923828,0.0,AIGC,1,2,2,4,AIGC-Fake,/mnt/public/public_datasets/OpenMMSecV2/AIGC/other/online/imgs/fde4a0de22e4455ebad84fc3952ba7bf.jpg
11.611152648925781,48.261348724365234,0.0,deepfake,0,1,1,1,Deepfake-Real,/mnt/public/public_datasets/OpenMMSecV2/Deepfake/Real/FF++/c77f8c48efc04b5cae344bf4b4859695.png
15.652403831481934,-35.4544563293457,0.0,AIGC,0,2,1,3,AIGC-Real,/mnt/public/public_datasets/OpenMMSecV2/AIGC/laion/6f421025280a4d7fa8e6e7b380a387d7.jpg
-9.854280471801758,51.81524658203125,0.0,deepfake,1,1,2,2,Deepfake-Fake,/mnt/public/public_datasets/OpenMMSecV2/Deepfake/Fake/FaceEditing/StarGANv2/a432db91da674b2e9b2f47e74daa7395.jpg
40.244441986083984,-22.08111572265625,0.0,Doc,0,3,1,5,Document-Real,/mnt/public/public_datasets/OpenMMSecV2/Doc/aigc/derend/imgs/914c84a50809409e9d8a4118e0e656d3.jpg
-9.85229778289795,-41.47407531738281,0.0,Doc,0,3,1,5,Document-Real,/mnt/public/public_datasets/OpenMMSecV2/Doc/Real/67beea34ac054c938789e33d05dd67ba.jpg
-11.660611152648926,8.69752311706543,0.0,Doc,1,3,2,6,Document-Fake,/mnt/public/public_datasets/OpenMMSecV2/Doc/aigc/textdiff/imgs/75e4ce0f805341b0a866e2159a4fe8f3.jpg
-12.184737205505371,-55.891563415527344,0.0,Doc,0,3,1,5,Document-Real,/mnt/public/public_datasets/OpenMMSecV2/Doc/Real/1f95f481884749f5a9c2fd663a4df9f6.jpg
0.5523014068603516,55.250308990478516,0.0,deepfake,0,1,1,1,Deepfake-Real,/mnt/public/public_datasets/OpenMMSecV2/Deepfake/Real/CelebDF-v2/47a499a1a44c41a1bd14b5cb2998fbbc.png
-0.30490925908088684,-14.552168846130371,0.0,IMDL,0,4,1,7,IMDL-Real,/mnt/public/public_datasets/OpenMMSecV2/IMDL/non_generative/manual_ps/imgs/d0a2e5005448479388109fca79661791.jpg
-9.07425594329834,-45.38604736328125,0.0,Doc,0,3,1,5,Document-Real,/mnt/public/public_datasets/OpenMMSecV2/Doc/Real/514378c3ac094bce9f5e5361e9579349.jpg
49.356136322021484,-15.23951530456543,0.0,Doc,0,3,1,5,Document-Real,/mnt/public/public_datasets/OpenMMSecV2/Doc/Real/9937aed66d2c47d19105f4a9d06460f4.jpg
12.509015083312988,-56.58238220214844,0.0,AIGC,1,2,2,4,AIGC-Fake,/mnt/public/public_datasets/OpenMMSecV2/AIGC/latent_diffusion/systematic/8e328d5637404141a9d3b27a886067e0.jpg
12.89924430847168,4.296764850616455,0.0,IMDL,0,4,1,7,IMDL-Real,/mnt/public/public_datasets/OpenMMSecV2/IMDL/generative/stable_diffusion/imgs/ef000abb637e4a6fbac5ba3cce2c8a64.png
-16.70897674560547,29.875612258911133,0.0,AIGC,1,2,2,4,AIGC-Fake,/mnt/public/public_datasets/OpenMMSecV2/AIGC/GAN/styleGANs/69f690134b27419ea3450240f1cb1663.jpg
22.605701446533203,20.4509220123291,0.0,IMDL,0,4,1,7,IMDL-Real,/mnt/public/public_datasets/OpenMMSecV2/IMDL/generative/stable_diffusion/imgs/3b3dc8e4b484430d8566d314c5c4d923.png
27.729366302490234,-1.897825002670288,0.0,IMDL,0,4,1,7,IMDL-Real,/mnt/public/public_datasets/OpenMMSecV2/IMDL/generative/flux_1/imgs/6a6e7afb3bbc4848b92054571429599d.png
25.359214782714844,-1.615725040435791,0.0,IMDL,0,4,1,7,IMDL-Real,/mnt/public/public_datasets/OpenMMSecV2/IMDL/generative/flux_1/imgs/ddc1d56197d140c489e3f8f7533a30af.png
0.6169760823249817,20.770069122314453,0.0,AIGC,0,2,1,3,AIGC-Real,/mnt/public/public_datasets/OpenMMSecV2/AIGC/pixel_diffusion/adm/imgs/8f97384e747849fe93cb1c1816dba824.JPEG
-25.720943450927734,-45.5629997253418,0.0,Doc,1,3,2,6,Document-Fake,/mnt/public/public_datasets/OpenMMSecV2/Doc/non_aigc/generation/imgs/e055c9d9b6ee435eae2c3a8826fa108d.jpg
19.098474502563477,0.6177647709846497,0.0,AIGC,1,2,2,4,AIGC-Fake,/mnt/public/public_datasets/OpenMMSecV2/AIGC/pixel_diffusion/adm/imgs/3d43c069b9d64659950695e669855222.PNG
-27.138504028320312,29.53559112548828,0.0,deepfake,1,1,2,2,Deepfake-Fake,/mnt/public/public_datasets/OpenMMSecV2/Deepfake/Fake/EntireFaceSynthesis/WhichisReal/4c63efc255d84a2a90f0d87b261bc987.png
-20.437545776367188,-6.802921772003174,0.0,IMDL,1,4,2,8,IMDL-Fake,/mnt/public/public_datasets/OpenMMSecV2/IMDL/generative/stable_diffusion/imgs/2aedf53ea8124b389f35a9d79ff07462.png
-16.810232162475586,63.292503356933594,0.0,deepfake,1,1,2,2,Deepfake-Fake,/mnt/public/public_datasets/OpenMMSecV2/Deepfake/Fake/FaceSwap/BlendFace/52fb39146e0247a896e1bb4a1d0f972e.png
17.006189346313477,-20.071523666381836,0.0,AIGC,0,2,1,3,AIGC-Real,/mnt/public/public_datasets/OpenMMSecV2/AIGC/laion/80f7a9383961452cb8e3efbdaed57e98.jpg
-26.934572219848633,39.61711883544922,0.0,deepfake,1,1,2,2,Deepfake-Fake,/mnt/public/public_datasets/OpenMMSecV2/Deepfake/Fake/FaceEditing/StarGANv2/695cce63408d4b86ad253a43689b49f7.jpg
23.570768356323242,-36.34866714477539,0.0,AIGC,0,2,1,3,AIGC-Real,/mnt/public/public_datasets/OpenMMSecV2/AIGC/laion/c304ec50949842ffbedf8924e5b5cd2e.jpg
15.666339874267578,64.12344360351562,0.0,deepfake,0,1,1,1,Deepfake-Real,/mnt/public/public_datasets/OpenMMSecV2/Deepfake/Real/FF++/1f8c7a3a756d4762be93539651edcfce.png
-10.398252487182617,27.568283081054688,0.0,deepfake,0,1,1,1,Deepfake-Real,/mnt/public/public_datasets/OpenMMSecV2/Deepfake/Real/FFHQ/32544f7d9b824e16ad40c59ac2e75278.jpeg
-11.288187026977539,-55.46781539916992,0.0,Doc,0,3,1,5,Document-Real,/mnt/public/public_datasets/OpenMMSecV2/Doc/Real/8bfb58479c874c129f60078d6ad527f2.jpg
9.963799476623535,-3.78872013092041,0.0,AIGC,1,2,2,4,AIGC-Fake,/mnt/public/public_datasets/OpenMMSecV2/AIGC/pixel_diffusion/adm/imgs/0eb1814e3d36451c89243adff62aed75.PNG
0.15353834629058838,-12.975740432739258,0.0,AIGC,0,2,1,3,AIGC-Real,/mnt/public/public_datasets/OpenMMSecV2/AIGC/other/online/imgs/fde146e9326f423e89e6dd91f0fef0ea.jpg
10.358804702758789,0.3481888771057129,0.0,IMDL,1,4,2,8,IMDL-Fake,/mnt/public/public_datasets/OpenMMSecV2/IMDL/non_generative/manual_ps/imgs/0d0b22d16ea341519e4b6d501e02d074.jpg
23.942365646362305,11.385899543762207,0.0,AIGC,0,2,1,3,AIGC-Real,/mnt/public/public_datasets/OpenMMSecV2/AIGC/laion/a3feba20245747b490cce1f9de1b840f.jpg
-0.008080413565039635,50.66468811035156,0.0,deepfake,1,1,2,2,Deepfake-Fake,/mnt/public/public_datasets/OpenMMSecV2/Deepfake/Fake/FaceEditing/StarGAN/5c5f012815c1491f896d2ad632e87a51.jpg
10.103495597839355,-36.344390869140625,0.0,AIGC,0,2,1,3,AIGC-Real,/mnt/public/public_datasets/OpenMMSecV2/AIGC/laion/438a6ea7e60c4b89b4d0b751aa82ac68.jpg
13.767705917358398,59.45721435546875,0.0,deepfake,0,1,1,1,Deepfake-Real,/mnt/public/public_datasets/OpenMMSecV2/Deepfake/Real/CelebDF-v2/e708281a18d947a1afa4da8a0be2ada3.png
11.285906791687012,-34.220096588134766,0.0,AIGC,1,2,2,4,AIGC-Fake,/mnt/public/public_datasets/OpenMMSecV2/AIGC/GAN/GigaGAN/910192dd9b384beba92e101db8b5332e.jpg
11.950371742248535,63.49098587036133,0.0,deepfake,0,1,1,1,Deepfake-Real,/mnt/public/public_datasets/OpenMMSecV2/Deepfake/Real/DFD/8f486e97019f454089116771854e40a0.png
-30.653045654296875,33.85420227050781,0.0,AIGC,1,2,2,4,AIGC-Fake,/mnt/public/public_datasets/OpenMMSecV2/AIGC/autoregressive_model/tamingtransformers/0ba9dd733c294e2abbab3e34721a696b.jpg
2.6959404945373535,7.178435802459717,0.0,IMDL,0,4,1,7,IMDL-Real,/mnt/public/public_datasets/OpenMMSecV2/IMDL/generative/coco/imgs/de5b5575ff294f4991e2f5bc2fe6b2a9.jpg
16.427982330322266,-7.2270660400390625,0.0,IMDL,0,4,1,7,IMDL-Real,/mnt/public/public_datasets/OpenMMSecV2/IMDL/generative/coco/imgs/a45c122b74eb45f79cba6805177279e1.jpg
21.346776962280273,47.66726303100586,0.0,deepfake,0,1,1,1,Deepfake-Real,/mnt/public/public_datasets/OpenMMSecV2/Deepfake/Real/CelebDF-v2/8169278fa2e1480a9d715caa906b2860.png
7.329023361206055,-6.131450176239014,0.0,IMDL,1,4,2,8,IMDL-Fake,/mnt/public/public_datasets/OpenMMSecV2/IMDL/non_generative/manual_ps/imgs/e020d99cc8324193a59e6df80ad3f0d2.jpg
26.039844512939453,-21.370119094848633,0.0,Doc,1,3,2,6,Document-Fake,/mnt/public/public_datasets/OpenMMSecV2/Doc/aigc/textocr/imgs/948f8a3435c54e549aca10e4fea4642a.jpg
19.518117904663086,-7.988356113433838,0.0,IMDL,0,4,1,7,IMDL-Real,/mnt/public/public_datasets/OpenMMSecV2/IMDL/generative/stable_diffusion/imgs/d254d2b49c724b38ab126b8bf3fc7c59.png
1.0218876600265503,47.19099807739258,0.0,deepfake,1,1,2,2,Deepfake-Fake,/mnt/public/public_datasets/OpenMMSecV2/Deepfake/Fake/FaceEditing/StarGANv2/8e60ccb1891f4cb8b849f96e754552ff.jpg
17.41196060180664,47.54856491088867,0.0,deepfake,0,1,1,1,Deepfake-Real,/mnt/public/public_datasets/OpenMMSecV2/Deepfake/Real/DFD/74336eeed6b8490b991ae47e1f83dc42.png
27.091609954833984,8.434556007385254,0.0,IMDL,1,4,2,8,IMDL-Fake,/mnt/public/public_datasets/OpenMMSecV2/IMDL/non_generative/manual_ps/imgs/0e2ccf10b0d04ff3a92a0e8b4dae5aa1.jpg
-10.982736587524414,-53.643497467041016,0.0,Doc,1,3,2,6,Document-Fake,/mnt/public/public_datasets/OpenMMSecV2/Doc/non_aigc/cover/imgs/de35b9cbf6ef4b5cbc2da57517cd6df3.jpg
-31.952062606811523,-10.678152084350586,0.0,IMDL,1,4,2,8,IMDL-Fake,/mnt/public/public_datasets/OpenMMSecV2/IMDL/generative/paintbyexample/imgs/d923daaf3bcd4b9c98e74e6bebdca5fb.tiff
15.233330726623535,62.946205139160156,0.0,deepfake,0,1,1,1,Deepfake-Real,/mnt/public/public_datasets/OpenMMSecV2/Deepfake/Real/FF++/83dbc0b181944fb2bc3770b7f8464f62.png
17.06947135925293,-16.210372924804688,0.0,IMDL,0,4,1,7,IMDL-Real,/mnt/public/public_datasets/OpenMMSecV2/IMDL/generative/coco/imgs/5d8d5407c9a2471d82a34dd099403e5d.jpg
-48.52710723876953,-38.65349197387695,0.0,Doc,1,3,2,6,Document-Fake,/mnt/public/public_datasets/OpenMMSecV2/Doc/non_aigc/generation/imgs/b331329cfc134bc3aeb6049dc08adcf9.jpg
-47.626583099365234,-37.43731689453125,0.0,Doc,1,3,2,6,Document-Fake,/mnt/public/public_datasets/OpenMMSecV2/Doc/non_aigc/generation/imgs/3e2ffab897864e4094409e1d0f9c9ae9.jpg
8.45756721496582,-3.3043477535247803,0.0,AIGC,1,2,2,4,AIGC-Fake,/mnt/public/public_datasets/OpenMMSecV2/AIGC/latent_diffusion/vqdiffusion/5646f4aeca5548139d61c0c2baa5e7db.jpg
1.9568164348602295,50.15869140625,0.0,deepfake,1,1,2,2,Deepfake-Fake,/mnt/public/public_datasets/OpenMMSecV2/Deepfake/Fake/FaceReenactment/HeyGen/e3a093ac07ce4e999a74d528f628a951.png
2.815908432006836,63.7234001159668,0.0,deepfake,1,1,2,2,Deepfake-Fake,/mnt/public/public_datasets/OpenMMSecV2/Deepfake/Fake/EntireFaceSynthesis/StyleGAN-XL/600ab690990c4ae9a5f055506eddc950.png
2.8537819385528564,17.92646598815918,0.0,IMDL,1,4,2,8,IMDL-Fake,/mnt/public/public_datasets/OpenMMSecV2/IMDL/non_generative/manual_ps/imgs/38a11a6b761740e0a5fa9eda065bab0f.jpg
-33.18767547607422,-52.5991325378418,0.0,Doc,1,3,2,6,Document-Fake,/mnt/public/public_datasets/OpenMMSecV2/Doc/non_aigc/inpaint/imgs/a78b357df4b14be99d505a01cba3b9d5.jpg
-42.97356033325195,-39.235557556152344,0.0,Doc,1,3,2,6,Document-Fake,/mnt/public/public_datasets/OpenMMSecV2/Doc/non_aigc/generation/imgs/7e92768313c5466cb6048979c04201fc.jpg
-12.911507606506348,64.37417602539062,0.0,deepfake,1,1,2,2,Deepfake-Fake,/mnt/public/public_datasets/OpenMMSecV2/Deepfake/Fake/FaceReenactment/TPSMM/08f1e97f1bea4c44a5f3d19e4f603770.png
27.276323318481445,11.47295093536377,0.0,IMDL,0,4,1,7,IMDL-Real,/mnt/public/public_datasets/OpenMMSecV2/IMDL/generative/coco/imgs/fb91654f707f449c81a832646483e973.jpg
-44.62382507324219,-42.22990417480469,0.0,Doc,1,3,2,6,Document-Fake,/mnt/public/public_datasets/OpenMMSecV2/Doc/non_aigc/copy-move/imgs/9b30ed3f114d418bbf03db2d190a3db3.jpg
17.99974822998047,64.18343353271484,0.0,deepfake,0,1,1,1,Deepfake-Real,/mnt/public/public_datasets/OpenMMSecV2/Deepfake/Real/FF++/687e6f0d9aa8433498b2a89499231d86.png
26.030832290649414,17.385292053222656,0.0,AIGC,0,2,1,3,AIGC-Real,/mnt/public/public_datasets/OpenMMSecV2/AIGC/laion/d25b515e9b514d16804286913bf91234.jpg
-47.970401763916016,-39.148658752441406,0.0,Doc,1,3,2,6,Document-Fake,/mnt/public/public_datasets/OpenMMSecV2/Doc/non_aigc/copy-move/imgs/b51e9d83c8134d9cbdcbc03c2fadaaa2.jpg
-5.787303447723389,19.364917755126953,0.0,AIGC,1,2,2,4,AIGC-Fake,/mnt/public/public_datasets/OpenMMSecV2/AIGC/other/online/imgs/112371b3507043d49d1c53dfef06b5c0.jpg
10.776941299438477,47.58828353881836,0.0,deepfake,0,1,1,1,Deepfake-Real,/mnt/public/public_datasets/OpenMMSecV2/Deepfake/Real/FF++/d8e1dae282af4232ab778092042cf572.png
-19.383785247802734,62.214969635009766,0.0,deepfake,1,1,2,2,Deepfake-Fake,/mnt/public/public_datasets/OpenMMSecV2/Deepfake/Fake/FaceReenactment/MRAA/4be21554b10e401fb4b6470d11b86531.png
24.935131072998047,-16.524503707885742,0.0,Doc,0,3,1,5,Document-Real,/mnt/public/public_datasets/OpenMMSecV2/Doc/Real/40ab977af42340e59f77937963f2a54c.jpg
11.427125930786133,-62.23188781738281,0.0,Doc,0,3,1,5,Document-Real,/mnt/public/public_datasets/OpenMMSecV2/Doc/Real/da91bb597def49e58bbe27e7b2d7210e.jpg
9.786643028259277,3.6946449279785156,0.0,IMDL,0,4,1,7,IMDL-Real,/mnt/public/public_datasets/OpenMMSecV2/IMDL/generative/stable_diffusion/imgs/ebafb30d6a0a405485973974aa128c6e.png
15.444043159484863,48.054046630859375,0.0,deepfake,0,1,1,1,Deepfake-Real,/mnt/public/public_datasets/OpenMMSecV2/Deepfake/Real/FF++/e12a007e957d437fbaa7ba79b1146d8b.png
0.6550170183181763,62.85746383666992,0.0,deepfake,1,1,2,2,Deepfake-Fake,/mnt/public/public_datasets/OpenMMSecV2/Deepfake/Fake/EntireFaceSynthesis/SiT-XL/36d6c9cc71474087b19c32eebef88004.png
-12.319100379943848,31.625688552856445,0.0,AIGC,1,2,2,4,AIGC-Fake,/mnt/public/public_datasets/OpenMMSecV2/AIGC/GAN/ProjectedGAN/e0e168dac290425a9196053c529c6ae4.jpg
-32.88710403442383,35.2021369934082,0.0,deepfake,1,1,2,2,Deepfake-Fake,/mnt/public/public_datasets/OpenMMSecV2/Deepfake/Fake/FaceEditing/e4e/b4a5e72d75e545eb8d748c6f082d6177.jpg
-33.02250671386719,29.77904510498047,0.0,AIGC,1,2,2,4,AIGC-Fake,/mnt/public/public_datasets/OpenMMSecV2/AIGC/autoregressive_model/tamingtransformers/c6da53c343dd40f0a7df9c5bf7097a50.jpg
20.1318302154541,-34.76906967163086,0.0,AIGC,0,2,1,3,AIGC-Real,/mnt/public/public_datasets/OpenMMSecV2/AIGC/laion/0d19e3f0d8d84bf0b08dc4d68bab7d5e.jpg
-8.830938339233398,30.507972717285156,0.0,deepfake,0,1,1,1,Deepfake-Real,/mnt/public/public_datasets/OpenMMSecV2/Deepfake/Real/VFHQ/1968d4b25b634d2fac301a9ed083c3ea.png
-14.317776679992676,-1.1656177043914795,0.0,AIGC,1,2,2,4,AIGC-Fake,/mnt/public/public_datasets/OpenMMSecV2/AIGC/pixel_diffusion/guided_diffusion/e22a14b1f7de45dca24a29835f942f0d.jpg
-20.653345108032227,61.39824295043945,0.0,deepfake,1,1,2,2,Deepfake-Fake,/mnt/public/public_datasets/OpenMMSecV2/Deepfake/Fake/FaceReenactment/MRAA/10bb78e846654df78221f96252211296.png
2.0092856884002686,-20.840667724609375,0.0,AIGC,1,2,2,4,AIGC-Fake,/mnt/public/public_datasets/OpenMMSecV2/AIGC/other/online/imgs/be17cd1407804133a6f433a346bc1e3f.jpg
-30.532459259033203,34.7945442199707,0.0,AIGC,1,2,2,4,AIGC-Fake,/mnt/public/public_datasets/OpenMMSecV2/AIGC/autoregressive_model/tamingtransformers/018dc934a7e74a04aab698f9f19b8dc0.jpg
28.7208194732666,-4.712682723999023,0.0,IMDL,1,4,2,8,IMDL-Fake,/mnt/public/public_datasets/OpenMMSecV2/IMDL/non_generative/manual_ps/imgs/2bde395b3c5e4635bec54291a79d0828.jpg
-25.601362228393555,-3.762049674987793,0.0,AIGC,1,2,2,4,AIGC-Fake,/mnt/public/public_datasets/OpenMMSecV2/AIGC/pixel_diffusion/guided_diffusion/d2105ce4362b4128a38b39b3b42c7bea.jpg
19.547882080078125,52.091861724853516,0.0,deepfake,1,1,2,2,Deepfake-Fake,/mnt/public/public_datasets/OpenMMSecV2/Deepfake/Fake/FaceSwap/FaceShifter/07d0909e4ebd44d883e0b13e204630b1.png
-3.578693151473999,-43.5086669921875,0.0,Doc,0,3,1,5,Document-Real,/mnt/public/public_datasets/OpenMMSecV2/Doc/Real/af254dc950a9466e9df4fa2a2c15fa3d.jpg
-9.626014709472656,26.456602096557617,0.0,deepfake,0,1,1,1,Deepfake-Real,/mnt/public/public_datasets/OpenMMSecV2/Deepfake/Real/FFHQ/81bd0fc02b91448c92704ed2a59eda28.jpeg
-14.517674446105957,62.034271240234375,0.0,deepfake,1,1,2,2,Deepfake-Fake,/mnt/public/public_datasets/OpenMMSecV2/Deepfake/Fake/FaceSwap/FSGAN/5a11de3135a34b76ab6fa9e214093a90.png
15.758129119873047,61.47708511352539,0.0,deepfake,0,1,1,1,Deepfake-Real,/mnt/public/public_datasets/OpenMMSecV2/Deepfake/Real/FF++/6aba0c1dfdc34497956225ae30c4d198.png
-11.93600082397461,-50.641090393066406,0.0,Doc,1,3,2,6,Document-Fake,/mnt/public/public_datasets/OpenMMSecV2/Doc/non_aigc/cover/imgs/e37ef529bb9146d9a12f4a9b1943745a.jpg
-12.794851303100586,70.243408203125,0.0,deepfake,1,1,2,2,Deepfake-Fake,/mnt/public/public_datasets/OpenMMSecV2/Deepfake/Fake/EntireFaceSynthesis/RDDM/25ab9694647c442683e7d4ce654e9fb9.png
16.457775115966797,63.31944274902344,0.0,deepfake,0,1,1,1,Deepfake-Real,/mnt/public/public_datasets/OpenMMSecV2/Deepfake/Real/FF++/4995e61e65c84c3c977a13f9358300f6.png
20.347082138061523,14.343757629394531,0.0,IMDL,1,4,2,8,IMDL-Fake,/mnt/public/public_datasets/OpenMMSecV2/IMDL/non_generative/manual_ps/imgs/a0bb817b711349a0ac4d8695d743355e.jpg
14.771834373474121,-5.888152122497559,0.0,IMDL,0,4,1,7,IMDL-Real,/mnt/public/public_datasets/OpenMMSecV2/IMDL/generative/coco/imgs/5b5db72e32a24e0a9c5726ea03befb9d.jpg
0.5914163589477539,1.9933850765228271,0.0,AIGC,1,2,2,4,AIGC-Fake,/mnt/public/public_datasets/OpenMMSecV2/AIGC/GAN/GigaGAN/4e4e7ca5ede54878bc66d9b9627fbfd2.jpg
2.052978038787842,64.30635070800781,0.0,deepfake,0,1,1,1,Deepfake-Real,/mnt/public/public_datasets/OpenMMSecV2/Deepfake/Real/CelebDF-v2/61f100eb88ec4b4c956bd2e586545cc8.png
-30.430774688720703,-12.515427589416504,0.0,IMDL,1,4,2,8,IMDL-Fake,/mnt/public/public_datasets/OpenMMSecV2/IMDL/generative/gan_mat/imgs/95932b12700a4ef3aca3fc867f27f481.jpg
20.52009391784668,5.073841571807861,0.0,IMDL,1,4,2,8,IMDL-Fake,/mnt/public/public_datasets/OpenMMSecV2/IMDL/non_generative/manual_ps/imgs/9ba6cb5c1aff421e85c711efd89c2630.jpg
20.590049743652344,-37.62992477416992,0.0,AIGC,0,2,1,3,AIGC-Real,/mnt/public/public_datasets/OpenMMSecV2/AIGC/laion/70ae26195d6c436ba5578f80e1e5e3cb.jpg
-12.732065200805664,-17.161226272583008,0.0,IMDL,1,4,2,8,IMDL-Fake,/mnt/public/public_datasets/OpenMMSecV2/IMDL/non_generative/manual_ps/imgs/e8027b7ee968471cbcdb583d845a8072.jpg
16.31697654724121,3.114145040512085,0.0,IMDL,0,4,1,7,IMDL-Real,/mnt/public/public_datasets/OpenMMSecV2/IMDL/generative/coco/imgs/02fe7409bdea43a8946abcf8d7333977.jpg
-44.59669494628906,-37.4149284362793,0.0,Doc,1,3,2,6,Document-Fake,/mnt/public/public_datasets/OpenMMSecV2/Doc/non_aigc/generation/imgs/d461e4137a0f41a3aae73a7ba20913e2.jpg
17.85091781616211,58.17463302612305,0.0,deepfake,0,1,1,1,Deepfake-Real,/mnt/public/public_datasets/OpenMMSecV2/Deepfake/Real/CelebDF-v2/fa20cab0aeb44cdfaa83308254afa615.png
-14.133230209350586,-1.198203444480896,0.0,AIGC,1,2,2,4,AIGC-Fake,/mnt/public/public_datasets/OpenMMSecV2/AIGC/pixel_diffusion/guided_diffusion/c550173b0f37420983c15e472206cc93.jpg
24.484683990478516,-12.128173828125,0.0,Doc,0,3,1,5,Document-Real,/mnt/public/public_datasets/OpenMMSecV2/Doc/Real/8ab8312e04e045b3a562e2702e2e6f1f.jpg
-34.10375213623047,-14.080642700195312,0.0,IMDL,1,4,2,8,IMDL-Fake,/mnt/public/public_datasets/OpenMMSecV2/IMDL/generative/stable_diffusion/imgs/d15d2b740f054682a715f524d440da3b.tiff
-45.58540725708008,-39.06252670288086,0.0,Doc,1,3,2,6,Document-Fake,/mnt/public/public_datasets/OpenMMSecV2/Doc/non_aigc/copy-move/imgs/c4f7b9f0ff1d45f7a0f95d3fa4c9d1fe.jpg
-24.904508590698242,12.618907928466797,0.0,AIGC,1,2,2,4,AIGC-Fake,/mnt/public/public_datasets/OpenMMSecV2/AIGC/latent_diffusion/systematic/5173d231d97d493a9463f0dac06cace7.jpg
16.00688362121582,-16.070478439331055,0.0,IMDL,0,4,1,7,IMDL-Real,/mnt/public/public_datasets/OpenMMSecV2/IMDL/generative/coco/imgs/86e587c9ec7f4ee7b485aabe442360f0.jpg
4.120914936065674,-22.21475601196289,0.0,AIGC,0,2,1,3,AIGC-Real,/mnt/public/public_datasets/OpenMMSecV2/AIGC/laion/0dbd8d51ffff40bd85b79292cf3180c1.jpg
50.933837890625,-13.541037559509277,0.0,Doc,0,3,1,5,Document-Real,/mnt/public/public_datasets/OpenMMSecV2/Doc/Real/85015c361c3e40fca0389547b33fec85.jpg
4.163504123687744,-60.17772674560547,0.0,Doc,0,3,1,5,Document-Real,/mnt/public/public_datasets/OpenMMSecV2/Doc/Real/5f79de090f6b4468b6ec8a7b710b7e3b.jpg
-6.348544597625732,65.26527404785156,0.0,deepfake,1,1,2,2,Deepfake-Fake,/mnt/public/public_datasets/OpenMMSecV2/Deepfake/Fake/FaceSwap/FaceShifter/45475436efe745ffb58a6021925aec96.png
-14.65539264678955,27.81013298034668,0.0,AIGC,1,2,2,4,AIGC-Fake,/mnt/public/public_datasets/OpenMMSecV2/AIGC/other/online/imgs/c7d7f1c4f357488ba6c35cc0adb62f34.jpg
8.98430347442627,-30.672260284423828,0.0,AIGC,0,2,1,3,AIGC-Real,/mnt/public/public_datasets/OpenMMSecV2/AIGC/laion/a0d08fec112c41b8bde0f779fe943ab6.jpg
-17.500951766967773,26.889678955078125,0.0,AIGC,1,2,2,4,AIGC-Fake,/mnt/public/public_datasets/OpenMMSecV2/AIGC/latent_diffusion/systematic/4340b4770e694f6da574d0dfb2ad43fa.jpg
-20.758581161499023,63.53427505493164,0.0,deepfake,1,1,2,2,Deepfake-Fake,/mnt/public/public_datasets/OpenMMSecV2/Deepfake/Fake/FaceReenactment/PIRender/334e22607e3145d5bc892ba901a136c3.png
-27.462017059326172,7.94556999206543,0.0,AIGC,1,2,2,4,AIGC-Fake,/mnt/public/public_datasets/OpenMMSecV2/AIGC/pixel_diffusion/glide/bc327ea08ec94dec835ec5a5b4121f2d.jpg
-21.58192253112793,67.28465270996094,0.0,deepfake,1,1,2,2,Deepfake-Fake,/mnt/public/public_datasets/OpenMMSecV2/Deepfake/Fake/FaceReenactment/FS_vid2vid/f7fd4933f92d4510bfc20395bfcb0613.png
-25.258956909179688,-10.771113395690918,0.0,IMDL,1,4,2,8,IMDL-Fake,/mnt/public/public_datasets/OpenMMSecV2/IMDL/generative/stable_diffusion/imgs/21c4ae0c00bd4fe49319ea2b4e397c41.jpg
25.20789337158203,-34.55757522583008,0.0,AIGC,0,2,1,3,AIGC-Real,/mnt/public/public_datasets/OpenMMSecV2/AIGC/laion/8d1c928f5bc04f99a67688094004bada.jpg
25.575786590576172,-18.813575744628906,0.0,Doc,0,3,1,5,Document-Real,/mnt/public/public_datasets/OpenMMSecV2/Doc/Real/3b3b2ce9eacd4ef398b79a88782d30b8.jpg
17.268516540527344,-3.3520853519439697,0.0,IMDL,0,4,1,7,IMDL-Real,/mnt/public/public_datasets/OpenMMSecV2/IMDL/generative/stable_diffusion/imgs/660e3a68628143258f43b6484adbeb31.png
12.570229530334473,-41.4969367980957,0.0,AIGC,0,2,1,3,AIGC-Real,/mnt/public/public_datasets/OpenMMSecV2/AIGC/laion/e82e49819ced42a5900b6d2ea83eecf0.jpg
17.302331924438477,52.797874450683594,0.0,deepfake,1,1,2,2,Deepfake-Fake,/mnt/public/public_datasets/OpenMMSecV2/Deepfake/Fake/FaceSwap/FaceShifter/ba630b727188490bb2dcf6656d559720.png
-11.163430213928223,-13.042741775512695,0.0,IMDL,0,4,1,7,IMDL-Real,/mnt/public/public_datasets/OpenMMSecV2/IMDL/generative/coco/imgs/4e50924c39f84edabec48548bf57bf88.jpg
-30.378948211669922,-52.62030792236328,0.0,Doc,1,3,2,6,Document-Fake,/mnt/public/public_datasets/OpenMMSecV2/Doc/non_aigc/cpmv/imgs/befdf661b091427caa9d56d8f9d65e28.jpg
17.702865600585938,-13.119912147521973,0.0,IMDL,1,4,2,8,IMDL-Fake,/mnt/public/public_datasets/OpenMMSecV2/IMDL/generative/paintbyexample/imgs/61f86c55aea84c93a9fd8a22d4e89edf.png
12.355548858642578,48.806358337402344,0.0,deepfake,0,1,1,1,Deepfake-Real,/mnt/public/public_datasets/OpenMMSecV2/Deepfake/Real/FF++/24fa4dd6606b433d8bc88497447557ad.png
-5.747189998626709,61.75432586669922,0.0,deepfake,1,1,2,2,Deepfake-Fake,/mnt/public/public_datasets/OpenMMSecV2/Deepfake/Fake/FaceSwap/UniFace/ffdf02c050d540b8bc68af7b193bf534.png
-22.221452713012695,28.979406356811523,0.0,deepfake,1,1,2,2,Deepfake-Fake,/mnt/public/public_datasets/OpenMMSecV2/Deepfake/Fake/EntireFaceSynthesis/WhichisReal/ea04296952804712a23e19f9839eebd6.png
52.014060974121094,-11.733667373657227,0.0,Doc,0,3,1,5,Document-Real,/mnt/public/public_datasets/OpenMMSecV2/Doc/Real/be54e0235a874c66a2f8a12b6953f1c9.jpg
0.6747058033943176,20.66564178466797,0.0,IMDL,0,4,1,7,IMDL-Real,/mnt/public/public_datasets/OpenMMSecV2/IMDL/non_generative/manual_ps/imgs/f92aef13acb34cba8330232b095eb94c.jpg
-18.138938903808594,-13.816143035888672,0.0,Doc,0,3,1,5,Document-Real,/mnt/public/public_datasets/OpenMMSecV2/Doc/Real/f0017deee3ca48e0a732e65b77b115a1.jpg
27.704816818237305,-15.101611137390137,0.0,Doc,0,3,1,5,Document-Real,/mnt/public/public_datasets/OpenMMSecV2/Doc/Real/3792d337eecf48399b128e385464c1ca.jpg
-30.76746940612793,-57.890113830566406,0.0,Doc,1,3,2,6,Document-Fake,/mnt/public/public_datasets/OpenMMSecV2/Doc/non_aigc/generation/imgs/85e69509ace240ffbe823c6a4d832ee4.jpg
-22.422462463378906,62.471900939941406,0.0,deepfake,1,1,2,2,Deepfake-Fake,/mnt/public/public_datasets/OpenMMSecV2/Deepfake/Fake/FaceReenactment/OneShot/4fc8496600604cb7a1de63bc88e456f1.png
16.086599349975586,-17.431774139404297,0.0,AIGC,0,2,1,3,AIGC-Real,/mnt/public/public_datasets/OpenMMSecV2/AIGC/laion/63aeb7e771e64331888683cf22c0a173.jpg
-29.33036994934082,31.336891174316406,0.0,AIGC,1,2,2,4,AIGC-Fake,/mnt/public/public_datasets/OpenMMSecV2/AIGC/autoregressive_model/tamingtransformers/6bf2129f6e954f1aa6e19a4727539f2a.jpg
-14.011484146118164,67.13722229003906,0.0,deepfake,1,1,2,2,Deepfake-Fake,/mnt/public/public_datasets/OpenMMSecV2/Deepfake/Fake/FaceReenactment/HyperReenact/99a6f80d222e47df8830e64f4fda1396.png
4.631999492645264,12.441296577453613,0.0,IMDL,0,4,1,7,IMDL-Real,/mnt/public/public_datasets/OpenMMSecV2/IMDL/non_generative/manual_ps/imgs/2b3c105d2d4d49f1a9d86e4b839b9551.jpg
-23.58917999267578,10.530227661132812,0.0,AIGC,1,2,2,4,AIGC-Fake,/mnt/public/public_datasets/OpenMMSecV2/AIGC/commercial/ideogram/9b0a0391d36b4a1cabd08ed86dab656c.jpg
29.452878952026367,-30.07135581970215,0.0,Doc,1,3,2,6,Document-Fake,/mnt/public/public_datasets/OpenMMSecV2/Doc/aigc/textocr/imgs/cc61d76154994091a7ba6d6d0fdfa6e5.jpg
-16.568828582763672,4.834814071655273,0.0,AIGC,0,2,1,3,AIGC-Real,/mnt/public/public_datasets/OpenMMSecV2/AIGC/other/online/imgs/6e32466b33c54134b0ed60bac6a5d5fa.jpg
17.380353927612305,63.15780258178711,0.0,deepfake,0,1,1,1,Deepfake-Real,/mnt/public/public_datasets/OpenMMSecV2/Deepfake/Real/FF++/f1baafc1bf2b449eb8bfcde92c915f9d.png
-7.748990058898926,-12.2819185256958,0.0,IMDL,0,4,1,7,IMDL-Real,/mnt/public/public_datasets/OpenMMSecV2/IMDL/non_generative/manual_ps/imgs/cd53e557b92d40598d682dfb3d43b819.jpg
11.669243812561035,66.09248352050781,0.0,deepfake,0,1,1,1,Deepfake-Real,/mnt/public/public_datasets/OpenMMSecV2/Deepfake/Real/FF++/c87b864d689f44d2824e596e42ba38ee.png
18.51622772216797,-40.23770523071289,0.0,AIGC,0,2,1,3,AIGC-Real,/mnt/public/public_datasets/OpenMMSecV2/AIGC/laion/0664208d2696405dbf9fe6e258f90aa5.jpg
27.751482009887695,-5.5055670738220215,0.0,IMDL,1,4,2,8,IMDL-Fake,/mnt/public/public_datasets/OpenMMSecV2/IMDL/generative/flux_1/imgs/1eb01e4deed74aa2acbfdbff25512309.png
-15.864960670471191,-1.3257863521575928,0.0,AIGC,1,2,2,4,AIGC-Fake,/mnt/public/public_datasets/OpenMMSecV2/AIGC/pixel_diffusion/glide/4eb444e83e654a4398815adff2b9dffd.jpg
-14.083503723144531,-53.509803771972656,0.0,Doc,0,3,1,5,Document-Real,/mnt/public/public_datasets/OpenMMSecV2/Doc/Real/6f8a035fb09a455fa3608115938e43ef.jpg
-29.950654983520508,33.270206451416016,0.0,AIGC,1,2,2,4,AIGC-Fake,/mnt/public/public_datasets/OpenMMSecV2/AIGC/autoregressive_model/tamingtransformers/85ce6dbb5cfb4ef89c85c230e71f5e4f.jpg
-0.2104896605014801,20.357337951660156,0.0,AIGC,1,2,2,4,AIGC-Fake,/mnt/public/public_datasets/OpenMMSecV2/AIGC/other/online/imgs/43dbb9998c9d4f239915a56d45652a03.jpg
-25.519542694091797,-0.27679067850112915,0.0,AIGC,1,2,2,4,AIGC-Fake,/mnt/public/public_datasets/OpenMMSecV2/AIGC/latent_diffusion/vqdiffusion/imgs/ace1a91b1c804c51b30edce021680f1a.png
-24.89398956298828,-47.71752166748047,0.0,Doc,1,3,2,6,Document-Fake,/mnt/public/public_datasets/OpenMMSecV2/Doc/non_aigc/generation/imgs/f81f2dff51d4486ca4fc0c4f397f9033.jpg
14.118382453918457,-42.43733596801758,0.0,AIGC,0,2,1,3,AIGC-Real,/mnt/public/public_datasets/OpenMMSecV2/AIGC/laion/5bb25bed31394310adef8307fd39a4ab.jpg
-3.9572253227233887,-4.109694480895996,0.0,AIGC,1,2,2,4,AIGC-Fake,/mnt/public/public_datasets/OpenMMSecV2/AIGC/latent_diffusion/systematic/a4fc31dc289548c2be4130be719feec6.jpg
3.9704885482788086,-13.949042320251465,0.0,IMDL,0,4,1,7,IMDL-Real,/mnt/public/public_datasets/OpenMMSecV2/IMDL/generative/stable_diffusion/imgs/455c15f7386449c2b01bf51bf7c4cfe0.png
9.241560935974121,-30.969846725463867,0.0,IMDL,1,4,2,8,IMDL-Fake,/mnt/public/public_datasets/OpenMMSecV2/IMDL/non_generative/manual_ps/imgs/52d1567d7a884ff6bf24a0e836800efc.jpg
11.247272491455078,-3.8122458457946777,0.0,AIGC,0,2,1,3,AIGC-Real,/mnt/public/public_datasets/OpenMMSecV2/AIGC/latent_diffusion/vqdiffusion/imgs/fd1e4061d6cf4672a8dca3c6002ea2bf.JPEG
-25.435747146606445,31.09006118774414,0.0,AIGC,1,2,2,4,AIGC-Fake,/mnt/public/public_datasets/OpenMMSecV2/AIGC/autoregressive_model/tamingtransformers/51e5a35083eb4e979459a6bd3fb25e9c.jpg
18.739036560058594,-35.94975280761719,0.0,AIGC,0,2,1,3,AIGC-Real,/mnt/public/public_datasets/OpenMMSecV2/AIGC/laion/14b2af56e23c45389d314e235e27ee47.jpg
14.144269943237305,-40.017189025878906,0.0,AIGC,0,2,1,3,AIGC-Real,/mnt/public/public_datasets/OpenMMSecV2/AIGC/laion/de1530810c504c88a7aaba09fbb4f905.jpg
11.373418807983398,-58.86779022216797,0.0,Doc,0,3,1,5,Document-Real,/mnt/public/public_datasets/OpenMMSecV2/Doc/Real/8104148cf0014c099a49002eda8b3820.jpg
27.039897918701172,1.871018409729004,0.0,IMDL,0,4,1,7,IMDL-Real,/mnt/public/public_datasets/OpenMMSecV2/IMDL/generative/coco/imgs/0603de1241274632b2102dc00851c118.jpg
11.797022819519043,15.47618579864502,0.0,IMDL,1,4,2,8,IMDL-Fake,/mnt/public/public_datasets/OpenMMSecV2/IMDL/generative/paintbyexample/imgs/d71f1d55ed2e4257b0e081a58ecbe653.png
21.653827667236328,-5.403426647186279,0.0,IMDL,0,4,1,7,IMDL-Real,/mnt/public/public_datasets/OpenMMSecV2/IMDL/generative/flux_1/imgs/175a501c0b194eb49f568843943dd6ad.png
42.31048583984375,-17.961326599121094,0.0,Doc,0,3,1,5,Document-Real,/mnt/public/public_datasets/OpenMMSecV2/Doc/Real/d8d9478baf024c9bab617579a2600981.jpg
-9.227096557617188,65.4322280883789,0.0,deepfake,0,1,1,1,Deepfake-Real,/mnt/public/public_datasets/OpenMMSecV2/Deepfake/Real/FF++/7ea105891a2a40d192c719b105272d1b.png
18.946691513061523,52.99338912963867,0.0,deepfake,0,1,1,1,Deepfake-Real,/mnt/public/public_datasets/OpenMMSecV2/Deepfake/Real/FF++/da7e20a8352e4b129a581d530e768805.png
-16.49261474609375,-4.6320343017578125,0.0,AIGC,1,2,2,4,AIGC-Fake,/mnt/public/public_datasets/OpenMMSecV2/AIGC/GAN/styleGANs/5dd65eb181194017b7dbeea2d4cf12c4.jpg
27.970857620239258,-1.6037020683288574,0.0,Doc,1,3,2,6,Document-Fake,/mnt/public/public_datasets/OpenMMSecV2/Doc/aigc/textocr/imgs/23145ba65af74d65a1046fdb570ba768.jpg
-4.195626258850098,-13.476951599121094,0.0,IMDL,1,4,2,8,IMDL-Fake,/mnt/public/public_datasets/OpenMMSecV2/IMDL/non_generative/manual_ps/imgs/24f42f7aeb514df8af11ef5213746a53.tif
-10.264841079711914,24.01700210571289,0.0,AIGC,1,2,2,4,AIGC-Fake,/mnt/public/public_datasets/OpenMMSecV2/AIGC/other/online/imgs/43d0ddcd00e944469390fe8a1d06e7a3.jpg
-11.679007530212402,66.49547576904297,0.0,deepfake,1,1,2,2,Deepfake-Fake,/mnt/public/public_datasets/OpenMMSecV2/Deepfake/Fake/FaceSwap/InSwapper/7ff1fbaa553f4639b739638f576ddd1e.png
-31.388900756835938,37.473243713378906,0.0,deepfake,1,1,2,2,Deepfake-Fake,/mnt/public/public_datasets/OpenMMSecV2/Deepfake/Fake/FaceEditing/e4e/5241a9f80f334ffd867498367af6d295.jpg
14.722615242004395,3.1726179122924805,0.0,IMDL,1,4,2,8,IMDL-Fake,/mnt/public/public_datasets/OpenMMSecV2/IMDL/generative/flux_1/imgs/c0de2af39d69469f8b116f3bcb4dc840.png
-14.546528816223145,53.99683380126953,0.0,deepfake,1,1,2,2,Deepfake-Fake,/mnt/public/public_datasets/OpenMMSecV2/Deepfake/Fake/FaceEditing/StarGAN/b8acb1de0a69484faab013a9e193019c.jpg
24.02532386779785,-27.22476577758789,0.0,AIGC,0,2,1,3,AIGC-Real,/mnt/public/public_datasets/OpenMMSecV2/AIGC/laion/0cee3befb0a04644891ba0ed2d771879.jpg
-30.65713119506836,-52.11876678466797,0.0,Doc,1,3,2,6,Document-Fake,/mnt/public/public_datasets/OpenMMSecV2/Doc/non_aigc/generation/imgs/415ffa6a5a3f47f79274ef62cba79e44.jpg
-0.9949907660484314,-17.7364501953125,0.0,IMDL,0,4,1,7,IMDL-Real,/mnt/public/public_datasets/OpenMMSecV2/IMDL/non_generative/manual_ps/imgs/ddb9d55aa3bf4e44b364d42bccb2a41c.jpg
-7.391429901123047,-1.7353156805038452,0.0,AIGC,1,2,2,4,AIGC-Fake,/mnt/public/public_datasets/OpenMMSecV2/AIGC/latent_diffusion/systematic/6bcf88cc61f2427fb60e056e1d1bd644.jpg
-12.15743350982666,31.59606170654297,0.0,deepfake,0,1,1,1,Deepfake-Real,/mnt/public/public_datasets/OpenMMSecV2/Deepfake/Real/VFHQ/6122521b96884ddaa6dac42905b5e952.png
2.2959413528442383,8.627223014831543,0.0,IMDL,0,4,1,7,IMDL-Real,/mnt/public/public_datasets/OpenMMSecV2/IMDL/generative/flux_1/imgs/a527863d703a44ef9639ecc56fa55b1f.png
-10.342426300048828,30.289426803588867,0.0,deepfake,1,1,2,2,Deepfake-Fake,/mnt/public/public_datasets/OpenMMSecV2/Deepfake/Fake/EntireFaceSynthesis/WhichisReal/cc36f932daab477dbb9910703e1c02cb.png
-8.449646949768066,52.00823974609375,0.0,deepfake,1,1,2,2,Deepfake-Fake,/mnt/public/public_datasets/OpenMMSecV2/Deepfake/Fake/FaceEditing/StarGAN/5c4b4936b112429dbecc1756bd508991.jpg
13.01486873626709,-6.32649040222168,0.0,AIGC,0,2,1,3,AIGC-Real,/mnt/public/public_datasets/OpenMMSecV2/AIGC/commercial/wukong/imgs/4cce3f83f74e439fba0bf9ba2b76267d.JPEG
-13.01398754119873,-8.001657485961914,0.0,IMDL,1,4,2,8,IMDL-Fake,/mnt/public/public_datasets/OpenMMSecV2/IMDL/non_generative/manual_ps/imgs/2334202845274ca88b338ae099e8c085.jpg
-6.663739204406738,-21.390533447265625,0.0,IMDL,0,4,1,7,IMDL-Real,/mnt/public/public_datasets/OpenMMSecV2/IMDL/generative/flux_1/imgs/7f921d612eb34132b47d1db4f710ba07.png
21.565732955932617,-29.54400062561035,0.0,AIGC,0,2,1,3,AIGC-Real,/mnt/public/public_datasets/OpenMMSecV2/AIGC/laion/40d723468d2f43a6856948ac14c9a466.jpg
11.450233459472656,-10.635416030883789,0.0,IMDL,1,4,2,8,IMDL-Fake,/mnt/public/public_datasets/OpenMMSecV2/IMDL/non_generative/manual_ps/imgs/314931a6865741e7a546cff52e62a992.jpg
15.067584991455078,66.74298858642578,0.0,deepfake,0,1,1,1,Deepfake-Real,/mnt/public/public_datasets/OpenMMSecV2/Deepfake/Real/FF++/ed1ac548fc5e4d019a7535ca52e39f10.png
24.61644172668457,-1.143898844718933,0.0,IMDL,0,4,1,7,IMDL-Real,/mnt/public/public_datasets/OpenMMSecV2/IMDL/generative/coco/imgs/14c71c3e8fbb4e24b56e597b2c050101.jpg
-30.216548919677734,36.724029541015625,0.0,deepfake,1,1,2,2,Deepfake-Fake,/mnt/public/public_datasets/OpenMMSecV2/Deepfake/Fake/FaceEditing/e4e/60391c7ec0224d94b5949bbd347b32c6.jpg
-34.951107025146484,29.629730224609375,0.0,deepfake,1,1,2,2,Deepfake-Fake,/mnt/public/public_datasets/OpenMMSecV2/Deepfake/Fake/EntireFaceSynthesis/SD-2.1/2f8cdfbae2224073a7c37437ca6b3dc8.png
-18.941667556762695,-44.917537689208984,0.0,Doc,1,3,2,6,Document-Fake,/mnt/public/public_datasets/OpenMMSecV2/Doc/non_aigc/generation/imgs/36bd0339c4dd49d180b36f733b00ebad.jpg
30.99603843688965,-21.577852249145508,0.0,Doc,1,3,2,6,Document-Fake,/mnt/public/public_datasets/OpenMMSecV2/Doc/aigc/textocr/imgs/3ca2ec9f64c24317b5ad79095cb1dbf2.jpg
43.45760726928711,-10.090807914733887,0.0,Doc,0,3,1,5,Document-Real,/mnt/public/public_datasets/OpenMMSecV2/Doc/Real/54b4d29ddfce4884884906aa49d2d8c2.jpg
-29.25568962097168,-11.779680252075195,0.0,IMDL,1,4,2,8,IMDL-Fake,/mnt/public/public_datasets/OpenMMSecV2/IMDL/generative/gan_mat/imgs/098e344ee0bb42308133c7a1b0577bc4.jpg
22.486169815063477,53.467933654785156,0.0,deepfake,0,1,1,1,Deepfake-Real,/mnt/public/public_datasets/OpenMMSecV2/Deepfake/Real/FF++/3d80905f782140cba67123cc80095b55.png
50.879966735839844,-15.770915985107422,0.0,Doc,1,3,2,6,Document-Fake,/mnt/public/public_datasets/OpenMMSecV2/Doc/aigc/anytext/imgs/0a43ea9109d746c7bc5cbcd161455f81.jpg
-14.671977996826172,-61.49959182739258,0.0,Doc,1,3,2,6,Document-Fake,/mnt/public/public_datasets/OpenMMSecV2/Doc/non_aigc/inpaint/imgs/b1a0da4fdb6148ea8ef6b121fe1ec005.jpg
-32.772586822509766,37.747230529785156,0.0,deepfake,1,1,2,2,Deepfake-Fake,/mnt/public/public_datasets/OpenMMSecV2/Deepfake/Fake/EntireFaceSynthesis/StyleGAN2/0e32ce2bbca74e6a973da27f22243c8d.png
5.500339984893799,43.09158706665039,0.0,deepfake,0,1,1,1,Deepfake-Real,/mnt/public/public_datasets/OpenMMSecV2/Deepfake/Real/FFHQ/cfad54a5445049c9863c72e371255c8d.jpg
42.310264587402344,-17.961557388305664,0.0,Doc,0,3,1,5,Document-Real,/mnt/public/public_datasets/OpenMMSecV2/Doc/aigc/stefann/imgs/b7737c896bc24408a6d8da8e86eee5fe.jpg
-4.681641101837158,51.617523193359375,0.0,AIGC,1,2,2,4,AIGC-Fake,/mnt/public/public_datasets/OpenMMSecV2/AIGC/other/online/imgs/4a85583ba18c42e1a432ae64b0f8eec4.jpg
5.906063079833984,57.571983337402344,0.0,deepfake,0,1,1,1,Deepfake-Real,/mnt/public/public_datasets/OpenMMSecV2/Deepfake/Real/CelebDF-v2/cc9df157eeae4b84bd3c79dc0592fcfa.png
20.7562198638916,58.51749038696289,0.0,deepfake,0,1,1,1,Deepfake-Real,/mnt/public/public_datasets/OpenMMSecV2/Deepfake/Real/CelebDF-v2/809d8379be58497fa068dcc947b848aa.png
4.078913688659668,3.236560821533203,0.0,IMDL,1,4,2,8,IMDL-Fake,/mnt/public/public_datasets/OpenMMSecV2/IMDL/non_generative/manual_ps/imgs/562e4eaa761049539ec75834ef5bd787.jpg
-9.441593170166016,-7.966971397399902,0.0,IMDL,1,4,2,8,IMDL-Fake,/mnt/public/public_datasets/OpenMMSecV2/IMDL/non_generative/manual_ps/imgs/4a934de9ba1d41cca84fd9c9d8edd69d.tif
20.412160873413086,51.85888671875,0.0,deepfake,0,1,1,1,Deepfake-Real,/mnt/public/public_datasets/OpenMMSecV2/Deepfake/Real/FF++/36c96ffa64fb4baaa2c3d28a0d296f1d.png
-19.736167907714844,-46.49469757080078,0.0,Doc,1,3,2,6,Document-Fake,/mnt/public/public_datasets/OpenMMSecV2/Doc/non_aigc/generation/imgs/6e01eb3e48f24a33abe6405d9c0af165.jpg
19.429216384887695,49.96141052246094,0.0,deepfake,0,1,1,1,Deepfake-Real,/mnt/public/public_datasets/OpenMMSecV2/Deepfake/Real/FF++/8d8fac9e967246ada57103410a0ade2b.png
45.75273895263672,-20.321048736572266,0.0,Doc,0,3,1,5,Document-Real,/mnt/public/public_datasets/OpenMMSecV2/Doc/Real/926805aa2f63462da15cb2531fe1c5c9.jpg
-10.292603492736816,-47.38716506958008,0.0,Doc,0,3,1,5,Document-Real,/mnt/public/public_datasets/OpenMMSecV2/Doc/Real/6488cce19f104d388fdced45d649e258.jpg
8.219400405883789,-29.508771896362305,0.0,AIGC,1,2,2,4,AIGC-Fake,/mnt/public/public_datasets/OpenMMSecV2/AIGC/other/online/imgs/ae5d09bd502b4537bd0b7734e9ddc9ec.jpg
-0.6710816025733948,-18.08123779296875,0.0,IMDL,0,4,1,7,IMDL-Real,/mnt/public/public_datasets/OpenMMSecV2/IMDL/non_generative/manual_ps/imgs/813e404be1714dbe8591ee0bc2bda135.jpg
18.35028076171875,5.959377288818359,0.0,IMDL,0,4,1,7,IMDL-Real,/mnt/public/public_datasets/OpenMMSecV2/IMDL/generative/coco/imgs/1d0431af64f6491f8b4e50707b01fd26.jpg
6.496772289276123,51.902610778808594,0.0,deepfake,0,1,1,1,Deepfake-Real,/mnt/public/public_datasets/OpenMMSecV2/Deepfake/Real/DFD/643a6e38488144a08dbed98da3feb4f6.png
-1.199032187461853,-21.08249282836914,0.0,Doc,1,3,2,6,Document-Fake,/mnt/public/public_datasets/OpenMMSecV2/Doc/non_aigc/generation/imgs/6703f0ef1e994080b735d02946b32dc9.jpg
17.97162437438965,-16.25693130493164,0.0,IMDL,0,4,1,7,IMDL-Real,/mnt/public/public_datasets/OpenMMSecV2/IMDL/generative/coco/imgs/000e2345a342453d803aeefc401afda0.jpg
-11.688617706298828,-5.51359748840332,0.0,AIGC,1,2,2,4,AIGC-Fake,/mnt/public/public_datasets/OpenMMSecV2/AIGC/commercial/wukong/imgs/8457872f7b2642f49566e0921a5cbc07.png
-17.325876235961914,31.381990432739258,0.0,deepfake,0,1,1,1,Deepfake-Real,/mnt/public/public_datasets/OpenMMSecV2/Deepfake/Real/FFHQ/b1f23e5aff384a8696bbd5467375584c.jpeg
11.986959457397461,69.24012756347656,0.0,deepfake,0,1,1,1,Deepfake-Real,/mnt/public/public_datasets/OpenMMSecV2/Deepfake/Real/CelebDF-v2/c6af4e46b8334721a74291c407dfd8f5.png
17.761327743530273,62.781192779541016,0.0,deepfake,0,1,1,1,Deepfake-Real,/mnt/public/public_datasets/OpenMMSecV2/Deepfake/Real/FF++/beb2dd699c79443ea78b078f561b9b6c.png
11.921767234802246,-8.391532897949219,0.0,IMDL,1,4,2,8,IMDL-Fake,/mnt/public/public_datasets/OpenMMSecV2/IMDL/non_generative/manual_ps/imgs/c41bc5717a064ec881fc711c983cd16e.tif
-23.42845916748047,30.071897506713867,0.0,AIGC,1,2,2,4,AIGC-Fake,/mnt/public/public_datasets/OpenMMSecV2/AIGC/GAN/styleGANs/ba2ae9e2840841b98209f5f24d2e1008.jpg
-6.42303466796875,-41.263126373291016,0.0,Doc,0,3,1,5,Document-Real,/mnt/public/public_datasets/OpenMMSecV2/Doc/Real/2bab486b1f7d412992eeb056d8c850ec.jpg
-2.6968560218811035,-6.62150764465332,0.0,IMDL,1,4,2,8,IMDL-Fake,/mnt/public/public_datasets/OpenMMSecV2/IMDL/generative/stable_diffusion/imgs/1bebcc0971024700a058f86f9c5ede8a.png
-32.11402130126953,-54.99445724487305,0.0,Doc,0,3,1,5,Document-Real,/mnt/public/public_datasets/OpenMMSecV2/Doc/Real/9ec0d009377841dd8ae162828264ba08.jpg
-17.9478759765625,-62.22026824951172,0.0,Doc,0,3,1,5,Document-Real,/mnt/public/public_datasets/OpenMMSecV2/Doc/Real/aba7c65c338f4ff18cc8d90abb0065a7.jpg
-18.392581939697266,-61.09590530395508,0.0,Doc,0,3,1,5,Document-Real,/mnt/public/public_datasets/OpenMMSecV2/Doc/Real/868787d7cdee4331b272a2adf061d32b.jpg
8.129448890686035,63.76787185668945,0.0,deepfake,0,1,1,1,Deepfake-Real,/mnt/public/public_datasets/OpenMMSecV2/Deepfake/Real/FF++/4316af1963564e06a1557fbbec8be930.png
-36.00575637817383,-10.938865661621094,0.0,IMDL,1,4,2,8,IMDL-Fake,/mnt/public/public_datasets/OpenMMSecV2/IMDL/generative/paintbyexample/imgs/90b89402119f47ba8627491c054d86e8.jpg
22.68239402770996,-4.693413257598877,0.0,IMDL,0,4,1,7,IMDL-Real,/mnt/public/public_datasets/OpenMMSecV2/IMDL/generative/coco/imgs/77d001b3af4d477b9a25ce7c528d02df.jpg
18.602449417114258,-7.123831748962402,0.0,IMDL,0,4,1,7,IMDL-Real,/mnt/public/public_datasets/OpenMMSecV2/IMDL/generative/flux_1/imgs/468d5f6a6a834e789cb907901e4c2dbe.png
14.783817291259766,-41.65803146362305,0.0,AIGC,0,2,1,3,AIGC-Real,/mnt/public/public_datasets/OpenMMSecV2/AIGC/laion/a12e2863e3d9429c9dc43040eb188a01.jpg
-13.256815910339355,-56.6801872253418,0.0,Doc,0,3,1,5,Document-Real,/mnt/public/public_datasets/OpenMMSecV2/Doc/Real/6f26f409de2c4cfaacd808936828c90b.jpg
4.461061000823975,-13.728917121887207,0.0,AIGC,1,2,2,4,AIGC-Fake,/mnt/public/public_datasets/OpenMMSecV2/AIGC/pixel_diffusion/adm/imgs/786a02f0eb60485eae7424bb48e04c7f.PNG
15.02784252166748,-5.186392784118652,0.0,IMDL,0,4,1,7,IMDL-Real,/mnt/public/public_datasets/OpenMMSecV2/IMDL/generative/coco/imgs/400a9a19f5d54f558ff6f402508ff55b.jpg
9.986291885375977,9.522953033447266,0.0,IMDL,0,4,1,7,IMDL-Real,/mnt/public/public_datasets/OpenMMSecV2/IMDL/generative/coco/imgs/18ae6cabec4449b09f6946b2230f0a95.jpg
-22.638015747070312,14.16342830657959,0.0,deepfake,1,1,2,2,Deepfake-Fake,/mnt/public/public_datasets/OpenMMSecV2/Deepfake/Fake/EntireFaceSynthesis/MidJounery/a2a21e05e1554158bfd94fd0e2145a1f.png
-26.295442581176758,11.957257270812988,0.0,IMDL,1,4,2,8,IMDL-Fake,/mnt/public/public_datasets/OpenMMSecV2/IMDL/non_generative/manual_ps/imgs/f99b8ed715f54a42ae2adb66f6ccc7b5.jpg
-35.391780853271484,30.43686866760254,0.0,deepfake,1,1,2,2,Deepfake-Fake,/mnt/public/public_datasets/OpenMMSecV2/Deepfake/Fake/EntireFaceSynthesis/SD-2.1/58b79eeb7fc9454ca87eb59fd7004150.png
-22.272119522094727,0.699336051940918,0.0,AIGC,1,2,2,4,AIGC-Fake,/mnt/public/public_datasets/OpenMMSecV2/AIGC/pixel_diffusion/glide/imgs/6536c2ce043e47eea780fd6c851c5ded.png
-25.32228660583496,32.514793395996094,0.0,AIGC,1,2,2,4,AIGC-Fake,/mnt/public/public_datasets/OpenMMSecV2/AIGC/autoregressive_model/tamingtransformers/024aad8153f04a7dbce32dc54d6b02b2.jpg
9.644820213317871,-64.13856506347656,0.0,Doc,0,3,1,5,Document-Real,/mnt/public/public_datasets/OpenMMSecV2/Doc/Real/5c66435e670a4495852a619f01a430e2.jpg
-31.05059051513672,33.481407165527344,0.0,AIGC,1,2,2,4,AIGC-Fake,/mnt/public/public_datasets/OpenMMSecV2/AIGC/autoregressive_model/tamingtransformers/32f1daa8ed1742329aa137fee16e6b1b.jpg
-26.21649169921875,32.14814376831055,0.0,AIGC,1,2,2,4,AIGC-Fake,/mnt/public/public_datasets/OpenMMSecV2/AIGC/autoregressive_model/tamingtransformers/dbc889264bb443de9433a4f13c2ab35a.jpg
-17.12596321105957,-60.977691650390625,0.0,Doc,1,3,2,6,Document-Fake,/mnt/public/public_datasets/OpenMMSecV2/Doc/non_aigc/cover/imgs/449f69909e86427c9e7bbf58c32130ff.jpg
0.523338794708252,-1.8198132514953613,0.0,IMDL,0,4,1,7,IMDL-Real,/mnt/public/public_datasets/OpenMMSecV2/IMDL/generative/flux_1/imgs/68f9eaaa4cb44fa1beaed5f929664ce6.png
-49.05115509033203,-38.630897521972656,0.0,Doc,1,3,2,6,Document-Fake,/mnt/public/public_datasets/OpenMMSecV2/Doc/non_aigc/generation/imgs/3fa9163adbbc416989192fc124fea53a.jpg
-5.7014570236206055,61.56425476074219,0.0,deepfake,1,1,2,2,Deepfake-Fake,/mnt/public/public_datasets/OpenMMSecV2/Deepfake/Fake/FaceSwap/SimSwap/591c885a315d4a25b6d8a74039bf4037.png
-26.73127555847168,34.06743621826172,0.0,deepfake,1,1,2,2,Deepfake-Fake,/mnt/public/public_datasets/OpenMMSecV2/Deepfake/Fake/FaceEditing/e4e/2e959d2eb7ba44538b56d871adc838c9.jpg
4.4273247718811035,-63.196990966796875,0.0,Doc,1,3,2,6,Document-Fake,/mnt/public/public_datasets/OpenMMSecV2/Doc/non_aigc/generation/imgs/94add257544d435c95c06afad36ccb3d.jpg
5.170951843261719,-6.939727783203125,0.0,AIGC,0,2,1,3,AIGC-Real,/mnt/public/public_datasets/OpenMMSecV2/AIGC/laion/07e53464f76743599db8ade90da843e8.jpg
-30.081684112548828,-7.324129581451416,0.0,IMDL,1,4,2,8,IMDL-Fake,/mnt/public/public_datasets/OpenMMSecV2/IMDL/non_generative/manual_ps/imgs/a200a0be1889444188bcdc05a12225b2.jpg
-26.79219627380371,30.908079147338867,0.0,AIGC,1,2,2,4,AIGC-Fake,/mnt/public/public_datasets/OpenMMSecV2/AIGC/autoregressive_model/tamingtransformers/f36afc353c03405cb63e8e43b035175f.jpg
0.6680514216423035,-12.913467407226562,0.0,IMDL,0,4,1,7,IMDL-Real,/mnt/public/public_datasets/OpenMMSecV2/IMDL/generative/coco/imgs/5b65f4404230434587cf5990942c5e73.jpg
16.67640495300293,-8.015686988830566,0.0,IMDL,0,4,1,7,IMDL-Real,/mnt/public/public_datasets/OpenMMSecV2/IMDL/generative/coco/imgs/a94cae5111d041408a6599308bb14056.jpg
-19.001440048217773,12.82964038848877,0.0,AIGC,1,2,2,4,AIGC-Fake,/mnt/public/public_datasets/OpenMMSecV2/AIGC/other/online/imgs/856b100315cb4855856a76bc2494139b.jpg
-3.054018497467041,-6.914724349975586,0.0,IMDL,1,4,2,8,IMDL-Fake,/mnt/public/public_datasets/OpenMMSecV2/IMDL/generative/stable_diffusion/imgs/96f1ae814f8b4617a66cc91754f2dbd8.png
-0.26137202978134155,56.80287551879883,0.0,deepfake,0,1,1,1,Deepfake-Real,/mnt/public/public_datasets/OpenMMSecV2/Deepfake/Real/CelebDF-v2/479862d2fb5444e8b8a5c0a4e5cd3b1a.png
8.960160255432129,49.13459396362305,0.0,deepfake,0,1,1,1,Deepfake-Real,/mnt/public/public_datasets/OpenMMSecV2/Deepfake/Real/FF++/0b810636e24d4dd2b3e9809d3a5787be.png
41.496952056884766,-13.633121490478516,0.0,AIGC,0,2,1,3,AIGC-Real,/mnt/public/public_datasets/OpenMMSecV2/AIGC/laion/c6beff1af64946298395c0e21b551aac.jpg
-7.422830104827881,64.42848205566406,0.0,deepfake,1,1,2,2,Deepfake-Fake,/mnt/public/public_datasets/OpenMMSecV2/Deepfake/Fake/FaceSwap/FaceShifter/8d620b03a294472c942e3cad90562f93.png
30.83656120300293,-27.1689395904541,0.0,AIGC,0,2,1,3,AIGC-Real,/mnt/public/public_datasets/OpenMMSecV2/AIGC/laion/50c88772e3ec4f769b17cc527bc3cde4.jpg
2.541755437850952,62.45429992675781,0.0,deepfake,0,1,1,1,Deepfake-Real,/mnt/public/public_datasets/OpenMMSecV2/Deepfake/Real/CelebDF-v2/f47f8371273e4562b7dbf21616bb086b.png
-4.722015857696533,65.65679931640625,0.0,deepfake,1,1,2,2,Deepfake-Fake,/mnt/public/public_datasets/OpenMMSecV2/Deepfake/Fake/FaceSwap/FaceDancer/fd0d7f5b82824cdc84fe4c21f95cc848.png
21.35605239868164,-6.3749470710754395,0.0,AIGC,0,2,1,3,AIGC-Real,/mnt/public/public_datasets/OpenMMSecV2/AIGC/laion/1429ba89deca4a3fa74f08d2eb1b6ccb.jpg
35.3211555480957,-25.19678497314453,0.0,Doc,0,3,1,5,Document-Real,/mnt/public/public_datasets/OpenMMSecV2/Doc/Real/bbe82a0cb0b74917a1859338974c3c2c.jpg
-6.395510673522949,-21.490201950073242,0.0,IMDL,1,4,2,8,IMDL-Fake,/mnt/public/public_datasets/OpenMMSecV2/IMDL/non_generative/manual_ps/imgs/ac819ec0e2254f81901e7724463b9af8.tif
-9.117691040039062,-41.07319641113281,0.0,Doc,0,3,1,5,Document-Real,/mnt/public/public_datasets/OpenMMSecV2/Doc/Real/388399454df242eea28e955df173fe81.jpg
27.0402889251709,8.346325874328613,0.0,IMDL,0,4,1,7,IMDL-Real,/mnt/public/public_datasets/OpenMMSecV2/IMDL/generative/stable_diffusion/imgs/f272cf697c884daeb0f6ad45fc9d53d6.png
18.25093650817871,-8.46866226196289,0.0,IMDL,0,4,1,7,IMDL-Real,/mnt/public/public_datasets/OpenMMSecV2/IMDL/generative/coco/imgs/a46319ef7d3d4aae879b72deba376113.jpg
-3.2006962299346924,59.049354553222656,0.0,deepfake,0,1,1,1,Deepfake-Real,/mnt/public/public_datasets/OpenMMSecV2/Deepfake/Real/FF++/9f9095e4b0f44a51948c912b412675bf.png
-9.126147270202637,14.102838516235352,0.0,AIGC,1,2,2,4,AIGC-Fake,/mnt/public/public_datasets/OpenMMSecV2/AIGC/latent_diffusion/systematic/dd6a35a4b8eb408bb64ff0ceab203a33.jpg
23.902816772460938,-27.006790161132812,0.0,Doc,0,3,1,5,Document-Real,/mnt/public/public_datasets/OpenMMSecV2/Doc/Real/3dbdd784ac3246be8718121a16dff53d.jpg
17.73322296142578,8.382655143737793,0.0,IMDL,1,4,2,8,IMDL-Fake,/mnt/public/public_datasets/OpenMMSecV2/IMDL/non_generative/manual_ps/imgs/db544a601d9b46e6b44edd4d36478716.jpg
14.189887046813965,-41.59861373901367,0.0,AIGC,0,2,1,3,AIGC-Real,/mnt/public/public_datasets/OpenMMSecV2/AIGC/laion/332267fa778647969da1e4638ed15f9f.jpg
-45.00514221191406,-41.984127044677734,0.0,Doc,1,3,2,6,Document-Fake,/mnt/public/public_datasets/OpenMMSecV2/Doc/non_aigc/generation/imgs/ce7ecaac78e24b578423cec53c334e40.jpg
19.678333282470703,-34.74832534790039,0.0,AIGC,0,2,1,3,AIGC-Real,/mnt/public/public_datasets/OpenMMSecV2/AIGC/laion/1e9714285d124f53933a9166a5e4314a.jpg
10.458328247070312,-60.91556167602539,0.0,Doc,0,3,1,5,Document-Real,/mnt/public/public_datasets/OpenMMSecV2/Doc/Real/1899b0a6b6794c6986f35ec49f192cd5.jpg
22.158662796020508,-33.32440948486328,0.0,AIGC,0,2,1,3,AIGC-Real,/mnt/public/public_datasets/OpenMMSecV2/AIGC/laion/30bbf6ebf2d04739946f8580e6207431.jpg
5.442420959472656,61.309871673583984,0.0,deepfake,1,1,2,2,Deepfake-Fake,/mnt/public/public_datasets/OpenMMSecV2/Deepfake/Fake/FaceSwap/FaceDancer/1014ec602c25498bbaff517b26b6260e.png
11.438791275024414,12.032988548278809,0.0,IMDL,1,4,2,8,IMDL-Fake,/mnt/public/public_datasets/OpenMMSecV2/IMDL/generative/gan_mat/imgs/846299bbbf434f82966c43abb283f714.tiff
-14.12611198425293,-0.033132851123809814,0.0,AIGC,1,2,2,4,AIGC-Fake,/mnt/public/public_datasets/OpenMMSecV2/AIGC/other/online/imgs/1ef539ba08c84ae9aa64baae41e4e9a6.jpg
-9.009683609008789,20.400827407836914,0.0,AIGC,1,2,2,4,AIGC-Fake,/mnt/public/public_datasets/OpenMMSecV2/AIGC/other/online/imgs/68348d7f9e814a9b86889645e6fd7f21.jpg
12.524005889892578,-36.18585205078125,0.0,AIGC,0,2,1,3,AIGC-Real,/mnt/public/public_datasets/OpenMMSecV2/AIGC/laion/3a1e1b137ca2414bbeb1777e5e6dd4f8.jpg
25.109115600585938,-21.47176742553711,0.0,Doc,1,3,2,6,Document-Fake,/mnt/public/public_datasets/OpenMMSecV2/Doc/aigc/textocr/imgs/15ee7b45bc8e4538b3d17cc71b78239a.jpg
53.32771301269531,-13.94056224822998,0.0,Doc,0,3,1,5,Document-Real,/mnt/public/public_datasets/OpenMMSecV2/Doc/Real/4a83760a13884a4fa80ea8f0e226be68.jpg
-13.460469245910645,-18.434873580932617,0.0,IMDL,1,4,2,8,IMDL-Fake,/mnt/public/public_datasets/OpenMMSecV2/IMDL/non_generative/manual_ps/imgs/5c4153a727924b45b8335d16e252e0da.jpg
-13.988466262817383,-12.966877937316895,0.0,IMDL,0,4,1,7,IMDL-Real,/mnt/public/public_datasets/OpenMMSecV2/IMDL/generative/coco/imgs/b612684269ee435ebe4fb6b38d98d380.jpg
-21.83681297302246,13.892130851745605,0.0,AIGC,1,2,2,4,AIGC-Fake,/mnt/public/public_datasets/OpenMMSecV2/AIGC/commercial/dalle/3fbfc3eda76c478f939f0b04aa804c6b.jpg
-28.214868545532227,33.60616683959961,0.0,AIGC,1,2,2,4,AIGC-Fake,/mnt/public/public_datasets/OpenMMSecV2/AIGC/autoregressive_model/tamingtransformers/6fbba2384a14411b89f4ad145c95952d.jpg
-34.14484786987305,-50.591278076171875,0.0,Doc,1,3,2,6,Document-Fake,/mnt/public/public_datasets/OpenMMSecV2/Doc/non_aigc/inpaint/imgs/7b7b1818d7b74bc9a18d44dfc8ceb236.jpg
4.803390979766846,9.165668487548828,0.0,IMDL,1,4,2,8,IMDL-Fake,/mnt/public/public_datasets/OpenMMSecV2/IMDL/non_generative/manual_ps/imgs/ca8774f2899a4c20b90580c00ef61f86.jpg
-30.151809692382812,-42.75909423828125,0.0,Doc,1,3,2,6,Document-Fake,/mnt/public/public_datasets/OpenMMSecV2/Doc/non_aigc/copy-move/imgs/9502a8137eb64b2497e2f1be27b8bd64.jpg
12.790840148925781,-10.266281127929688,0.0,AIGC,0,2,1,3,AIGC-Real,/mnt/public/public_datasets/OpenMMSecV2/AIGC/pixel_diffusion/glide/imgs/a05a4ed1aa9941d290ecc63af08fc7c2.JPEG
-46.12586975097656,-38.37562561035156,0.0,Doc,1,3,2,6,Document-Fake,/mnt/public/public_datasets/OpenMMSecV2/Doc/non_aigc/generation/imgs/5d1841fc6fa144c89908383756620e48.jpg
18.292573928833008,-35.025325775146484,0.0,AIGC,0,2,1,3,AIGC-Real,/mnt/public/public_datasets/OpenMMSecV2/AIGC/laion/da446e4dfad1464a97e9b2473dcc9c13.jpg
-17.21120262145996,10.255244255065918,0.0,AIGC,1,2,2,4,AIGC-Fake,/mnt/public/public_datasets/OpenMMSecV2/AIGC/commercial/imagen/b2b925b1ff174c3e8c0bdaf5e2f46a18.jpg
-33.27016067504883,-42.58913803100586,0.0,Doc,1,3,2,6,Document-Fake,/mnt/public/public_datasets/OpenMMSecV2/Doc/non_aigc/copy-move/imgs/2426daaa30294474834996ac4d18f065.jpg
13.538570404052734,39.36491775512695,0.0,deepfake,0,1,1,1,Deepfake-Real,/mnt/public/public_datasets/OpenMMSecV2/Deepfake/Real/VFHQ/afac56854c1a425f81e5386dd4cb55b7.png
12.007019996643066,-64.48924255371094,0.0,Doc,0,3,1,5,Document-Real,/mnt/public/public_datasets/OpenMMSecV2/Doc/Real/3028a52b264344c689965781426cdc54.jpg
-1.4909520149230957,6.675531387329102,0.0,IMDL,1,4,2,8,IMDL-Fake,/mnt/public/public_datasets/OpenMMSecV2/IMDL/generative/stable_diffusion/imgs/419bcaa8b0334a18b03f9234a61de05a.png
0.869362473487854,13.666120529174805,0.0,IMDL,1,4,2,8,IMDL-Fake,/mnt/public/public_datasets/OpenMMSecV2/IMDL/generative/flux_1/imgs/1599e20e4c2b40f8b283abe7d887abbd.png
-21.0812931060791,0.6517553329467773,0.0,AIGC,1,2,2,4,AIGC-Fake,/mnt/public/public_datasets/OpenMMSecV2/AIGC/pixel_diffusion/adm/imgs/0d0435c50b104520938cf4a16217ed81.PNG
-0.9940682649612427,-1.8043206930160522,0.0,AIGC,1,2,2,4,AIGC-Fake,/mnt/public/public_datasets/OpenMMSecV2/AIGC/other/online/imgs/1623183a56eb428eb5087efe3db2eb9c.jpg
11.589543342590332,-61.311241149902344,0.0,Doc,0,3,1,5,Document-Real,/mnt/public/public_datasets/OpenMMSecV2/Doc/Real/b9193cd0f2dd4fa085ecd9fe884f62aa.jpg
-8.113286972045898,-12.636746406555176,0.0,IMDL,1,4,2,8,IMDL-Fake,/mnt/public/public_datasets/OpenMMSecV2/IMDL/non_generative/manual_ps/imgs/3bf6f5ecb94d4ea4a3e7f9405a7e8e5f.jpg
-27.179729461669922,-56.050201416015625,0.0,Doc,1,3,2,6,Document-Fake,/mnt/public/public_datasets/OpenMMSecV2/Doc/non_aigc/generation/imgs/c789f4afabaf47bca5b2cd805fcf75a8.jpg
29.013858795166016,-27.586647033691406,0.0,Doc,1,3,2,6,Document-Fake,/mnt/public/public_datasets/OpenMMSecV2/Doc/aigc/udifftext/imgs/d6741ad4807340a6b012d5f3e60b1005.jpg
-19.75721549987793,67.31642150878906,0.0,deepfake,1,1,2,2,Deepfake-Fake,/mnt/public/public_datasets/OpenMMSecV2/Deepfake/Fake/FaceReenactment/DaGAN/d8251d1f6f5e4e788b5a7df795e8afac.png
-25.332319259643555,35.17280197143555,0.0,deepfake,1,1,2,2,Deepfake-Fake,/mnt/public/public_datasets/OpenMMSecV2/Deepfake/Fake/FaceEditing/e4e/87a2025116dc4abc99b3662e78fa1456.jpg
-31.477752685546875,34.59313201904297,0.0,AIGC,1,2,2,4,AIGC-Fake,/mnt/public/public_datasets/OpenMMSecV2/AIGC/autoregressive_model/tamingtransformers/4d0767d921e049359257242749139df2.jpg
16.163414001464844,10.712942123413086,0.0,IMDL,0,4,1,7,IMDL-Real,/mnt/public/public_datasets/OpenMMSecV2/IMDL/generative/stable_diffusion/imgs/844adf2a28a0459897a79539e83427a9.png
10.690754890441895,10.572771072387695,0.0,IMDL,0,4,1,7,IMDL-Real,/mnt/public/public_datasets/OpenMMSecV2/IMDL/generative/coco/imgs/08bb392c1967437fa74c6ef2eeba6452.jpg
5.700507640838623,52.88106918334961,0.0,deepfake,0,1,1,1,Deepfake-Real,/mnt/public/public_datasets/OpenMMSecV2/Deepfake/Real/DFD/ea739cbbc8ea4e5b8dbb756129de32f1.png
-28.67808723449707,36.606014251708984,0.0,deepfake,1,1,2,2,Deepfake-Fake,/mnt/public/public_datasets/OpenMMSecV2/Deepfake/Fake/FaceEditing/e4e/b92c3958b495491ba93458da278dea85.jpg
14.468541145324707,-2.718494415283203,0.0,IMDL,0,4,1,7,IMDL-Real,/mnt/public/public_datasets/OpenMMSecV2/IMDL/generative/coco/imgs/60942e64d75c44109253987ffbe81098.jpg
10.686064720153809,-22.1488094329834,0.0,AIGC,0,2,1,3,AIGC-Real,/mnt/public/public_datasets/OpenMMSecV2/AIGC/laion/8c41faf118074a459031442f727c37a6.jpg
4.3534321784973145,46.2401237487793,0.0,deepfake,1,1,2,2,Deepfake-Fake,/mnt/public/public_datasets/OpenMMSecV2/Deepfake/Fake/FaceEditing/StarGANv2/b3d0e830519e46b59af32ea05fe057f5.jpg
-28.983776092529297,32.545467376708984,0.0,AIGC,1,2,2,4,AIGC-Fake,/mnt/public/public_datasets/OpenMMSecV2/AIGC/autoregressive_model/tamingtransformers/90011df70a3a4ca1b447d3db8111ab71.jpg
-22.47378158569336,-10.964499473571777,0.0,IMDL,0,4,1,7,IMDL-Real,/mnt/public/public_datasets/OpenMMSecV2/IMDL/non_generative/manual_ps/imgs/bc85f1f5b69843c4860b356302e9c4a0.jpg
26.105772018432617,-21.421173095703125,0.0,Doc,1,3,2,6,Document-Fake,/mnt/public/public_datasets/OpenMMSecV2/Doc/aigc/textocr/imgs/32f360cbbd5142e09e75ed66d100e2e9.jpg
19.71672821044922,6.5170698165893555,0.0,IMDL,0,4,1,7,IMDL-Real,/mnt/public/public_datasets/OpenMMSecV2/IMDL/generative/stable_diffusion/imgs/0390c313fed548219e4cc5ac0c7842ec.png
-10.673175811767578,7.724711894989014,0.0,Doc,0,3,1,5,Document-Real,/mnt/public/public_datasets/OpenMMSecV2/Doc/Real/e62b8bd995594913903fc0e7d4ba4d2b.jpg
-8.798410415649414,61.048065185546875,0.0,deepfake,1,1,2,2,Deepfake-Fake,/mnt/public/public_datasets/OpenMMSecV2/Deepfake/Fake/FaceSwap/FSGAN/05e3684e7b4c4d68be880e80cb6aaaa5.png
24.931489944458008,6.237836837768555,0.0,IMDL,0,4,1,7,IMDL-Real,/mnt/public/public_datasets/OpenMMSecV2/IMDL/generative/coco/imgs/5cbaf13d9adb433598a10dcb747c422d.jpg
-29.362852096557617,-49.25796890258789,0.0,Doc,1,3,2,6,Document-Fake,/mnt/public/public_datasets/OpenMMSecV2/Doc/non_aigc/generation/imgs/f5631e931546404486534631d3641186.jpg
-13.925267219543457,5.153632640838623,0.0,AIGC,1,2,2,4,AIGC-Fake,/mnt/public/public_datasets/OpenMMSecV2/AIGC/other/online/imgs/7cdf6004292b4cd39eefbdac28d76b10.jpg
42.66501235961914,-11.12327766418457,0.0,AIGC,1,2,2,4,AIGC-Fake,/mnt/public/public_datasets/OpenMMSecV2/AIGC/pixel_diffusion/adm/imgs/be49c35d7621499790e9e4dbf887ad46.PNG
-29.575511932373047,0.5439942479133606,0.0,AIGC,1,2,2,4,AIGC-Fake,/mnt/public/public_datasets/OpenMMSecV2/AIGC/GAN/styleGANs/b97a2fb748c84e80a2a9dcdafab5e6bd.jpg
6.090072154998779,9.915582656860352,0.0,IMDL,1,4,2,8,IMDL-Fake,/mnt/public/public_datasets/OpenMMSecV2/IMDL/non_generative/manual_ps/imgs/eed41cfc874847f9a1fa452d0e10ba72.jpg
-13.975926399230957,66.00682830810547,0.0,deepfake,1,1,2,2,Deepfake-Fake,/mnt/public/public_datasets/OpenMMSecV2/Deepfake/Fake/FaceReenactment/TPSMM/03335fa8995f4661a169d2cd4f3033db.png
15.915227890014648,40.977752685546875,0.0,deepfake,0,1,1,1,Deepfake-Real,/mnt/public/public_datasets/OpenMMSecV2/Deepfake/Real/FF++/da2ba8df45914216bb72280f96513c8b.png
-19.736507415771484,13.14305305480957,0.0,IMDL,1,4,2,8,IMDL-Fake,/mnt/public/public_datasets/OpenMMSecV2/IMDL/generative/stable_diffusion/imgs/118c749c874d4089a63918085b1429ee.png
3.576277256011963,47.69837951660156,0.0,deepfake,1,1,2,2,Deepfake-Fake,/mnt/public/public_datasets/OpenMMSecV2/Deepfake/Fake/EntireFaceSynthesis/DiT-XL/eaa83c959f0f4a86a7b4fe4a197c721c.png
-4.0827460289001465,60.23624801635742,0.0,deepfake,0,1,1,1,Deepfake-Real,/mnt/public/public_datasets/OpenMMSecV2/Deepfake/Real/FF++/d67cadbed29643868c13588369857014.png
16.284286499023438,68.12498474121094,0.0,deepfake,1,1,2,2,Deepfake-Fake,/mnt/public/public_datasets/OpenMMSecV2/Deepfake/Fake/FaceSwap/FaceShifter/2b7eb40a506841a78f8ab5b4d6f3b70b.png
11.811517715454102,-65.4179916381836,0.0,Doc,0,3,1,5,Document-Real,/mnt/public/public_datasets/OpenMMSecV2/Doc/Real/d69b4346376a46c4b11da4d57541d5e8.jpg
-26.490867614746094,33.96699142456055,0.0,deepfake,1,1,2,2,Deepfake-Fake,/mnt/public/public_datasets/OpenMMSecV2/Deepfake/Fake/FaceEditing/e4e/baee6017925842baae70d391ff6a2cde.jpg
-9.422340393066406,18.390329360961914,0.0,IMDL,1,4,2,8,IMDL-Fake,/mnt/public/public_datasets/OpenMMSecV2/IMDL/generative/flux_1/imgs/18506933641a44d288202855c7fa866f.png
-18.094011306762695,66.50330352783203,0.0,deepfake,1,1,2,2,Deepfake-Fake,/mnt/public/public_datasets/OpenMMSecV2/Deepfake/Fake/FaceSwap/InSwapper/b01cd8045bde4a58a1491bb350733f72.png
14.493924140930176,59.42479705810547,0.0,deepfake,0,1,1,1,Deepfake-Real,/mnt/public/public_datasets/OpenMMSecV2/Deepfake/Real/CelebDF-v2/b0f73233cd9a4d39b9a6c7c6a0b51161.png
40.369728088378906,-23.25943374633789,0.0,Doc,0,3,1,5,Document-Real,/mnt/public/public_datasets/OpenMMSecV2/Doc/Real/fe3ba5fb7afe4f06b1233a2337d72214.jpg
11.95181941986084,49.1430778503418,0.0,deepfake,0,1,1,1,Deepfake-Real,/mnt/public/public_datasets/OpenMMSecV2/Deepfake/Real/CelebDF-v2/f361cb3076d14735a78cd963acee389d.png
-33.65202713012695,-13.285442352294922,0.0,IMDL,1,4,2,8,IMDL-Fake,/mnt/public/public_datasets/OpenMMSecV2/IMDL/generative/gan_mat/imgs/aefdea7f4d304c7f97a9fa8af2b7ccca.jpg
18.474899291992188,56.837928771972656,0.0,deepfake,0,1,1,1,Deepfake-Real,/mnt/public/public_datasets/OpenMMSecV2/Deepfake/Real/UADFV/591b5bc7348245ba851188b7a5c7bb61.png
10.88502311706543,39.8139762878418,0.0,IMDL,0,4,1,7,IMDL-Real,/mnt/public/public_datasets/OpenMMSecV2/IMDL/non_generative/manual_ps/imgs/94f47530981f4ef99a551e5e24e132b2.jpg
-4.341474533081055,63.58720779418945,0.0,deepfake,1,1,2,2,Deepfake-Fake,/mnt/public/public_datasets/OpenMMSecV2/Deepfake/Fake/FaceSwap/BlendFace/8998dc022a3c46928feb685277e08426.png
19.75173568725586,-4.7789835929870605,0.0,IMDL,0,4,1,7,IMDL-Real,/mnt/public/public_datasets/OpenMMSecV2/IMDL/generative/coco/imgs/36ff4190a3784b19b704dbef791266bd.jpg
-48.44908905029297,-40.71590805053711,0.0,Doc,1,3,2,6,Document-Fake,/mnt/public/public_datasets/OpenMMSecV2/Doc/non_aigc/copy-move/imgs/a1e1b687e1994d7faae1392899395d11.jpg
-23.849084854125977,-12.954156875610352,0.0,IMDL,1,4,2,8,IMDL-Fake,/mnt/public/public_datasets/OpenMMSecV2/IMDL/non_generative/manual_ps/imgs/3adbe7cbbfc6464eb75dce09c5cfd299.tif
9.768475532531738,-61.673622131347656,0.0,Doc,0,3,1,5,Document-Real,/mnt/public/public_datasets/OpenMMSecV2/Doc/Real/ba68577efd7a4afdae3ff5f3b0da261c.jpg
-19.92482566833496,-59.97488784790039,0.0,Doc,0,3,1,5,Document-Real,/mnt/public/public_datasets/OpenMMSecV2/Doc/Real/6c32329804d2450094c56ccc958a2662.jpg
-14.542168617248535,2.0708487033843994,0.0,AIGC,0,2,1,3,AIGC-Real,/mnt/public/public_datasets/OpenMMSecV2/AIGC/other/online/imgs/e83ae2e4213d44ccab7c2c3786d75138.jpg
19.163251876831055,57.83558654785156,0.0,deepfake,0,1,1,1,Deepfake-Real,/mnt/public/public_datasets/OpenMMSecV2/Deepfake/Real/CelebDF-v2/31b1975646d44c8fbf17486cfc185cfa.png
26.738065719604492,-23.809568405151367,0.0,Doc,1,3,2,6,Document-Fake,/mnt/public/public_datasets/OpenMMSecV2/Doc/aigc/textocr/imgs/299ab99bd39d452185b6cbf55e3458ba.jpg
15.262596130371094,-33.45675277709961,0.0,AIGC,0,2,1,3,AIGC-Real,/mnt/public/public_datasets/OpenMMSecV2/AIGC/laion/c2f891a43eaf4522b570e905a07552cd.jpg
-32.3588752746582,-13.144135475158691,0.0,IMDL,1,4,2,8,IMDL-Fake,/mnt/public/public_datasets/OpenMMSecV2/IMDL/generative/paintbyexample/imgs/bb4e3ff728df4a5785fa24faa871cdb3.png
-22.547027587890625,7.924251079559326,0.0,AIGC,1,2,2,4,AIGC-Fake,/mnt/public/public_datasets/OpenMMSecV2/AIGC/latent_diffusion/systematic/d1ee132d7db54464b1e9cdeaa8cd0c55.jpg
10.331501007080078,63.7269401550293,0.0,deepfake,0,1,1,1,Deepfake-Real,/mnt/public/public_datasets/OpenMMSecV2/Deepfake/Real/CelebDF-v2/337360021ce646ce9c4365a28ef5dc99.png
22.279434204101562,48.915706634521484,0.0,deepfake,1,1,2,2,Deepfake-Fake,/mnt/public/public_datasets/OpenMMSecV2/Deepfake/Fake/FaceSwap/BlendFace/4131ec3f63264680936be0346846c884.png
-13.354310035705566,-13.633912086486816,0.0,IMDL,1,4,2,8,IMDL-Fake,/mnt/public/public_datasets/OpenMMSecV2/IMDL/generative/paintbyexample/imgs/934e048561c6469daa648ba993b47b82.jpg
-30.8243350982666,32.25237274169922,0.0,deepfake,1,1,2,2,Deepfake-Fake,/mnt/public/public_datasets/OpenMMSecV2/Deepfake/Fake/EntireFaceSynthesis/SD-2.1/b17bc34af9c24776a0f99a4f88e618f4.png
-29.2635440826416,-6.708510398864746,0.0,IMDL,0,4,1,7,IMDL-Real,/mnt/public/public_datasets/OpenMMSecV2/IMDL/non_generative/manual_ps/imgs/ff4c50f30d8d405ab69a949eba31e1f5.jpg
1.2073605060577393,47.0307502746582,0.0,deepfake,1,1,2,2,Deepfake-Fake,/mnt/public/public_datasets/OpenMMSecV2/Deepfake/Fake/FaceEditing/StarGANv2/f585eaf99ead4883a6141c49afde2d9e.jpg
-18.576478958129883,-6.239859104156494,0.0,AIGC,0,2,1,3,AIGC-Real,/mnt/public/public_datasets/OpenMMSecV2/AIGC/other/online/imgs/56dc1c6e15c442e2a4c7eb41681324ab.jpg
37.376243591308594,-26.822351455688477,0.0,Doc,0,3,1,5,Document-Real,/mnt/public/public_datasets/OpenMMSecV2/Doc/Real/c3b0df96162a46adb19837114b889d26.jpg
7.747493743896484,-24.59015655517578,0.0,IMDL,1,4,2,8,IMDL-Fake,/mnt/public/public_datasets/OpenMMSecV2/IMDL/non_generative/manual_ps/imgs/9980e9d031db4f409cdcfe1ac8123007.jpg
-34.28137969970703,32.14673614501953,0.0,deepfake,1,1,2,2,Deepfake-Fake,/mnt/public/public_datasets/OpenMMSecV2/Deepfake/Fake/EntireFaceSynthesis/StyleGAN3/c9a7a38ffade4815b04952b0a7aa90a4.png
16.20989227294922,-38.689125061035156,0.0,AIGC,0,2,1,3,AIGC-Real,/mnt/public/public_datasets/OpenMMSecV2/AIGC/laion/fc54963cad094e408706aa963efd9441.jpg
20.29643440246582,51.34408187866211,0.0,deepfake,0,1,1,1,Deepfake-Real,/mnt/public/public_datasets/OpenMMSecV2/Deepfake/Real/FF++/5645355f4d154e80a62030890dd13a59.png
10.937849998474121,-35.641868591308594,0.0,AIGC,0,2,1,3,AIGC-Real,/mnt/public/public_datasets/OpenMMSecV2/AIGC/laion/ac3bded121084563a01552985ac681b1.jpg
5.489341735839844,52.942935943603516,0.0,deepfake,0,1,1,1,Deepfake-Real,/mnt/public/public_datasets/OpenMMSecV2/Deepfake/Real/DFD/2464e9e3bd0b41069ff55119ecbc563c.png
10.665914535522461,56.92897033691406,0.0,deepfake,1,1,2,2,Deepfake-Fake,/mnt/public/public_datasets/OpenMMSecV2/Deepfake/Fake/FaceSwap/InSwapper/f062266de2cf4b4eb1054fbb286f66c9.png
-0.7572640776634216,-8.011011123657227,0.0,AIGC,1,2,2,4,AIGC-Fake,/mnt/public/public_datasets/OpenMMSecV2/AIGC/other/online/imgs/f21bb859ad0f4eec8f3669ea73d96704.jpg
19.903139114379883,18.20257568359375,0.0,Doc,0,3,1,5,Document-Real,/mnt/public/public_datasets/OpenMMSecV2/Doc/Real/814ed3cd663b4b31a7f2879fd647e967.jpg
-12.771864891052246,-54.050262451171875,0.0,Doc,0,3,1,5,Document-Real,/mnt/public/public_datasets/OpenMMSecV2/Doc/Real/fdfbd8e3573c4dd3a6378d9f167fd2e6.jpg
48.000404357910156,-14.515649795532227,0.0,Doc,0,3,1,5,Document-Real,/mnt/public/public_datasets/OpenMMSecV2/Doc/Real/b7fd232ebe524469bd5d3bbf2bf5f4ee.jpg
24.71189308166504,-1.3763495683670044,0.0,AIGC,0,2,1,3,AIGC-Real,/mnt/public/public_datasets/OpenMMSecV2/AIGC/laion/31f9d7a61ba24a1f908610b4267c7ea9.jpg
42.71916580200195,-15.845232963562012,0.0,Doc,0,3,1,5,Document-Real,/mnt/public/public_datasets/OpenMMSecV2/Doc/aigc/derend/imgs/c985d9d397304816a9b00074f411a826.jpg
-28.929691314697266,32.006591796875,0.0,AIGC,1,2,2,4,AIGC-Fake,/mnt/public/public_datasets/OpenMMSecV2/AIGC/autoregressive_model/tamingtransformers/e7767e1a597041ba8525052a1878ba3a.jpg
22.447654724121094,-39.70893859863281,0.0,AIGC,0,2,1,3,AIGC-Real,/mnt/public/public_datasets/OpenMMSecV2/AIGC/laion/f0d88c1206d6409cb8da59a6ef6c35a5.jpg
22.558488845825195,-0.9265981316566467,0.0,IMDL,0,4,1,7,IMDL-Real,/mnt/public/public_datasets/OpenMMSecV2/IMDL/generative/coco/imgs/747fb176ea1040af86dad1d218867b14.jpg
11.176946640014648,10.315299034118652,0.0,IMDL,0,4,1,7,IMDL-Real,/mnt/public/public_datasets/OpenMMSecV2/IMDL/generative/coco/imgs/c23fd36e8bd844a887953a3e3dfb1752.jpg
23.05245590209961,58.428348541259766,0.0,deepfake,0,1,1,1,Deepfake-Real,/mnt/public/public_datasets/OpenMMSecV2/Deepfake/Real/CelebDF-v2/9d394ba068c7468ca5d48f8596ef56b6.png
33.735130310058594,-16.288053512573242,0.0,Doc,0,3,1,5,Document-Real,/mnt/public/public_datasets/OpenMMSecV2/Doc/Real/fa2e7bcbaa6e4cf3a66a8c83b2278054.jpg
2.276710271835327,-21.739341735839844,0.0,AIGC,0,2,1,3,AIGC-Real,/mnt/public/public_datasets/OpenMMSecV2/AIGC/laion/ae1b44f72ec54584928f940ef6cc2c72.jpg
-4.04494571685791,65.18724060058594,0.0,deepfake,1,1,2,2,Deepfake-Fake,/mnt/public/public_datasets/OpenMMSecV2/Deepfake/Fake/FaceSwap/FaceDancer/b9a61e91f1a04c37978bb10d0b3ba328.png
18.03314208984375,8.324268341064453,0.0,IMDL,0,4,1,7,IMDL-Real,/mnt/public/public_datasets/OpenMMSecV2/IMDL/generative/flux_1/imgs/baac6178547c4c669dba49fa9e3e9392.png
-13.66419506072998,52.425201416015625,0.0,deepfake,1,1,2,2,Deepfake-Fake,/mnt/public/public_datasets/OpenMMSecV2/Deepfake/Fake/FaceEditing/StarGAN/57f8711666aa40f8babd7456e0faca9c.jpg
6.2812819480896,-25.04790496826172,0.0,IMDL,1,4,2,8,IMDL-Fake,/mnt/public/public_datasets/OpenMMSecV2/IMDL/non_generative/manual_ps/imgs/0dc49792e96a40b180ca4d6cd6f4c83c.jpg
13.924159049987793,-6.7647199630737305,0.0,IMDL,0,4,1,7,IMDL-Real,/mnt/public/public_datasets/OpenMMSecV2/IMDL/generative/coco/imgs/c26ad3b861a24f5b9691adf1bdb7aecd.jpg
-18.098615646362305,65.49754333496094,0.0,deepfake,1,1,2,2,Deepfake-Fake,/mnt/public/public_datasets/OpenMMSecV2/Deepfake/Fake/FaceReenactment/DaGAN/a4a5989066ba46dbbe6059b04f77fba0.png
21.856220245361328,-38.321807861328125,0.0,AIGC,0,2,1,3,AIGC-Real,/mnt/public/public_datasets/OpenMMSecV2/AIGC/laion/42f567bc22c24e969aceae076748371d.jpg
-46.21337890625,-42.27609634399414,0.0,Doc,1,3,2,6,Document-Fake,/mnt/public/public_datasets/OpenMMSecV2/Doc/non_aigc/cpmv/imgs/a48870d5d2f741bdbd251a81c40d5ec6.jpg
11.666864395141602,41.89631271362305,0.0,deepfake,0,1,1,1,Deepfake-Real,/mnt/public/public_datasets/OpenMMSecV2/Deepfake/Real/DFD/8aa1aa07adae431898587a0083ba7da7.png
20.121719360351562,-27.835384368896484,0.0,IMDL,1,4,2,8,IMDL-Fake,/mnt/public/public_datasets/OpenMMSecV2/IMDL/non_generative/manual_ps/imgs/207d3d19fbb34a13aea89b00190dba4f.jpg
-16.66629409790039,28.163484573364258,0.0,deepfake,0,1,1,1,Deepfake-Real,/mnt/public/public_datasets/OpenMMSecV2/Deepfake/Real/FFHQ/ef9a87f3f6a344fd94336250f326b92c.jpeg
18.716779708862305,-16.894149780273438,0.0,AIGC,1,2,2,4,AIGC-Fake,/mnt/public/public_datasets/OpenMMSecV2/AIGC/commercial/wukong/imgs/c52e489f3d9b4567b7acfbf4053ca977.png
-2.7052838802337646,-15.499226570129395,0.0,AIGC,0,2,1,3,AIGC-Real,/mnt/public/public_datasets/OpenMMSecV2/AIGC/other/online/imgs/7a319f9c02c643378ee1dd6a192c3eb7.jpg
12.437230110168457,8.555344581604004,0.0,IMDL,0,4,1,7,IMDL-Real,/mnt/public/public_datasets/OpenMMSecV2/IMDL/generative/coco/imgs/f70e1a01ba0c47ee8ac5ebc5ea1760e9.jpg
18.61711883544922,11.255376815795898,0.0,IMDL,0,4,1,7,IMDL-Real,/mnt/public/public_datasets/OpenMMSecV2/IMDL/generative/flux_1/imgs/684592103e6f4049814a8712d821cf91.png
20.04352378845215,3.4851810932159424,0.0,IMDL,0,4,1,7,IMDL-Real,/mnt/public/public_datasets/OpenMMSecV2/IMDL/generative/coco/imgs/14c35a71f5cf48d5adc98e24fb923379.jpg
13.499836921691895,-5.0305256843566895,0.0,IMDL,1,4,2,8,IMDL-Fake,/mnt/public/public_datasets/OpenMMSecV2/IMDL/non_generative/manual_ps/imgs/2918cca949524b668301b1c458569d94.jpg
44.08395767211914,-18.10476303100586,0.0,Doc,0,3,1,5,Document-Real,/mnt/public/public_datasets/OpenMMSecV2/Doc/Real/2abf23d1b7ff48d59b65dd5c805ce11d.jpg
8.776293754577637,-10.548332214355469,0.0,IMDL,1,4,2,8,IMDL-Fake,/mnt/public/public_datasets/OpenMMSecV2/IMDL/non_generative/manual_ps/imgs/3febbff005374878ae147ef72dcc3e22.jpg
-27.41341209411621,33.066864013671875,0.0,AIGC,1,2,2,4,AIGC-Fake,/mnt/public/public_datasets/OpenMMSecV2/AIGC/autoregressive_model/tamingtransformers/3d25b1fc66a1405d9fbd5445b6174261.jpg
-23.4974365234375,65.9534912109375,0.0,deepfake,1,1,2,2,Deepfake-Fake,/mnt/public/public_datasets/OpenMMSecV2/Deepfake/Fake/FaceReenactment/MRAA/e572155ad6814e75a2eece5c4c098ef1.png
17.54424476623535,-25.696903228759766,0.0,AIGC,0,2,1,3,AIGC-Real,/mnt/public/public_datasets/OpenMMSecV2/AIGC/laion/788feb6c9e5b48969262274ccf3c7be2.jpg
18.55388069152832,-37.3237190246582,0.0,AIGC,0,2,1,3,AIGC-Real,/mnt/public/public_datasets/OpenMMSecV2/AIGC/laion/804351d31b08443896878f62c798dad9.jpg
21.249418258666992,-4.04376745223999,0.0,AIGC,0,2,1,3,AIGC-Real,/mnt/public/public_datasets/OpenMMSecV2/AIGC/laion/b76f6b9d789c494ab2e79e4023cd1014.jpg
-7.726722717285156,60.92160415649414,0.0,deepfake,0,1,1,1,Deepfake-Real,/mnt/public/public_datasets/OpenMMSecV2/Deepfake/Real/DFD/9ff1c44e21f647de8288a61ae2ce97c3.png
19.863893508911133,45.804649353027344,0.0,deepfake,0,1,1,1,Deepfake-Real,/mnt/public/public_datasets/OpenMMSecV2/Deepfake/Real/FFHQ/c1696a63f1e048959f9a5e630796b78b.jpg
-9.583558082580566,4.467270851135254,0.0,IMDL,1,4,2,8,IMDL-Fake,/mnt/public/public_datasets/OpenMMSecV2/IMDL/generative/flux_1/imgs/a651d72e847e44dcac015cb8d9572373.png
-34.372318267822266,-44.41725540161133,0.0,Doc,1,3,2,6,Document-Fake,/mnt/public/public_datasets/OpenMMSecV2/Doc/non_aigc/generation/imgs/bf08fdb68056457ba4e0771f2e28ec3b.jpg
-13.728285789489746,0.85783851146698,0.0,AIGC,0,2,1,3,AIGC-Real,/mnt/public/public_datasets/OpenMMSecV2/AIGC/other/online/imgs/ceaf12c8779b4ac2858cbd185fddb1b8.jpg
-19.236068725585938,-60.33537292480469,0.0,Doc,0,3,1,5,Document-Real,/mnt/public/public_datasets/OpenMMSecV2/Doc/Real/c8d61036800240bc8857ec551e9deea8.jpg
36.881370544433594,-19.75758934020996,0.0,Doc,0,3,1,5,Document-Real,/mnt/public/public_datasets/OpenMMSecV2/Doc/Real/fa24d14d26af4a04868fd6ef591845bd.jpg
-15.733565330505371,-61.477081298828125,0.0,Doc,0,3,1,5,Document-Real,/mnt/public/public_datasets/OpenMMSecV2/Doc/Real/ef056176c9b0435ea7838a6dab8d314e.jpg
-15.734980583190918,4.489984512329102,0.0,AIGC,1,2,2,4,AIGC-Fake,/mnt/public/public_datasets/OpenMMSecV2/AIGC/other/online/imgs/46b503d6a34d431e8c6ead63c31f1b00.jpg
-11.890654563903809,-15.983874320983887,0.0,IMDL,1,4,2,8,IMDL-Fake,/mnt/public/public_datasets/OpenMMSecV2/IMDL/non_generative/manual_ps/imgs/883c95f1c713439abd492e8e2e287ed0.tif
-19.351484298706055,66.35882568359375,0.0,deepfake,1,1,2,2,Deepfake-Fake,/mnt/public/public_datasets/OpenMMSecV2/Deepfake/Fake/FaceReenactment/DaGAN/d1d2a16ff0014d46b314c459dac12b47.png
14.452698707580566,42.336273193359375,0.0,deepfake,0,1,1,1,Deepfake-Real,/mnt/public/public_datasets/OpenMMSecV2/Deepfake/Real/VFHQ/5fcb9850bce644e69a98047605299bfd.png
-32.04688262939453,-50.73644256591797,0.0,Doc,1,3,2,6,Document-Fake,/mnt/public/public_datasets/OpenMMSecV2/Doc/non_aigc/generation/imgs/205eab65743743bc8ff7c528127f97b4.jpg
35.99563217163086,-26.156227111816406,0.0,Doc,0,3,1,5,Document-Real,/mnt/public/public_datasets/OpenMMSecV2/Doc/Real/cba56288599643cbbfd895e6e9a8ea81.jpg
15.796819686889648,-16.623456954956055,0.0,IMDL,0,4,1,7,IMDL-Real,/mnt/public/public_datasets/OpenMMSecV2/IMDL/generative/stable_diffusion/imgs/f05461359d5e499a9ee135dc82ccbb21.png
-19.56687355041504,-60.537410736083984,0.0,Doc,1,3,2,6,Document-Fake,/mnt/public/public_datasets/OpenMMSecV2/Doc/non_aigc/cpmv/imgs/67515901fe9147e0a866fd2d4d9834ed.jpg
15.357309341430664,62.15852355957031,0.0,deepfake,0,1,1,1,Deepfake-Real,/mnt/public/public_datasets/OpenMMSecV2/Deepfake/Real/FF++/0a5c3639e1b74334909323cfc2022388.png
-19.399431228637695,-9.0643310546875,0.0,IMDL,0,4,1,7,IMDL-Real,/mnt/public/public_datasets/OpenMMSecV2/IMDL/non_generative/manual_ps/imgs/f4be7204af3443e9bb5183f24077482d.jpg
26.580522537231445,20.60811424255371,0.0,AIGC,0,2,1,3,AIGC-Real,/mnt/public/public_datasets/OpenMMSecV2/AIGC/laion/ab87c6699f02400e8593073f5f066071.jpg
42.78166198730469,-10.9673490524292,0.0,AIGC,1,2,2,4,AIGC-Fake,/mnt/public/public_datasets/OpenMMSecV2/AIGC/pixel_diffusion/adm/imgs/2b5047110a224aa9b4a45fb915a93d66.png
16.17215919494629,52.74577713012695,0.0,deepfake,0,1,1,1,Deepfake-Real,/mnt/public/public_datasets/OpenMMSecV2/Deepfake/Real/CelebDF-v2/4686b680be5142f288953048b3e435f2.png
-29.834644317626953,-51.41410827636719,0.0,Doc,1,3,2,6,Document-Fake,/mnt/public/public_datasets/OpenMMSecV2/Doc/non_aigc/cover/imgs/b56427c61fd244e2a45a3fe0b3c7f084.jpg
12.759987831115723,-65.21963500976562,0.0,Doc,0,3,1,5,Document-Real,/mnt/public/public_datasets/OpenMMSecV2/Doc/Real/5fbf9b21b3fb4ac3bdfc2556a112daa6.jpg
-26.270668029785156,-54.00724411010742,0.0,Doc,1,3,2,6,Document-Fake,/mnt/public/public_datasets/OpenMMSecV2/Doc/non_aigc/inpaint/imgs/e3a1f94f7a414274adac5d8fdf20ebf0.jpg
12.900433540344238,69.37439727783203,0.0,deepfake,0,1,1,1,Deepfake-Real,/mnt/public/public_datasets/OpenMMSecV2/Deepfake/Real/CelebDF-v2/9b93ceb380c44fb3bd13f7c0132ddc63.png
14.254704475402832,-40.63344192504883,0.0,AIGC,0,2,1,3,AIGC-Real,/mnt/public/public_datasets/OpenMMSecV2/AIGC/laion/fc72bd5d34194ca38b3974bd09d10b97.jpg
-18.706117630004883,-0.6497283577919006,0.0,AIGC,1,2,2,4,AIGC-Fake,/mnt/public/public_datasets/OpenMMSecV2/AIGC/GAN/BigGAN/imgs/89246241c50a4d03936e4dfc6e4d3f4f.png
-13.272809028625488,-61.06710433959961,0.0,Doc,1,3,2,6,Document-Fake,/mnt/public/public_datasets/OpenMMSecV2/Doc/non_aigc/cpmv/imgs/bed3f71395084d2db0e585c8a99b9843.jpg
17.681936264038086,47.763946533203125,0.0,deepfake,0,1,1,1,Deepfake-Real,/mnt/public/public_datasets/OpenMMSecV2/Deepfake/Real/DFD/5f97372267404da3953fa98d1f4f8f7a.png
-26.0845890045166,-1.9745597839355469,0.0,IMDL,1,4,2,8,IMDL-Fake,/mnt/public/public_datasets/OpenMMSecV2/IMDL/non_generative/manual_ps/imgs/c9fdae05b56242ecb2019bc903e016e6.jpg
50.179840087890625,-13.501898765563965,0.0,Doc,0,3,1,5,Document-Real,/mnt/public/public_datasets/OpenMMSecV2/Doc/Real/50fd1a2fdd8b4ffabe1efead52f6bb35.jpg
-15.435687065124512,28.06314468383789,0.0,deepfake,0,1,1,1,Deepfake-Real,/mnt/public/public_datasets/OpenMMSecV2/Deepfake/Real/VFHQ/7c4099d5b1d44fec96bd2fee673b327e.png
18.731294631958008,1.8940939903259277,0.0,IMDL,0,4,1,7,IMDL-Real,/mnt/public/public_datasets/OpenMMSecV2/IMDL/generative/coco/imgs/27b6b07692e9453c95b95f74310f7048.jpg
10.129375457763672,-14.807938575744629,0.0,AIGC,1,2,2,4,AIGC-Fake,/mnt/public/public_datasets/OpenMMSecV2/AIGC/other/online/imgs/31f2d30141d044b7a2fa954d02ae951e.jpg
19.474632263183594,-36.73826217651367,0.0,AIGC,0,2,1,3,AIGC-Real,/mnt/public/public_datasets/OpenMMSecV2/AIGC/laion/415da0b8f2f64ce1aa26c6086a9da9f3.jpg
43.59758758544922,-13.904982566833496,0.0,Doc,1,3,2,6,Document-Fake,/mnt/public/public_datasets/OpenMMSecV2/Doc/aigc/textdiff/imgs/903214ae60d445ee8deabcf3b724e145.jpg
11.111437797546387,-12.558196067810059,0.0,AIGC,0,2,1,3,AIGC-Real,/mnt/public/public_datasets/OpenMMSecV2/AIGC/other/online/imgs/ad7dd7d8b56e49fe8349c3cacd98786d.jpg
-17.14893341064453,-59.11219787597656,0.0,Doc,0,3,1,5,Document-Real,/mnt/public/public_datasets/OpenMMSecV2/Doc/Real/f96ceee11ef94b388e879f95cc4f1d19.jpg
-9.117768287658691,26.005455017089844,0.0,AIGC,0,2,1,3,AIGC-Real,/mnt/public/public_datasets/OpenMMSecV2/AIGC/laion/a5f0c51a20ec453e920e9ad69601fd46.jpg
-16.637277603149414,7.061799049377441,0.0,AIGC,1,2,2,4,AIGC-Fake,/mnt/public/public_datasets/OpenMMSecV2/AIGC/commercial/firefly/2371cf470d814b14b4132534a61988ee.jpg
17.66703987121582,51.11951446533203,0.0,deepfake,0,1,1,1,Deepfake-Real,/mnt/public/public_datasets/OpenMMSecV2/Deepfake/Real/FF++/a1dab2adcafb419eabfd1609b60a8f58.png
14.98363971710205,-40.418121337890625,0.0,AIGC,0,2,1,3,AIGC-Real,/mnt/public/public_datasets/OpenMMSecV2/AIGC/laion/e66c17be2d054b55959fb0eac7bf609d.jpg
20.447772979736328,-5.694054126739502,0.0,IMDL,0,4,1,7,IMDL-Real,/mnt/public/public_datasets/OpenMMSecV2/IMDL/generative/stable_diffusion/imgs/c0dc5d904e054711a09320e1dfe73233.png
4.863234996795654,-2.9772613048553467,0.0,AIGC,1,2,2,4,AIGC-Fake,/mnt/public/public_datasets/OpenMMSecV2/AIGC/pixel_diffusion/adm/imgs/56d079bd1ba941fdb74d3154645c702b.PNG
12.778799057006836,46.02311325073242,0.0,deepfake,0,1,1,1,Deepfake-Real,/mnt/public/public_datasets/OpenMMSecV2/Deepfake/Real/VFHQ/41b3eb8f99584c5b8715e98663100e2e.png
-22.41610336303711,-58.762996673583984,0.0,Doc,1,3,2,6,Document-Fake,/mnt/public/public_datasets/OpenMMSecV2/Doc/non_aigc/generation/imgs/6b19182d322e4e9989dec3f1db261249.jpg
-8.328791618347168,57.167049407958984,0.0,deepfake,1,1,2,2,Deepfake-Fake,/mnt/public/public_datasets/OpenMMSecV2/Deepfake/Fake/EntireFaceSynthesis/DiT-XL/0039fb03a12740d6ba4b6e258a727c8c.png
-3.676849842071533,-13.23458194732666,0.0,AIGC,0,2,1,3,AIGC-Real,/mnt/public/public_datasets/OpenMMSecV2/AIGC/laion/35bdd0ee90194f979cf93b9e8f8eff5a.jpg
16.742027282714844,56.57396697998047,0.0,deepfake,0,1,1,1,Deepfake-Real,/mnt/public/public_datasets/OpenMMSecV2/Deepfake/Real/CelebDF-v2/6130a0e95e7e48b99f9bdd23852bb7e6.png
11.45749568939209,52.665225982666016,0.0,deepfake,0,1,1,1,Deepfake-Real,/mnt/public/public_datasets/OpenMMSecV2/Deepfake/Real/CelebDF-v2/9dca6e3bf8da477e88d32b9680364838.png
-20.093080520629883,33.88445281982422,0.0,deepfake,1,1,2,2,Deepfake-Fake,/mnt/public/public_datasets/OpenMMSecV2/Deepfake/Fake/FaceEditing/e4e/14b82b10d94e434aa31d126bbfd382c2.jpg
19.51958465576172,-39.336944580078125,0.0,AIGC,0,2,1,3,AIGC-Real,/mnt/public/public_datasets/OpenMMSecV2/AIGC/laion/7353646c92e44006ba8e7a6b5790f5a1.jpg
-21.87603187561035,-59.908851623535156,0.0,Doc,1,3,2,6,Document-Fake,/mnt/public/public_datasets/OpenMMSecV2/Doc/non_aigc/inpaint/imgs/5129c4a9032b45059bce5c5719d789af.jpg
-17.144577026367188,29.927509307861328,0.0,deepfake,0,1,1,1,Deepfake-Real,/mnt/public/public_datasets/OpenMMSecV2/Deepfake/Real/FFHQ/e640dcaf8cee420899b8ba8652f9a1d1.jpeg
23.962953567504883,12.226774215698242,0.0,IMDL,0,4,1,7,IMDL-Real,/mnt/public/public_datasets/OpenMMSecV2/IMDL/generative/stable_diffusion/imgs/410ce06b4d2c4ea08e5a126bd026002b.png
-13.047643661499023,0.2009952962398529,0.0,AIGC,0,2,1,3,AIGC-Real,/mnt/public/public_datasets/OpenMMSecV2/AIGC/other/online/imgs/15a421636118451a895064477a2df37f.jpg
-17.140750885009766,5.072965621948242,0.0,AIGC,0,2,1,3,AIGC-Real,/mnt/public/public_datasets/OpenMMSecV2/AIGC/laion/8a3b3dd971d44bc78765276d77eae4d7.jpg
42.909610748291016,-15.6173734664917,0.0,Doc,1,3,2,6,Document-Fake,/mnt/public/public_datasets/OpenMMSecV2/Doc/aigc/derend/imgs/7cfcab2acb1345d883221e2501f8f5b6.jpg
-16.50667381286621,60.48619079589844,0.0,deepfake,1,1,2,2,Deepfake-Fake,/mnt/public/public_datasets/OpenMMSecV2/Deepfake/Fake/FaceReenactment/LIA/b0e1ef6e7b7840fc80cad3204838fdf7.png
-0.010920817032456398,18.334394454956055,0.0,AIGC,1,2,2,4,AIGC-Fake,/mnt/public/public_datasets/OpenMMSecV2/AIGC/other/online/imgs/2014d19a59e74034b636903691f8961c.jpg
8.726363182067871,-63.6473503112793,0.0,Doc,0,3,1,5,Document-Real,/mnt/public/public_datasets/OpenMMSecV2/Doc/Real/13c143f99e3f466fbe975d1584aac0b5.jpg
40.800113677978516,-16.495092391967773,0.0,Doc,0,3,1,5,Document-Real,/mnt/public/public_datasets/OpenMMSecV2/Doc/Real/2058be2252944b75af8c08b63dc242ec.jpg
-33.016780853271484,-4.89245080947876,0.0,deepfake,1,1,2,2,Deepfake-Fake,/mnt/public/public_datasets/OpenMMSecV2/Deepfake/Fake/FaceSwap/Unknow_FS/43c1870265cd4e34abf1e11188309b9f.png
14.747941970825195,-35.0452766418457,0.0,AIGC,0,2,1,3,AIGC-Real,/mnt/public/public_datasets/OpenMMSecV2/AIGC/laion/35390d8fef8745fb97b1f736f9435b19.jpg
0.2552926242351532,47.85477066040039,0.0,deepfake,1,1,2,2,Deepfake-Fake,/mnt/public/public_datasets/OpenMMSecV2/Deepfake/Fake/FaceEditing/StarGANv2/65b997166bf34a8e86b9115b59dd662c.jpg
24.750398635864258,-4.1142964363098145,0.0,IMDL,0,4,1,7,IMDL-Real,/mnt/public/public_datasets/OpenMMSecV2/IMDL/generative/stable_diffusion/imgs/867d82048fa24050a17caab94f4c2beb.png
23.677316665649414,7.025243759155273,0.0,IMDL,0,4,1,7,IMDL-Real,/mnt/public/public_datasets/OpenMMSecV2/IMDL/generative/stable_diffusion/imgs/e24a1e3469a5413e953e1777946f6b33.png
-9.129480361938477,-7.543663024902344,0.0,IMDL,1,4,2,8,IMDL-Fake,/mnt/public/public_datasets/OpenMMSecV2/IMDL/non_generative/manual_ps/imgs/1d8e4478f925447fa276243beea14d81.tif
7.471141338348389,-10.8902587890625,0.0,IMDL,1,4,2,8,IMDL-Fake,/mnt/public/public_datasets/OpenMMSecV2/IMDL/non_generative/manual_ps/imgs/9058ae813d044d2ca2319113ac29b533.tif
26.804052352905273,-30.5693416595459,0.0,Doc,1,3,2,6,Document-Fake,/mnt/public/public_datasets/OpenMMSecV2/Doc/aigc/textocr/imgs/9310fddb970b4a6bbfdd4672a7ea30c7.jpg
-9.804648399353027,-57.93751907348633,0.0,Doc,0,3,1,5,Document-Real,/mnt/public/public_datasets/OpenMMSecV2/Doc/Real/71140da2239e457e8fe0bb9f90b0c530.jpg
-9.652215957641602,52.23103713989258,0.0,deepfake,1,1,2,2,Deepfake-Fake,/mnt/public/public_datasets/OpenMMSecV2/Deepfake/Fake/FaceEditing/StarGAN/abe8539dfebe4c4c8f114aa2ad40a1f7.jpg
19.042016983032227,49.29055404663086,0.0,deepfake,0,1,1,1,Deepfake-Real,/mnt/public/public_datasets/OpenMMSecV2/Deepfake/Real/FF++/8775b83657194ccdb7ef82d6c1f164e1.png
-34.02549362182617,-12.250699043273926,0.0,IMDL,1,4,2,8,IMDL-Fake,/mnt/public/public_datasets/OpenMMSecV2/IMDL/generative/stable_diffusion/imgs/3e709ad5fa414fb49407e7b9b380b554.jpg
12.370136260986328,16.151121139526367,0.0,IMDL,1,4,2,8,IMDL-Fake,/mnt/public/public_datasets/OpenMMSecV2/IMDL/generative/paintbyexample/imgs/b53dbde79a724957ac3a933eda313187.png
49.453407287597656,-11.870631217956543,0.0,Doc,0,3,1,5,Document-Real,/mnt/public/public_datasets/OpenMMSecV2/Doc/Real/b9e46387aebb4c9f8ecf5174c3c83655.jpg
20.93574333190918,47.332984924316406,0.0,deepfake,0,1,1,1,Deepfake-Real,/mnt/public/public_datasets/OpenMMSecV2/Deepfake/Real/CelebDF-v2/26bbe16397134977bd41bd352c32bdbc.png
9.850565910339355,-7.9102301597595215,0.0,AIGC,0,2,1,3,AIGC-Real,/mnt/public/public_datasets/OpenMMSecV2/AIGC/pixel_diffusion/glide/imgs/7c08b50ee6244fa696d9d3a100b71de7.JPEG
-32.61189651489258,-14.615951538085938,0.0,IMDL,1,4,2,8,IMDL-Fake,/mnt/public/public_datasets/OpenMMSecV2/IMDL/generative/paintbyexample/imgs/371c9b97d3024b82a69e8f80b582af01.jpg
28.93050765991211,-16.255125045776367,0.0,Doc,1,3,2,6,Document-Fake,/mnt/public/public_datasets/OpenMMSecV2/Doc/aigc/mostel/imgs/299fed92800d43279d3e2abbe9a4d6e6.jpg
-0.15933451056480408,8.45512866973877,0.0,IMDL,1,4,2,8,IMDL-Fake,/mnt/public/public_datasets/OpenMMSecV2/IMDL/generative/stable_diffusion/imgs/24a66d4b58ac4924b0314bb188a511bc.png
15.783376693725586,48.051124572753906,0.0,deepfake,0,1,1,1,Deepfake-Real,/mnt/public/public_datasets/OpenMMSecV2/Deepfake/Real/FF++/be42926034994baf80253304075587f4.png
-34.195247650146484,33.72873306274414,0.0,deepfake,1,1,2,2,Deepfake-Fake,/mnt/public/public_datasets/OpenMMSecV2/Deepfake/Fake/EntireFaceSynthesis/StyleGAN3/b91bfda530aa491692c10cde8121734d.png
0.03692982718348503,18.919095993041992,0.0,AIGC,1,2,2,4,AIGC-Fake,/mnt/public/public_datasets/OpenMMSecV2/AIGC/other/online/imgs/2afbadd05ba745e99388b7f1047a7cf7.jpg
22.290103912353516,-12.505176544189453,0.0,IMDL,0,4,1,7,IMDL-Real,/mnt/public/public_datasets/OpenMMSecV2/IMDL/generative/coco/imgs/421bab0618744ca783869f5023f78926.jpg
40.54600143432617,-19.721281051635742,0.0,Doc,1,3,2,6,Document-Fake,/mnt/public/public_datasets/OpenMMSecV2/Doc/aigc/textdiff/imgs/172c2cd9e5c34d57a73ae4758a54092a.jpg
3.260779857635498,-30.215801239013672,0.0,AIGC,1,2,2,4,AIGC-Fake,/mnt/public/public_datasets/OpenMMSecV2/AIGC/latent_diffusion/systematic/371e4005d07b4a7987586c9a166e2ef2.jpg
22.035737991333008,20.79464340209961,0.0,AIGC,0,2,1,3,AIGC-Real,/mnt/public/public_datasets/OpenMMSecV2/AIGC/laion/3af886a6c318419a8414b89bf1d0292b.jpg
19.683860778808594,-14.448701858520508,0.0,IMDL,0,4,1,7,IMDL-Real,/mnt/public/public_datasets/OpenMMSecV2/IMDL/generative/coco/imgs/548e3946273440c1a653f248ce030c3c.jpg
-13.484170913696289,-54.80301284790039,0.0,Doc,0,3,1,5,Document-Real,/mnt/public/public_datasets/OpenMMSecV2/Doc/Real/4bfbc0776d2e4dfdb90c3bc99fb89a92.jpg
-5.577487945556641,-35.86133575439453,0.0,Doc,0,3,1,5,Document-Real,/mnt/public/public_datasets/OpenMMSecV2/Doc/Real/4524b715726145feb1e21119bc7c6056.jpg
-16.358997344970703,-57.34095764160156,0.0,Doc,0,3,1,5,Document-Real,/mnt/public/public_datasets/OpenMMSecV2/Doc/Real/96dc813ff19e4216b6a6e2331dc263de.jpg
-34.93895721435547,30.38299560546875,0.0,deepfake,1,1,2,2,Deepfake-Fake,/mnt/public/public_datasets/OpenMMSecV2/Deepfake/Fake/EntireFaceSynthesis/SD-2.1/f36987bbe35b4401a6423bed0df9fda8.png
-8.748042106628418,21.993350982666016,0.0,AIGC,1,2,2,4,AIGC-Fake,/mnt/public/public_datasets/OpenMMSecV2/AIGC/other/online/imgs/0fc554bf3443408eb23c621aafbc2dea.jpg
35.4766845703125,-19.254432678222656,0.0,Doc,0,3,1,5,Document-Real,/mnt/public/public_datasets/OpenMMSecV2/Doc/Real/ef12643960c74083b5d30c19c0530f20.jpg
13.398076057434082,-33.30435562133789,0.0,AIGC,0,2,1,3,AIGC-Real,/mnt/public/public_datasets/OpenMMSecV2/AIGC/laion/cbcd692f8eae4a97adc0bbbfc0eadc39.jpg
12.968852996826172,-16.619510650634766,0.0,AIGC,0,2,1,3,AIGC-Real,/mnt/public/public_datasets/OpenMMSecV2/AIGC/pixel_diffusion/adm/imgs/c092dc0a95604029aea0714a6130f990.JPEG
13.626777648925781,-38.13092803955078,0.0,AIGC,0,2,1,3,AIGC-Real,/mnt/public/public_datasets/OpenMMSecV2/AIGC/laion/047720d9bf254dc485524463712a8c21.jpg
-20.33893394470215,35.195430755615234,0.0,deepfake,1,1,2,2,Deepfake-Fake,/mnt/public/public_datasets/OpenMMSecV2/Deepfake/Fake/FaceEditing/e4e/d27bce59f11040c9bdd75ca615140342.jpg
-30.30630111694336,33.41057205200195,0.0,AIGC,1,2,2,4,AIGC-Fake,/mnt/public/public_datasets/OpenMMSecV2/AIGC/autoregressive_model/tamingtransformers/97d6f1eefbc04b29923c1722e4f106f1.jpg
8.72148323059082,-58.893131256103516,0.0,Doc,0,3,1,5,Document-Real,/mnt/public/public_datasets/OpenMMSecV2/Doc/Real/738e8c2fb1d74b3cb6edc19a69521f2a.jpg
17.369720458984375,-14.69714069366455,0.0,IMDL,0,4,1,7,IMDL-Real,/mnt/public/public_datasets/OpenMMSecV2/IMDL/generative/coco/imgs/fb685c2739ea4f9296d535eb9148cf84.jpg
-17.73720359802246,-13.700419425964355,0.0,AIGC,0,2,1,3,AIGC-Real,/mnt/public/public_datasets/OpenMMSecV2/AIGC/other/online/imgs/56f60fdce30344018248a15c47be6f1a.jpg
21.17045021057129,58.19642639160156,0.0,deepfake,0,1,1,1,Deepfake-Real,/mnt/public/public_datasets/OpenMMSecV2/Deepfake/Real/CelebDF-v2/75e8625ba0674c6281b8c2fecd84c3a5.png
-33.950531005859375,-43.50632095336914,0.0,Doc,1,3,2,6,Document-Fake,/mnt/public/public_datasets/OpenMMSecV2/Doc/non_aigc/generation/imgs/2d0e8b6b3ded4e7b8784185376b0bfb9.jpg
-5.821620941162109,-13.731091499328613,0.0,AIGC,0,2,1,3,AIGC-Real,/mnt/public/public_datasets/OpenMMSecV2/AIGC/laion/ba4091f4472e453bb3ac774c9dccaa04.jpg
20.274585723876953,-9.727702140808105,0.0,Doc,0,3,1,5,Document-Real,/mnt/public/public_datasets/OpenMMSecV2/Doc/Real/12ee62e45ed7404f8c9b412c13fa072f.jpg
24.4244384765625,-12.44882583618164,0.0,Doc,0,3,1,5,Document-Real,/mnt/public/public_datasets/OpenMMSecV2/Doc/Real/fd627d108ef34769852b510fee4d780c.jpg
13.865490913391113,-0.8112550973892212,0.0,IMDL,0,4,1,7,IMDL-Real,/mnt/public/public_datasets/OpenMMSecV2/IMDL/generative/coco/imgs/76ee04c3a98e450cb6b7f2d5419f065b.jpg
19.740066528320312,-35.91971969604492,0.0,AIGC,0,2,1,3,AIGC-Real,/mnt/public/public_datasets/OpenMMSecV2/AIGC/laion/801bc3beb6264524854067bfb033d5d5.jpg
7.554660797119141,-4.20404052734375,0.0,IMDL,0,4,1,7,IMDL-Real,/mnt/public/public_datasets/OpenMMSecV2/IMDL/generative/stable_diffusion/imgs/0409e98e2c7e42aebcccc941c7b74f9f.png
29.189800262451172,-4.968625545501709,0.0,AIGC,0,2,1,3,AIGC-Real,/mnt/public/public_datasets/OpenMMSecV2/AIGC/laion/2a81edad94b548709390ad556894a758.jpg
-12.80557632446289,27.114376068115234,0.0,AIGC,1,2,2,4,AIGC-Fake,/mnt/public/public_datasets/OpenMMSecV2/AIGC/other/online/imgs/7463ca0ac72d4a669a6361abe4109968.jpg
5.139990329742432,-2.5762720108032227,0.0,IMDL,0,4,1,7,IMDL-Real,/mnt/public/public_datasets/OpenMMSecV2/IMDL/generative/coco/imgs/fcd79bfb2a40489585d99e98b8ae89a5.jpg
-13.340076446533203,50.25424575805664,0.0,deepfake,1,1,2,2,Deepfake-Fake,/mnt/public/public_datasets/OpenMMSecV2/Deepfake/Fake/FaceEditing/StarGAN/75ec719a69aa42ed8c08aa9ba07ac662.jpg
17.95526885986328,-15.243947982788086,0.0,IMDL,0,4,1,7,IMDL-Real,/mnt/public/public_datasets/OpenMMSecV2/IMDL/generative/coco/imgs/e39186133a9b4e0eb39f35bdfbf17b7b.jpg
-4.533226490020752,20.387733459472656,0.0,AIGC,1,2,2,4,AIGC-Fake,/mnt/public/public_datasets/OpenMMSecV2/AIGC/other/online/imgs/dd4941fe311d41c19d02882ba9ecfe07.jpg
14.912914276123047,-35.627685546875,0.0,AIGC,0,2,1,3,AIGC-Real,/mnt/public/public_datasets/OpenMMSecV2/AIGC/laion/6d72974b090842c59e761958371d831e.jpg
-7.245711326599121,57.266578674316406,0.0,deepfake,1,1,2,2,Deepfake-Fake,/mnt/public/public_datasets/OpenMMSecV2/Deepfake/Fake/EntireFaceSynthesis/DiT-XL/2dc9d635f9b249d592b0ea4d9c6ba739.png
-15.074281692504883,61.884151458740234,0.0,deepfake,1,1,2,2,Deepfake-Fake,/mnt/public/public_datasets/OpenMMSecV2/Deepfake/Fake/FaceReenactment/MRAA/b96dfa04386f4d139e37b8c94544e068.png
-27.292905807495117,31.581626892089844,0.0,AIGC,1,2,2,4,AIGC-Fake,/mnt/public/public_datasets/OpenMMSecV2/AIGC/GAN/ProjectedGAN/e4ab61a9c5104208b3b66a6c1626d99a.jpg
22.752470016479492,50.415260314941406,0.0,deepfake,0,1,1,1,Deepfake-Real,/mnt/public/public_datasets/OpenMMSecV2/Deepfake/Real/FF++/9eb19c45c01440d6b4951628c4764a89.png
-23.602357864379883,34.867740631103516,0.0,deepfake,1,1,2,2,Deepfake-Fake,/mnt/public/public_datasets/OpenMMSecV2/Deepfake/Fake/FaceEditing/e4e/db3a4d77a0ba4b20b2652e0d9fb5cf84.jpg
-6.362769603729248,-12.555804252624512,0.0,IMDL,0,4,1,7,IMDL-Real,/mnt/public/public_datasets/OpenMMSecV2/IMDL/non_generative/manual_ps/imgs/aa166da2dfe44027b48a90a3d915b544.jpg
-9.568321228027344,-4.5850982666015625,0.0,AIGC,1,2,2,4,AIGC-Fake,/mnt/public/public_datasets/OpenMMSecV2/AIGC/latent_diffusion/systematic/cef3fad8e66244bdaf2acd279fe5ddae.jpg
-25.815645217895508,-22.727310180664062,0.0,Doc,0,3,1,5,Document-Real,/mnt/public/public_datasets/OpenMMSecV2/Doc/Real/3c0dafe25866448982802a105435a70c.jpg
42.1296501159668,-18.38587760925293,0.0,Doc,0,3,1,5,Document-Real,/mnt/public/public_datasets/OpenMMSecV2/Doc/Real/4e960fd4183a4ecb8c656106f97c2a2b.jpg
6.0900983810424805,53.459285736083984,0.0,deepfake,0,1,1,1,Deepfake-Real,/mnt/public/public_datasets/OpenMMSecV2/Deepfake/Real/FF++/ec903f258ca4457084bdd5395778ac8b.png
-6.507787227630615,-42.094600677490234,0.0,Doc,0,3,1,5,Document-Real,/mnt/public/public_datasets/OpenMMSecV2/Doc/Real/498eca6e768f40d8a48f60c786cb8ac9.jpg
9.957664489746094,-15.951130867004395,0.0,AIGC,1,2,2,4,AIGC-Fake,/mnt/public/public_datasets/OpenMMSecV2/AIGC/other/online/imgs/06530f46483e4f7fa87a9430c2428650.jpg
4.406612873077393,56.32415771484375,0.0,deepfake,0,1,1,1,Deepfake-Real,/mnt/public/public_datasets/OpenMMSecV2/Deepfake/Real/FF++/b09a9d4ab9a74d0fa64a4a07b2c7e1ee.png
23.808225631713867,-37.4844856262207,0.0,AIGC,0,2,1,3,AIGC-Real,/mnt/public/public_datasets/OpenMMSecV2/AIGC/laion/736f0f1e5c234f94ba86c4784239bedb.jpg
-33.36542892456055,-47.1284065246582,0.0,Doc,1,3,2,6,Document-Fake,/mnt/public/public_datasets/OpenMMSecV2/Doc/non_aigc/inpaint/imgs/67f1205d98194f6f9fb3fca36aa2ec8f.jpg
-30.397218704223633,-45.02976989746094,0.0,Doc,1,3,2,6,Document-Fake,/mnt/public/public_datasets/OpenMMSecV2/Doc/non_aigc/generation/imgs/a45b53c561da4c0485b14131ceded494.jpg
11.535638809204102,52.82868957519531,0.0,deepfake,1,1,2,2,Deepfake-Fake,/mnt/public/public_datasets/OpenMMSecV2/Deepfake/Fake/FaceSwap/InSwapper/d01ba29c063c4d03b294308b36059849.png
9.317258834838867,41.79021453857422,0.0,deepfake,0,1,1,1,Deepfake-Real,/mnt/public/public_datasets/OpenMMSecV2/Deepfake/Real/VFHQ/7c521ddd3a494c489a261bae0348d28d.png
5.772099494934082,-4.830928325653076,0.0,AIGC,1,2,2,4,AIGC-Fake,/mnt/public/public_datasets/OpenMMSecV2/AIGC/pixel_diffusion/adm/imgs/3b1fe5f32e7a45ccaa2f13f7cec22e5d.PNG
12.854547500610352,-62.11905288696289,0.0,Doc,0,3,1,5,Document-Real,/mnt/public/public_datasets/OpenMMSecV2/Doc/Real/1058f423c69e4efe80c7ba1e3f9fbe44.jpg
6.3289103507995605,55.57765197753906,0.0,deepfake,0,1,1,1,Deepfake-Real,/mnt/public/public_datasets/OpenMMSecV2/Deepfake/Real/DFD/9e9a4c57bb19440a95e107b3fc07a9a6.png
-32.728214263916016,38.457157135009766,0.0,deepfake,1,1,2,2,Deepfake-Fake,/mnt/public/public_datasets/OpenMMSecV2/Deepfake/Fake/EntireFaceSynthesis/StyleGAN2/bf721d45fc914c98bb1494cdcb9a2cdc.png
24.72201919555664,7.2595720291137695,0.0,IMDL,1,4,2,8,IMDL-Fake,/mnt/public/public_datasets/OpenMMSecV2/IMDL/generative/stable_diffusion/imgs/3be6d982d3774079987e2042066d50bb.png
15.37720775604248,12.6058931350708,0.0,IMDL,0,4,1,7,IMDL-Real,/mnt/public/public_datasets/OpenMMSecV2/IMDL/generative/coco/imgs/cbdef504e8194b34951aedb2ac4e7c29.jpg
52.5931282043457,-13.946778297424316,0.0,Doc,1,3,2,6,Document-Fake,/mnt/public/public_datasets/OpenMMSecV2/Doc/aigc/mostel/imgs/90a17da204c14542a8184db1db1cb59e.jpg
-4.690379619598389,58.07606506347656,0.0,deepfake,0,1,1,1,Deepfake-Real,/mnt/public/public_datasets/OpenMMSecV2/Deepfake/Real/FF++/97aa3234d6b5409eb515050870a6b977.png
14.258484840393066,-56.27647018432617,0.0,AIGC,0,2,1,3,AIGC-Real,/mnt/public/public_datasets/OpenMMSecV2/AIGC/laion/fade832467a94d0db272ae0d98754054.jpg
0.4355837404727936,-2.319901704788208,0.0,IMDL,1,4,2,8,IMDL-Fake,/mnt/public/public_datasets/OpenMMSecV2/IMDL/generative/flux_1/imgs/c78756577e484c23bcf02b01e7a6a454.png
10.002544403076172,46.92850875854492,0.0,deepfake,0,1,1,1,Deepfake-Real,/mnt/public/public_datasets/OpenMMSecV2/Deepfake/Real/FF++/f6063532fbf047aba408cfe1e99e98bc.png
21.607402801513672,20.97882652282715,0.0,IMDL,0,4,1,7,IMDL-Real,/mnt/public/public_datasets/OpenMMSecV2/IMDL/generative/coco/imgs/7360d8f182084d049143fbd7b38abf80.jpg
14.043230056762695,69.00313568115234,0.0,deepfake,0,1,1,1,Deepfake-Real,/mnt/public/public_datasets/OpenMMSecV2/Deepfake/Real/CelebDF-v2/b9879846b6294588b43ec17324c443ec.png
6.308865070343018,63.0671501159668,0.0,deepfake,0,1,1,1,Deepfake-Real,/mnt/public/public_datasets/OpenMMSecV2/Deepfake/Real/FF++/166b306911db4881ae6da7d5b5e69fbd.png
-15.615156173706055,68.06570434570312,0.0,deepfake,0,1,1,1,Deepfake-Real,/mnt/public/public_datasets/OpenMMSecV2/Deepfake/Real/CelebDF-v2/bcda903b8f494f35be4637198ba200a3.png
-27.555360794067383,-45.387969970703125,0.0,Doc,1,3,2,6,Document-Fake,/mnt/public/public_datasets/OpenMMSecV2/Doc/non_aigc/copy-move/imgs/ad6c900227ad477aa711b024f06d101e.jpg
15.851818084716797,-39.63825988769531,0.0,AIGC,0,2,1,3,AIGC-Real,/mnt/public/public_datasets/OpenMMSecV2/AIGC/laion/ef032bd06c33488790a75a5fac8c63e9.jpg
-22.683300018310547,-46.07604217529297,0.0,Doc,1,3,2,6,Document-Fake,/mnt/public/public_datasets/OpenMMSecV2/Doc/non_aigc/generation/imgs/01de85945c7647b6a4ae0cea7b7aa1bd.jpg
-7.9049859046936035,-3.0291130542755127,0.0,IMDL,1,4,2,8,IMDL-Fake,/mnt/public/public_datasets/OpenMMSecV2/IMDL/generative/stable_diffusion/imgs/9e6f822b73dd431c820b16655c56dbfb.png
6.844428539276123,3.289412021636963,0.0,IMDL,1,4,2,8,IMDL-Fake,/mnt/public/public_datasets/OpenMMSecV2/IMDL/non_generative/manual_ps/imgs/3dee43a994c448989f3a83f3089dd3c9.jpg
11.408930778503418,58.759727478027344,0.0,deepfake,0,1,1,1,Deepfake-Real,/mnt/public/public_datasets/OpenMMSecV2/Deepfake/Real/CelebDF-v2/ef76c7a100574899a3e499ae0fc950af.png
-26.5440616607666,32.720703125,0.0,AIGC,1,2,2,4,AIGC-Fake,/mnt/public/public_datasets/OpenMMSecV2/AIGC/autoregressive_model/tamingtransformers/90d1381cec994c38b5b63e823aeb0ef2.jpg
16.702688217163086,-39.866058349609375,0.0,AIGC,0,2,1,3,AIGC-Real,/mnt/public/public_datasets/OpenMMSecV2/AIGC/laion/19336031118b480988c497b49bf313c0.jpg
-27.137659072875977,-54.80802536010742,0.0,Doc,1,3,2,6,Document-Fake,/mnt/public/public_datasets/OpenMMSecV2/Doc/non_aigc/generation/imgs/c608b18a8f94424d90e9a89461f055ec.jpg
20.236282348632812,8.743341445922852,0.0,IMDL,0,4,1,7,IMDL-Real,/mnt/public/public_datasets/OpenMMSecV2/IMDL/generative/flux_1/imgs/114bef7321aa42daa046cc5cb906f5b3.png
16.342628479003906,-13.164807319641113,0.0,IMDL,0,4,1,7,IMDL-Real,/mnt/public/public_datasets/OpenMMSecV2/IMDL/generative/stable_diffusion/imgs/f1bcba0f735647e2a209aea9d206ef81.png
-9.530303955078125,-52.754329681396484,0.0,Doc,0,3,1,5,Document-Real,/mnt/public/public_datasets/OpenMMSecV2/Doc/Real/65a738ff9b224606af6dfa052cfd8085.jpg
33.7557487487793,-30.935152053833008,0.0,AIGC,0,2,1,3,AIGC-Real,/mnt/public/public_datasets/OpenMMSecV2/AIGC/laion/340aa2cb49e94833b275fd7e5bc7ed01.jpg
48.19020080566406,-15.025148391723633,0.0,Doc,0,3,1,5,Document-Real,/mnt/public/public_datasets/OpenMMSecV2/Doc/Real/797f025ee8e44404b54f06e8b33fb72f.jpg
25.73341941833496,15.822531700134277,0.0,IMDL,0,4,1,7,IMDL-Real,/mnt/public/public_datasets/OpenMMSecV2/IMDL/generative/flux_1/imgs/885fe7f5e9754afc9fbced206ae2898c.png
-30.789026260375977,-10.801918983459473,0.0,IMDL,1,4,2,8,IMDL-Fake,/mnt/public/public_datasets/OpenMMSecV2/IMDL/generative/paintbyexample/imgs/d448bfe99bb344deb2d1029f1ec909af.tiff
17.7468204498291,63.546356201171875,0.0,deepfake,0,1,1,1,Deepfake-Real,/mnt/public/public_datasets/OpenMMSecV2/Deepfake/Real/FF++/ba14dae8a3b44e07bc34cd036e620c0a.png
9.659412384033203,-65.12134552001953,0.0,Doc,0,3,1,5,Document-Real,/mnt/public/public_datasets/OpenMMSecV2/Doc/Real/767efbc67f114c73a9274eff43509162.jpg
26.15078353881836,-16.539819717407227,0.0,Doc,0,3,1,5,Document-Real,/mnt/public/public_datasets/OpenMMSecV2/Doc/Real/32125b105a8c46a5a3f2d854529b2f81.jpg
-29.23300552368164,34.5412712097168,0.0,AIGC,1,2,2,4,AIGC-Fake,/mnt/public/public_datasets/OpenMMSecV2/AIGC/autoregressive_model/tamingtransformers/d691bfaae04f41b2845dee415e443d31.jpg
-17.6051082611084,-57.550315856933594,0.0,Doc,0,3,1,5,Document-Real,/mnt/public/public_datasets/OpenMMSecV2/Doc/Real/0fbbe051b5364801828bbbbdf92fe324.jpg
-19.97248649597168,-59.327030181884766,0.0,Doc,0,3,1,5,Document-Real,/mnt/public/public_datasets/OpenMMSecV2/Doc/Real/f6221b96017546d787ca64a8fde5c61b.jpg
-25.50876235961914,12.72840404510498,0.0,AIGC,1,2,2,4,AIGC-Fake,/mnt/public/public_datasets/OpenMMSecV2/AIGC/latent_diffusion/systematic/12518653ae614d30a0c7c48873658080.jpg
3.588848114013672,13.184979438781738,0.0,IMDL,0,4,1,7,IMDL-Real,/mnt/public/public_datasets/OpenMMSecV2/IMDL/generative/stable_diffusion/imgs/216b7a65520b408d9649e280d2e0cc12.png
10.693377494812012,-63.34634017944336,0.0,Doc,0,3,1,5,Document-Real,/mnt/public/public_datasets/OpenMMSecV2/Doc/Real/153e31dda1574c3dbe22b4173f83fc50.jpg
15.118208885192871,-15.905170440673828,0.0,AIGC,0,2,1,3,AIGC-Real,/mnt/public/public_datasets/OpenMMSecV2/AIGC/laion/b00e2c5417764ab681d6fe4b1e5ff1b1.jpg
9.804956436157227,-64.10086822509766,0.0,Doc,0,3,1,5,Document-Real,/mnt/public/public_datasets/OpenMMSecV2/Doc/Real/4f5a78817c82447b8caff2c40a8c48f0.jpg
3.0097734928131104,-0.962422251701355,0.0,IMDL,1,4,2,8,IMDL-Fake,/mnt/public/public_datasets/OpenMMSecV2/IMDL/non_generative/manual_ps/imgs/e2c60e859eb245ce8c389bad5ce55370.jpg
6.962948799133301,56.52035903930664,0.0,deepfake,0,1,1,1,Deepfake-Real,/mnt/public/public_datasets/OpenMMSecV2/Deepfake/Real/FF++/982e6603a937431ab6cbe9072fac758f.png
-4.900330543518066,65.13137817382812,0.0,deepfake,1,1,2,2,Deepfake-Fake,/mnt/public/public_datasets/OpenMMSecV2/Deepfake/Fake/FaceReenactment/HyperReenact/bbb542f25af444739b6aae9bc3cb0020.png
-7.478823661804199,56.47584915161133,0.0,deepfake,1,1,2,2,Deepfake-Fake,/mnt/public/public_datasets/OpenMMSecV2/Deepfake/Fake/FaceSwap/UniFace/de7369094f0c4ae29ee4b6bf1531f062.png
11.98306655883789,-6.211153030395508,0.0,AIGC,0,2,1,3,AIGC-Real,/mnt/public/public_datasets/OpenMMSecV2/AIGC/GAN/BigGAN/imgs/bd07a22f764b4d8fb3af7277b35a595d.JPEG
-6.237354278564453,-40.756290435791016,0.0,Doc,1,3,2,6,Document-Fake,/mnt/public/public_datasets/OpenMMSecV2/Doc/non_aigc/cpmv/imgs/3e569d3dab10402483e3884c53beeee3.jpg
10.809708595275879,41.56403350830078,0.0,deepfake,0,1,1,1,Deepfake-Real,/mnt/public/public_datasets/OpenMMSecV2/Deepfake/Real/VFHQ/19da5aaf339b421d9c84efe0a702850e.png
8.094841003417969,-65.04095458984375,0.0,Doc,0,3,1,5,Document-Real,/mnt/public/public_datasets/OpenMMSecV2/Doc/Real/05d2890a9b474efcb60af0957ad1bcf8.jpg
-18.171438217163086,10.034412384033203,0.0,AIGC,1,2,2,4,AIGC-Fake,/mnt/public/public_datasets/OpenMMSecV2/AIGC/commercial/ideogram/6755e29eb09643dc981d7f63ecefb7d3.jpg
3.610630512237549,3.120145797729492,0.0,AIGC,1,2,2,4,AIGC-Fake,/mnt/public/public_datasets/OpenMMSecV2/AIGC/GAN/styleGANs/365f4414a7a347469e9c32da94fc3616.jpg
-12.950535774230957,-55.630977630615234,0.0,Doc,1,3,2,6,Document-Fake,/mnt/public/public_datasets/OpenMMSecV2/Doc/non_aigc/insert/imgs/1f3858bf36df4bc5aea2eba7d5406daa.jpg
4.823587417602539,10.270697593688965,0.0,IMDL,1,4,2,8,IMDL-Fake,/mnt/public/public_datasets/OpenMMSecV2/IMDL/non_generative/manual_ps/imgs/0df9bb370d6b45a987e437a21c2b95ee.jpg
-15.934537887573242,-59.9091911315918,0.0,Doc,1,3,2,6,Document-Fake,/mnt/public/public_datasets/OpenMMSecV2/Doc/non_aigc/cpmv/imgs/b3855b63f1e2482788607690c8e12033.jpg
16.60550308227539,-10.583796501159668,0.0,AIGC,1,2,2,4,AIGC-Fake,/mnt/public/public_datasets/OpenMMSecV2/AIGC/pixel_diffusion/adm/imgs/afcd8bdbd67f49869a9162e35c52caed.png
13.406070709228516,5.496617317199707,0.0,IMDL,0,4,1,7,IMDL-Real,/mnt/public/public_datasets/OpenMMSecV2/IMDL/generative/coco/imgs/0cd2c2d0a54c4157a8352e7012fe7f87.jpg
8.449992179870605,-4.607424736022949,0.0,AIGC,0,2,1,3,AIGC-Real,/mnt/public/public_datasets/OpenMMSecV2/AIGC/pixel_diffusion/glide/imgs/6f85eff4aa5d48579c7e33be7e655a0e.JPEG
-6.782308578491211,-14.772296905517578,0.0,IMDL,0,4,1,7,IMDL-Real,/mnt/public/public_datasets/OpenMMSecV2/IMDL/non_generative/manual_ps/imgs/8a15f0cb6cb54953b78d3f2e63b67410.jpg
-30.623884201049805,-11.476181030273438,0.0,IMDL,1,4,2,8,IMDL-Fake,/mnt/public/public_datasets/OpenMMSecV2/IMDL/generative/paintbyexample/imgs/2676c9e32b0747e0b89b910dc74eeabb.jpg
-9.699913024902344,56.1754264831543,0.0,deepfake,1,1,2,2,Deepfake-Fake,/mnt/public/public_datasets/OpenMMSecV2/Deepfake/Fake/EntireFaceSynthesis/StyleGAN-XL/d611e8ab9e60494b9cc6b4f9a7e0be12.png
23.678020477294922,1.0172078609466553,0.0,IMDL,0,4,1,7,IMDL-Real,/mnt/public/public_datasets/OpenMMSecV2/IMDL/generative/coco/imgs/c635c29531f3410a80571f6e8824ebd6.jpg
3.6918413639068604,5.580223560333252,0.0,IMDL,0,4,1,7,IMDL-Real,/mnt/public/public_datasets/OpenMMSecV2/IMDL/generative/flux_1/imgs/89e41f13ce3c46018a68bb5f75025986.png
23.985532760620117,-29.602235794067383,0.0,IMDL,1,4,2,8,IMDL-Fake,/mnt/public/public_datasets/OpenMMSecV2/IMDL/non_generative/manual_ps/imgs/2a6f4fc5b7214c70b4e5eb159b5c104e.jpg
10.609210968017578,-65.05755615234375,0.0,Doc,0,3,1,5,Document-Real,/mnt/public/public_datasets/OpenMMSecV2/Doc/Real/72ea4fd035374917a5f703530f1eddad.jpg
-2.5102689266204834,66.31808471679688,0.0,deepfake,1,1,2,2,Deepfake-Fake,/mnt/public/public_datasets/OpenMMSecV2/Deepfake/Fake/FaceReenactment/Wav2Lip/4b25435a52eb494c966e1caab2aaaea7.png
-31.024099349975586,-57.482513427734375,0.0,Doc,1,3,2,6,Document-Fake,/mnt/public/public_datasets/OpenMMSecV2/Doc/non_aigc/generation/imgs/31d955a00b0c477aae34f09824ea2036.jpg
36.59761428833008,-16.975685119628906,0.0,Doc,0,3,1,5,Document-Real,/mnt/public/public_datasets/OpenMMSecV2/Doc/Real/15dba1de0eb64ddda1cba864918aea25.jpg
43.97117614746094,-12.644587516784668,0.0,Doc,0,3,1,5,Document-Real,/mnt/public/public_datasets/OpenMMSecV2/Doc/Real/3cca73e2ed014b858cb1bbb26aea6772.jpg
-16.094411849975586,-60.52933883666992,0.0,Doc,0,3,1,5,Document-Real,/mnt/public/public_datasets/OpenMMSecV2/Doc/Real/e2f2647366d64ca7adf4c5a68242c397.jpg
21.976924896240234,48.52150344848633,0.0,deepfake,0,1,1,1,Deepfake-Real,/mnt/public/public_datasets/OpenMMSecV2/Deepfake/Real/CelebDF-v2/9fd34846d4ec4c3086aa6e6efa168380.png
35.229366302490234,-18.216129302978516,0.0,Doc,0,3,1,5,Document-Real,/mnt/public/public_datasets/OpenMMSecV2/Doc/Real/0ee61759bdf94f89b7a1e816f58b4173.jpg
29.526599884033203,-29.62364387512207,0.0,Doc,0,3,1,5,Document-Real,/mnt/public/public_datasets/OpenMMSecV2/Doc/Real/124e6d1ac9624649b67fdc4367e16874.jpg
-32.45512390136719,-12.3364896774292,0.0,IMDL,1,4,2,8,IMDL-Fake,/mnt/public/public_datasets/OpenMMSecV2/IMDL/generative/gan_mat/imgs/9c8bd35623064d51beffc25fb0270403.tiff
-27.034608840942383,-7.501903533935547,0.0,IMDL,1,4,2,8,IMDL-Fake,/mnt/public/public_datasets/OpenMMSecV2/IMDL/generative/gan_mat/imgs/4e2c6972bbe94e4088778940a6308d37.png
15.759026527404785,17.810869216918945,0.0,IMDL,0,4,1,7,IMDL-Real,/mnt/public/public_datasets/OpenMMSecV2/IMDL/generative/flux_1/imgs/31c4599834f34ccfb206d09afd1e6fff.png
-4.3724751472473145,60.017948150634766,0.0,deepfake,0,1,1,1,Deepfake-Real,/mnt/public/public_datasets/OpenMMSecV2/Deepfake/Real/FF++/6fa554e10f8e4b2d848b08428d1673eb.png
-20.433380126953125,-10.394143104553223,0.0,Doc,0,3,1,5,Document-Real,/mnt/public/public_datasets/OpenMMSecV2/Doc/Real/8df9a44f9d7b4b3585f23f34d3459b2e.jpg
13.764945983886719,56.77732467651367,0.0,deepfake,0,1,1,1,Deepfake-Real,/mnt/public/public_datasets/OpenMMSecV2/Deepfake/Real/CelebDF-v2/5944f557459a44d58769931df97c1e84.png
16.603059768676758,5.981341361999512,0.0,AIGC,0,2,1,3,AIGC-Real,/mnt/public/public_datasets/OpenMMSecV2/AIGC/commercial/wukong/imgs/fad2af735afd41d78036b3e5e6f71c68.JPEG
-8.055672645568848,20.933515548706055,0.0,AIGC,1,2,2,4,AIGC-Fake,/mnt/public/public_datasets/OpenMMSecV2/AIGC/other/online/imgs/61a6ed94227944adab445961d06eb717.jpg
17.289751052856445,66.4015121459961,0.0,deepfake,0,1,1,1,Deepfake-Real,/mnt/public/public_datasets/OpenMMSecV2/Deepfake/Real/FF++/ddf76bf317644f49ace0dc723f78ad74.png
12.767508506774902,44.2947998046875,0.0,deepfake,0,1,1,1,Deepfake-Real,/mnt/public/public_datasets/OpenMMSecV2/Deepfake/Real/VFHQ/a0dc6a18e8d243f99f8bf6dcba6500b3.png
-22.933467864990234,34.656070709228516,0.0,deepfake,1,1,2,2,Deepfake-Fake,/mnt/public/public_datasets/OpenMMSecV2/Deepfake/Fake/FaceEditing/e4e/ace655630b764e8c96d2bb5bc63a7037.jpg
-35.0233154296875,-10.636284828186035,0.0,IMDL,1,4,2,8,IMDL-Fake,/mnt/public/public_datasets/OpenMMSecV2/IMDL/generative/gan_mat/imgs/3579ef2041bb4224a81a964b88047723.jpg
6.821173667907715,-11.614669799804688,0.0,IMDL,1,4,2,8,IMDL-Fake,/mnt/public/public_datasets/OpenMMSecV2/IMDL/non_generative/manual_ps/imgs/0ab960bb87f34d2398eed36681db12d0.jpg
-30.536853790283203,-49.9889030456543,0.0,Doc,1,3,2,6,Document-Fake,/mnt/public/public_datasets/OpenMMSecV2/Doc/non_aigc/inpaint/imgs/c31dee03f3894a9d82d3d482e7483afe.jpg
12.463833808898926,-37.86299514770508,0.0,AIGC,0,2,1,3,AIGC-Real,/mnt/public/public_datasets/OpenMMSecV2/AIGC/laion/972ad673cb234f2bb465a3dc1f7b897d.jpg
-4.479944705963135,-9.646434783935547,0.0,AIGC,0,2,1,3,AIGC-Real,/mnt/public/public_datasets/OpenMMSecV2/AIGC/laion/d62d58ffa06b48c280cd920801673bc7.jpg
0.6760660409927368,1.6337231397628784,0.0,IMDL,1,4,2,8,IMDL-Fake,/mnt/public/public_datasets/OpenMMSecV2/IMDL/non_generative/manual_ps/imgs/6dfc2d2b2d8c45aca2e7a0a319932b8c.jpg
-30.167606353759766,-13.25994873046875,0.0,IMDL,1,4,2,8,IMDL-Fake,/mnt/public/public_datasets/OpenMMSecV2/IMDL/generative/paintbyexample/imgs/6fc02051c8524939a0eb4b172925a1ac.jpg
38.0900993347168,-22.766996383666992,0.0,Doc,0,3,1,5,Document-Real,/mnt/public/public_datasets/OpenMMSecV2/Doc/Real/8bce4f0986384559b996d724776c4ffd.jpg
40.800418853759766,-16.495851516723633,0.0,Doc,1,3,2,6,Document-Fake,/mnt/public/public_datasets/OpenMMSecV2/Doc/aigc/stefann/imgs/ad3e07d83fb3459e84f6c2274a117325.jpg
23.15699005126953,49.70720672607422,0.0,deepfake,0,1,1,1,Deepfake-Real,/mnt/public/public_datasets/OpenMMSecV2/Deepfake/Real/CelebDF-v2/5ffaeee67c2241698d8e80d23a265ed5.png
-21.989171981811523,63.246768951416016,0.0,deepfake,1,1,2,2,Deepfake-Fake,/mnt/public/public_datasets/OpenMMSecV2/Deepfake/Fake/FaceReenactment/MRAA/25542086f1ed4b1a84cae493ad3fa7b2.png
37.23991775512695,-21.697317123413086,0.0,Doc,0,3,1,5,Document-Real,/mnt/public/public_datasets/OpenMMSecV2/Doc/Real/40b0faf9af244ca282d1275a68c162cb.jpg
-13.739398956298828,-11.081839561462402,0.0,IMDL,1,4,2,8,IMDL-Fake,/mnt/public/public_datasets/OpenMMSecV2/IMDL/non_generative/manual_ps/imgs/6cee179c5db14e87b15051b89d349585.tif
21.489198684692383,-7.0157294273376465,0.0,IMDL,1,4,2,8,IMDL-Fake,/mnt/public/public_datasets/OpenMMSecV2/IMDL/generative/flux_1/imgs/cadd92fbcb114ff9ab97506884931a75.png
24.59960174560547,-9.362873077392578,0.0,IMDL,1,4,2,8,IMDL-Fake,/mnt/public/public_datasets/OpenMMSecV2/IMDL/generative/paintbyexample/imgs/cc71652495f24ed0975cc8b0715b1d50.tiff
-31.023033142089844,-44.1898307800293,0.0,Doc,1,3,2,6,Document-Fake,/mnt/public/public_datasets/OpenMMSecV2/Doc/non_aigc/copy-move/imgs/7f6d89a7df30400c874754e34766deef.jpg
25.691349029541016,0.746527910232544,0.0,IMDL,0,4,1,7,IMDL-Real,/mnt/public/public_datasets/OpenMMSecV2/IMDL/generative/flux_1/imgs/a0f4a6e12dc145c6a22f19b56ed1fe2d.png
-8.787275314331055,-19.541894912719727,0.0,AIGC,0,2,1,3,AIGC-Real,/mnt/public/public_datasets/OpenMMSecV2/AIGC/laion/67afc71de4d440d7a4867ba3a0338228.jpg
11.58950138092041,69.04524993896484,0.0,deepfake,1,1,2,2,Deepfake-Fake,/mnt/public/public_datasets/OpenMMSecV2/Deepfake/Fake/EntireFaceSynthesis/StyleGAN-XL/0ac7ff7f2db0408a9f38179024b48a6c.png
22.625459671020508,11.477548599243164,0.0,IMDL,1,4,2,8,IMDL-Fake,/mnt/public/public_datasets/OpenMMSecV2/IMDL/non_generative/manual_ps/imgs/0bcad5ff14744e789066ed203e7c632d.jpg
-24.682172775268555,-13.047611236572266,0.0,IMDL,1,4,2,8,IMDL-Fake,/mnt/public/public_datasets/OpenMMSecV2/IMDL/generative/paintbyexample/imgs/3e2fb18d06a64afbb35608bdac737030.tiff
-33.44890594482422,-11.0242919921875,0.0,IMDL,1,4,2,8,IMDL-Fake,/mnt/public/public_datasets/OpenMMSecV2/IMDL/generative/gan_mat/imgs/f6e59215f18d42b4b5de844689825bc4.jpg
26.83696937561035,-34.809261322021484,0.0,AIGC,0,2,1,3,AIGC-Real,/mnt/public/public_datasets/OpenMMSecV2/AIGC/laion/c5eb685c3a8347f79267bacc5a4e8767.jpg
15.54925537109375,-18.786758422851562,0.0,IMDL,1,4,2,8,IMDL-Fake,/mnt/public/public_datasets/OpenMMSecV2/IMDL/non_generative/manual_ps/imgs/4fb761a6f83d411e8a4ba7ac4a3d24c7.tif
9.594867706298828,-16.06062126159668,0.0,IMDL,1,4,2,8,IMDL-Fake,/mnt/public/public_datasets/OpenMMSecV2/IMDL/non_generative/manual_ps/imgs/82f0e5e903da4aefb9bd0bba3284b3c3.jpg
-34.660316467285156,-8.305190086364746,0.0,AIGC,1,2,2,4,AIGC-Fake,/mnt/public/public_datasets/OpenMMSecV2/AIGC/pixel_diffusion/guided_diffusion/f6a2abd39fbe438fb08fb596cd02b716.jpg
25.80402946472168,0.8631966710090637,0.0,IMDL,0,4,1,7,IMDL-Real,/mnt/public/public_datasets/OpenMMSecV2/IMDL/generative/stable_diffusion/imgs/456e4a7be68c4788ad5ced45386318c6.png
-21.475341796875,11.10569953918457,0.0,AIGC,1,2,2,4,AIGC-Fake,/mnt/public/public_datasets/OpenMMSecV2/AIGC/latent_diffusion/systematic/ecc9bd4894c84612a33dd80f1d060aa1.jpg
-11.374198913574219,-1.4392975568771362,0.0,IMDL,1,4,2,8,IMDL-Fake,/mnt/public/public_datasets/OpenMMSecV2/IMDL/non_generative/manual_ps/imgs/4107057fa45a449d985650ad68642790.jpg
-17.080617904663086,60.91472625732422,0.0,deepfake,1,1,2,2,Deepfake-Fake,/mnt/public/public_datasets/OpenMMSecV2/Deepfake/Fake/FaceReenactment/LIA/93e72a8013b8405ea36d86a8f81d2d5a.png
12.474447250366211,-34.350921630859375,0.0,AIGC,0,2,1,3,AIGC-Real,/mnt/public/public_datasets/OpenMMSecV2/AIGC/laion/5711ee1138364f7e9663b95e719fb65c.jpg
15.211256980895996,-42.38585662841797,0.0,AIGC,0,2,1,3,AIGC-Real,/mnt/public/public_datasets/OpenMMSecV2/AIGC/GAN/BigGAN/imgs/bf4b580465ff442ba4a9c49760467529.JPEG
-11.481429100036621,-7.623443126678467,0.0,AIGC,1,2,2,4,AIGC-Fake,/mnt/public/public_datasets/OpenMMSecV2/AIGC/GAN/CIPS/1198b3b352ed472e90221597d2a5e071.jpg
-21.4807071685791,30.391759872436523,0.0,AIGC,1,2,2,4,AIGC-Fake,/mnt/public/public_datasets/OpenMMSecV2/AIGC/autoregressive_model/tamingtransformers/6b9c642a63b446a4a121a8988ff73968.jpg
-13.097365379333496,-7.773499011993408,0.0,IMDL,1,4,2,8,IMDL-Fake,/mnt/public/public_datasets/OpenMMSecV2/IMDL/non_generative/manual_ps/imgs/3f78337b63e64b5eae975e03b3ca9965.jpg
-25.818204879760742,-10.219182014465332,0.0,IMDL,1,4,2,8,IMDL-Fake,/mnt/public/public_datasets/OpenMMSecV2/IMDL/generative/stable_diffusion/imgs/667cd3c6810c409d8a979e3339c836f0.jpg
-22.53162956237793,10.779925346374512,0.0,AIGC,1,2,2,4,AIGC-Fake,/mnt/public/public_datasets/OpenMMSecV2/AIGC/commercial/flux/ac5aae2d1f4c413b927751b566424de1.jpg
-28.73639488220215,-11.406965255737305,0.0,IMDL,1,4,2,8,IMDL-Fake,/mnt/public/public_datasets/OpenMMSecV2/IMDL/generative/gan_mat/imgs/151868004e9b43eaa58753260036d038.jpg
-25.802438735961914,-22.738840103149414,0.0,Doc,0,3,1,5,Document-Real,/mnt/public/public_datasets/OpenMMSecV2/Doc/Real/8aa3ecdcfcdc4b08a374d089de403835.jpg
-20.033065795898438,7.6690263748168945,0.0,AIGC,1,2,2,4,AIGC-Fake,/mnt/public/public_datasets/OpenMMSecV2/AIGC/GAN/styleGANs/49be3a8cecf04b9cbfa1ade721047fb8.jpg
-9.52375316619873,65.00901794433594,0.0,deepfake,1,1,2,2,Deepfake-Fake,/mnt/public/public_datasets/OpenMMSecV2/Deepfake/Fake/FaceReenactment/MRAA/c86ffccb9c3147cd9cf74ddf36f4d54c.png
6.53500509262085,50.3810920715332,0.0,deepfake,0,1,1,1,Deepfake-Real,/mnt/public/public_datasets/OpenMMSecV2/Deepfake/Real/DFD/efe27286fbe54b2cb9c85a7dfb8c1655.png
-11.993711471557617,-41.679386138916016,0.0,Doc,0,3,1,5,Document-Real,/mnt/public/public_datasets/OpenMMSecV2/Doc/Real/2ac1decf605c42a681f611d301bdd470.jpg
13.543204307556152,48.47063064575195,0.0,deepfake,0,1,1,1,Deepfake-Real,/mnt/public/public_datasets/OpenMMSecV2/Deepfake/Real/DFD/70ad8a432caf4e619e6f781914b18ddb.png
-19.760007858276367,-12.142265319824219,0.0,IMDL,1,4,2,8,IMDL-Fake,/mnt/public/public_datasets/OpenMMSecV2/IMDL/generative/flux_1/imgs/13fac25c39294136bc27556d13f52cf8.png
-10.399497985839844,-54.133819580078125,0.0,Doc,1,3,2,6,Document-Fake,/mnt/public/public_datasets/OpenMMSecV2/Doc/non_aigc/cover/imgs/b03d21c1ec094d0cb688a0d3531c4a11.jpg
-20.022926330566406,-46.777950286865234,0.0,Doc,1,3,2,6,Document-Fake,/mnt/public/public_datasets/OpenMMSecV2/Doc/non_aigc/generation/imgs/b4a9016a441046a59e849ab54fa204d3.jpg
-11.955652236938477,-4.917599678039551,0.0,AIGC,1,2,2,4,AIGC-Fake,/mnt/public/public_datasets/OpenMMSecV2/AIGC/latent_diffusion/systematic/2fe117d3d9af4ef89e926e8fd6f62074.jpg
5.3828887939453125,8.545751571655273,0.0,IMDL,0,4,1,7,IMDL-Real,/mnt/public/public_datasets/OpenMMSecV2/IMDL/generative/stable_diffusion/imgs/60fc1dfdd5b147dd8de5dab24423db70.png
8.9680757522583,46.968936920166016,0.0,deepfake,0,1,1,1,Deepfake-Real,/mnt/public/public_datasets/OpenMMSecV2/Deepfake/Real/FF++/a4bad6c6af034158ab791ea2b0038d2a.png
-7.3350510597229,65.20172119140625,0.0,deepfake,1,1,2,2,Deepfake-Fake,/mnt/public/public_datasets/OpenMMSecV2/Deepfake/Fake/FaceReenactment/LIA/1a0aee70ad654628bbbd698f9819bd30.png
12.430153846740723,-39.39167022705078,0.0,AIGC,0,2,1,3,AIGC-Real,/mnt/public/public_datasets/OpenMMSecV2/AIGC/laion/f38bc1c326e34f6e80ffd0557c4283c7.jpg
14.22018051147461,12.173161506652832,0.0,IMDL,1,4,2,8,IMDL-Fake,/mnt/public/public_datasets/OpenMMSecV2/IMDL/generative/flux_1/imgs/048f68a85ada4f76aa118906b6ba93dd.png
23.658611297607422,14.277106285095215,0.0,IMDL,0,4,1,7,IMDL-Real,/mnt/public/public_datasets/OpenMMSecV2/IMDL/generative/flux_1/imgs/11e6c4bd9f3c4250ab28fb8b58e606a2.png
-3.263650894165039,64.92654418945312,0.0,deepfake,1,1,2,2,Deepfake-Fake,/mnt/public/public_datasets/OpenMMSecV2/Deepfake/Fake/EntireFaceSynthesis/SiT-XL/5a294903078a404594ef898cc3606d9e.png
15.73331069946289,7.719563961029053,0.0,IMDL,1,4,2,8,IMDL-Fake,/mnt/public/public_datasets/OpenMMSecV2/IMDL/generative/stable_diffusion/imgs/cdcf4f3fc50146b185f04665a6520e8f.png
-7.387959957122803,32.05617141723633,0.0,deepfake,0,1,1,1,Deepfake-Real,/mnt/public/public_datasets/OpenMMSecV2/Deepfake/Real/DFD/0b70f1b3d3364c69afcfb4a7ff60b622.png
-0.6101324558258057,57.132205963134766,0.0,deepfake,0,1,1,1,Deepfake-Real,/mnt/public/public_datasets/OpenMMSecV2/Deepfake/Real/CelebDF-v2/ee7275fd3c704cd6950d108937b240b5.png
18.713550567626953,-14.853486061096191,0.0,IMDL,0,4,1,7,IMDL-Real,/mnt/public/public_datasets/OpenMMSecV2/IMDL/generative/flux_1/imgs/e7955480769b4ca89662cc6d0e5147c5.png
-7.280333042144775,59.43180847167969,0.0,deepfake,1,1,2,2,Deepfake-Fake,/mnt/public/public_datasets/OpenMMSecV2/Deepfake/Fake/FaceSwap/UniFace/e49201a7131642949de49770b4daa930.png
-6.560184001922607,58.39127731323242,0.0,deepfake,1,1,2,2,Deepfake-Fake,/mnt/public/public_datasets/OpenMMSecV2/Deepfake/Fake/FaceSwap/UniFace/3232454d98414b848dd09ecd4448d964.png
34.390174865722656,-27.66857147216797,0.0,Doc,0,3,1,5,Document-Real,/mnt/public/public_datasets/OpenMMSecV2/Doc/Real/f2628bf40a5f45169b8af726f2fcb387.jpg
-29.113323211669922,37.279579162597656,0.0,deepfake,1,1,2,2,Deepfake-Fake,/mnt/public/public_datasets/OpenMMSecV2/Deepfake/Fake/FaceEditing/e4e/5025434f55474d7a94fbcac9a8271069.jpg
10.260640144348145,61.85652160644531,0.0,deepfake,0,1,1,1,Deepfake-Real,/mnt/public/public_datasets/OpenMMSecV2/Deepfake/Real/DFD/e872e9062d7b459b9c1cccbd769d86ab.png
8.192282676696777,11.173104286193848,0.0,IMDL,1,4,2,8,IMDL-Fake,/mnt/public/public_datasets/OpenMMSecV2/IMDL/generative/flux_1/imgs/80b68a4b5c024d479154f38edd9b72ad.png
49.171875,-15.713314056396484,0.0,Doc,0,3,1,5,Document-Real,/mnt/public/public_datasets/OpenMMSecV2/Doc/Real/423481b21596435bb397506d85bd59fe.jpg
15.60663890838623,67.08053588867188,0.0,deepfake,0,1,1,1,Deepfake-Real,/mnt/public/public_datasets/OpenMMSecV2/Deepfake/Real/FF++/acaf6b37648c4a7798ab8c65fcfc0761.png
0.2272663712501526,-10.667149543762207,0.0,IMDL,0,4,1,7,IMDL-Real,/mnt/public/public_datasets/OpenMMSecV2/IMDL/generative/flux_1/imgs/c4a036db5b1743b198f163bbc8ef8ba9.png
-22.17205238342285,12.179487228393555,0.0,AIGC,1,2,2,4,AIGC-Fake,/mnt/public/public_datasets/OpenMMSecV2/AIGC/commercial/dalle/d3b1f810a5a64af7b3b1f48c4c75828d.jpg
0.17135873436927795,56.225040435791016,0.0,deepfake,0,1,1,1,Deepfake-Real,/mnt/public/public_datasets/OpenMMSecV2/Deepfake/Real/CelebDF-v2/99ed4681791b49c1902e767853228728.png
27.822185516357422,-2.1714632511138916,0.0,AIGC,0,2,1,3,AIGC-Real,/mnt/public/public_datasets/OpenMMSecV2/AIGC/laion/1fdacea35666461992140d25123a70b1.jpg
51.61771774291992,-14.567015647888184,0.0,Doc,1,3,2,6,Document-Fake,/mnt/public/public_datasets/OpenMMSecV2/Doc/aigc/udifftext/imgs/0fc32ef802ba46489bf0c59c8a7c2b6d.jpg
24.965375900268555,2.5111801624298096,0.0,IMDL,0,4,1,7,IMDL-Real,/mnt/public/public_datasets/OpenMMSecV2/IMDL/generative/flux_1/imgs/4653fa7994ac44a28bcb11280924f7be.png
-26.905534744262695,30.26066780090332,0.0,AIGC,1,2,2,4,AIGC-Fake,/mnt/public/public_datasets/OpenMMSecV2/AIGC/GAN/styleGANs/1078c21ffc134940b3c890cbad85bae6.jpg
17.462482452392578,-3.1223528385162354,0.0,IMDL,0,4,1,7,IMDL-Real,/mnt/public/public_datasets/OpenMMSecV2/IMDL/non_generative/manual_ps/imgs/d574b72cb0aa4cdeae504097a36d99da.jpg
1.3337652683258057,50.58551025390625,0.0,deepfake,1,1,2,2,Deepfake-Fake,/mnt/public/public_datasets/OpenMMSecV2/Deepfake/Fake/FaceEditing/StarGAN/063e2d43c4794866bb5761cd98441725.jpg
28.574874877929688,-0.03956260904669762,0.0,IMDL,0,4,1,7,IMDL-Real,/mnt/public/public_datasets/OpenMMSecV2/IMDL/generative/coco/imgs/e964d47d191348e181b9f4e08e75bfb4.jpg
1.236007571220398,22.504056930541992,0.0,IMDL,1,4,2,8,IMDL-Fake,/mnt/public/public_datasets/OpenMMSecV2/IMDL/non_generative/manual_ps/imgs/73585d589fef49f9ab6f218fb74ef621.jpg
5.906935691833496,-59.6502799987793,0.0,Doc,0,3,1,5,Document-Real,/mnt/public/public_datasets/OpenMMSecV2/Doc/Real/a6ae17beed5b47c5b8bd2a8a9a73b4de.jpg
-22.514095306396484,64.99066925048828,0.0,deepfake,1,1,2,2,Deepfake-Fake,/mnt/public/public_datasets/OpenMMSecV2/Deepfake/Fake/FaceSwap/InSwapper/bfbadef2666946c3b18a54342dfb3901.png
32.84682846069336,-27.37753677368164,0.0,Doc,0,3,1,5,Document-Real,/mnt/public/public_datasets/OpenMMSecV2/Doc/Real/4194001e10434d62a880cba6539c7e32.jpg
10.801504135131836,-35.25886154174805,0.0,AIGC,0,2,1,3,AIGC-Real,/mnt/public/public_datasets/OpenMMSecV2/AIGC/laion/d71f5512d042439aacc60dccfd5b29d6.jpg
-9.368617057800293,-41.26683044433594,0.0,Doc,0,3,1,5,Document-Real,/mnt/public/public_datasets/OpenMMSecV2/Doc/Real/9f0730ac307e47dcbbd58f3e9e2b7af0.jpg
-23.06533432006836,-9.584188461303711,0.0,IMDL,1,4,2,8,IMDL-Fake,/mnt/public/public_datasets/OpenMMSecV2/IMDL/non_generative/manual_ps/imgs/7db0d83e3b2c4301a54289bfb3fbf26f.jpg
-4.78058385848999,20.104198455810547,0.0,AIGC,1,2,2,4,AIGC-Fake,/mnt/public/public_datasets/OpenMMSecV2/AIGC/other/online/imgs/fff15f3172c14b6384e054f730601f7b.jpg
-8.011646270751953,65.71037292480469,0.0,deepfake,0,1,1,1,Deepfake-Real,/mnt/public/public_datasets/OpenMMSecV2/Deepfake/Real/FF++/94aeb9f191754469b283d1d200a047f3.png
-37.26243591308594,-9.542869567871094,0.0,IMDL,1,4,2,8,IMDL-Fake,/mnt/public/public_datasets/OpenMMSecV2/IMDL/generative/gan_mat/imgs/a16848ccffa848cf873eb7734171bedb.tiff
22.994516372680664,47.82408905029297,0.0,deepfake,0,1,1,1,Deepfake-Real,/mnt/public/public_datasets/OpenMMSecV2/Deepfake/Real/CelebDF-v2/925e920e84bf45ea894cf5e9e3e1178a.png
-25.98267364501953,10.393665313720703,0.0,AIGC,1,2,2,4,AIGC-Fake,/mnt/public/public_datasets/OpenMMSecV2/AIGC/commercial/imagen/2413c2194cc5494d8be17ff5fe936005.jpg
42.98724365234375,-19.92106819152832,0.0,Doc,0,3,1,5,Document-Real,/mnt/public/public_datasets/OpenMMSecV2/Doc/Real/e65dc752e45a4715a7da0b62636ffd47.jpg
10.559109687805176,-13.966092109680176,0.0,IMDL,0,4,1,7,IMDL-Real,/mnt/public/public_datasets/OpenMMSecV2/IMDL/generative/stable_diffusion/imgs/0771cb79193342f2a1951e7cdc92dfa0.png
13.609667778015137,-38.38063049316406,0.0,AIGC,0,2,1,3,AIGC-Real,/mnt/public/public_datasets/OpenMMSecV2/AIGC/laion/e756e13808d749bfbe7bff0389bd8e01.jpg
-11.299403190612793,0.23253647983074188,0.0,AIGC,1,2,2,4,AIGC-Fake,/mnt/public/public_datasets/OpenMMSecV2/AIGC/pixel_diffusion/glide/imgs/7f84bc92e96445ee92b45ffe6657ccb2.png
-2.0804097652435303,-8.566305160522461,0.0,IMDL,0,4,1,7,IMDL-Real,/mnt/public/public_datasets/OpenMMSecV2/IMDL/generative/flux_1/imgs/67c824fe2dda43649bbddabfe052c957.png
-0.5463593602180481,8.096516609191895,0.0,IMDL,1,4,2,8,IMDL-Fake,/mnt/public/public_datasets/OpenMMSecV2/IMDL/generative/flux_1/imgs/a8bd4f1eac5e4f27a3218de8128ee421.png
-25.93315887451172,39.537601470947266,0.0,AIGC,1,2,2,4,AIGC-Fake,/mnt/public/public_datasets/OpenMMSecV2/AIGC/GAN/BigGAN/a5748d36a376469d84daa429f72cf23a.jpg
-2.0459532737731934,13.092340469360352,0.0,IMDL,1,4,2,8,IMDL-Fake,/mnt/public/public_datasets/OpenMMSecV2/IMDL/non_generative/manual_ps/imgs/8024b7f0231c4c939fe2b1b33ead672a.jpg
25.483104705810547,13.789834022521973,0.0,AIGC,1,2,2,4,AIGC-Fake,/mnt/public/public_datasets/OpenMMSecV2/AIGC/GAN/GigaGAN/68ec1596cef54a4080e8bf6a27e95bd3.jpg
-50.22311782836914,-39.439666748046875,0.0,Doc,1,3,2,6,Document-Fake,/mnt/public/public_datasets/OpenMMSecV2/Doc/non_aigc/copy-move/imgs/aedd591e8f8a44c19f5f6157958c85a8.jpg
20.05405616760254,-7.207920551300049,0.0,IMDL,0,4,1,7,IMDL-Real,/mnt/public/public_datasets/OpenMMSecV2/IMDL/generative/stable_diffusion/imgs/6b1530e53c384c259c0a842ccb503ea5.png
37.91446304321289,-18.912391662597656,0.0,Doc,0,3,1,5,Document-Real,/mnt/public/public_datasets/OpenMMSecV2/Doc/Real/e7730663ef29497cbbaea5606ddbd917.jpg
44.88599395751953,-14.91458797454834,0.0,Doc,1,3,2,6,Document-Fake,/mnt/public/public_datasets/OpenMMSecV2/Doc/aigc/derend/imgs/ac1ad5e3672144c4a5edabec17fb8a29.jpg
-46.0529899597168,-40.278133392333984,0.0,Doc,1,3,2,6,Document-Fake,/mnt/public/public_datasets/OpenMMSecV2/Doc/non_aigc/copy-move/imgs/14e932345301460aad1b658e05b688ba.jpg
-23.56563949584961,-45.55555725097656,0.0,Doc,1,3,2,6,Document-Fake,/mnt/public/public_datasets/OpenMMSecV2/Doc/non_aigc/copy-move/imgs/ad5d2c2fc6334693b3867a3c4fb291d7.jpg
-10.688663482666016,-53.60368728637695,0.0,Doc,0,3,1,5,Document-Real,/mnt/public/public_datasets/OpenMMSecV2/Doc/Real/5434b199e6c84353af09e34fb195ed2c.jpg
-11.35949993133545,67.26021575927734,0.0,deepfake,0,1,1,1,Deepfake-Real,/mnt/public/public_datasets/OpenMMSecV2/Deepfake/Real/CelebDF-v2/88971c312d494aeda9ab7b1566d21401.png
12.999561309814453,-6.554638862609863,0.0,AIGC,1,2,2,4,AIGC-Fake,/mnt/public/public_datasets/OpenMMSecV2/AIGC/pixel_diffusion/guided_diffusion/dcc99c4238fc410f8a7796a08c5c0911.jpg
-18.687868118286133,32.80339431762695,0.0,deepfake,0,1,1,1,Deepfake-Real,/mnt/public/public_datasets/OpenMMSecV2/Deepfake/Real/FFHQ/00157b4e26b74a5ead626845bd65d654.jpg
4.799783229827881,17.081619262695312,0.0,AIGC,0,2,1,3,AIGC-Real,/mnt/public/public_datasets/OpenMMSecV2/AIGC/laion/70af93825d7d426a8d7496812f61d3af.jpg
-10.980774879455566,4.995552062988281,0.0,AIGC,0,2,1,3,AIGC-Real,/mnt/public/public_datasets/OpenMMSecV2/AIGC/laion/23860018a61f46adb3ef96daa46d4f4a.jpg
20.227415084838867,61.246124267578125,0.0,deepfake,0,1,1,1,Deepfake-Real,/mnt/public/public_datasets/OpenMMSecV2/Deepfake/Real/UADFV/f9cb254774bf442ba3f64f354616adc9.png
8.083529472351074,-24.8740291595459,0.0,AIGC,0,2,1,3,AIGC-Real,/mnt/public/public_datasets/OpenMMSecV2/AIGC/laion/724ce0d79411410bac329efdf7e2fc1f.jpg
2.2302157878875732,-57.66270065307617,0.0,Doc,0,3,1,5,Document-Real,/mnt/public/public_datasets/OpenMMSecV2/Doc/Real/4efee3a090f4481e94d075b285acf101.jpg
26.416872024536133,-17.122940063476562,0.0,Doc,1,3,2,6,Document-Fake,/mnt/public/public_datasets/OpenMMSecV2/Doc/aigc/derend/imgs/2448696ccd1e45fdb6d7432cfb05d550.jpg
-10.521782875061035,-54.84914779663086,0.0,Doc,0,3,1,5,Document-Real,/mnt/public/public_datasets/OpenMMSecV2/Doc/Real/725c03739aa14772a2f33247393e5283.jpg
-26.79108238220215,-51.74930191040039,0.0,Doc,1,3,2,6,Document-Fake,/mnt/public/public_datasets/OpenMMSecV2/Doc/non_aigc/copy-move/imgs/5da91f3dbc8743a5be4367b9c27fa8ea.jpg
-14.620803833007812,65.7376480102539,0.0,deepfake,1,1,2,2,Deepfake-Fake,/mnt/public/public_datasets/OpenMMSecV2/Deepfake/Fake/FaceReenactment/FS_vid2vid/dfd83157cd1947dab81b64bc0a79a067.png
18.439773559570312,-6.337809085845947,0.0,IMDL,0,4,1,7,IMDL-Real,/mnt/public/public_datasets/OpenMMSecV2/IMDL/generative/flux_1/imgs/6bde7d5e8d8d4b92b89658c244b6501d.png
-19.037612915039062,3.4243667125701904,0.0,AIGC,1,2,2,4,AIGC-Fake,/mnt/public/public_datasets/OpenMMSecV2/AIGC/latent_diffusion/systematic/feb95eee31c048ccb31e4261ccaf516f.jpg
16.14166831970215,2.1289384365081787,0.0,IMDL,0,4,1,7,IMDL-Real,/mnt/public/public_datasets/OpenMMSecV2/IMDL/generative/coco/imgs/4c2577fe216048f49b37d5e7f4450687.jpg
-18.689157485961914,28.170013427734375,0.0,AIGC,1,2,2,4,AIGC-Fake,/mnt/public/public_datasets/OpenMMSecV2/AIGC/autoregressive_model/tamingtransformers/4450e17979b344aaabf71313b751db5c.jpg
25.102224349975586,-21.300575256347656,0.0,Doc,0,3,1,5,Document-Real,/mnt/public/public_datasets/OpenMMSecV2/Doc/Real/c002820cc82f44bfad7d7f42d85ae5ad.jpg
-8.810434341430664,-19.681060791015625,0.0,AIGC,0,2,1,3,AIGC-Real,/mnt/public/public_datasets/OpenMMSecV2/AIGC/laion/446a162df18340ccb93c40ca4f23bdb5.jpg
13.455097198486328,-62.05201721191406,0.0,Doc,0,3,1,5,Document-Real,/mnt/public/public_datasets/OpenMMSecV2/Doc/Real/8fa23a2b1d354b28956241961dd2f4dd.jpg
4.141338348388672,7.8408355712890625,0.0,IMDL,0,4,1,7,IMDL-Real,/mnt/public/public_datasets/OpenMMSecV2/IMDL/generative/coco/imgs/0c81bd98135e4b9eb114613418f35103.jpg
-44.187259674072266,-38.521217346191406,0.0,Doc,1,3,2,6,Document-Fake,/mnt/public/public_datasets/OpenMMSecV2/Doc/non_aigc/copy-move/imgs/e3f253474d5a45db8340ab2944cf85a4.jpg
-13.106119155883789,-59.809425354003906,0.0,Doc,0,3,1,5,Document-Real,/mnt/public/public_datasets/OpenMMSecV2/Doc/Real/7fcdda6188f74c3ebb9d0b2bafc891c3.jpg
-13.198935508728027,-52.49466323852539,0.0,Doc,1,3,2,6,Document-Fake,/mnt/public/public_datasets/OpenMMSecV2/Doc/non_aigc/cover/imgs/3fdcf2aaba3f49759d5001b236a9bad4.jpg
6.01803731918335,-60.47434616088867,0.0,AIGC,0,2,1,3,AIGC-Real,/mnt/public/public_datasets/OpenMMSecV2/AIGC/laion/ab05bc19fd664e02b9ac90efcb7deb40.jpg
12.542879104614258,52.13432312011719,0.0,deepfake,0,1,1,1,Deepfake-Real,/mnt/public/public_datasets/OpenMMSecV2/Deepfake/Real/CelebDF-v2/9671bd50f6c14a939ba115d32580dfb2.png
-28.34368133544922,-13.940536499023438,0.0,AIGC,1,2,2,4,AIGC-Fake,/mnt/public/public_datasets/OpenMMSecV2/AIGC/latent_diffusion/systematic/401cec2a46774017bb7f0bbc05738e92.jpg
26.968595504760742,-34.36428451538086,0.0,AIGC,0,2,1,3,AIGC-Real,/mnt/public/public_datasets/OpenMMSecV2/AIGC/laion/e46be20502734310b644225bfaa93541.jpg
-15.720481872558594,28.249258041381836,0.0,deepfake,0,1,1,1,Deepfake-Real,/mnt/public/public_datasets/OpenMMSecV2/Deepfake/Real/VFHQ/5decfac29dd1400fb881a942d5213cf4.png
-14.13318920135498,7.7147979736328125,0.0,AIGC,1,2,2,4,AIGC-Fake,/mnt/public/public_datasets/OpenMMSecV2/AIGC/latent_diffusion/systematic/705aa45527054a92bfb2dc3043a99f5e.jpg
18.65277671813965,63.47148895263672,0.0,deepfake,0,1,1,1,Deepfake-Real,/mnt/public/public_datasets/OpenMMSecV2/Deepfake/Real/FF++/c4f5f4ccd37a4c9987b3bbf790d60a08.png
-22.276710510253906,3.9185919761657715,0.0,AIGC,1,2,2,4,AIGC-Fake,/mnt/public/public_datasets/OpenMMSecV2/AIGC/pixel_diffusion/adm/imgs/953be7f2f4f34748beed72a9298d25b4.png
-47.10038375854492,-37.81106185913086,0.0,Doc,1,3,2,6,Document-Fake,/mnt/public/public_datasets/OpenMMSecV2/Doc/non_aigc/generation/imgs/365d745666b14a4db7193c6a1966fffe.jpg
0.020982442423701286,17.999187469482422,0.0,AIGC,0,2,1,3,AIGC-Real,/mnt/public/public_datasets/OpenMMSecV2/AIGC/laion/c552725f975c4cddb9fdcad444b8f270.jpg
29.530027389526367,-12.714966773986816,0.0,Doc,1,3,2,6,Document-Fake,/mnt/public/public_datasets/OpenMMSecV2/Doc/aigc/derend/imgs/9808b8aac74a4c84ad3875e9f28eb6cd.jpg
6.4816060066223145,13.3827486038208,0.0,AIGC,0,2,1,3,AIGC-Real,/mnt/public/public_datasets/OpenMMSecV2/AIGC/other/online/imgs/92b41c101cad48ab9f27bf7fc68c9641.jpg
-12.34119701385498,-54.15608596801758,0.0,Doc,1,3,2,6,Document-Fake,/mnt/public/public_datasets/OpenMMSecV2/Doc/non_aigc/cpmv/imgs/4f52480d03a042b1ba1facd50bb9d639.jpg
-2.2359259128570557,48.09131622314453,0.0,deepfake,1,1,2,2,Deepfake-Fake,/mnt/public/public_datasets/OpenMMSecV2/Deepfake/Fake/FaceEditing/StarGANv2/b7aac786c92344f694ca5d24cc95e78d.jpg
44.92504119873047,-12.973396301269531,0.0,deepfake,0,1,1,1,Deepfake-Real,/mnt/public/public_datasets/OpenMMSecV2/Deepfake/Real/FF++/4434f5762f404e159a4e8917282126ec.png
23.95319175720215,50.559654235839844,0.0,deepfake,0,1,1,1,Deepfake-Real,/mnt/public/public_datasets/OpenMMSecV2/Deepfake/Real/VFHQ/58220a81d2a247a0960ace6deea0dc40.png
9.991498947143555,61.78043746948242,0.0,deepfake,0,1,1,1,Deepfake-Real,/mnt/public/public_datasets/OpenMMSecV2/Deepfake/Real/DFD/21bc266be87d416c8398b8ec2aa207b0.png
6.573024749755859,56.545448303222656,0.0,deepfake,0,1,1,1,Deepfake-Real,/mnt/public/public_datasets/OpenMMSecV2/Deepfake/Real/FF++/33ecb952deb84aa39918b465c7831c9a.png
-22.81249237060547,31.93174171447754,0.0,AIGC,1,2,2,4,AIGC-Fake,/mnt/public/public_datasets/OpenMMSecV2/AIGC/autoregressive_model/tamingtransformers/be7e44dcd68c49c09026711913b66e55.jpg
-28.180809020996094,-11.989492416381836,0.0,IMDL,1,4,2,8,IMDL-Fake,/mnt/public/public_datasets/OpenMMSecV2/IMDL/non_generative/manual_ps/imgs/4e90f874e6c54240a1108f2b666023ab.jpg
-14.759119987487793,53.81576156616211,0.0,deepfake,1,1,2,2,Deepfake-Fake,/mnt/public/public_datasets/OpenMMSecV2/Deepfake/Fake/FaceEditing/StarGAN/ba2fbfbbd18f485983f912a45c8d4a81.jpg
-28.43941307067871,30.403776168823242,0.0,AIGC,1,2,2,4,AIGC-Fake,/mnt/public/public_datasets/OpenMMSecV2/AIGC/autoregressive_model/tamingtransformers/a5700870fe5c49d08e92723735a0839a.jpg
-25.82769012451172,-57.37446975708008,0.0,Doc,1,3,2,6,Document-Fake,/mnt/public/public_datasets/OpenMMSecV2/Doc/non_aigc/generation/imgs/e1671c7987a74fada649668036b86955.jpg
-45.23394012451172,-38.34321212768555,0.0,Doc,1,3,2,6,Document-Fake,/mnt/public/public_datasets/OpenMMSecV2/Doc/non_aigc/generation/imgs/8ee372ac0680468881960a7a783bf3cf.jpg
9.405828475952148,-8.637796401977539,0.0,AIGC,0,2,1,3,AIGC-Real,/mnt/public/public_datasets/OpenMMSecV2/AIGC/other/online/imgs/181cbeb934e84b7aa123892742065066.jpg
7.616579532623291,-15.947247505187988,0.0,Doc,0,3,1,5,Document-Real,/mnt/public/public_datasets/OpenMMSecV2/Doc/Real/e22ebca68d0c438a9ecd3cd5176b5797.jpg
-20.500455856323242,64.7834243774414,0.0,deepfake,1,1,2,2,Deepfake-Fake,/mnt/public/public_datasets/OpenMMSecV2/Deepfake/Fake/FaceReenactment/MRAA/5703e8a9df9a48679d0d54ea99fa5803.png
-4.384960651397705,63.566932678222656,0.0,deepfake,0,1,1,1,Deepfake-Real,/mnt/public/public_datasets/OpenMMSecV2/Deepfake/Real/CelebDF-v2/00749a71e2c949aeb1c69db231754b51.png
-31.484119415283203,-56.447479248046875,0.0,Doc,1,3,2,6,Document-Fake,/mnt/public/public_datasets/OpenMMSecV2/Doc/non_aigc/generation/imgs/04030961e27944cf9807bc48b41e5b70.jpg
-26.196256637573242,-46.32638168334961,0.0,Doc,1,3,2,6,Document-Fake,/mnt/public/public_datasets/OpenMMSecV2/Doc/non_aigc/copy-move/imgs/2ff9125e615d48dda4cb531ab9b6c196.jpg
20.41217041015625,60.58076477050781,0.0,deepfake,0,1,1,1,Deepfake-Real,/mnt/public/public_datasets/OpenMMSecV2/Deepfake/Real/CelebDF-v2/6df24de004ce447bb4a2047ea76efa99.png
-47.702964782714844,-40.0079460144043,0.0,Doc,1,3,2,6,Document-Fake,/mnt/public/public_datasets/OpenMMSecV2/Doc/non_aigc/copy-move/imgs/c71f7b9ef9ae4c24a5f3f12870b3d144.jpg
9.795623779296875,-34.718040466308594,0.0,AIGC,0,2,1,3,AIGC-Real,/mnt/public/public_datasets/OpenMMSecV2/AIGC/laion/21808bfc763b436b8e256447f3b69936.jpg
-32.80914306640625,-13.370444297790527,0.0,IMDL,1,4,2,8,IMDL-Fake,/mnt/public/public_datasets/OpenMMSecV2/IMDL/generative/gan_mat/imgs/36bd872d92d949639a6c953a7d818a48.png
-11.033478736877441,-7.65606164932251,0.0,AIGC,1,2,2,4,AIGC-Fake,/mnt/public/public_datasets/OpenMMSecV2/AIGC/GAN/CIPS/1a269a2fdfd441b4b31483e77606b47d.jpg
-27.30195426940918,35.270896911621094,0.0,deepfake,1,1,2,2,Deepfake-Fake,/mnt/public/public_datasets/OpenMMSecV2/Deepfake/Fake/FaceEditing/e4e/f1dd28994bdf45d8aa917eb0c12bf6db.jpg
23.48276138305664,-2.46201753616333,0.0,IMDL,0,4,1,7,IMDL-Real,/mnt/public/public_datasets/OpenMMSecV2/IMDL/generative/coco/imgs/a1a9b3c62b0945efa79dd02c94c9f33d.jpg
10.8146333694458,47.86794662475586,0.0,deepfake,0,1,1,1,Deepfake-Real,/mnt/public/public_datasets/OpenMMSecV2/Deepfake/Real/DFD/eb67700841854bb2b00700f0a870be69.png
15.6972074508667,66.97799682617188,0.0,deepfake,0,1,1,1,Deepfake-Real,/mnt/public/public_datasets/OpenMMSecV2/Deepfake/Real/FF++/3f96d1f109b2428aa7ef50fc85f14406.png
14.400339126586914,-41.41474151611328,0.0,AIGC,0,2,1,3,AIGC-Real,/mnt/public/public_datasets/OpenMMSecV2/AIGC/laion/3d1dfba897f84e178ce238e9dd59974c.jpg
49.36518859863281,-14.260459899902344,0.0,Doc,0,3,1,5,Document-Real,/mnt/public/public_datasets/OpenMMSecV2/Doc/Real/fee74a20329141fe8acaa0479f7019c9.jpg
-27.954084396362305,-6.68967342376709,0.0,Doc,0,3,1,5,Document-Real,/mnt/public/public_datasets/OpenMMSecV2/Doc/Real/65023225d7e24458910ce77abf0a178b.jpg
-12.089301109313965,8.953851699829102,0.0,Doc,0,3,1,5,Document-Real,/mnt/public/public_datasets/OpenMMSecV2/Doc/Real/72bcd428ac784f2dad026ef19c62d61b.jpg
2.490873098373413,5.567977428436279,0.0,IMDL,0,4,1,7,IMDL-Real,/mnt/public/public_datasets/OpenMMSecV2/IMDL/generative/flux_1/imgs/16fb1e94f1f944879943b3814f504532.png
-22.678117752075195,6.610714435577393,0.0,IMDL,1,4,2,8,IMDL-Fake,/mnt/public/public_datasets/OpenMMSecV2/IMDL/generative/stable_diffusion/imgs/a3b99fa69ddb434f8260242f9e69c534.png
49.053279876708984,-14.608701705932617,0.0,Doc,1,3,2,6,Document-Fake,/mnt/public/public_datasets/OpenMMSecV2/Doc/aigc/anytext/imgs/ccc7598f502044b59b261818b59cb61c.jpg
11.905843734741211,60.13310241699219,0.0,deepfake,0,1,1,1,Deepfake-Real,/mnt/public/public_datasets/OpenMMSecV2/Deepfake/Real/CelebDF-v2/5f4dc5bcb6ff4b18adfb594779192e4b.png
-11.335922241210938,3.8077232837677,0.0,AIGC,0,2,1,3,AIGC-Real,/mnt/public/public_datasets/OpenMMSecV2/AIGC/laion/0a9f37dd2e6a4183806be83fb4d2b25e.jpg
-12.228271484375,70.46424865722656,0.0,deepfake,1,1,2,2,Deepfake-Fake,/mnt/public/public_datasets/OpenMMSecV2/Deepfake/Fake/EntireFaceSynthesis/RDDM/731ed430cdb6481cae94bc7a6009b484.png
-15.678762435913086,29.230937957763672,0.0,deepfake,1,1,2,2,Deepfake-Fake,/mnt/public/public_datasets/OpenMMSecV2/Deepfake/Fake/FaceSwap/Unknow_FS/b915e2a647404cc68b653b6a41bca9c8.png
17.653766632080078,56.223175048828125,0.0,deepfake,1,1,2,2,Deepfake-Fake,/mnt/public/public_datasets/OpenMMSecV2/Deepfake/Fake/FaceEditing/StarGANv2/db2af92f21d643c8a50f1baf4731558d.jpg
-40.25863265991211,-38.201358795166016,0.0,Doc,0,3,1,5,Document-Real,/mnt/public/public_datasets/OpenMMSecV2/Doc/Real/0b7d023772e3478dbff7e7b9814704a2.jpg
21.169265747070312,7.108651161193848,0.0,IMDL,0,4,1,7,IMDL-Real,/mnt/public/public_datasets/OpenMMSecV2/IMDL/generative/coco/imgs/b856fcf15c274b06b986b92d3f2e1545.jpg
22.716815948486328,-31.905973434448242,0.0,AIGC,0,2,1,3,AIGC-Real,/mnt/public/public_datasets/OpenMMSecV2/AIGC/laion/7093fe27d6174d11bdf26c548b4ae592.jpg
15.59115219116211,59.13591384887695,0.0,deepfake,0,1,1,1,Deepfake-Real,/mnt/public/public_datasets/OpenMMSecV2/Deepfake/Real/CelebDF-v2/118ad837670e43c4a41e008ef43e8d89.png
19.88885498046875,-32.2291374206543,0.0,AIGC,0,2,1,3,AIGC-Real,/mnt/public/public_datasets/OpenMMSecV2/AIGC/laion/305bb1e56f6e4ba9864dd3e5ce724b27.jpg
54.04753875732422,-14.560065269470215,0.0,Doc,1,3,2,6,Document-Fake,/mnt/public/public_datasets/OpenMMSecV2/Doc/aigc/anytext/imgs/d51b5c50874248d48ca6b678a12e1234.jpg
-31.44806480407715,-47.10918426513672,0.0,Doc,1,3,2,6,Document-Fake,/mnt/public/public_datasets/OpenMMSecV2/Doc/non_aigc/copy-move/imgs/283e04912da5420f89601c8931c7e7c6.jpg
0.1307026445865631,-2.5348739624023438,0.0,IMDL,1,4,2,8,IMDL-Fake,/mnt/public/public_datasets/OpenMMSecV2/IMDL/generative/flux_1/imgs/8b7b38990a4e41bba853a36bcb29daf1.png
21.180492401123047,0.0937078595161438,0.0,IMDL,0,4,1,7,IMDL-Real,/mnt/public/public_datasets/OpenMMSecV2/IMDL/generative/coco/imgs/b895ff67d51746b98a8a6cce960572ca.jpg
10.808094024658203,-61.26571273803711,0.0,Doc,0,3,1,5,Document-Real,/mnt/public/public_datasets/OpenMMSecV2/Doc/Real/2fc9fa3a416345f78cd109e0446d21e7.jpg
-20.470046997070312,13.455156326293945,0.0,AIGC,1,2,2,4,AIGC-Fake,/mnt/public/public_datasets/OpenMMSecV2/AIGC/latent_diffusion/systematic/8352ad3dd64143f0bb2b55b6a7ab2b4e.jpg
9.869510650634766,8.811799049377441,0.0,IMDL,0,4,1,7,IMDL-Real,/mnt/public/public_datasets/OpenMMSecV2/IMDL/generative/stable_diffusion/imgs/23e6097d77a64ddba525c93eace0c887.png
-2.3036255836486816,-44.25712585449219,0.0,IMDL,1,4,2,8,IMDL-Fake,/mnt/public/public_datasets/OpenMMSecV2/IMDL/non_generative/manual_ps/imgs/14a666b959644268929fc5bd410f816c.jpg
24.439809799194336,-5.990075588226318,0.0,IMDL,0,4,1,7,IMDL-Real,/mnt/public/public_datasets/OpenMMSecV2/IMDL/generative/coco/imgs/a9f849c7e0734500a211150f90e993eb.jpg
-15.097296714782715,-61.272926330566406,0.0,Doc,0,3,1,5,Document-Real,/mnt/public/public_datasets/OpenMMSecV2/Doc/Real/d673fb5b82cf4d4783fed0018b4811b3.jpg
10.99303150177002,-14.398573875427246,0.0,IMDL,0,4,1,7,IMDL-Real,/mnt/public/public_datasets/OpenMMSecV2/IMDL/generative/stable_diffusion/imgs/ee9dda92954b4176afc6b4c9b4002ca7.png
31.386646270751953,-27.280733108520508,0.0,Doc,0,3,1,5,Document-Real,/mnt/public/public_datasets/OpenMMSecV2/Doc/Real/dca3f027b57a4c2e808268ab4042c9bb.jpg
17.206928253173828,0.17560100555419922,0.0,IMDL,0,4,1,7,IMDL-Real,/mnt/public/public_datasets/OpenMMSecV2/IMDL/generative/flux_1/imgs/7efadca659ef4e5b84d154d897fa9745.png
13.795202255249023,-14.771172523498535,0.0,Doc,1,3,2,6,Document-Fake,/mnt/public/public_datasets/OpenMMSecV2/Doc/aigc/textocr/imgs/b1718d1abe1b4bca83b7e0f5bb4186dd.jpg
-16.464384078979492,2.8349905014038086,0.0,AIGC,1,2,2,4,AIGC-Fake,/mnt/public/public_datasets/OpenMMSecV2/AIGC/other/online/imgs/e14afb27a67f4ba5a01b4e759830d4c2.jpg
0.14238518476486206,12.672849655151367,0.0,AIGC,0,2,1,3,AIGC-Real,/mnt/public/public_datasets/OpenMMSecV2/AIGC/laion/cb9f54483ffd491a8afc91ea77185a26.jpg
-7.37521505355835,29.665050506591797,0.0,AIGC,0,2,1,3,AIGC-Real,/mnt/public/public_datasets/OpenMMSecV2/AIGC/other/online/imgs/dde3090d3b534765bdddb7b3906b181d.jpg
52.39486312866211,-14.481901168823242,0.0,Doc,0,3,1,5,Document-Real,/mnt/public/public_datasets/OpenMMSecV2/Doc/Real/5c08df64d7304df09f066a8969310cdb.jpg
-1.5756604671478271,-16.974987030029297,0.0,AIGC,0,2,1,3,AIGC-Real,/mnt/public/public_datasets/OpenMMSecV2/AIGC/laion/1a2640d815484bb5a1e2e823843b87a7.jpg
-27.70339584350586,-8.75558090209961,0.0,IMDL,1,4,2,8,IMDL-Fake,/mnt/public/public_datasets/OpenMMSecV2/IMDL/non_generative/manual_ps/imgs/a6937a42c10440c3a4673890336d8f36.jpg
18.659120559692383,-8.387186050415039,0.0,IMDL,0,4,1,7,IMDL-Real,/mnt/public/public_datasets/OpenMMSecV2/IMDL/generative/coco/imgs/14613de60b404cdcb087e976e789faa5.jpg
-15.049762725830078,-2.351681709289551,0.0,IMDL,1,4,2,8,IMDL-Fake,/mnt/public/public_datasets/OpenMMSecV2/IMDL/non_generative/manual_ps/imgs/2a7565c13fd34c11b2aba31d5295d432.jpg
-4.0471110343933105,-1.8334789276123047,0.0,Doc,0,3,1,5,Document-Real,/mnt/public/public_datasets/OpenMMSecV2/Doc/Real/b76a92e6e03e444387b05ecc567ff2de.jpg
-19.989198684692383,68.26852416992188,0.0,deepfake,1,1,2,2,Deepfake-Fake,/mnt/public/public_datasets/OpenMMSecV2/Deepfake/Fake/FaceReenactment/MCNet/fe7ca2a6ea5944128905be361fb8b265.png
-28.322582244873047,-50.73395919799805,0.0,Doc,1,3,2,6,Document-Fake,/mnt/public/public_datasets/OpenMMSecV2/Doc/non_aigc/generation/imgs/5b2998a9cf0847a2b5a9667a0e6ea1ac.jpg
19.951099395751953,63.240875244140625,0.0,deepfake,0,1,1,1,Deepfake-Real,/mnt/public/public_datasets/OpenMMSecV2/Deepfake/Real/FF++/063efa22275f468bbf129d892b9ca9b3.png
-1.9776211977005005,1.647053599357605,0.0,AIGC,0,2,1,3,AIGC-Real,/mnt/public/public_datasets/OpenMMSecV2/AIGC/other/online/imgs/bebe9dc1b2d24aaf9a13790d80ffbab6.jpg
-44.57602310180664,-39.87941360473633,0.0,Doc,1,3,2,6,Document-Fake,/mnt/public/public_datasets/OpenMMSecV2/Doc/non_aigc/generation/imgs/4b45ba4d43744ccca5912b81581b8b63.jpg
16.048587799072266,45.977081298828125,0.0,deepfake,0,1,1,1,Deepfake-Real,/mnt/public/public_datasets/OpenMMSecV2/Deepfake/Real/DFD/a13cf0a536834317887b9cb65ec2c52f.png
-35.27465057373047,31.478565216064453,0.0,deepfake,1,1,2,2,Deepfake-Fake,/mnt/public/public_datasets/OpenMMSecV2/Deepfake/Fake/EntireFaceSynthesis/StyleGAN3/112a8adc141b4b3abf5355a4c289165c.png
-15.236872673034668,59.48194122314453,0.0,deepfake,1,1,2,2,Deepfake-Fake,/mnt/public/public_datasets/OpenMMSecV2/Deepfake/Fake/EntireFaceSynthesis/DiT-XL/ee35aeac10fb4e80bce2e9817728dc29.png
22.26364517211914,48.558441162109375,0.0,deepfake,0,1,1,1,Deepfake-Real,/mnt/public/public_datasets/OpenMMSecV2/Deepfake/Real/CelebDF-v2/11a620c1ff1d4c88b3da91e8f1217720.png
21.07028579711914,-33.995849609375,0.0,AIGC,0,2,1,3,AIGC-Real,/mnt/public/public_datasets/OpenMMSecV2/AIGC/laion/fc757f5d4af24dab90734ebdfeadf88c.jpg
14.794621467590332,62.84939956665039,0.0,deepfake,0,1,1,1,Deepfake-Real,/mnt/public/public_datasets/OpenMMSecV2/Deepfake/Real/FF++/62586074d3c34030aab8725e1c359fb0.png
13.646820068359375,17.75538444519043,0.0,IMDL,0,4,1,7,IMDL-Real,/mnt/public/public_datasets/OpenMMSecV2/IMDL/generative/coco/imgs/3443e0e5e1fd410bad97822efa999ac4.jpg
-32.3712043762207,-42.46216583251953,0.0,Doc,1,3,2,6,Document-Fake,/mnt/public/public_datasets/OpenMMSecV2/Doc/non_aigc/copy-move/imgs/bb53aa0f3db84424a880e0e1fc931604.jpg
-1.2616033554077148,-10.630910873413086,0.0,IMDL,0,4,1,7,IMDL-Real,/mnt/public/public_datasets/OpenMMSecV2/IMDL/non_generative/manual_ps/imgs/1766448e49094a3fb54ea3cc239d94dc.jpg
10.829100608825684,58.46393966674805,0.0,deepfake,0,1,1,1,Deepfake-Real,/mnt/public/public_datasets/OpenMMSecV2/Deepfake/Real/CelebDF-v2/5700785790ed448eba9057577e236053.png
-20.032751083374023,7.607798099517822,0.0,AIGC,1,2,2,4,AIGC-Fake,/mnt/public/public_datasets/OpenMMSecV2/AIGC/GAN/styleGANs/adc8c7d7d9df4c4d8c23d6af493d8914.jpg
-31.01593017578125,-54.989784240722656,0.0,Doc,1,3,2,6,Document-Fake,/mnt/public/public_datasets/OpenMMSecV2/Doc/non_aigc/insert/imgs/e277af8708a04cc49eef244f6847e5c3.jpg
17.438364028930664,-36.016822814941406,0.0,AIGC,0,2,1,3,AIGC-Real,/mnt/public/public_datasets/OpenMMSecV2/AIGC/laion/c7adcb6a8dc54dcfbe2cbcfbc7325b12.jpg
-7.985597133636475,-7.040125370025635,0.0,AIGC,1,2,2,4,AIGC-Fake,/mnt/public/public_datasets/OpenMMSecV2/AIGC/other/online/imgs/d9bd03b2f8db4ab2aed2bad9f7c0808d.jpg
-33.18642044067383,36.8476676940918,0.0,deepfake,1,1,2,2,Deepfake-Fake,/mnt/public/public_datasets/OpenMMSecV2/Deepfake/Fake/EntireFaceSynthesis/StyleGAN2/bbbd7a8a80f644ae91a3ef2737a568f7.png
-18.045827865600586,4.436717987060547,0.0,AIGC,1,2,2,4,AIGC-Fake,/mnt/public/public_datasets/OpenMMSecV2/AIGC/latent_diffusion/systematic/d61ee8e4c36f4f31a7b5f816e6b7c8ea.jpg
-24.195396423339844,35.76850509643555,0.0,deepfake,1,1,2,2,Deepfake-Fake,/mnt/public/public_datasets/OpenMMSecV2/Deepfake/Fake/FaceEditing/e4e/5660b7e2fcee40d0b27f9edda4bcadde.jpg
11.065849304199219,-6.808506488800049,0.0,AIGC,0,2,1,3,AIGC-Real,/mnt/public/public_datasets/OpenMMSecV2/AIGC/GAN/BigGAN/imgs/ecdcffbb6764498ea7c16ec801b5ad54.JPEG
-12.474788665771484,-3.1841318607330322,0.0,AIGC,1,2,2,4,AIGC-Fake,/mnt/public/public_datasets/OpenMMSecV2/AIGC/other/online/imgs/c9b37ef18eae4317b77b51b8992843e3.jpg
-3.573486328125,51.251522064208984,0.0,deepfake,1,1,2,2,Deepfake-Fake,/mnt/public/public_datasets/OpenMMSecV2/Deepfake/Fake/FaceEditing/StarGANv2/89c7381c944d479fa7f30236f460c967.jpg
22.47702407836914,53.55752182006836,0.0,deepfake,0,1,1,1,Deepfake-Real,/mnt/public/public_datasets/OpenMMSecV2/Deepfake/Real/DFD/f039a095dd2247a68b7ba809e5a8ae6d.png
-29.818180084228516,-52.01069641113281,0.0,Doc,1,3,2,6,Document-Fake,/mnt/public/public_datasets/OpenMMSecV2/Doc/non_aigc/cover/imgs/3c5623fe63c54020b50f23aa505a8313.jpg
10.966156005859375,-65.42774200439453,0.0,Doc,0,3,1,5,Document-Real,/mnt/public/public_datasets/OpenMMSecV2/Doc/Real/1afd2747551c45108d274b138cf330ce.jpg
-17.941354751586914,-8.390043258666992,0.0,AIGC,0,2,1,3,AIGC-Real,/mnt/public/public_datasets/OpenMMSecV2/AIGC/laion/df5821eed1aa4172900a2c0418089a95.jpg
13.132819175720215,16.27055549621582,0.0,IMDL,0,4,1,7,IMDL-Real,/mnt/public/public_datasets/OpenMMSecV2/IMDL/generative/coco/imgs/088430ec97da44859a73669cc3b12bb7.jpg
17.174287796020508,46.88645553588867,0.0,deepfake,0,1,1,1,Deepfake-Real,/mnt/public/public_datasets/OpenMMSecV2/Deepfake/Real/FF++/7c45012945c4452295efb14b270d40f9.png
-24.94598388671875,-6.805513381958008,0.0,IMDL,1,4,2,8,IMDL-Fake,/mnt/public/public_datasets/OpenMMSecV2/IMDL/non_generative/manual_ps/imgs/a72534d7973b41d5a448cb628c97d7b3.jpg
-3.029686212539673,-15.43830394744873,0.0,AIGC,0,2,1,3,AIGC-Real,/mnt/public/public_datasets/OpenMMSecV2/AIGC/other/online/imgs/b2ce103a048b49699c244ca51ee59fac.jpg
12.180756568908691,3.302642345428467,0.0,IMDL,1,4,2,8,IMDL-Fake,/mnt/public/public_datasets/OpenMMSecV2/IMDL/generative/stable_diffusion/imgs/8e0ca8af92eb448f86a0f2d08968795e.png
49.45330047607422,-11.870637893676758,0.0,Doc,0,3,1,5,Document-Real,/mnt/public/public_datasets/OpenMMSecV2/Doc/Real/3317d0c3ad3b47448ffdc183cfb5d6bf.jpg
-23.7165584564209,-8.374500274658203,0.0,IMDL,1,4,2,8,IMDL-Fake,/mnt/public/public_datasets/OpenMMSecV2/IMDL/non_generative/manual_ps/imgs/609c8f6da4364dbe895f4f9226283305.jpg
12.093130111694336,-4.578912734985352,0.0,AIGC,0,2,1,3,AIGC-Real,/mnt/public/public_datasets/OpenMMSecV2/AIGC/commercial/wukong/imgs/3f41718c318248b1955ede6a89b5d7ee.JPEG
40.39578628540039,-24.741792678833008,0.0,Doc,1,3,2,6,Document-Fake,/mnt/public/public_datasets/OpenMMSecV2/Doc/aigc/textdiff/imgs/fcb00e8ed3de46a0a20841b0b0302bad.jpg
30.306838989257812,-31.307924270629883,0.0,AIGC,0,2,1,3,AIGC-Real,/mnt/public/public_datasets/OpenMMSecV2/AIGC/laion/2cc2133f70d14c868ba71131a4d7fae6.jpg
-7.854945182800293,60.85906219482422,0.0,deepfake,1,1,2,2,Deepfake-Fake,/mnt/public/public_datasets/OpenMMSecV2/Deepfake/Fake/FaceSwap/InSwapper/d43c6f53a5e546d29943076c0391e134.png
23.88987922668457,4.873171806335449,0.0,IMDL,0,4,1,7,IMDL-Real,/mnt/public/public_datasets/OpenMMSecV2/IMDL/generative/flux_1/imgs/73333e95924640bb91000d2996cd7fe8.png
-13.808182716369629,0.7968710064888,0.0,IMDL,1,4,2,8,IMDL-Fake,/mnt/public/public_datasets/OpenMMSecV2/IMDL/non_generative/manual_ps/imgs/7e88e20e6cbc4633bec708e238271c2b.jpg
7.731573581695557,-39.40291976928711,0.0,AIGC,1,2,2,4,AIGC-Fake,/mnt/public/public_datasets/OpenMMSecV2/AIGC/pixel_diffusion/glide/imgs/7aec40631afe4372909a85f914dc0caf.png
-12.195839881896973,29.107410430908203,0.0,deepfake,0,1,1,1,Deepfake-Real,/mnt/public/public_datasets/OpenMMSecV2/Deepfake/Real/FFHQ/05c338b858b74766987920989b34b0bd.jpeg
24.16009521484375,49.21506881713867,0.0,deepfake,0,1,1,1,Deepfake-Real,/mnt/public/public_datasets/OpenMMSecV2/Deepfake/Real/FF++/018fe23493214b9d93a0efc3bb6652bf.png
-21.421653747558594,30.63571548461914,0.0,AIGC,1,2,2,4,AIGC-Fake,/mnt/public/public_datasets/OpenMMSecV2/AIGC/GAN/ProjectedGAN/25783424af55431686eaf60b77ba77a8.jpg
-22.84238624572754,8.157712936401367,0.0,AIGC,1,2,2,4,AIGC-Fake,/mnt/public/public_datasets/OpenMMSecV2/AIGC/pixel_diffusion/glide/imgs/8728fe40c76a4b979417748ba92c8128.png
-8.116312026977539,56.07673263549805,0.0,deepfake,1,1,2,2,Deepfake-Fake,/mnt/public/public_datasets/OpenMMSecV2/Deepfake/Fake/EntireFaceSynthesis/StyleGAN-XL/5bb680a915944d5eb07a9911b48950ea.png
-33.00544738769531,-44.391754150390625,0.0,Doc,1,3,2,6,Document-Fake,/mnt/public/public_datasets/OpenMMSecV2/Doc/non_aigc/generation/imgs/a4bd880ff7144175a2e8a419502937a5.jpg
21.754993438720703,63.160640716552734,0.0,deepfake,0,1,1,1,Deepfake-Real,/mnt/public/public_datasets/OpenMMSecV2/Deepfake/Real/CelebDF-v2/62656d3da4464bb68b696781ceeaf032.png
15.246268272399902,-8.987107276916504,0.0,IMDL,0,4,1,7,IMDL-Real,/mnt/public/public_datasets/OpenMMSecV2/IMDL/generative/stable_diffusion/imgs/0bfc8a135e6148cbb99fc040aa41aaa4.png
15.963815689086914,-18.012683868408203,0.0,AIGC,0,2,1,3,AIGC-Real,/mnt/public/public_datasets/OpenMMSecV2/AIGC/laion/c10c3eb1ab2a49ea81907cf694e81fb1.jpg
-33.924800872802734,-11.92820930480957,0.0,IMDL,1,4,2,8,IMDL-Fake,/mnt/public/public_datasets/OpenMMSecV2/IMDL/generative/paintbyexample/imgs/7d1e68def93643039a79e4a7b0deef7b.png
18.462690353393555,50.32255935668945,0.0,deepfake,0,1,1,1,Deepfake-Real,/mnt/public/public_datasets/OpenMMSecV2/Deepfake/Real/FF++/54e6243bff1d49a5a02a687c19148318.png
40.873783111572266,-11.857665061950684,0.0,Doc,1,3,2,6,Document-Fake,/mnt/public/public_datasets/OpenMMSecV2/Doc/aigc/udifftext/imgs/7c3ff868ac224d6287c0fdcb7ae7123f.jpg
-13.998483657836914,53.831336975097656,0.0,deepfake,1,1,2,2,Deepfake-Fake,/mnt/public/public_datasets/OpenMMSecV2/Deepfake/Fake/FaceEditing/StarGAN/74b91dba4d9543558a54952072eb2407.jpg
8.348563194274902,51.11640548706055,0.0,deepfake,0,1,1,1,Deepfake-Real,/mnt/public/public_datasets/OpenMMSecV2/Deepfake/Real/VFHQ/a9dea4337ed54881aeaad934cec1682c.png
-19.640125274658203,63.86738204956055,0.0,deepfake,1,1,2,2,Deepfake-Fake,/mnt/public/public_datasets/OpenMMSecV2/Deepfake/Fake/FaceReenactment/HyperReenact/db412a6074b548c8aeb81b6aa3eb42e7.png
-34.66415786743164,-10.31371021270752,0.0,IMDL,1,4,2,8,IMDL-Fake,/mnt/public/public_datasets/OpenMMSecV2/IMDL/generative/gan_mat/imgs/34f17cf733064fffa67bb4db7acd4205.jpg
-10.959060668945312,-44.422420501708984,0.0,Doc,0,3,1,5,Document-Real,/mnt/public/public_datasets/OpenMMSecV2/Doc/Real/6e515c3be88247108b82a477c191b9c3.jpg
12.969869613647461,-24.432043075561523,0.0,AIGC,0,2,1,3,AIGC-Real,/mnt/public/public_datasets/OpenMMSecV2/AIGC/laion/1134fbf632e84d9fa6962d00c4fe59a4.jpg
28.38795280456543,6.107572555541992,0.0,IMDL,0,4,1,7,IMDL-Real,/mnt/public/public_datasets/OpenMMSecV2/IMDL/generative/flux_1/imgs/9fd9ba64a86f42b6b4f4a7249d54851b.png
-21.05287742614746,59.142547607421875,0.0,deepfake,1,1,2,2,Deepfake-Fake,/mnt/public/public_datasets/OpenMMSecV2/Deepfake/Fake/FaceSwap/Deepfake/3256ade50ea84180871ae01a853452d1.png
6.771566867828369,-39.403968811035156,0.0,AIGC,0,2,1,3,AIGC-Real,/mnt/public/public_datasets/OpenMMSecV2/AIGC/laion/295af317c73840f7b1a866ab9db1e3e6.jpg
-1.3994834423065186,48.11363983154297,0.0,deepfake,1,1,2,2,Deepfake-Fake,/mnt/public/public_datasets/OpenMMSecV2/Deepfake/Fake/FaceEditing/StarGAN/e6c8e4d3365842d8881b325a15f2cd10.jpg
-32.311607360839844,-11.621495246887207,0.0,IMDL,1,4,2,8,IMDL-Fake,/mnt/public/public_datasets/OpenMMSecV2/IMDL/generative/gan_mat/imgs/9e4c3ad02b5f4fb1b42dade6ec713b8d.jpg
42.772804260253906,-13.206208229064941,0.0,Doc,1,3,2,6,Document-Fake,/mnt/public/public_datasets/OpenMMSecV2/Doc/non_aigc/cpmv/imgs/0b7ed317ce23422592a2b2040182df7c.jpg
7.524218559265137,2.3771250247955322,0.0,IMDL,1,4,2,8,IMDL-Fake,/mnt/public/public_datasets/OpenMMSecV2/IMDL/non_generative/manual_ps/imgs/3ac3140dd93c4fad88cb670199289fdf.jpg
-10.073458671569824,52.741172790527344,0.0,deepfake,1,1,2,2,Deepfake-Fake,/mnt/public/public_datasets/OpenMMSecV2/Deepfake/Fake/FaceEditing/StarGAN/2bc9e003ce224887a77fdf6fd7a8f055.jpg
-24.47916603088379,-8.677534103393555,0.0,IMDL,1,4,2,8,IMDL-Fake,/mnt/public/public_datasets/OpenMMSecV2/IMDL/non_generative/manual_ps/imgs/ff498d2879ba408596a42bcc2fb5a775.tif
-3.7660105228424072,50.85718536376953,0.0,deepfake,1,1,2,2,Deepfake-Fake,/mnt/public/public_datasets/OpenMMSecV2/Deepfake/Fake/FaceEditing/StarGANv2/489e02ed79724519a06561dbebcf92f2.jpg
-32.10065841674805,-54.39733123779297,0.0,Doc,0,3,1,5,Document-Real,/mnt/public/public_datasets/OpenMMSecV2/Doc/Real/e3009a3d87d24d74a540374c97756efe.jpg
9.460586547851562,-64.66178131103516,0.0,Doc,0,3,1,5,Document-Real,/mnt/public/public_datasets/OpenMMSecV2/Doc/Real/5ab4dd685b134c6e876a4bf0388ab582.jpg
-32.58721160888672,-45.953975677490234,0.0,Doc,1,3,2,6,Document-Fake,/mnt/public/public_datasets/OpenMMSecV2/Doc/non_aigc/copy-move/imgs/7cda89f0a9ff43e78cb56ccb3b393b0f.jpg
-28.983097076416016,-1.332566738128662,0.0,IMDL,1,4,2,8,IMDL-Fake,/mnt/public/public_datasets/OpenMMSecV2/IMDL/non_generative/manual_ps/imgs/0a0d3962eab742a9b6dbd0698bbc8219.jpg
-24.68203353881836,66.08545684814453,0.0,deepfake,1,1,2,2,Deepfake-Fake,/mnt/public/public_datasets/OpenMMSecV2/Deepfake/Fake/FaceReenactment/LIA/27cac5cd40ce41bd807a71b73e7e33ea.png
-2.402773141860962,-11.410794258117676,0.0,AIGC,0,2,1,3,AIGC-Real,/mnt/public/public_datasets/OpenMMSecV2/AIGC/other/online/imgs/c6cf6c3930df4e02ab803c78735e3f90.jpg
12.584671020507812,-58.68667221069336,0.0,Doc,0,3,1,5,Document-Real,/mnt/public/public_datasets/OpenMMSecV2/Doc/Real/7818e7a97ae2404ea606db020807f8c7.jpg
-12.824849128723145,-59.20086669921875,0.0,Doc,1,3,2,6,Document-Fake,/mnt/public/public_datasets/OpenMMSecV2/Doc/non_aigc/inpaint/imgs/5724ddeafbae42eebb0231903ff86d07.jpg
-26.95565414428711,-9.007383346557617,0.0,IMDL,1,4,2,8,IMDL-Fake,/mnt/public/public_datasets/OpenMMSecV2/IMDL/non_generative/manual_ps/imgs/349fc24f3fb9408f8188eeb3263cdc6d.tif
12.094419479370117,-65.39640045166016,0.0,Doc,0,3,1,5,Document-Real,/mnt/public/public_datasets/OpenMMSecV2/Doc/Real/2a42eb08ea584fd4be634b85ce61be36.jpg
-23.655519485473633,5.394920825958252,0.0,AIGC,1,2,2,4,AIGC-Fake,/mnt/public/public_datasets/OpenMMSecV2/AIGC/latent_diffusion/systematic/5681f5e90cde435bb56ba859e5d2cc2d.jpg
53.67634201049805,-13.155163764953613,0.0,Doc,1,3,2,6,Document-Fake,/mnt/public/public_datasets/OpenMMSecV2/Doc/aigc/stefann/imgs/043839e658a542dc88630425ff4f9c1b.jpg
-2.313312530517578,-16.378429412841797,0.0,IMDL,1,4,2,8,IMDL-Fake,/mnt/public/public_datasets/OpenMMSecV2/IMDL/non_generative/manual_ps/imgs/90d04c1c1a024ab1a964b1ff0d04c7ff.jpg
15.389297485351562,53.593780517578125,0.0,deepfake,0,1,1,1,Deepfake-Real,/mnt/public/public_datasets/OpenMMSecV2/Deepfake/Real/CelebDF-v2/89b5cc7558d74ce2ad2b0a53ecfd5dca.png
3.6969614028930664,59.37096405029297,0.0,deepfake,1,1,2,2,Deepfake-Fake,/mnt/public/public_datasets/OpenMMSecV2/Deepfake/Fake/FaceReenactment/Wav2Lip/e268878df4594fa78a4858f789cdb2e2.png
-6.142967700958252,50.318626403808594,0.0,deepfake,1,1,2,2,Deepfake-Fake,/mnt/public/public_datasets/OpenMMSecV2/Deepfake/Fake/FaceEditing/StarGANv2/ff81ef16ef8943da8eee96a2fd6cf3f1.jpg
19.428466796875,52.01199722290039,0.0,deepfake,0,1,1,1,Deepfake-Real,/mnt/public/public_datasets/OpenMMSecV2/Deepfake/Real/FF++/8cf064e451694af0b5a257058b474463.png
15.561159133911133,-9.791975975036621,0.0,AIGC,0,2,1,3,AIGC-Real,/mnt/public/public_datasets/OpenMMSecV2/AIGC/commercial/wukong/imgs/378f5a42e915478aa98c313789fc9654.JPEG
-11.310802459716797,-43.83487319946289,0.0,Doc,1,3,2,6,Document-Fake,/mnt/public/public_datasets/OpenMMSecV2/Doc/non_aigc/cover/imgs/31bd34238b814b789cae1980230ea545.jpg
12.05833911895752,56.310123443603516,0.0,deepfake,1,1,2,2,Deepfake-Fake,/mnt/public/public_datasets/OpenMMSecV2/Deepfake/Fake/FaceEditing/StarGAN/46e0bcad391443b2af93755fb8b4b59c.jpg
15.000340461730957,-6.678728103637695,0.0,IMDL,0,4,1,7,IMDL-Real,/mnt/public/public_datasets/OpenMMSecV2/IMDL/generative/coco/imgs/d8a716b5414d4b678e364712ca88d017.jpg
12.081850051879883,38.95808410644531,0.0,deepfake,0,1,1,1,Deepfake-Real,/mnt/public/public_datasets/OpenMMSecV2/Deepfake/Real/VFHQ/d88ff17fffab43bab31661c31cd8a1da.png
-30.080726623535156,35.26148223876953,0.0,AIGC,1,2,2,4,AIGC-Fake,/mnt/public/public_datasets/OpenMMSecV2/AIGC/autoregressive_model/tamingtransformers/9903eaf053cf47978f11e175296764f0.jpg
-5.614279747009277,65.60733032226562,0.0,deepfake,1,1,2,2,Deepfake-Fake,/mnt/public/public_datasets/OpenMMSecV2/Deepfake/Fake/FaceSwap/SimSwap/48ca0feee0274f4ab3c82e1f7cda1de3.png
7.942784309387207,13.584176063537598,0.0,IMDL,0,4,1,7,IMDL-Real,/mnt/public/public_datasets/OpenMMSecV2/IMDL/generative/coco/imgs/b4dc620dd64949d9a25068ba4b4f28fe.jpg
-1.6150875091552734,-25.57270050048828,0.0,AIGC,0,2,1,3,AIGC-Real,/mnt/public/public_datasets/OpenMMSecV2/AIGC/laion/348f310e489042f5bfedca49d3709dc6.jpg
-1.9262645244598389,12.48260498046875,0.0,AIGC,1,2,2,4,AIGC-Fake,/mnt/public/public_datasets/OpenMMSecV2/AIGC/pixel_diffusion/adm/imgs/5e3b82cb523c4941961d2c0d079f4ab2.png
10.423863410949707,-5.77004337310791,0.0,AIGC,0,2,1,3,AIGC-Real,/mnt/public/public_datasets/OpenMMSecV2/AIGC/GAN/BigGAN/imgs/55ff129e31a54d058696cde16a597a23.JPEG
-24.063316345214844,-5.027095317840576,0.0,IMDL,1,4,2,8,IMDL-Fake,/mnt/public/public_datasets/OpenMMSecV2/IMDL/non_generative/manual_ps/imgs/3087c7b683474b0ab742463e061be6d7.jpg
5.6509833335876465,-64.17372131347656,0.0,Doc,0,3,1,5,Document-Real,/mnt/public/public_datasets/OpenMMSecV2/Doc/Real/12cfc00896a44fc18f4f34d9bea6ccf8.jpg
15.478775978088379,64.86478424072266,0.0,deepfake,0,1,1,1,Deepfake-Real,/mnt/public/public_datasets/OpenMMSecV2/Deepfake/Real/FF++/91e02d48c6f84ef99077377aad17e003.png
-0.061289578676223755,12.429411888122559,0.0,AIGC,0,2,1,3,AIGC-Real,/mnt/public/public_datasets/OpenMMSecV2/AIGC/other/online/imgs/6519402a0d6e4ad4ab42f52fbd44e3ae.jpg
-15.226602554321289,60.40045928955078,0.0,deepfake,1,1,2,2,Deepfake-Fake,/mnt/public/public_datasets/OpenMMSecV2/Deepfake/Fake/FaceReenactment/PIRender/037774e8fd9e41358e3ab426d665db31.png
-34.58219909667969,-42.02897644042969,0.0,Doc,1,3,2,6,Document-Fake,/mnt/public/public_datasets/OpenMMSecV2/Doc/non_aigc/generation/imgs/83d5309d5155466f94dd8142fc8d30a9.jpg
2.385772466659546,51.8685302734375,0.0,deepfake,1,1,2,2,Deepfake-Fake,/mnt/public/public_datasets/OpenMMSecV2/Deepfake/Fake/EntireFaceSynthesis/DiT-XL/7e48b927ca9e44aa8c6c16f66f295b3b.png
-13.400049209594727,65.87860107421875,0.0,deepfake,1,1,2,2,Deepfake-Fake,/mnt/public/public_datasets/OpenMMSecV2/Deepfake/Fake/FaceReenactment/TPSMM/111353a0ba62435794359da721ae23ae.png
-27.68793296813965,-10.75251293182373,0.0,IMDL,1,4,2,8,IMDL-Fake,/mnt/public/public_datasets/OpenMMSecV2/IMDL/non_generative/manual_ps/imgs/abcb8beac31e4361bc7aeb91681e7187.jpg
-9.619218826293945,65.4347152709961,0.0,deepfake,1,1,2,2,Deepfake-Fake,/mnt/public/public_datasets/OpenMMSecV2/Deepfake/Fake/FaceSwap/Deepfake/e1283497746d477787cc9f9524499f9f.png
-27.50118637084961,-0.33549579977989197,0.0,AIGC,1,2,2,4,AIGC-Fake,/mnt/public/public_datasets/OpenMMSecV2/AIGC/pixel_diffusion/glide/c670587d94c94a49bd2b7899e8bb7616.jpg
21.757755279541016,9.464374542236328,0.0,IMDL,0,4,1,7,IMDL-Real,/mnt/public/public_datasets/OpenMMSecV2/IMDL/generative/stable_diffusion/imgs/ca1d1fdcda2a490b8910796461eb78c3.png
26.092153549194336,-18.108901977539062,0.0,Doc,1,3,2,6,Document-Fake,/mnt/public/public_datasets/OpenMMSecV2/Doc/aigc/textocr/imgs/6302372b00474a9fbb5bf63bda046703.jpg
16.306982040405273,-14.379155158996582,0.0,IMDL,0,4,1,7,IMDL-Real,/mnt/public/public_datasets/OpenMMSecV2/IMDL/generative/coco/imgs/2c1a1326afe8472aa5385ca224b905b6.jpg
-15.60767936706543,5.372520923614502,0.0,AIGC,1,2,2,4,AIGC-Fake,/mnt/public/public_datasets/OpenMMSecV2/AIGC/pixel_diffusion/guided_diffusion/b4b79990bbce4f36b9598f34fdc49351.jpg
52.349159240722656,-15.413276672363281,0.0,Doc,0,3,1,5,Document-Real,/mnt/public/public_datasets/OpenMMSecV2/Doc/Real/38c5925ecfb74c3ca4382314f8b03b8b.jpg
10.670620918273926,64.92388916015625,0.0,deepfake,0,1,1,1,Deepfake-Real,/mnt/public/public_datasets/OpenMMSecV2/Deepfake/Real/FF++/56a2101171c14f18a045aa1351858d0e.png
19.653709411621094,-14.186358451843262,0.0,IMDL,0,4,1,7,IMDL-Real,/mnt/public/public_datasets/OpenMMSecV2/IMDL/generative/flux_1/imgs/9ebdcdbe35934a50958ac7cd701697f6.png
7.8690595626831055,-5.9094648361206055,0.0,IMDL,1,4,2,8,IMDL-Fake,/mnt/public/public_datasets/OpenMMSecV2/IMDL/non_generative/manual_ps/imgs/e0148871d63b4ae0a603a360686686c6.jpg
-26.882566452026367,-52.836334228515625,0.0,Doc,1,3,2,6,Document-Fake,/mnt/public/public_datasets/OpenMMSecV2/Doc/non_aigc/copy-move/imgs/369294fbbd404246891634f960923d0e.jpg
-17.248058319091797,-10.501374244689941,0.0,AIGC,0,2,1,3,AIGC-Real,/mnt/public/public_datasets/OpenMMSecV2/AIGC/laion/1ff380d4fe9f4221802ab3afa76cf873.jpg
4.5108418464660645,1.5017939805984497,0.0,IMDL,1,4,2,8,IMDL-Fake,/mnt/public/public_datasets/OpenMMSecV2/IMDL/non_generative/manual_ps/imgs/f2c08580864144f4b4ae6d16ee1a5e58.jpg
18.06074333190918,-27.83686065673828,0.0,IMDL,1,4,2,8,IMDL-Fake,/mnt/public/public_datasets/OpenMMSecV2/IMDL/non_generative/manual_ps/imgs/65d4e92c506f43aea666d6f0740ab77c.jpg
18.633291244506836,12.205101013183594,0.0,AIGC,1,2,2,4,AIGC-Fake,/mnt/public/public_datasets/OpenMMSecV2/AIGC/latent_diffusion/systematic/252c3af45f97412b9a6b9e75ab0a5010.jpg
17.238174438476562,8.939584732055664,0.0,AIGC,1,2,2,4,AIGC-Fake,/mnt/public/public_datasets/OpenMMSecV2/AIGC/pixel_diffusion/guided_diffusion/a2d1c6fa6e6d47f9a3d9cbeb4885c749.jpg
-20.71872329711914,64.24085235595703,0.0,deepfake,1,1,2,2,Deepfake-Fake,/mnt/public/public_datasets/OpenMMSecV2/Deepfake/Fake/FaceReenactment/FS_vid2vid/f8605fe3957440968230da59075dd3db.png
19.93443489074707,15.302268028259277,0.0,AIGC,1,2,2,4,AIGC-Fake,/mnt/public/public_datasets/OpenMMSecV2/AIGC/latent_diffusion/systematic/bea749049efe487e9a72802eab393a48.jpg
5.3531622886657715,41.28921890258789,0.0,deepfake,0,1,1,1,Deepfake-Real,/mnt/public/public_datasets/OpenMMSecV2/Deepfake/Real/VFHQ/4f7c0d720cdd4e8c8a978b94e5a1bff9.png
-0.7637589573860168,-11.93634033203125,0.0,IMDL,0,4,1,7,IMDL-Real,/mnt/public/public_datasets/OpenMMSecV2/IMDL/generative/flux_1/imgs/413f855d686a4a078ae06435c62e77b3.png
10.260647773742676,3.220959186553955,0.0,AIGC,0,2,1,3,AIGC-Real,/mnt/public/public_datasets/OpenMMSecV2/AIGC/laion/e10d99ef7a1d45b99ada8f612564f7bc.jpg
12.004920959472656,-38.42829895019531,0.0,AIGC,0,2,1,3,AIGC-Real,/mnt/public/public_datasets/OpenMMSecV2/AIGC/laion/257ad0aaf0064a00846a40d4d1e633c4.jpg
5.2928361892700195,-10.08724308013916,0.0,AIGC,0,2,1,3,AIGC-Real,/mnt/public/public_datasets/OpenMMSecV2/AIGC/other/online/imgs/9fccce85d87a4872b9fe82ee9c4b4af7.jpg
-5.580702781677246,-21.268985748291016,0.0,AIGC,0,2,1,3,AIGC-Real,/mnt/public/public_datasets/OpenMMSecV2/AIGC/other/online/imgs/1a9d3a307d4c448a9253bae76728c2b1.jpg
33.961978912353516,-17.39946174621582,0.0,Doc,0,3,1,5,Document-Real,/mnt/public/public_datasets/OpenMMSecV2/Doc/aigc/derend/imgs/c0aa1a51c75d42afb050b54191705a7b.jpg
15.666038513183594,51.68252182006836,0.0,deepfake,0,1,1,1,Deepfake-Real,/mnt/public/public_datasets/OpenMMSecV2/Deepfake/Real/CelebDF-v2/69f8b772faa64a849b1644b0ccfbead5.png
-23.654008865356445,9.970059394836426,0.0,AIGC,1,2,2,4,AIGC-Fake,/mnt/public/public_datasets/OpenMMSecV2/AIGC/commercial/flux/7d398b6e56c94a69a1ef286dfee32577.jpg
14.582274436950684,-3.218569040298462,0.0,IMDL,0,4,1,7,IMDL-Real,/mnt/public/public_datasets/OpenMMSecV2/IMDL/generative/coco/imgs/855465b1979743fbae6036d0eb2197b0.jpg
-8.276209831237793,17.696853637695312,0.0,AIGC,1,2,2,4,AIGC-Fake,/mnt/public/public_datasets/OpenMMSecV2/AIGC/commercial/ideogram/fbc32e53e6f04f8dbde8cb17b093fc96.jpg
-24.997243881225586,9.331084251403809,0.0,IMDL,1,4,2,8,IMDL-Fake,/mnt/public/public_datasets/OpenMMSecV2/IMDL/non_generative/manual_ps/imgs/17b82e4ac401445eac985e69a53846d7.jpg
-11.420174598693848,27.52556610107422,0.0,AIGC,0,2,1,3,AIGC-Real,/mnt/public/public_datasets/OpenMMSecV2/AIGC/laion/fe0d5ea370a3478ebe03cd52cd3e0441.jpg
12.522955894470215,-61.6732292175293,0.0,Doc,0,3,1,5,Document-Real,/mnt/public/public_datasets/OpenMMSecV2/Doc/Real/d5f48a43e0d14c718f566a9b77c04932.jpg
24.41405487060547,16.568443298339844,0.0,IMDL,1,4,2,8,IMDL-Fake,/mnt/public/public_datasets/OpenMMSecV2/IMDL/non_generative/manual_ps/imgs/e0de7d864dd04f6fa68cf878da332fcf.jpg
2.8755335807800293,7.763256549835205,0.0,IMDL,0,4,1,7,IMDL-Real,/mnt/public/public_datasets/OpenMMSecV2/IMDL/generative/coco/imgs/9b274709119b4e22832254e69454a138.jpg
-24.55607032775879,-46.4724006652832,0.0,Doc,1,3,2,6,Document-Fake,/mnt/public/public_datasets/OpenMMSecV2/Doc/non_aigc/copy-move/imgs/d4b400244d2d4b0a8e27d3e119d9c786.jpg
-31.426706314086914,-56.65316390991211,0.0,Doc,1,3,2,6,Document-Fake,/mnt/public/public_datasets/OpenMMSecV2/Doc/non_aigc/generation/imgs/fefb5e365dc145a8804c3e38619b6a77.jpg
-9.414206504821777,-13.39246940612793,0.0,IMDL,1,4,2,8,IMDL-Fake,/mnt/public/public_datasets/OpenMMSecV2/IMDL/non_generative/manual_ps/imgs/c1f5f0b472494cbaa38adb7d241f2176.jpg
15.22763729095459,47.277305603027344,0.0,deepfake,0,1,1,1,Deepfake-Real,/mnt/public/public_datasets/OpenMMSecV2/Deepfake/Real/DFD/4788274977be4922bb8d003f90573b87.png
22.98863410949707,8.491021156311035,0.0,IMDL,0,4,1,7,IMDL-Real,/mnt/public/public_datasets/OpenMMSecV2/IMDL/generative/flux_1/imgs/ea567beb4d9841879a37dce36f931fd8.png
-4.565268516540527,7.825339317321777,0.0,AIGC,1,2,2,4,AIGC-Fake,/mnt/public/public_datasets/OpenMMSecV2/AIGC/latent_diffusion/systematic/095b3a3f275f4ee2b2c62814feb68e88.jpg
-45.1186408996582,-39.575660705566406,0.0,Doc,1,3,2,6,Document-Fake,/mnt/public/public_datasets/OpenMMSecV2/Doc/non_aigc/copy-move/imgs/ad98fc04fb9e489ea4bcf14c0b8f4c11.jpg
-27.75703239440918,-1.297751545906067,0.0,AIGC,1,2,2,4,AIGC-Fake,/mnt/public/public_datasets/OpenMMSecV2/AIGC/pixel_diffusion/glide/e8f5959f5aeb41bbae9e571e7ed11569.jpg
-11.816377639770508,30.79341697692871,0.0,AIGC,1,2,2,4,AIGC-Fake,/mnt/public/public_datasets/OpenMMSecV2/AIGC/GAN/ProjectedGAN/93abd2be25fc4c19903afc0c5cc1aab9.jpg
-2.693876266479492,56.498130798339844,0.0,deepfake,1,1,2,2,Deepfake-Fake,/mnt/public/public_datasets/OpenMMSecV2/Deepfake/Fake/EntireFaceSynthesis/RDDM/ad6704234d014c66ab855d227d06469d.png
19.593961715698242,11.361444473266602,0.0,IMDL,0,4,1,7,IMDL-Real,/mnt/public/public_datasets/OpenMMSecV2/IMDL/generative/coco/imgs/8efc2810ee6046039a209d2a57fe02ae.jpg
11.077110290527344,-2.561215400695801,0.0,IMDL,0,4,1,7,IMDL-Real,/mnt/public/public_datasets/OpenMMSecV2/IMDL/generative/coco/imgs/26379227657946e1aebafaa0ac155851.jpg
32.02705764770508,0.18435877561569214,0.0,Doc,0,3,1,5,Document-Real,/mnt/public/public_datasets/OpenMMSecV2/Doc/Real/c166d1162cc440c98d291862af4463ab.jpg
17.085308074951172,59.84646987915039,0.0,deepfake,1,1,2,2,Deepfake-Fake,/mnt/public/public_datasets/OpenMMSecV2/Deepfake/Fake/FaceSwap/e4s/4bb7768f062a4b0fa376431103668bc1.png
-27.508888244628906,-1.5405454635620117,0.0,IMDL,1,4,2,8,IMDL-Fake,/mnt/public/public_datasets/OpenMMSecV2/IMDL/generative/paintbyexample/imgs/1925dd32a6174b4e82fb72c5fa755747.png
-19.398435592651367,29.065174102783203,0.0,AIGC,1,2,2,4,AIGC-Fake,/mnt/public/public_datasets/OpenMMSecV2/AIGC/GAN/StyleSANXL/afd6280ce72a47c295eedb5b60533ef6.jpg
24.82408905029297,16.947668075561523,0.0,IMDL,0,4,1,7,IMDL-Real,/mnt/public/public_datasets/OpenMMSecV2/IMDL/generative/stable_diffusion/imgs/b6e427b32ca5459b9b5fbf82bab3b9a1.png
-22.330114364624023,63.101600646972656,0.0,deepfake,1,1,2,2,Deepfake-Fake,/mnt/public/public_datasets/OpenMMSecV2/Deepfake/Fake/FaceReenactment/OneShot/7d1638e8d4dd489e927d6ebbd10c5457.png
-27.1862850189209,-14.468968391418457,0.0,AIGC,0,2,1,3,AIGC-Real,/mnt/public/public_datasets/OpenMMSecV2/AIGC/commercial/wukong/imgs/d813a80c0c6e4dab97e0870a6e4dc523.JPEG
14.209391593933105,-4.451675891876221,0.0,IMDL,1,4,2,8,IMDL-Fake,/mnt/public/public_datasets/OpenMMSecV2/IMDL/generative/gan_mat/imgs/b59f32c942db4848a42168b5b62b5d5e.png
-29.46453857421875,0.6176838874816895,0.0,AIGC,1,2,2,4,AIGC-Fake,/mnt/public/public_datasets/OpenMMSecV2/AIGC/GAN/BigGAN/imgs/0c40c444a46f49728ee6508f9ada16cb.png
10.930930137634277,-9.000173568725586,0.0,IMDL,0,4,1,7,IMDL-Real,/mnt/public/public_datasets/OpenMMSecV2/IMDL/non_generative/manual_ps/imgs/e73bb2373cb64c54aca095568fc8ab22.jpg
-13.66402530670166,-11.327818870544434,0.0,IMDL,1,4,2,8,IMDL-Fake,/mnt/public/public_datasets/OpenMMSecV2/IMDL/non_generative/manual_ps/imgs/3da5b02b2ce34075917b5fa5337cd043.tif
27.493144989013672,-5.233999729156494,0.0,AIGC,0,2,1,3,AIGC-Real,/mnt/public/public_datasets/OpenMMSecV2/AIGC/laion/5039ebf580b249e5bde226923e4dd830.jpg
-10.265544891357422,54.82953643798828,0.0,deepfake,1,1,2,2,Deepfake-Fake,/mnt/public/public_datasets/OpenMMSecV2/Deepfake/Fake/EntireFaceSynthesis/StyleGAN-XL/8010a9c3ab684a229da16c3fca3d4f49.png
-18.157817840576172,-59.72344207763672,0.0,Doc,0,3,1,5,Document-Real,/mnt/public/public_datasets/OpenMMSecV2/Doc/Real/22b63a61f56141ffa60a584867b779dc.jpg
1.978628396987915,48.59778594970703,0.0,deepfake,1,1,2,2,Deepfake-Fake,/mnt/public/public_datasets/OpenMMSecV2/Deepfake/Fake/FaceEditing/StarGANv2/8dce80f32dd44d3284e404d80ca380e5.jpg
-27.311574935913086,-46.115482330322266,0.0,Doc,1,3,2,6,Document-Fake,/mnt/public/public_datasets/OpenMMSecV2/Doc/non_aigc/copy-move/imgs/f0dbbf8751d34cdd81eb98514d5f2c8a.jpg
-10.154397010803223,-7.797215461730957,0.0,AIGC,1,2,2,4,AIGC-Fake,/mnt/public/public_datasets/OpenMMSecV2/AIGC/GAN/CIPS/11b8912a21b14cfd9567e3bebeb3ec23.jpg
30.872806549072266,-21.50798225402832,0.0,Doc,1,3,2,6,Document-Fake,/mnt/public/public_datasets/OpenMMSecV2/Doc/aigc/textocr/imgs/91e40f314e3748dfae58c7e9ef02e8db.jpg
-5.86232328414917,-38.490535736083984,0.0,AIGC,0,2,1,3,AIGC-Real,/mnt/public/public_datasets/OpenMMSecV2/AIGC/laion/ac5235f1a4cd42b9b342c0afda9d6282.jpg
-8.227036476135254,57.41256332397461,0.0,deepfake,1,1,2,2,Deepfake-Fake,/mnt/public/public_datasets/OpenMMSecV2/Deepfake/Fake/FaceReenactment/LIA/2393a8f00742435983e8755217f73d98.png
29.736154556274414,7.366292953491211,0.0,IMDL,1,4,2,8,IMDL-Fake,/mnt/public/public_datasets/OpenMMSecV2/IMDL/non_generative/manual_ps/imgs/08e0cff9e4e64c45b7ad06bf72fb3032.jpg
12.583674430847168,63.10295104980469,0.0,deepfake,0,1,1,1,Deepfake-Real,/mnt/public/public_datasets/OpenMMSecV2/Deepfake/Real/UADFV/22077ea51ef1452b950a54fcdd90e246.png
-24.14137077331543,30.624475479125977,0.0,AIGC,1,2,2,4,AIGC-Fake,/mnt/public/public_datasets/OpenMMSecV2/AIGC/GAN/StyleSANXL/8c4882fb05eb47ac889b499af56c437d.jpg
-16.917125701904297,2.0645694732666016,0.0,IMDL,1,4,2,8,IMDL-Fake,/mnt/public/public_datasets/OpenMMSecV2/IMDL/generative/stable_diffusion/imgs/91c9342df5684659914f680a15da6e4f.png
10.96030330657959,-61.70079040527344,0.0,Doc,0,3,1,5,Document-Real,/mnt/public/public_datasets/OpenMMSecV2/Doc/Real/a4ec9aae950b4709829252050a9af31b.jpg
1.4604856967926025,-28.32991600036621,0.0,AIGC,0,2,1,3,AIGC-Real,/mnt/public/public_datasets/OpenMMSecV2/AIGC/laion/7ef125e24ebb4912b7c71dfcacf789c3.jpg
-9.411828994750977,-40.772335052490234,0.0,Doc,0,3,1,5,Document-Real,/mnt/public/public_datasets/OpenMMSecV2/Doc/Real/93f56864d3ff47a9a6281c467cc3fdfc.jpg
16.644214630126953,17.836238861083984,0.0,Doc,0,3,1,5,Document-Real,/mnt/public/public_datasets/OpenMMSecV2/Doc/Real/6a16ffd6c2094270813d639e92266857.jpg
37.17921829223633,-23.501209259033203,0.0,Doc,0,3,1,5,Document-Real,/mnt/public/public_datasets/OpenMMSecV2/Doc/Real/26d32cde540a488f8e6906dec40c644a.jpg
4.129826545715332,-4.23681640625,0.0,IMDL,1,4,2,8,IMDL-Fake,/mnt/public/public_datasets/OpenMMSecV2/IMDL/non_generative/manual_ps/imgs/cae1a2e57e7c44cd9311eba0db44fd5d.jpg
3.9038050174713135,3.2654550075531006,0.0,IMDL,0,4,1,7,IMDL-Real,/mnt/public/public_datasets/OpenMMSecV2/IMDL/generative/stable_diffusion/imgs/efcfc0025f0c422d9310646ed6e43f69.png
1.4432841539382935,-28.313091278076172,0.0,IMDL,1,4,2,8,IMDL-Fake,/mnt/public/public_datasets/OpenMMSecV2/IMDL/non_generative/manual_ps/imgs/80780876960842f2b8d3f67889f4d3e2.jpg
27.19059944152832,0.6922765374183655,0.0,IMDL,0,4,1,7,IMDL-Real,/mnt/public/public_datasets/OpenMMSecV2/IMDL/generative/coco/imgs/29087a71feff434080095036594717f9.jpg
14.497114181518555,-26.457897186279297,0.0,AIGC,0,2,1,3,AIGC-Real,/mnt/public/public_datasets/OpenMMSecV2/AIGC/laion/c07249c68c0244cbb4fedb0a2ce50669.jpg
7.9647321701049805,0.7713510990142822,0.0,IMDL,1,4,2,8,IMDL-Fake,/mnt/public/public_datasets/OpenMMSecV2/IMDL/non_generative/manual_ps/imgs/d6836ae1d720483aa7704fde3380635e.jpg
6.15464523434639e-05,58.85186004638672,0.0,deepfake,0,1,1,1,Deepfake-Real,/mnt/public/public_datasets/OpenMMSecV2/Deepfake/Real/DFD/59d0b8c2636541f0afaf9c4f77ba724e.png
-21.060070037841797,29.413305282592773,0.0,AIGC,1,2,2,4,AIGC-Fake,/mnt/public/public_datasets/OpenMMSecV2/AIGC/GAN/StyleSANXL/4a295f973aaf446baa94866aa9115afd.jpg
-17.0176944732666,60.70680236816406,0.0,deepfake,1,1,2,2,Deepfake-Fake,/mnt/public/public_datasets/OpenMMSecV2/Deepfake/Fake/FaceReenactment/LIA/747c6c4b198e4a42abf38ab04b9d7700.png
37.06488037109375,-22.508737564086914,0.0,Doc,0,3,1,5,Document-Real,/mnt/public/public_datasets/OpenMMSecV2/Doc/Real/b9ab331b8f5448109fda812680413d91.jpg
-1.0476601123809814,-13.424477577209473,0.0,IMDL,1,4,2,8,IMDL-Fake,/mnt/public/public_datasets/OpenMMSecV2/IMDL/non_generative/manual_ps/imgs/c5b9dc7ed8d1464eb611de36eb387999.tif
42.98740768432617,-19.921077728271484,0.0,Doc,0,3,1,5,Document-Real,/mnt/public/public_datasets/OpenMMSecV2/Doc/aigc/derend/imgs/9af215c16a45436bbb6bb2accdac6c82.jpg
-12.032919883728027,-41.90639877319336,0.0,Doc,0,3,1,5,Document-Real,/mnt/public/public_datasets/OpenMMSecV2/Doc/Real/ae79826cfcec471bb8886eabf22a4bf6.jpg
-30.22520637512207,-6.7224345207214355,0.0,IMDL,1,4,2,8,IMDL-Fake,/mnt/public/public_datasets/OpenMMSecV2/IMDL/generative/gan_mat/imgs/36988cf9b6e544cca5d78d2fe1e3566e.png
35.7001838684082,-26.410690307617188,0.0,Doc,1,3,2,6,Document-Fake,/mnt/public/public_datasets/OpenMMSecV2/Doc/aigc/textdiff/imgs/dc61c5cb270f4402bbd2ac864d239797.jpg
12.406017303466797,55.74357986450195,0.0,deepfake,0,1,1,1,Deepfake-Real,/mnt/public/public_datasets/OpenMMSecV2/Deepfake/Real/CelebDF-v2/853c49703455450f80c452a4bc1c515a.png
-16.83088493347168,-47.83206558227539,0.0,Doc,1,3,2,6,Document-Fake,/mnt/public/public_datasets/OpenMMSecV2/Doc/non_aigc/generation/imgs/838f0e6b77994753996d444fad058ad0.jpg
28.02728271484375,12.169113159179688,0.0,AIGC,0,2,1,3,AIGC-Real,/mnt/public/public_datasets/OpenMMSecV2/AIGC/laion/17de1a1223cb4aa2bcfcd03fa8ad5fd6.jpg
17.57267951965332,4.304142951965332,0.0,IMDL,0,4,1,7,IMDL-Real,/mnt/public/public_datasets/OpenMMSecV2/IMDL/generative/coco/imgs/695e21233e134ced955851fa88b45cd4.jpg
25.874786376953125,-28.312833786010742,0.0,IMDL,1,4,2,8,IMDL-Fake,/mnt/public/public_datasets/OpenMMSecV2/IMDL/non_generative/manual_ps/imgs/b090c0f563e04d9789e187b0e4ef0b0d.jpg
10.679832458496094,54.5507698059082,0.0,deepfake,0,1,1,1,Deepfake-Real,/mnt/public/public_datasets/OpenMMSecV2/Deepfake/Real/CelebDF-v2/bf2ac041afc04b73921e319a13523714.png
15.887130737304688,8.993896484375,0.0,IMDL,1,4,2,8,IMDL-Fake,/mnt/public/public_datasets/OpenMMSecV2/IMDL/generative/stable_diffusion/imgs/2810d504e1a2470f8a0a9974033db7a6.png
-2.65499210357666,-12.55485725402832,0.0,IMDL,1,4,2,8,IMDL-Fake,/mnt/public/public_datasets/OpenMMSecV2/IMDL/non_generative/manual_ps/imgs/48a3d79c710b40f1a58cb2bedc7596ba.jpg
24.992755889892578,-31.55052375793457,0.0,Doc,0,3,1,5,Document-Real,/mnt/public/public_datasets/OpenMMSecV2/Doc/Real/3f453c8520524d8b8a8435f9f67a0c1e.jpg
26.08970832824707,-29.120885848999023,0.0,AIGC,0,2,1,3,AIGC-Real,/mnt/public/public_datasets/OpenMMSecV2/AIGC/laion/26109d35853142668bcfa3e556ea3044.jpg
5.816133499145508,-64.36307525634766,0.0,Doc,0,3,1,5,Document-Real,/mnt/public/public_datasets/OpenMMSecV2/Doc/Real/76d91c5284794898979f5a4e1cea899d.jpg
13.86926555633545,-36.85215759277344,0.0,AIGC,0,2,1,3,AIGC-Real,/mnt/public/public_datasets/OpenMMSecV2/AIGC/laion/31a33cb012724e03843f2ae98b362dd5.jpg
19.540496826171875,-4.598138809204102,0.0,AIGC,1,2,2,4,AIGC-Fake,/mnt/public/public_datasets/OpenMMSecV2/AIGC/pixel_diffusion/adm/imgs/fd4c60c029ec40ed8b9da7eddc4d3669.PNG
4.630298137664795,6.42287540435791,0.0,IMDL,1,4,2,8,IMDL-Fake,/mnt/public/public_datasets/OpenMMSecV2/IMDL/non_generative/manual_ps/imgs/885c92dd383b444d980bdf4017ff21ac.jpg
11.752150535583496,-60.314125061035156,0.0,Doc,0,3,1,5,Document-Real,/mnt/public/public_datasets/OpenMMSecV2/Doc/Real/0cf4b2dfead54e6385fc2281ba2a5be1.jpg
-5.073872089385986,11.951239585876465,0.0,IMDL,1,4,2,8,IMDL-Fake,/mnt/public/public_datasets/OpenMMSecV2/IMDL/generative/flux_1/imgs/cc868985d95b47b58bb7d89ec7a68195.png
-9.714434623718262,-4.215219497680664,0.0,IMDL,0,4,1,7,IMDL-Real,/mnt/public/public_datasets/OpenMMSecV2/IMDL/generative/flux_1/imgs/f323562cbf7e4b3c9ba622a17eb917a3.png
11.105969429016113,-62.557342529296875,0.0,Doc,0,3,1,5,Document-Real,/mnt/public/public_datasets/OpenMMSecV2/Doc/Real/588b844c51d34064820aa83f453cb71e.jpg
-10.589812278747559,-41.85523223876953,0.0,Doc,0,3,1,5,Document-Real,/mnt/public/public_datasets/OpenMMSecV2/Doc/Real/a5c775bc8c5241acabc2cb46cd4bce2f.jpg
53.24648666381836,-11.704834938049316,0.0,Doc,1,3,2,6,Document-Fake,/mnt/public/public_datasets/OpenMMSecV2/Doc/aigc/udifftext/imgs/ab4c1d216c314e5eaace2387be7c0678.jpg
13.9488525390625,-39.10273742675781,0.0,AIGC,0,2,1,3,AIGC-Real,/mnt/public/public_datasets/OpenMMSecV2/AIGC/laion/3ed1d9420b4247ed91f019c60d340f74.jpg
-22.54366683959961,11.049195289611816,0.0,IMDL,1,4,2,8,IMDL-Fake,/mnt/public/public_datasets/OpenMMSecV2/IMDL/generative/flux_1/imgs/f7aadfdfe657467e802f8dad20aded4d.png
23.351118087768555,-0.7658849358558655,0.0,IMDL,0,4,1,7,IMDL-Real,/mnt/public/public_datasets/OpenMMSecV2/IMDL/generative/flux_1/imgs/aeedcb83c1b6445aa133a6a077b40300.png
-34.94109344482422,-12.89758586883545,0.0,IMDL,1,4,2,8,IMDL-Fake,/mnt/public/public_datasets/OpenMMSecV2/IMDL/generative/paintbyexample/imgs/40778168ffd341199576e0480052c03a.tiff
-34.417266845703125,-43.27338409423828,0.0,Doc,1,3,2,6,Document-Fake,/mnt/public/public_datasets/OpenMMSecV2/Doc/non_aigc/generation/imgs/5a953627a6494f2badd53df881716956.jpg
-43.9255256652832,-42.28224182128906,0.0,Doc,1,3,2,6,Document-Fake,/mnt/public/public_datasets/OpenMMSecV2/Doc/non_aigc/inpaint/imgs/3a70cc120452499a98494fb7b0366429.jpg
-29.427427291870117,-9.874052047729492,0.0,IMDL,1,4,2,8,IMDL-Fake,/mnt/public/public_datasets/OpenMMSecV2/IMDL/generative/stable_diffusion/imgs/dedf3e0b470141b08757641bba79536c.jpg
-3.7527687549591064,59.01070022583008,0.0,deepfake,0,1,1,1,Deepfake-Real,/mnt/public/public_datasets/OpenMMSecV2/Deepfake/Real/FF++/0ad9a1f814f14e81a35bd225c49611d6.png
14.8329439163208,51.708560943603516,0.0,deepfake,0,1,1,1,Deepfake-Real,/mnt/public/public_datasets/OpenMMSecV2/Deepfake/Real/CelebDF-v2/d38f2abb660440a7a277a3193bcf6463.png
-13.501291275024414,-18.51730728149414,0.0,IMDL,1,4,2,8,IMDL-Fake,/mnt/public/public_datasets/OpenMMSecV2/IMDL/non_generative/manual_ps/imgs/f8dc0fc7ce4f4f17b33dcec467765265.jpg
-26.022418975830078,30.90443992614746,0.0,deepfake,1,1,2,2,Deepfake-Fake,/mnt/public/public_datasets/OpenMMSecV2/Deepfake/Fake/EntireFaceSynthesis/WhichisReal/e28b6a5439d04868af2bf7a1b26d736c.png
23.04488754272461,57.493019104003906,0.0,deepfake,0,1,1,1,Deepfake-Real,/mnt/public/public_datasets/OpenMMSecV2/Deepfake/Real/CelebA/53776c7d4fb443dcaf2ce364be46d25e.jpg
-34.878482818603516,-41.94956970214844,0.0,Doc,1,3,2,6,Document-Fake,/mnt/public/public_datasets/OpenMMSecV2/Doc/non_aigc/generation/imgs/d6a82080f3444145aa736c3e174d8d6f.jpg
-11.458962440490723,-60.63019943237305,0.0,Doc,1,3,2,6,Document-Fake,/mnt/public/public_datasets/OpenMMSecV2/Doc/non_aigc/cpmv/imgs/6ed076ce0236427b993289eb79fbf184.jpg
13.551666259765625,40.00531005859375,0.0,deepfake,0,1,1,1,Deepfake-Real,/mnt/public/public_datasets/OpenMMSecV2/Deepfake/Real/VFHQ/614858d08dc14f268ec65bf898e10d0d.png
31.181854248046875,-29.263879776000977,0.0,AIGC,0,2,1,3,AIGC-Real,/mnt/public/public_datasets/OpenMMSecV2/AIGC/laion/c646fc0769c54c6da779a753f1fd5278.jpg
-25.326143264770508,33.28350067138672,0.0,AIGC,1,2,2,4,AIGC-Fake,/mnt/public/public_datasets/OpenMMSecV2/AIGC/autoregressive_model/tamingtransformers/5a09fe3fae304bfdaca651c7fd877bbc.jpg
25.270280838012695,-2.617163896560669,0.0,IMDL,0,4,1,7,IMDL-Real,/mnt/public/public_datasets/OpenMMSecV2/IMDL/generative/flux_1/imgs/1e07e3417beb4f8eb8a9f28c8599ef1a.png
14.853336334228516,16.843671798706055,0.0,IMDL,0,4,1,7,IMDL-Real,/mnt/public/public_datasets/OpenMMSecV2/IMDL/generative/coco/imgs/a3ebed4e8e6146a09433eab770b9344a.jpg
-15.273247718811035,10.795988082885742,0.0,AIGC,1,2,2,4,AIGC-Fake,/mnt/public/public_datasets/OpenMMSecV2/AIGC/commercial/firefly/5dc33533e1704805b6a4bb790e0f0f0a.jpg
-30.100282669067383,-9.785358428955078,0.0,IMDL,1,4,2,8,IMDL-Fake,/mnt/public/public_datasets/OpenMMSecV2/IMDL/generative/gan_mat/imgs/137d1dd9c14d4988aa5cdf60b7212a3c.jpg
16.739465713500977,-38.38441467285156,0.0,AIGC,0,2,1,3,AIGC-Real,/mnt/public/public_datasets/OpenMMSecV2/AIGC/laion/139759ddf48b4222b968e896249c01fa.jpg
-1.1971797943115234,6.02257776260376,0.0,IMDL,1,4,2,8,IMDL-Fake,/mnt/public/public_datasets/OpenMMSecV2/IMDL/generative/flux_1/imgs/42047996beca4dc0b4a7b6f71c4f25e4.png
22.123497009277344,-34.94050598144531,0.0,AIGC,0,2,1,3,AIGC-Real,/mnt/public/public_datasets/OpenMMSecV2/AIGC/laion/ed353fed767d4a7c9316d523a881c030.jpg
23.095457077026367,-12.411755561828613,0.0,IMDL,0,4,1,7,IMDL-Real,/mnt/public/public_datasets/OpenMMSecV2/IMDL/generative/stable_diffusion/imgs/a51c890106f6406889fcfd5f72375da3.png
-34.15053176879883,-41.65985870361328,0.0,Doc,1,3,2,6,Document-Fake,/mnt/public/public_datasets/OpenMMSecV2/Doc/non_aigc/copy-move/imgs/a6c404553eb045f8b2dc1ab6e170df5f.jpg
31.961101531982422,-13.445836067199707,0.0,Doc,0,3,1,5,Document-Real,/mnt/public/public_datasets/OpenMMSecV2/Doc/aigc/derend/imgs/064e579c1e4440758debe27e875955cb.jpg
22.300230026245117,-32.40983200073242,0.0,AIGC,0,2,1,3,AIGC-Real,/mnt/public/public_datasets/OpenMMSecV2/AIGC/laion/8f682f7b07e549cb8c5995abb9295150.jpg
-21.261329650878906,8.054129600524902,0.0,AIGC,1,2,2,4,AIGC-Fake,/mnt/public/public_datasets/OpenMMSecV2/AIGC/GAN/styleGANs/c29c8749aebb42a99211fffa565b09c0.jpg
-44.1757698059082,-37.504337310791016,0.0,Doc,1,3,2,6,Document-Fake,/mnt/public/public_datasets/OpenMMSecV2/Doc/non_aigc/copy-move/imgs/b97ca5b8a5e04fc099f4cd5c61e8182c.jpg
-32.38495635986328,-43.22087097167969,0.0,Doc,1,3,2,6,Document-Fake,/mnt/public/public_datasets/OpenMMSecV2/Doc/non_aigc/generation/imgs/7384633cfbea449c807d40216c6ee30c.jpg
-3.544553518295288,-14.59152603149414,0.0,AIGC,0,2,1,3,AIGC-Real,/mnt/public/public_datasets/OpenMMSecV2/AIGC/other/online/imgs/1daf84877d154f22bc2aad80abe8a996.jpg
4.639427661895752,4.737175941467285,0.0,IMDL,0,4,1,7,IMDL-Real,/mnt/public/public_datasets/OpenMMSecV2/IMDL/generative/coco/imgs/c9ddd544db6444868bbbe76f15f6ab70.jpg
-34.18254470825195,32.734703063964844,0.0,deepfake,1,1,2,2,Deepfake-Fake,/mnt/public/public_datasets/OpenMMSecV2/Deepfake/Fake/EntireFaceSynthesis/StyleGAN3/0730a297355046c48d4c3cfe398265e3.png
-3.4134135246276855,60.668766021728516,0.0,deepfake,0,1,1,1,Deepfake-Real,/mnt/public/public_datasets/OpenMMSecV2/Deepfake/Real/FF++/06180021fb0f45d1b4b4a91007d95131.png
-34.046695709228516,31.017526626586914,0.0,deepfake,1,1,2,2,Deepfake-Fake,/mnt/public/public_datasets/OpenMMSecV2/Deepfake/Fake/EntireFaceSynthesis/SD-2.1/e820e3a29be743c89e5fe81066346c4a.png
10.08405876159668,6.401327133178711,0.0,IMDL,1,4,2,8,IMDL-Fake,/mnt/public/public_datasets/OpenMMSecV2/IMDL/generative/stable_diffusion/imgs/38f6ae3309da4a7f85924ee465da1eff.png
-11.421611785888672,29.00862693786621,0.0,deepfake,0,1,1,1,Deepfake-Real,/mnt/public/public_datasets/OpenMMSecV2/Deepfake/Real/FFHQ/37399c413cdf46dfb42cbf675db88cd9.jpeg
15.609488487243652,62.93873596191406,0.0,deepfake,0,1,1,1,Deepfake-Real,/mnt/public/public_datasets/OpenMMSecV2/Deepfake/Real/FF++/5e67c68a10b54fedb5db12328fa9157f.png
17.342512130737305,16.568727493286133,0.0,IMDL,1,4,2,8,IMDL-Fake,/mnt/public/public_datasets/OpenMMSecV2/IMDL/non_generative/manual_ps/imgs/796397653d8a48148e7cacf007c1e9d9.jpg
24.66436195373535,12.713788986206055,0.0,IMDL,0,4,1,7,IMDL-Real,/mnt/public/public_datasets/OpenMMSecV2/IMDL/generative/stable_diffusion/imgs/a2daf86c55eb4f66ad6055f9c3a0e57d.png
3.384075403213501,17.531991958618164,0.0,IMDL,1,4,2,8,IMDL-Fake,/mnt/public/public_datasets/OpenMMSecV2/IMDL/non_generative/manual_ps/imgs/00591626255a439788235d427ab4d0bc.jpg
17.036062240600586,-4.412558078765869,0.0,IMDL,0,4,1,7,IMDL-Real,/mnt/public/public_datasets/OpenMMSecV2/IMDL/generative/stable_diffusion/imgs/2d8fa8daab4e47099b56b3ff51027a00.png
4.773303031921387,61.97791290283203,0.0,deepfake,1,1,2,2,Deepfake-Fake,/mnt/public/public_datasets/OpenMMSecV2/Deepfake/Fake/FaceSwap/SimSwap/e2ac07e8c80c44d98a24842abaceb55c.png
18.13767433166504,-38.49704360961914,0.0,AIGC,0,2,1,3,AIGC-Real,/mnt/public/public_datasets/OpenMMSecV2/AIGC/laion/1e82a51e2ed44128b55abd27a0864c14.jpg
-20.950414657592773,-12.155423164367676,0.0,IMDL,1,4,2,8,IMDL-Fake,/mnt/public/public_datasets/OpenMMSecV2/IMDL/generative/gan_mat/imgs/b5528065351546caa5a5e2a045b1f8d2.png
-9.011085510253906,-44.092918395996094,0.0,Doc,1,3,2,6,Document-Fake,/mnt/public/public_datasets/OpenMMSecV2/Doc/non_aigc/cover/imgs/29a2694585f5435387cea7d0c7bc70e4.jpg
13.18548583984375,-60.14593505859375,0.0,Doc,0,3,1,5,Document-Real,/mnt/public/public_datasets/OpenMMSecV2/Doc/Real/a1c14ddc09fc46d18feedf020ad41bc8.jpg
3.546994924545288,9.286886215209961,0.0,IMDL,1,4,2,8,IMDL-Fake,/mnt/public/public_datasets/OpenMMSecV2/IMDL/non_generative/manual_ps/imgs/ab0716be585541efa347484bb3b522b1.jpg
-21.10392951965332,5.47389030456543,0.0,AIGC,1,2,2,4,AIGC-Fake,/mnt/public/public_datasets/OpenMMSecV2/AIGC/latent_diffusion/systematic/33432c9986da48afb4d4a2f4b691dffa.jpg
40.24418258666992,-22.08104133605957,0.0,Doc,0,3,1,5,Document-Real,/mnt/public/public_datasets/OpenMMSecV2/Doc/aigc/udifftext/imgs/382be2e5e45644adaea567d0c4d64c2c.jpg
-10.654905319213867,-41.21749496459961,0.0,Doc,0,3,1,5,Document-Real,/mnt/public/public_datasets/OpenMMSecV2/Doc/Real/3bec6e8071364ac2820b202bdb1df13f.jpg
15.698372840881348,-40.62862014770508,0.0,AIGC,0,2,1,3,AIGC-Real,/mnt/public/public_datasets/OpenMMSecV2/AIGC/laion/c7b2a810cd03473f80f68b48a80fbe51.jpg
-7.723151206970215,31.5639591217041,0.0,deepfake,0,1,1,1,Deepfake-Real,/mnt/public/public_datasets/OpenMMSecV2/Deepfake/Real/VFHQ/7f43022e841742fca024156641661733.png
-8.958271980285645,25.035263061523438,0.0,AIGC,1,2,2,4,AIGC-Fake,/mnt/public/public_datasets/OpenMMSecV2/AIGC/other/online/imgs/9ba92274c441424b86a9492722c825ef.jpg
-29.011096954345703,-54.713768005371094,0.0,Doc,0,3,1,5,Document-Real,/mnt/public/public_datasets/OpenMMSecV2/Doc/Real/1b49458103724dc3973c1258ec40814b.jpg
-0.41458624601364136,-3.7596864700317383,0.0,AIGC,1,2,2,4,AIGC-Fake,/mnt/public/public_datasets/OpenMMSecV2/AIGC/other/online/imgs/1685017579f447d38383aa6590572783.jpg
-24.195640563964844,8.604819297790527,0.0,AIGC,1,2,2,4,AIGC-Fake,/mnt/public/public_datasets/OpenMMSecV2/AIGC/pixel_diffusion/glide/imgs/f7540fcfa4f54f95be52460e9f64d2ac.png
-39.82648468017578,-40.317474365234375,0.0,Doc,1,3,2,6,Document-Fake,/mnt/public/public_datasets/OpenMMSecV2/Doc/non_aigc/cover/imgs/56142e298a2c46a4b213940594c2d0a7.jpg
20.80199432373047,11.268893241882324,0.0,AIGC,0,2,1,3,AIGC-Real,/mnt/public/public_datasets/OpenMMSecV2/AIGC/laion/0bc3101164ed4d60b66645d87cc16d24.jpg
37.37600326538086,-26.822845458984375,0.0,Doc,0,3,1,5,Document-Real,/mnt/public/public_datasets/OpenMMSecV2/Doc/Real/33f8b37aef694f839011c571af6bacec.jpg
-23.47867202758789,-6.45059061050415,0.0,IMDL,0,4,1,7,IMDL-Real,/mnt/public/public_datasets/OpenMMSecV2/IMDL/generative/stable_diffusion/imgs/9c9135afe83e4f808afb69807b4c395c.png
-7.106077194213867,-5.485219955444336,0.0,AIGC,1,2,2,4,AIGC-Fake,/mnt/public/public_datasets/OpenMMSecV2/AIGC/latent_diffusion/systematic/4951016535a445219f531c920d2cc294.jpg
49.09855270385742,-13.682964324951172,0.0,Doc,1,3,2,6,Document-Fake,/mnt/public/public_datasets/OpenMMSecV2/Doc/aigc/textocr/imgs/9b89e00889324d7f8576de16808d3d07.jpg
44.0757942199707,-18.346446990966797,0.0,Doc,0,3,1,5,Document-Real,/mnt/public/public_datasets/OpenMMSecV2/Doc/Real/6d7409b955194ea1b8a0f8dfeca35fbb.jpg
11.43460464477539,-58.848541259765625,0.0,Doc,0,3,1,5,Document-Real,/mnt/public/public_datasets/OpenMMSecV2/Doc/Real/c5f66c0f496648efb35ae856790312b8.jpg
-0.6362428069114685,65.7874755859375,0.0,deepfake,1,1,2,2,Deepfake-Fake,/mnt/public/public_datasets/OpenMMSecV2/Deepfake/Fake/EntireFaceSynthesis/StyleGAN-XL/21ede76788e4403ca05284605325d6ca.png
21.320419311523438,-35.448429107666016,0.0,AIGC,0,2,1,3,AIGC-Real,/mnt/public/public_datasets/OpenMMSecV2/AIGC/laion/a56423805cbf4703b50ed4eeeecc98ec.jpg
16.67262840270996,-26.50501823425293,0.0,AIGC,0,2,1,3,AIGC-Real,/mnt/public/public_datasets/OpenMMSecV2/AIGC/laion/d7455f351ae340f8a52263e6c02bac0d.jpg
-49.06052017211914,-40.96012878417969,0.0,Doc,1,3,2,6,Document-Fake,/mnt/public/public_datasets/OpenMMSecV2/Doc/non_aigc/copy-move/imgs/76de9a9a51bc42f0aaaaf064c22603e7.jpg
17.97358512878418,5.382389068603516,0.0,IMDL,0,4,1,7,IMDL-Real,/mnt/public/public_datasets/OpenMMSecV2/IMDL/generative/coco/imgs/bad61613918b4905be34c60a29f7fa4d.jpg
-10.103412628173828,-14.94846248626709,0.0,IMDL,1,4,2,8,IMDL-Fake,/mnt/public/public_datasets/OpenMMSecV2/IMDL/non_generative/manual_ps/imgs/640b16511a93455eb4763b5060199fc2.jpg
53.71745300292969,-15.22535514831543,0.0,Doc,0,3,1,5,Document-Real,/mnt/public/public_datasets/OpenMMSecV2/Doc/Real/4dcbaaea7cd0476e9fba0704830f1e7e.jpg
22.819639205932617,-7.586139678955078,0.0,AIGC,0,2,1,3,AIGC-Real,/mnt/public/public_datasets/OpenMMSecV2/AIGC/commercial/wukong/imgs/1020ee8a9db8463881b90eba35036d8a.JPEG
12.131753921508789,-57.617977142333984,0.0,Doc,0,3,1,5,Document-Real,/mnt/public/public_datasets/OpenMMSecV2/Doc/Real/d7f61c3406ca468f95f0bef0f9f32aa2.jpg
-28.364473342895508,33.55155944824219,0.0,AIGC,1,2,2,4,AIGC-Fake,/mnt/public/public_datasets/OpenMMSecV2/AIGC/autoregressive_model/tamingtransformers/0c8cfcbd469f4a79a6b223cd6d402e41.jpg
8.66821575164795,58.609745025634766,0.0,deepfake,0,1,1,1,Deepfake-Real,/mnt/public/public_datasets/OpenMMSecV2/Deepfake/Real/CelebDF-v2/2d25416cf8c947668d6ebff26ef9b86e.png
-20.601137161254883,65.28048706054688,0.0,deepfake,1,1,2,2,Deepfake-Fake,/mnt/public/public_datasets/OpenMMSecV2/Deepfake/Fake/FaceReenactment/FS_vid2vid/9fed1122bea14582b45094cceb3201e3.png
10.308494567871094,-4.337894439697266,0.0,IMDL,1,4,2,8,IMDL-Fake,/mnt/public/public_datasets/OpenMMSecV2/IMDL/non_generative/manual_ps/imgs/fa0c98562e634d47bf3efa7597e48488.jpg
-5.526037216186523,50.1709098815918,0.0,deepfake,1,1,2,2,Deepfake-Fake,/mnt/public/public_datasets/OpenMMSecV2/Deepfake/Fake/FaceEditing/StarGANv2/28b3c006c9744243bb2b9ee76c498e63.jpg
-29.20164680480957,34.11539840698242,0.0,AIGC,1,2,2,4,AIGC-Fake,/mnt/public/public_datasets/OpenMMSecV2/AIGC/autoregressive_model/tamingtransformers/b339632212c14d04b0a38af7120b2120.jpg
-35.8383903503418,-10.610804557800293,0.0,IMDL,1,4,2,8,IMDL-Fake,/mnt/public/public_datasets/OpenMMSecV2/IMDL/generative/gan_mat/imgs/9f928c85c40a483890aa6fc0dea3f4e4.png
-24.534894943237305,10.940523147583008,0.0,IMDL,1,4,2,8,IMDL-Fake,/mnt/public/public_datasets/OpenMMSecV2/IMDL/generative/stable_diffusion/imgs/04a70e804c3c4940b31b26470fd518fb.png
-21.785205841064453,62.978458404541016,0.0,deepfake,1,1,2,2,Deepfake-Fake,/mnt/public/public_datasets/OpenMMSecV2/Deepfake/Fake/FaceReenactment/OneShot/bbc6cdc7d752430ab07eb0b0d15c1d48.png
6.052175045013428,-38.92890930175781,0.0,IMDL,0,4,1,7,IMDL-Real,/mnt/public/public_datasets/OpenMMSecV2/IMDL/generative/stable_diffusion/imgs/672e1ae4848841958cc9f222765c0eec.png
38.84596633911133,-14.932741165161133,0.0,Doc,1,3,2,6,Document-Fake,/mnt/public/public_datasets/OpenMMSecV2/Doc/aigc/textdiff/imgs/b0a6f43a31e04448b1af0e517a8eb792.jpg
-25.227882385253906,-12.373969078063965,0.0,IMDL,0,4,1,7,IMDL-Real,/mnt/public/public_datasets/OpenMMSecV2/IMDL/generative/coco/imgs/24d62607807a454786ed7980f15c7b6c.jpg
-17.232114791870117,-61.314884185791016,0.0,Doc,0,3,1,5,Document-Real,/mnt/public/public_datasets/OpenMMSecV2/Doc/Real/e03a96dbd6d646d8a147a582f8a4f0ea.jpg
-27.735122680664062,32.028961181640625,0.0,AIGC,1,2,2,4,AIGC-Fake,/mnt/public/public_datasets/OpenMMSecV2/AIGC/autoregressive_model/tamingtransformers/e1708b9b8a7d484391a14d7f9d79744b.jpg
23.916431427001953,9.394107818603516,0.0,IMDL,0,4,1,7,IMDL-Real,/mnt/public/public_datasets/OpenMMSecV2/IMDL/generative/coco/imgs/dfd7577e39c34a569311ad5a8cacef7c.jpg
-44.86618423461914,-36.7054557800293,0.0,Doc,1,3,2,6,Document-Fake,/mnt/public/public_datasets/OpenMMSecV2/Doc/non_aigc/copy-move/imgs/f558e7a0a86d4ae19f0fc039f246e67d.jpg
8.686178207397461,58.76081085205078,0.0,deepfake,0,1,1,1,Deepfake-Real,/mnt/public/public_datasets/OpenMMSecV2/Deepfake/Real/CelebDF-v2/1c73f469bc9648dea293b6ec993147a3.png
-17.657594680786133,-57.23594665527344,0.0,Doc,1,3,2,6,Document-Fake,/mnt/public/public_datasets/OpenMMSecV2/Doc/non_aigc/copy-move/imgs/319b3d36f1c14da8847e26f9dcea67c0.jpg
11.665803909301758,-18.7993106842041,0.0,IMDL,1,4,2,8,IMDL-Fake,/mnt/public/public_datasets/OpenMMSecV2/IMDL/non_generative/manual_ps/imgs/b62f0a8a9e3a4058ae90c917cc5d3726.jpg
-12.853718757629395,-58.44480514526367,0.0,Doc,1,3,2,6,Document-Fake,/mnt/public/public_datasets/OpenMMSecV2/Doc/non_aigc/cover/imgs/32d16835951b4e4194654316dc6d17a4.jpg
-49.310821533203125,-39.54286193847656,0.0,Doc,1,3,2,6,Document-Fake,/mnt/public/public_datasets/OpenMMSecV2/Doc/non_aigc/copy-move/imgs/3faf174995d0492bbca4dff2383903f0.jpg
16.47468376159668,65.94828033447266,0.0,deepfake,0,1,1,1,Deepfake-Real,/mnt/public/public_datasets/OpenMMSecV2/Deepfake/Real/FF++/4c98f488e35c4ef59c541ba6647c819b.png
39.35905075073242,-22.609142303466797,0.0,Doc,0,3,1,5,Document-Real,/mnt/public/public_datasets/OpenMMSecV2/Doc/aigc/derend/imgs/1f474300c3304deb891e0762f4dc3a95.jpg
24.426315307617188,10.881625175476074,0.0,IMDL,1,4,2,8,IMDL-Fake,/mnt/public/public_datasets/OpenMMSecV2/IMDL/non_generative/manual_ps/imgs/c78a4fc117de4679bd23dd8d33eba0ea.jpg
16.86351776123047,58.43399429321289,0.0,deepfake,0,1,1,1,Deepfake-Real,/mnt/public/public_datasets/OpenMMSecV2/Deepfake/Real/CelebDF-v2/e94b6689512c4a96868c69685d294c31.png
-22.23488998413086,65.01117706298828,0.0,deepfake,1,1,2,2,Deepfake-Fake,/mnt/public/public_datasets/OpenMMSecV2/Deepfake/Fake/FaceReenactment/OneShot/3c87ca720e704a588160360b20b9ca72.png
31.960987091064453,-13.445866584777832,0.0,Doc,0,3,1,5,Document-Real,/mnt/public/public_datasets/OpenMMSecV2/Doc/Real/86881bf479314ef889f07cafa1c14c8a.jpg
-23.346149444580078,-4.438032150268555,0.0,IMDL,1,4,2,8,IMDL-Fake,/mnt/public/public_datasets/OpenMMSecV2/IMDL/non_generative/manual_ps/imgs/1b86e3688c1d48eebb3bfe1388402d09.jpg
-32.2906494140625,-44.71244430541992,0.0,Doc,1,3,2,6,Document-Fake,/mnt/public/public_datasets/OpenMMSecV2/Doc/non_aigc/copy-move/imgs/f94e1cf08a79401ab79d9054c83dd06a.jpg
-21.402231216430664,-46.362030029296875,0.0,Doc,1,3,2,6,Document-Fake,/mnt/public/public_datasets/OpenMMSecV2/Doc/non_aigc/copy-move/imgs/42d5209c347843fc831e3f5ceaad49a7.jpg
6.574577808380127,4.0968732833862305,0.0,IMDL,1,4,2,8,IMDL-Fake,/mnt/public/public_datasets/OpenMMSecV2/IMDL/non_generative/manual_ps/imgs/d380aa855e4d4400b5f04269aef2d099.jpg
-2.643299102783203,59.25424575805664,0.0,deepfake,1,1,2,2,Deepfake-Fake,/mnt/public/public_datasets/OpenMMSecV2/Deepfake/Fake/FaceReenactment/Wav2Lip/1c414dc5443f4a8fb61cddb00295d432.png
-15.806610107421875,-3.3585424423217773,0.0,AIGC,0,2,1,3,AIGC-Real,/mnt/public/public_datasets/OpenMMSecV2/AIGC/other/online/imgs/b7bc993d3ba64d4d9b4586cca744e1e5.jpg
3.103210687637329,-2.6806800365448,0.0,AIGC,1,2,2,4,AIGC-Fake,/mnt/public/public_datasets/OpenMMSecV2/AIGC/pixel_diffusion/glide/imgs/770496ad3dfe4aedb79fb69548fb617d.png
12.96408462524414,52.806610107421875,0.0,deepfake,0,1,1,1,Deepfake-Real,/mnt/public/public_datasets/OpenMMSecV2/Deepfake/Real/CelebDF-v2/6553480dea1d444bb15f3f969add3707.png
49.70380401611328,-11.220433235168457,0.0,Doc,1,3,2,6,Document-Fake,/mnt/public/public_datasets/OpenMMSecV2/Doc/aigc/udifftext/imgs/e9708327b53c4f858c17b3d511f4814c.jpg
-17.627666473388672,63.43429183959961,0.0,deepfake,1,1,2,2,Deepfake-Fake,/mnt/public/public_datasets/OpenMMSecV2/Deepfake/Fake/FaceSwap/InSwapper/b3ebe30364604a519671bc7f96dda5d2.png
-0.933985710144043,-20.72277069091797,0.0,AIGC,0,2,1,3,AIGC-Real,/mnt/public/public_datasets/OpenMMSecV2/AIGC/other/online/imgs/af764bff907c406baf3774ee1ea32362.jpg
24.22386932373047,-28.245269775390625,0.0,AIGC,0,2,1,3,AIGC-Real,/mnt/public/public_datasets/OpenMMSecV2/AIGC/laion/6f94ec666af04eaebc03163bbec20445.jpg
22.38109588623047,-6.306608200073242,0.0,IMDL,1,4,2,8,IMDL-Fake,/mnt/public/public_datasets/OpenMMSecV2/IMDL/non_generative/manual_ps/imgs/e2c5dbcdf1394440862829daf1af4ad3.tif
-14.086161613464355,-10.549110412597656,0.0,IMDL,0,4,1,7,IMDL-Real,/mnt/public/public_datasets/OpenMMSecV2/IMDL/non_generative/manual_ps/imgs/60881c88faa0473eb74775573e73a5c0.jpg
24.476789474487305,-5.699272155761719,0.0,IMDL,0,4,1,7,IMDL-Real,/mnt/public/public_datasets/OpenMMSecV2/IMDL/generative/coco/imgs/78a8a80b7f5e44a0928349d421821fe9.jpg
-8.44543743133545,22.335729598999023,0.0,AIGC,1,2,2,4,AIGC-Fake,/mnt/public/public_datasets/OpenMMSecV2/AIGC/other/online/imgs/45f49bbc6d7f4b3b845cbd7356e519c1.jpg
5.516671657562256,42.791465759277344,0.0,deepfake,0,1,1,1,Deepfake-Real,/mnt/public/public_datasets/OpenMMSecV2/Deepfake/Real/FFHQ/08ed7918c28e4940a20053f9cd2b0b63.jpg
13.236246109008789,39.33918380737305,0.0,AIGC,0,2,1,3,AIGC-Real,/mnt/public/public_datasets/OpenMMSecV2/AIGC/laion/ccabdd66b1db43b0bc90084e1fda3977.jpg
5.630084037780762,-11.049537658691406,0.0,IMDL,1,4,2,8,IMDL-Fake,/mnt/public/public_datasets/OpenMMSecV2/IMDL/generative/stable_diffusion/imgs/f59ba679e5514ed091975cc4c4839c42.png
-34.26351547241211,30.530750274658203,0.0,deepfake,1,1,2,2,Deepfake-Fake,/mnt/public/public_datasets/OpenMMSecV2/Deepfake/Fake/EntireFaceSynthesis/SD-2.1/885e34f7b010492c92342c8daa2ae6c8.png
-1.5338608026504517,-3.392681360244751,0.0,AIGC,1,2,2,4,AIGC-Fake,/mnt/public/public_datasets/OpenMMSecV2/AIGC/other/online/imgs/3cb1b6fd9e6f47b69aaf6d7e2471c23f.jpg
19.15257453918457,-37.58113098144531,0.0,AIGC,0,2,1,3,AIGC-Real,/mnt/public/public_datasets/OpenMMSecV2/AIGC/laion/8770cd096eae41f49709cc8e222bed94.jpg
-10.747029304504395,-52.604835510253906,0.0,Doc,0,3,1,5,Document-Real,/mnt/public/public_datasets/OpenMMSecV2/Doc/Real/862a9f76d7f742ce9e655c110324de20.jpg
-6.353403568267822,-10.740774154663086,0.0,IMDL,1,4,2,8,IMDL-Fake,/mnt/public/public_datasets/OpenMMSecV2/IMDL/non_generative/manual_ps/imgs/7f2757ee77f24a578619e8e752b4f302.jpg
5.712541103363037,12.445609092712402,0.0,IMDL,1,4,2,8,IMDL-Fake,/mnt/public/public_datasets/OpenMMSecV2/IMDL/non_generative/manual_ps/imgs/a4e4cceb51fc467ca875a6d3a064c72c.jpg
-46.71883773803711,-38.272918701171875,0.0,Doc,1,3,2,6,Document-Fake,/mnt/public/public_datasets/OpenMMSecV2/Doc/non_aigc/generation/imgs/8e4d18fdaf8c4bcd96c822cd0d415596.jpg
14.191696166992188,-4.1663007736206055,0.0,AIGC,0,2,1,3,AIGC-Real,/mnt/public/public_datasets/OpenMMSecV2/AIGC/pixel_diffusion/glide/imgs/177bde335a2145b08b6b9512c00846aa.JPEG
22.859375,2.607651710510254,0.0,IMDL,0,4,1,7,IMDL-Real,/mnt/public/public_datasets/OpenMMSecV2/IMDL/generative/coco/imgs/5a6faf5e341f4249be0d715df3c9c6f9.jpg
-21.175640106201172,64.6623306274414,0.0,deepfake,1,1,2,2,Deepfake-Fake,/mnt/public/public_datasets/OpenMMSecV2/Deepfake/Fake/FaceReenactment/FS_vid2vid/15f53d4023ea480689291c0476a44dfc.png
27.925607681274414,1.1537280082702637,0.0,AIGC,0,2,1,3,AIGC-Real,/mnt/public/public_datasets/OpenMMSecV2/AIGC/other/online/imgs/26ddc188d9ee4ea2a00385b4e0c4dc82.jpg
-14.51053237915039,-56.73722457885742,0.0,Doc,0,3,1,5,Document-Real,/mnt/public/public_datasets/OpenMMSecV2/Doc/Real/e00b8700de304529a926a3722a8786b5.jpg
-1.7740130424499512,62.38978576660156,0.0,deepfake,0,1,1,1,Deepfake-Real,/mnt/public/public_datasets/OpenMMSecV2/Deepfake/Real/FF++/ee22889e0cc948c8971ed45787e04541.png
5.626338481903076,-2.4161620140075684,0.0,AIGC,1,2,2,4,AIGC-Fake,/mnt/public/public_datasets/OpenMMSecV2/AIGC/GAN/GigaGAN/909d6c07aabb491096a05276068ba153.jpg
-15.189641952514648,-11.84071159362793,0.0,IMDL,1,4,2,8,IMDL-Fake,/mnt/public/public_datasets/OpenMMSecV2/IMDL/non_generative/manual_ps/imgs/f5f968d7d5d042f2a5ff5e21208cc50b.tif
33.64667510986328,-31.089094161987305,0.0,AIGC,0,2,1,3,AIGC-Real,/mnt/public/public_datasets/OpenMMSecV2/AIGC/laion/0ff3131fa06944689371a36af2b769ce.jpg
11.931875228881836,11.553726196289062,0.0,IMDL,0,4,1,7,IMDL-Real,/mnt/public/public_datasets/OpenMMSecV2/IMDL/generative/flux_1/imgs/865f79246d4d4785bce5612c62e27460.png
-24.86064910888672,13.409832000732422,0.0,AIGC,1,2,2,4,AIGC-Fake,/mnt/public/public_datasets/OpenMMSecV2/AIGC/latent_diffusion/systematic/bfcfcda4c385492ea1af1e25abeb8be1.jpg
-6.3787994384765625,-11.36939811706543,0.0,IMDL,0,4,1,7,IMDL-Real,/mnt/public/public_datasets/OpenMMSecV2/IMDL/non_generative/manual_ps/imgs/3c2e7cd33d3c4487b3d9c095ca76753c.jpg
-11.604592323303223,-41.41047668457031,0.0,Doc,1,3,2,6,Document-Fake,/mnt/public/public_datasets/OpenMMSecV2/Doc/non_aigc/cpmv/imgs/8ce1861d25d24c229aa4b615f87c67ec.jpg
-12.412189483642578,70.04887390136719,0.0,deepfake,1,1,2,2,Deepfake-Fake,/mnt/public/public_datasets/OpenMMSecV2/Deepfake/Fake/EntireFaceSynthesis/RDDM/91f464c4321246ac9b3342e816adadb2.png
-13.514339447021484,66.47264862060547,0.0,deepfake,1,1,2,2,Deepfake-Fake,/mnt/public/public_datasets/OpenMMSecV2/Deepfake/Fake/FaceReenactment/DaGAN/870b2805dd8d4fefa862040097953caf.png
-2.9097342491149902,-40.44534683227539,0.0,Doc,0,3,1,5,Document-Real,/mnt/public/public_datasets/OpenMMSecV2/Doc/Real/dce980898b9b4814b17c9a636041364d.jpg
5.018259525299072,7.657069206237793,0.0,IMDL,1,4,2,8,IMDL-Fake,/mnt/public/public_datasets/OpenMMSecV2/IMDL/non_generative/manual_ps/imgs/147328d006d3497da8905822f0bdb29e.jpg
-40.068939208984375,-38.103607177734375,0.0,Doc,0,3,1,5,Document-Real,/mnt/public/public_datasets/OpenMMSecV2/Doc/Real/1774ad5ade3644f9a77c473881d5ea1d.jpg
49.16959762573242,-15.713248252868652,0.0,Doc,1,3,2,6,Document-Fake,/mnt/public/public_datasets/OpenMMSecV2/Doc/aigc/derend/imgs/d541e0017cd84be49abd9c0224586562.jpg
30.829320907592773,-2.2407259941101074,0.0,Doc,0,3,1,5,Document-Real,/mnt/public/public_datasets/OpenMMSecV2/Doc/Real/755663eb8dea4ad89902a8ca0e5a0272.jpg
-11.888404846191406,-60.24309539794922,0.0,Doc,1,3,2,6,Document-Fake,/mnt/public/public_datasets/OpenMMSecV2/Doc/non_aigc/cpmv/imgs/af4163adb5da4481a245124ae848f313.jpg
18.71060562133789,50.77867126464844,0.0,deepfake,0,1,1,1,Deepfake-Real,/mnt/public/public_datasets/OpenMMSecV2/Deepfake/Real/FF++/dcf36d7d13d54dd5a15b30f92820e3e1.png
-17.556100845336914,-45.97114181518555,0.0,Doc,1,3,2,6,Document-Fake,/mnt/public/public_datasets/OpenMMSecV2/Doc/non_aigc/copy-move/imgs/a3d048bc785b42c8b927ec5ae79021f7.jpg
50.322837829589844,-14.206775665283203,0.0,Doc,1,3,2,6,Document-Fake,/mnt/public/public_datasets/OpenMMSecV2/Doc/aigc/mostel/imgs/af00dcc5df0847d9943db50965d580f5.jpg
15.968598365783691,12.038914680480957,0.0,IMDL,0,4,1,7,IMDL-Real,/mnt/public/public_datasets/OpenMMSecV2/IMDL/generative/stable_diffusion/imgs/c2598b76c7da4d749d3703de0fd51756.png
-3.0218725204467773,65.83425903320312,0.0,deepfake,1,1,2,2,Deepfake-Fake,/mnt/public/public_datasets/OpenMMSecV2/Deepfake/Fake/FaceSwap/InSwapper/b0b40a627d7d4340b0296f7b84605686.png
-32.46993637084961,-54.5980339050293,0.0,Doc,1,3,2,6,Document-Fake,/mnt/public/public_datasets/OpenMMSecV2/Doc/non_aigc/cpmv/imgs/43523d05788e4682be64f5d5a782e5c2.jpg
17.832584381103516,19.651996612548828,0.0,IMDL,1,4,2,8,IMDL-Fake,/mnt/public/public_datasets/OpenMMSecV2/IMDL/non_generative/manual_ps/imgs/e56ef1b8237d464e8f34229b0a841f8b.jpg
-24.42881202697754,35.79905700683594,0.0,deepfake,1,1,2,2,Deepfake-Fake,/mnt/public/public_datasets/OpenMMSecV2/Deepfake/Fake/FaceEditing/e4e/6fff6aa453e64e8d930a0eb19e555b68.jpg
24.839248657226562,6.302967071533203,0.0,IMDL,0,4,1,7,IMDL-Real,/mnt/public/public_datasets/OpenMMSecV2/IMDL/generative/coco/imgs/0037203528f24db49fdf68510df62f1f.jpg
-32.931358337402344,-13.470733642578125,0.0,IMDL,1,4,2,8,IMDL-Fake,/mnt/public/public_datasets/OpenMMSecV2/IMDL/generative/gan_mat/imgs/e08629dd34cd4630b42bb8bc72e81db3.jpg
7.642003059387207,15.11374568939209,0.0,IMDL,0,4,1,7,IMDL-Real,/mnt/public/public_datasets/OpenMMSecV2/IMDL/generative/coco/imgs/b2c50cb60b63478cb68fe6b7c307ad03.jpg
24.311370849609375,9.725358963012695,0.0,AIGC,1,2,2,4,AIGC-Fake,/mnt/public/public_datasets/OpenMMSecV2/AIGC/other/online/imgs/e3c9724074f542508376560c963b5b9d.jpg
19.020662307739258,59.73591995239258,0.0,deepfake,0,1,1,1,Deepfake-Real,/mnt/public/public_datasets/OpenMMSecV2/Deepfake/Real/UADFV/7bb349cea9044d79ac03d2621debec6a.png
23.824373245239258,0.39297720789909363,0.0,IMDL,0,4,1,7,IMDL-Real,/mnt/public/public_datasets/OpenMMSecV2/IMDL/generative/coco/imgs/6899fc92823947ce8fcf126ad1ec9691.jpg
39.46488952636719,-24.14697265625,0.0,Doc,0,3,1,5,Document-Real,/mnt/public/public_datasets/OpenMMSecV2/Doc/aigc/derend/imgs/486ec1e782c3481ea711c736701a9687.jpg
-10.670652389526367,50.43338394165039,0.0,deepfake,1,1,2,2,Deepfake-Fake,/mnt/public/public_datasets/OpenMMSecV2/Deepfake/Fake/EntireFaceSynthesis/StyleGAN-XL/7d3799317f75424f98e189d64ba399f9.png
-12.860469818115234,70.714599609375,0.0,deepfake,1,1,2,2,Deepfake-Fake,/mnt/public/public_datasets/OpenMMSecV2/Deepfake/Fake/EntireFaceSynthesis/RDDM/9d02c24458174cc3b90536f9cacf9ba2.png
-35.10299301147461,-44.19363021850586,0.0,Doc,1,3,2,6,Document-Fake,/mnt/public/public_datasets/OpenMMSecV2/Doc/non_aigc/copy-move/imgs/08bd02a09e38487fab05a64797af1ca9.jpg
-27.093215942382812,-11.222602844238281,0.0,Doc,1,3,2,6,Document-Fake,/mnt/public/public_datasets/OpenMMSecV2/Doc/aigc/derend/imgs/889ab1f89f5d4a4584ac99891e93e3d9.jpg
-15.835501670837402,-3.4319355487823486,0.0,AIGC,1,2,2,4,AIGC-Fake,/mnt/public/public_datasets/OpenMMSecV2/AIGC/GAN/BigGAN/5bf6d0a89c254339aff2411eef69c305.jpg
-26.011491775512695,-9.477792739868164,0.0,IMDL,1,4,2,8,IMDL-Fake,/mnt/public/public_datasets/OpenMMSecV2/IMDL/generative/paintbyexample/imgs/11739338955046f4a75cef9644c48f52.jpg
15.632286071777344,-37.8448486328125,0.0,AIGC,0,2,1,3,AIGC-Real,/mnt/public/public_datasets/OpenMMSecV2/AIGC/laion/e5668f6e8daf4bea8e5a8bc282c77377.jpg
6.380817413330078,-8.97312068939209,0.0,IMDL,1,4,2,8,IMDL-Fake,/mnt/public/public_datasets/OpenMMSecV2/IMDL/non_generative/manual_ps/imgs/129a1092bc544446b97d8496075d6247.jpg
-2.321485757827759,-8.520519256591797,0.0,IMDL,1,4,2,8,IMDL-Fake,/mnt/public/public_datasets/OpenMMSecV2/IMDL/non_generative/manual_ps/imgs/e9f94a9dc15a45158db97f57c5f030dc.tif
1.0257385969161987,64.9158706665039,0.0,deepfake,1,1,2,2,Deepfake-Fake,/mnt/public/public_datasets/OpenMMSecV2/Deepfake/Fake/EntireFaceSynthesis/StyleGAN-XL/a962c1ef0f104244a95904f893f62344.png
0.1608589142560959,-14.800942420959473,0.0,AIGC,0,2,1,3,AIGC-Real,/mnt/public/public_datasets/OpenMMSecV2/AIGC/laion/102b2d74c407446b9aff4ea4d9aaee07.jpg
-25.516448974609375,-13.300061225891113,0.0,AIGC,1,2,2,4,AIGC-Fake,/mnt/public/public_datasets/OpenMMSecV2/AIGC/other/online/imgs/0f31fda090d740c6bc5f1727433f08a5.jpg
4.383836269378662,-5.07962703704834,0.0,AIGC,0,2,1,3,AIGC-Real,/mnt/public/public_datasets/OpenMMSecV2/AIGC/other/online/imgs/06c817478da146a09abaefe5a49a8b8f.jpg
-8.019787788391113,16.37097930908203,0.0,AIGC,0,2,1,3,AIGC-Real,/mnt/public/public_datasets/OpenMMSecV2/AIGC/laion/c5aacf544eed46798d74856c06bcce42.jpg
-6.814528465270996,0.7225683927536011,0.0,AIGC,1,2,2,4,AIGC-Fake,/mnt/public/public_datasets/OpenMMSecV2/AIGC/latent_diffusion/systematic/73c57eed7be44e69b7a64353f7dd09e4.jpg
17.011001586914062,61.8739128112793,0.0,deepfake,0,1,1,1,Deepfake-Real,/mnt/public/public_datasets/OpenMMSecV2/Deepfake/Real/FF++/2a70354347f54f51adb2ba7676e9f469.png
-1.9737343788146973,7.24379301071167,0.0,IMDL,0,4,1,7,IMDL-Real,/mnt/public/public_datasets/OpenMMSecV2/IMDL/generative/flux_1/imgs/982641f50399488ab39297ea2a4e343a.png
17.055200576782227,-33.916500091552734,0.0,AIGC,0,2,1,3,AIGC-Real,/mnt/public/public_datasets/OpenMMSecV2/AIGC/laion/425595d5d826407e891a00b84198e86d.jpg
11.993545532226562,47.837162017822266,0.0,deepfake,0,1,1,1,Deepfake-Real,/mnt/public/public_datasets/OpenMMSecV2/Deepfake/Real/FF++/1d320ed6ade1424f9eaee1c44992beb5.png
-21.678373336791992,12.42621898651123,0.0,AIGC,1,2,2,4,AIGC-Fake,/mnt/public/public_datasets/OpenMMSecV2/AIGC/commercial/dalle/b61d06850dfd45a095111614cb00447a.jpg
3.1925013065338135,-29.94791603088379,0.0,AIGC,0,2,1,3,AIGC-Real,/mnt/public/public_datasets/OpenMMSecV2/AIGC/laion/9b58366e762a443dbff68a86b214ba3b.jpg
-18.08877182006836,61.54694747924805,0.0,deepfake,1,1,2,2,Deepfake-Fake,/mnt/public/public_datasets/OpenMMSecV2/Deepfake/Fake/FaceSwap/SimSwap/97f3770e489f4fa1b6886dfdaa18edc0.png
36.24647903442383,-14.581816673278809,0.0,Doc,0,3,1,5,Document-Real,/mnt/public/public_datasets/OpenMMSecV2/Doc/aigc/anytext/imgs/339017a537364f76969e21b7f9eaad31.jpg
-17.261255264282227,-11.272873878479004,0.0,IMDL,1,4,2,8,IMDL-Fake,/mnt/public/public_datasets/OpenMMSecV2/IMDL/non_generative/manual_ps/imgs/a7a92b303eda4512842aca7f26a654c5.tif
23.198108673095703,57.08659744262695,0.0,deepfake,0,1,1,1,Deepfake-Real,/mnt/public/public_datasets/OpenMMSecV2/Deepfake/Real/CelebA/6e3188f77503481cbfc4d9c1da485331.jpg
11.34369945526123,50.07051467895508,0.0,deepfake,0,1,1,1,Deepfake-Real,/mnt/public/public_datasets/OpenMMSecV2/Deepfake/Real/DFD/08f5b712328d49cbb7be3bacabef266a.png
11.306962966918945,12.965916633605957,0.0,IMDL,0,4,1,7,IMDL-Real,/mnt/public/public_datasets/OpenMMSecV2/IMDL/generative/flux_1/imgs/45e0a7c91b6e44baa65274f763a29992.png
-28.60025978088379,38.521236419677734,0.0,AIGC,1,2,2,4,AIGC-Fake,/mnt/public/public_datasets/OpenMMSecV2/AIGC/GAN/ProjectedGAN/94cd93ccda174f0381ed92cfa9493bf6.jpg
-4.391193389892578,7.789914131164551,0.0,AIGC,1,2,2,4,AIGC-Fake,/mnt/public/public_datasets/OpenMMSecV2/AIGC/latent_diffusion/systematic/515b77473dfc4a95ad715aa0922132bc.jpg
2.35479736328125,55.50633239746094,0.0,deepfake,0,1,1,1,Deepfake-Real,/mnt/public/public_datasets/OpenMMSecV2/Deepfake/Real/CelebDF-v2/a0e60129bedc4dfcba46a74082364513.png
-1.7878161668777466,63.71147537231445,0.0,deepfake,1,1,2,2,Deepfake-Fake,/mnt/public/public_datasets/OpenMMSecV2/Deepfake/Fake/FaceSwap/FaceShifter/a86add598be046c8bf57e3c2a97c1912.png
16.64818572998047,-32.6561393737793,0.0,AIGC,0,2,1,3,AIGC-Real,/mnt/public/public_datasets/OpenMMSecV2/AIGC/laion/84dfb49b6c764cab8260c017ddfedb7c.jpg
45.752845764160156,-20.32094383239746,0.0,Doc,0,3,1,5,Document-Real,/mnt/public/public_datasets/OpenMMSecV2/Doc/Real/def26e3f961545468c994ba50ba2a6fa.jpg
23.42106056213379,17.66030502319336,0.0,AIGC,0,2,1,3,AIGC-Real,/mnt/public/public_datasets/OpenMMSecV2/AIGC/laion/105d115e4c95421686fb6648623b0be1.jpg
28.117128372192383,-6.302497863769531,0.0,AIGC,0,2,1,3,AIGC-Real,/mnt/public/public_datasets/OpenMMSecV2/AIGC/pixel_diffusion/glide/imgs/e818738aa54a42419226ddabb40a28c0.JPEG
30.365814208984375,0.6582490801811218,0.0,IMDL,0,4,1,7,IMDL-Real,/mnt/public/public_datasets/OpenMMSecV2/IMDL/generative/coco/imgs/6bc1882684d84ac79f281e1ebfd0a199.jpg
19.69748306274414,-8.791657447814941,0.0,AIGC,0,2,1,3,AIGC-Real,/mnt/public/public_datasets/OpenMMSecV2/AIGC/laion/cbc4c1b4899743909296e02c73dc06dd.jpg
-13.870075225830078,51.397281646728516,0.0,deepfake,1,1,2,2,Deepfake-Fake,/mnt/public/public_datasets/OpenMMSecV2/Deepfake/Fake/FaceEditing/StarGAN/179393641ee544f88f44ead74d77813c.jpg
12.680631637573242,10.137983322143555,0.0,IMDL,0,4,1,7,IMDL-Real,/mnt/public/public_datasets/OpenMMSecV2/IMDL/generative/coco/imgs/8087bfcb32094c61b5ae3bdb0fb8f4f2.jpg
-8.98391056060791,3.5584912300109863,0.0,AIGC,1,2,2,4,AIGC-Fake,/mnt/public/public_datasets/OpenMMSecV2/AIGC/commercial/ideogram/b52d718aa6fc498d9c1186eafaabd1be.jpg
-10.728655815124512,6.268035888671875,0.0,IMDL,1,4,2,8,IMDL-Fake,/mnt/public/public_datasets/OpenMMSecV2/IMDL/generative/stable_diffusion/imgs/4efdef344e9341d28c97d54d50c8f7a9.png
-26.683555603027344,-2.1236202716827393,0.0,AIGC,0,2,1,3,AIGC-Real,/mnt/public/public_datasets/OpenMMSecV2/AIGC/GAN/BigGAN/imgs/77588ed0b510424d8df4f7b5c1a3f2ea.JPEG
-30.58821678161621,-54.970455169677734,0.0,Doc,1,3,2,6,Document-Fake,/mnt/public/public_datasets/OpenMMSecV2/Doc/non_aigc/cover/imgs/bfe83a82920b4c10840b3104dca81ff0.jpg
-9.635129928588867,-40.5971565246582,0.0,Doc,0,3,1,5,Document-Real,/mnt/public/public_datasets/OpenMMSecV2/Doc/Real/21ecd366ac4244cfb701760c2e4e6ec1.jpg
-10.630865097045898,-1.3467345237731934,0.0,IMDL,1,4,2,8,IMDL-Fake,/mnt/public/public_datasets/OpenMMSecV2/IMDL/non_generative/manual_ps/imgs/33c970a4679c4a1cb19b2bf81b75019c.jpg
18.970521926879883,-39.41498947143555,0.0,AIGC,0,2,1,3,AIGC-Real,/mnt/public/public_datasets/OpenMMSecV2/AIGC/laion/6f9dd362dced49acac0377a96a1f0bea.jpg
1.3962600231170654,56.452491760253906,0.0,deepfake,1,1,2,2,Deepfake-Fake,/mnt/public/public_datasets/OpenMMSecV2/Deepfake/Fake/FaceReenactment/Wav2Lip/a8b250d624ef4d0890be2a2c8cab419f.png
5.939524173736572,8.24025821685791,0.0,IMDL,1,4,2,8,IMDL-Fake,/mnt/public/public_datasets/OpenMMSecV2/IMDL/non_generative/manual_ps/imgs/8cd151f612184a0680c165eb81d9994b.jpg
-20.36315155029297,-12.093806266784668,0.0,AIGC,0,2,1,3,AIGC-Real,/mnt/public/public_datasets/OpenMMSecV2/AIGC/laion/f44b4c9fdeac404a93b5c7bce37d8062.jpg
-20.048763275146484,-4.717844486236572,0.0,AIGC,1,2,2,4,AIGC-Fake,/mnt/public/public_datasets/OpenMMSecV2/AIGC/GAN/BigGAN/72e09b8eafc944a584dd9fdbc3028f4a.jpg
-30.070878982543945,-53.670692443847656,0.0,Doc,1,3,2,6,Document-Fake,/mnt/public/public_datasets/OpenMMSecV2/Doc/non_aigc/cpmv/imgs/37364f905b0443f795b26f028daf06ab.jpg
20.526426315307617,4.5539140701293945,0.0,IMDL,0,4,1,7,IMDL-Real,/mnt/public/public_datasets/OpenMMSecV2/IMDL/generative/coco/imgs/046ea8660ab54dea97e66729d1ca7414.jpg
-13.084630012512207,60.5587158203125,0.0,deepfake,1,1,2,2,Deepfake-Fake,/mnt/public/public_datasets/OpenMMSecV2/Deepfake/Fake/FaceReenactment/HyperReenact/16eaab20b8854cc292099d9858e862bb.png
-5.644437313079834,-10.55617904663086,0.0,AIGC,0,2,1,3,AIGC-Real,/mnt/public/public_datasets/OpenMMSecV2/AIGC/laion/67a7d8266fe841cb8c8b2c83093e55d3.jpg
18.883617401123047,-31.2000675201416,0.0,AIGC,0,2,1,3,AIGC-Real,/mnt/public/public_datasets/OpenMMSecV2/AIGC/laion/c8e8b13651614da2a89c196aca36a188.jpg
-25.8946533203125,-57.47376251220703,0.0,Doc,1,3,2,6,Document-Fake,/mnt/public/public_datasets/OpenMMSecV2/Doc/non_aigc/generation/imgs/eedac52102e74d8e9bbae0034f9898c5.jpg
-21.336471557617188,-59.51206588745117,0.0,Doc,1,3,2,6,Document-Fake,/mnt/public/public_datasets/OpenMMSecV2/Doc/non_aigc/cpmv/imgs/33733beb83a74797bc474ee7cb8c4da8.jpg
12.126482009887695,-34.74354553222656,0.0,AIGC,0,2,1,3,AIGC-Real,/mnt/public/public_datasets/OpenMMSecV2/AIGC/laion/e60e061a4d074ef0a53ab370635a289a.jpg
4.337457180023193,6.189436435699463,0.0,Doc,0,3,1,5,Document-Real,/mnt/public/public_datasets/OpenMMSecV2/Doc/Real/9dabae7f14d545ada5b2396b9f493fd8.jpg
9.20030403137207,60.99114227294922,0.0,deepfake,0,1,1,1,Deepfake-Real,/mnt/public/public_datasets/OpenMMSecV2/Deepfake/Real/FF++/1d801c7011b24f2db40c4553b30e5475.png
13.678269386291504,54.49081802368164,0.0,deepfake,0,1,1,1,Deepfake-Real,/mnt/public/public_datasets/OpenMMSecV2/Deepfake/Real/CelebDF-v2/0059012d88e74bcc98e8be76a149a63a.png
1.715006709098816,-9.647296905517578,0.0,IMDL,0,4,1,7,IMDL-Real,/mnt/public/public_datasets/OpenMMSecV2/IMDL/generative/stable_diffusion/imgs/ac5305285fd64640ba7b119dadc50c42.png
25.851444244384766,-0.64023357629776,0.0,AIGC,0,2,1,3,AIGC-Real,/mnt/public/public_datasets/OpenMMSecV2/AIGC/laion/71eec1c2b2f64300b418b5dc9644c139.jpg
10.732542991638184,-61.87948989868164,0.0,Doc,0,3,1,5,Document-Real,/mnt/public/public_datasets/OpenMMSecV2/Doc/Real/33cf201bdcb54630bd76e9ddeddab9a4.jpg
-13.868162155151367,3.952117919921875,0.0,IMDL,1,4,2,8,IMDL-Fake,/mnt/public/public_datasets/OpenMMSecV2/IMDL/non_generative/manual_ps/imgs/1b3472a36c3e477db07b620ade64e0ed.jpg
-21.151273727416992,58.980125427246094,0.0,deepfake,1,1,2,2,Deepfake-Fake,/mnt/public/public_datasets/OpenMMSecV2/Deepfake/Fake/FaceSwap/Unknow_FS/f243cc4ab1664f64a7f1f2bb897e989b.png
-13.907733917236328,-62.15995407104492,0.0,Doc,1,3,2,6,Document-Fake,/mnt/public/public_datasets/OpenMMSecV2/Doc/non_aigc/generation/imgs/a220e6107be545ed89410b724ca3c455.jpg
26.82154655456543,-1.5810089111328125,0.0,IMDL,0,4,1,7,IMDL-Real,/mnt/public/public_datasets/OpenMMSecV2/IMDL/generative/coco/imgs/2e91a496f23c448981592ecaed95adf5.jpg
26.191917419433594,-30.04668426513672,0.0,Doc,1,3,2,6,Document-Fake,/mnt/public/public_datasets/OpenMMSecV2/Doc/aigc/textocr/imgs/c4e8ffd926144e25811a8acdfc84bbf3.jpg
27.099109649658203,0.5454497933387756,0.0,IMDL,0,4,1,7,IMDL-Real,/mnt/public/public_datasets/OpenMMSecV2/IMDL/generative/coco/imgs/b6adfb79f40c497ab78eb11306f02112.jpg
-13.797119140625,5.322404384613037,0.0,AIGC,1,2,2,4,AIGC-Fake,/mnt/public/public_datasets/OpenMMSecV2/AIGC/other/online/imgs/a1315d5a93d24a55bbc94daa2eb430fa.jpg
1.2884564399719238,21.787837982177734,0.0,AIGC,0,2,1,3,AIGC-Real,/mnt/public/public_datasets/OpenMMSecV2/AIGC/other/online/imgs/51a0860af5534f8b884e4f64f2f5a4f8.jpg
16.80109977722168,-38.117008209228516,0.0,AIGC,0,2,1,3,AIGC-Real,/mnt/public/public_datasets/OpenMMSecV2/AIGC/laion/234f66b1b4734b1e9404cb644d1765e5.jpg
-23.900650024414062,-57.24553680419922,0.0,Doc,0,3,1,5,Document-Real,/mnt/public/public_datasets/OpenMMSecV2/Doc/Real/81f8590945d94b048fe4f3bebae7d2bf.jpg
-12.208948135375977,-10.380011558532715,0.0,IMDL,1,4,2,8,IMDL-Fake,/mnt/public/public_datasets/OpenMMSecV2/IMDL/non_generative/manual_ps/imgs/76814fb37e3a42a9b379999662f2f976.jpg
26.091352462768555,-26.236927032470703,0.0,Doc,1,3,2,6,Document-Fake,/mnt/public/public_datasets/OpenMMSecV2/Doc/aigc/textocr/imgs/caf7b6a381ea4b84980f5d77330d6614.jpg
-21.743309020996094,65.5272445678711,0.0,deepfake,1,1,2,2,Deepfake-Fake,/mnt/public/public_datasets/OpenMMSecV2/Deepfake/Fake/FaceReenactment/TPSMM/77ab158c075f41558aa41400cb1d8b11.png
40.41249465942383,-15.044964790344238,0.0,Doc,0,3,1,5,Document-Real,/mnt/public/public_datasets/OpenMMSecV2/Doc/Real/dfbf11b9a2a7402c8ad5b06d39a5d0b9.jpg
-13.59494686126709,-9.861298561096191,0.0,AIGC,1,2,2,4,AIGC-Fake,/mnt/public/public_datasets/OpenMMSecV2/AIGC/commercial/wukong/imgs/92c3605742fc4c2f98fc9eaf9254f36f.png
-27.85838508605957,-55.08006286621094,0.0,Doc,1,3,2,6,Document-Fake,/mnt/public/public_datasets/OpenMMSecV2/Doc/non_aigc/generation/imgs/0028ce7d2d5447cb8650370968caba6b.jpg
20.28889274597168,59.523681640625,0.0,deepfake,0,1,1,1,Deepfake-Real,/mnt/public/public_datasets/OpenMMSecV2/Deepfake/Real/UADFV/c859a7057e2843b2add8b89e54ea94bb.png
-25.669034957885742,31.782855987548828,0.0,AIGC,1,2,2,4,AIGC-Fake,/mnt/public/public_datasets/OpenMMSecV2/AIGC/autoregressive_model/tamingtransformers/ba91b991f3504c2f9e6310dbc95f8213.jpg
15.121210098266602,16.012834548950195,0.0,IMDL,0,4,1,7,IMDL-Real,/mnt/public/public_datasets/OpenMMSecV2/IMDL/generative/coco/imgs/e1a9fb2e685f479c8ed304e5b83b10ff.jpg
15.568138122558594,57.82560348510742,0.0,deepfake,0,1,1,1,Deepfake-Real,/mnt/public/public_datasets/OpenMMSecV2/Deepfake/Real/FF++/4e0e1a08bcd74adba1161b3055c91a26.png
-1.9555833339691162,66.04690551757812,0.0,deepfake,0,1,1,1,Deepfake-Real,/mnt/public/public_datasets/OpenMMSecV2/Deepfake/Real/CelebDF-v2/7cec57da39a548db910b86b68e72deb2.png
-18.166589736938477,28.491512298583984,0.0,AIGC,1,2,2,4,AIGC-Fake,/mnt/public/public_datasets/OpenMMSecV2/AIGC/GAN/StyleSANXL/deee1e807a1d4028a8553a1e3892a347.jpg
-8.647842407226562,18.579538345336914,0.0,AIGC,1,2,2,4,AIGC-Fake,/mnt/public/public_datasets/OpenMMSecV2/AIGC/latent_diffusion/systematic/a5e76d5419424b8d840cf82fb78c3c8f.jpg
-11.322962760925293,5.922571659088135,0.0,IMDL,0,4,1,7,IMDL-Real,/mnt/public/public_datasets/OpenMMSecV2/IMDL/generative/coco/imgs/8e01cf52674d43589112c5f82daa85d0.jpg
-29.52806854248047,-53.92000198364258,0.0,Doc,1,3,2,6,Document-Fake,/mnt/public/public_datasets/OpenMMSecV2/Doc/non_aigc/cpmv/imgs/8b027b7f4e7a471b9099e10cd928eea0.jpg
21.590496063232422,-34.89238357543945,0.0,AIGC,0,2,1,3,AIGC-Real,/mnt/public/public_datasets/OpenMMSecV2/AIGC/laion/a1181cb357fd4e86b7a8397e9976d15a.jpg
26.149681091308594,-26.445301055908203,0.0,Doc,0,3,1,5,Document-Real,/mnt/public/public_datasets/OpenMMSecV2/Doc/Real/bfcdd456cff94be3994e787691a3edd5.jpg
-8.529274940490723,19.311309814453125,0.0,AIGC,1,2,2,4,AIGC-Fake,/mnt/public/public_datasets/OpenMMSecV2/AIGC/other/online/imgs/cf9a3524b77b4389855fbca0c0227cad.jpg
-4.094106674194336,-42.72667694091797,0.0,Doc,1,3,2,6,Document-Fake,/mnt/public/public_datasets/OpenMMSecV2/Doc/non_aigc/cpmv/imgs/34ae6cdd53fc4c839c2e9e0c4007a1d5.jpg
-11.95151424407959,50.81938934326172,0.0,deepfake,1,1,2,2,Deepfake-Fake,/mnt/public/public_datasets/OpenMMSecV2/Deepfake/Fake/FaceEditing/StarGANv2/b62579c840ac4d238d58b4afade285f6.jpg
12.741612434387207,-41.55696487426758,0.0,AIGC,0,2,1,3,AIGC-Real,/mnt/public/public_datasets/OpenMMSecV2/AIGC/laion/27a168ec02824ceba995a2ebfe8d9b85.jpg
12.426432609558105,41.577884674072266,0.0,deepfake,0,1,1,1,Deepfake-Real,/mnt/public/public_datasets/OpenMMSecV2/Deepfake/Real/VFHQ/951251a9b79c426ba44ba6733670a5e9.png
-19.712512969970703,10.6531343460083,0.0,AIGC,1,2,2,4,AIGC-Fake,/mnt/public/public_datasets/OpenMMSecV2/AIGC/GAN/GigaGAN/52c3080d8c334a978e09459a5529a232.jpg
52.72843933105469,-13.122777938842773,0.0,Doc,1,3,2,6,Document-Fake,/mnt/public/public_datasets/OpenMMSecV2/Doc/aigc/derend/imgs/ef484b5777d8467d9162be609f1775eb.jpg
5.287019729614258,-11.681384086608887,0.0,AIGC,0,2,1,3,AIGC-Real,/mnt/public/public_datasets/OpenMMSecV2/AIGC/other/online/imgs/387fbb88b10e483682c7edd3061502bc.jpg
-24.900632858276367,-46.20429229736328,0.0,Doc,1,3,2,6,Document-Fake,/mnt/public/public_datasets/OpenMMSecV2/Doc/non_aigc/copy-move/imgs/9989092ef5f54f6bb5e206745403599c.jpg
21.2169132232666,-34.13164138793945,0.0,AIGC,0,2,1,3,AIGC-Real,/mnt/public/public_datasets/OpenMMSecV2/AIGC/laion/71a7f51f038c4a42b28fb41f371ee64c.jpg
5.121367454528809,59.03385543823242,0.0,deepfake,0,1,1,1,Deepfake-Real,/mnt/public/public_datasets/OpenMMSecV2/Deepfake/Real/CelebDF-v2/38a931ce76b24f66b4f4bcaf560185c9.png
21.032392501831055,-38.8455924987793,0.0,AIGC,0,2,1,3,AIGC-Real,/mnt/public/public_datasets/OpenMMSecV2/AIGC/laion/c7bfa78736d14f69a32167e11185eae1.jpg
-31.86920166015625,35.67327880859375,0.0,deepfake,1,1,2,2,Deepfake-Fake,/mnt/public/public_datasets/OpenMMSecV2/Deepfake/Fake/FaceEditing/e4e/e4ef22efea8e44e2b025dd532db1da7e.jpg
36.71565628051758,-15.458640098571777,0.0,Doc,0,3,1,5,Document-Real,/mnt/public/public_datasets/OpenMMSecV2/Doc/Real/16752c4907c54efa9369dbbe53f616bb.jpg
-11.515726089477539,-49.779808044433594,0.0,Doc,0,3,1,5,Document-Real,/mnt/public/public_datasets/OpenMMSecV2/Doc/Real/de1316f78aee4e16a48e4d0fe9aa7e8a.jpg
-1.6151002645492554,-25.572248458862305,0.0,AIGC,0,2,1,3,AIGC-Real,/mnt/public/public_datasets/OpenMMSecV2/AIGC/laion/058fed83143146d2a061b74df20d71f6.jpg
13.255331039428711,46.93178939819336,0.0,deepfake,0,1,1,1,Deepfake-Real,/mnt/public/public_datasets/OpenMMSecV2/Deepfake/Real/DFD/8028048b09f8420d96f0b0c0db0958a0.png
17.83367919921875,59.88666915893555,0.0,deepfake,0,1,1,1,Deepfake-Real,/mnt/public/public_datasets/OpenMMSecV2/Deepfake/Real/UADFV/43cde91b429e4ba5a9276661495c0ef2.png
-19.249113082885742,-60.32979202270508,0.0,Doc,0,3,1,5,Document-Real,/mnt/public/public_datasets/OpenMMSecV2/Doc/Real/c9612ac2d2504f1e8c174ff70e64bf83.jpg
10.336662292480469,11.352934837341309,0.0,IMDL,0,4,1,7,IMDL-Real,/mnt/public/public_datasets/OpenMMSecV2/IMDL/generative/coco/imgs/c989aa892bb64bc6b8225841d63ee9e0.jpg
-7.135958671569824,-6.90290641784668,0.0,IMDL,0,4,1,7,IMDL-Real,/mnt/public/public_datasets/OpenMMSecV2/IMDL/non_generative/manual_ps/imgs/314fc243ee0a4e3196e969d7d25acbb0.jpg
4.600507736206055,10.172384262084961,0.0,IMDL,1,4,2,8,IMDL-Fake,/mnt/public/public_datasets/OpenMMSecV2/IMDL/generative/paintbyexample/imgs/3f3ade85f3754339aa644bd13d12bd50.jpg
16.98310089111328,-15.315422058105469,0.0,IMDL,0,4,1,7,IMDL-Real,/mnt/public/public_datasets/OpenMMSecV2/IMDL/generative/coco/imgs/1affa8d8bd084d27a6d37ee7889ad830.jpg
-33.6881103515625,36.70439529418945,0.0,deepfake,1,1,2,2,Deepfake-Fake,/mnt/public/public_datasets/OpenMMSecV2/Deepfake/Fake/EntireFaceSynthesis/StyleGAN2/7ff5a98948c34b3883e82353b79f525d.png
11.47976303100586,9.911967277526855,0.0,IMDL,0,4,1,7,IMDL-Real,/mnt/public/public_datasets/OpenMMSecV2/IMDL/generative/coco/imgs/6de51425a68e4ace89083bd1eb4be2e9.jpg
16.061296463012695,-5.019215106964111,0.0,AIGC,0,2,1,3,AIGC-Real,/mnt/public/public_datasets/OpenMMSecV2/AIGC/laion/34d415ddc5994f6abeff6c7beb31cac9.jpg
17.101911544799805,-5.842495441436768,0.0,IMDL,0,4,1,7,IMDL-Real,/mnt/public/public_datasets/OpenMMSecV2/IMDL/generative/coco/imgs/9afdc79bac754e2b95397a857163860e.jpg
-10.761655807495117,50.115230560302734,0.0,deepfake,1,1,2,2,Deepfake-Fake,/mnt/public/public_datasets/OpenMMSecV2/Deepfake/Fake/EntireFaceSynthesis/StyleGAN-XL/27b5bbb81ef54ee492d45057ab01064d.png
-3.1824758052825928,21.010534286499023,0.0,AIGC,1,2,2,4,AIGC-Fake,/mnt/public/public_datasets/OpenMMSecV2/AIGC/other/online/imgs/f52f95623ea44ff4938991e979c44554.jpg
-14.501480102539062,-11.492169380187988,0.0,IMDL,1,4,2,8,IMDL-Fake,/mnt/public/public_datasets/OpenMMSecV2/IMDL/generative/gan_mat/imgs/f0ca313415e54ea3b35c23d3b6116101.png
-30.476886749267578,-43.109153747558594,0.0,Doc,1,3,2,6,Document-Fake,/mnt/public/public_datasets/OpenMMSecV2/Doc/non_aigc/copy-move/imgs/ea23923eb94143f29b7ec9e3c17e7dc0.jpg
22.639019012451172,2.5437591075897217,0.0,IMDL,0,4,1,7,IMDL-Real,/mnt/public/public_datasets/OpenMMSecV2/IMDL/generative/stable_diffusion/imgs/cdc1da5bc917490d9e77df3d5057da9f.png
-11.51101016998291,-49.7635383605957,0.0,Doc,1,3,2,6,Document-Fake,/mnt/public/public_datasets/OpenMMSecV2/Doc/non_aigc/cpmv/imgs/3fa311586b6444548048cb2b8966fe4a.jpg
-29.53868865966797,37.01945495605469,0.0,deepfake,1,1,2,2,Deepfake-Fake,/mnt/public/public_datasets/OpenMMSecV2/Deepfake/Fake/FaceEditing/e4e/8085e0672c0849c2978b2536aceabdf8.jpg
12.291318893432617,11.79268741607666,0.0,IMDL,0,4,1,7,IMDL-Real,/mnt/public/public_datasets/OpenMMSecV2/IMDL/generative/coco/imgs/93077d7942644b2ba7c5cd96da9608ca.jpg
-16.944969177246094,-61.370243072509766,0.0,Doc,0,3,1,5,Document-Real,/mnt/public/public_datasets/OpenMMSecV2/Doc/Real/56026cf58fb143e18ec56e6e85eba6a8.jpg
3.561607837677002,-61.61878967285156,0.0,Doc,1,3,2,6,Document-Fake,/mnt/public/public_datasets/OpenMMSecV2/Doc/non_aigc/generation/imgs/5bceb298c59c4dbea92ac447e6938c3c.jpg
27.571231842041016,-15.60486888885498,0.0,Doc,0,3,1,5,Document-Real,/mnt/public/public_datasets/OpenMMSecV2/Doc/Real/f7a7f66a411341749943220b78bf22de.jpg
-5.4571123123168945,3.9832444190979004,0.0,AIGC,1,2,2,4,AIGC-Fake,/mnt/public/public_datasets/OpenMMSecV2/AIGC/pixel_diffusion/guided_diffusion/c524c9b2113241d6ae44413d08eb8cab.jpg
-33.3876953125,-7.526435852050781,0.0,AIGC,1,2,2,4,AIGC-Fake,/mnt/public/public_datasets/OpenMMSecV2/AIGC/pixel_diffusion/glide/imgs/1a30500dfdc3400d9383bb46e821c680.png
19.674755096435547,1.0415546894073486,0.0,IMDL,0,4,1,7,IMDL-Real,/mnt/public/public_datasets/OpenMMSecV2/IMDL/generative/coco/imgs/0b7284566f214d3491be01aae9595680.jpg
9.676380157470703,43.38644790649414,0.0,deepfake,0,1,1,1,Deepfake-Real,/mnt/public/public_datasets/OpenMMSecV2/Deepfake/Real/VFHQ/63af9d896fef4f70952db0f09400bb63.png
35.91903305053711,-25.14158058166504,0.0,Doc,0,3,1,5,Document-Real,/mnt/public/public_datasets/OpenMMSecV2/Doc/Real/fbfacad2c92a4c238ac2ff14f32bdae4.jpg
-28.08184814453125,-7.543478488922119,0.0,IMDL,1,4,2,8,IMDL-Fake,/mnt/public/public_datasets/OpenMMSecV2/IMDL/non_generative/manual_ps/imgs/ccac17520185411ea60ad1daae76ff09.jpg
18.26227569580078,-40.64996337890625,0.0,AIGC,0,2,1,3,AIGC-Real,/mnt/public/public_datasets/OpenMMSecV2/AIGC/laion/476f30ab553445f78515ea5b49dd6128.jpg
-17.079744338989258,-45.15550231933594,0.0,Doc,1,3,2,6,Document-Fake,/mnt/public/public_datasets/OpenMMSecV2/Doc/non_aigc/generation/imgs/4872d6d215d1442eb11823068a510863.jpg
12.667376518249512,16.087459564208984,0.0,IMDL,0,4,1,7,IMDL-Real,/mnt/public/public_datasets/OpenMMSecV2/IMDL/generative/coco/imgs/95ff6bb47e144a07978c9f03c33bbb84.jpg
10.324060440063477,-2.9295055866241455,0.0,IMDL,1,4,2,8,IMDL-Fake,/mnt/public/public_datasets/OpenMMSecV2/IMDL/non_generative/manual_ps/imgs/69ec5028f2b842a7b94657abf0bbe4fc.jpg
27.78059196472168,-18.845600128173828,0.0,Doc,0,3,1,5,Document-Real,/mnt/public/public_datasets/OpenMMSecV2/Doc/Real/8930fc7dd49d421cb324fdf59b9c7b5b.jpg
-22.05544090270996,-3.6320478916168213,0.0,IMDL,0,4,1,7,IMDL-Real,/mnt/public/public_datasets/OpenMMSecV2/IMDL/generative/stable_diffusion/imgs/0144e3a881d84ab998b6a734fb51c967.png
-15.667925834655762,-32.311832427978516,0.0,Doc,1,3,2,6,Document-Fake,/mnt/public/public_datasets/OpenMMSecV2/Doc/aigc/textocr/imgs/6b51fb9112be431c8ff09bae197ac240.jpg
5.266188621520996,14.144811630249023,0.0,AIGC,0,2,1,3,AIGC-Real,/mnt/public/public_datasets/OpenMMSecV2/AIGC/laion/46fd5d8d2cc246ae9b7247a88cf5d44d.jpg
-7.776041507720947,3.8805959224700928,0.0,AIGC,1,2,2,4,AIGC-Fake,/mnt/public/public_datasets/OpenMMSecV2/AIGC/latent_diffusion/systematic/491be9a24a5c467194d2f3e857250a7a.jpg
-19.492401123046875,-7.2304768562316895,0.0,IMDL,0,4,1,7,IMDL-Real,/mnt/public/public_datasets/OpenMMSecV2/IMDL/non_generative/manual_ps/imgs/1a5f097b14214151965a66c2f6584168.jpg
-19.164125442504883,6.728359699249268,0.0,AIGC,1,2,2,4,AIGC-Fake,/mnt/public/public_datasets/OpenMMSecV2/AIGC/pixel_diffusion/guided_diffusion/7db73fd18de94626aab02ca2b8b3d2cf.jpg
8.7171049118042,-38.81110382080078,0.0,AIGC,1,2,2,4,AIGC-Fake,/mnt/public/public_datasets/OpenMMSecV2/AIGC/commercial/flux/04dc43b331a74f8eb9198cdd3417625d.jpg
22.088756561279297,-30.940624237060547,0.0,IMDL,1,4,2,8,IMDL-Fake,/mnt/public/public_datasets/OpenMMSecV2/IMDL/non_generative/manual_ps/imgs/def9c24b934844d595d5c88f41684df0.jpg
21.666851043701172,-41.91957092285156,0.0,IMDL,1,4,2,8,IMDL-Fake,/mnt/public/public_datasets/OpenMMSecV2/IMDL/non_generative/manual_ps/imgs/e52457500b9149a493cab0ca54823e65.jpg
13.786876678466797,42.42744064331055,0.0,deepfake,0,1,1,1,Deepfake-Real,/mnt/public/public_datasets/OpenMMSecV2/Deepfake/Real/VFHQ/62617dde2a6e45ad8f8f89cc9ab51062.png
17.85835838317871,4.692959308624268,0.0,IMDL,0,4,1,7,IMDL-Real,/mnt/public/public_datasets/OpenMMSecV2/IMDL/generative/flux_1/imgs/b4dd0a085bc246c6a85669f05cbd1c15.png
14.125253677368164,48.837669372558594,0.0,deepfake,0,1,1,1,Deepfake-Real,/mnt/public/public_datasets/OpenMMSecV2/Deepfake/Real/DFD/0d544b89c6da4ad4bae4450232a25484.png
9.21313762664795,-38.3481559753418,0.0,AIGC,0,2,1,3,AIGC-Real,/mnt/public/public_datasets/OpenMMSecV2/AIGC/laion/39eacae25773407caa8c4dea1a58c111.jpg
-21.240829467773438,13.748191833496094,0.0,AIGC,1,2,2,4,AIGC-Fake,/mnt/public/public_datasets/OpenMMSecV2/AIGC/latent_diffusion/systematic/978af1e1a6d14618b9b482a15c0827d4.jpg
-43.65420150756836,-39.97298812866211,0.0,Doc,1,3,2,6,Document-Fake,/mnt/public/public_datasets/OpenMMSecV2/Doc/non_aigc/copy-move/imgs/35077a44076a49fd9df9b2b4187af691.jpg
27.39415168762207,-17.424283981323242,0.0,Doc,1,3,2,6,Document-Fake,/mnt/public/public_datasets/OpenMMSecV2/Doc/aigc/textocr/imgs/eb285c144a154938b185203b6f4e32bb.jpg
11.699674606323242,2.25424861907959,0.0,IMDL,0,4,1,7,IMDL-Real,/mnt/public/public_datasets/OpenMMSecV2/IMDL/generative/stable_diffusion/imgs/b11f4368442c4105a095262796b2020d.png
29.391845703125,8.497196197509766,0.0,IMDL,1,4,2,8,IMDL-Fake,/mnt/public/public_datasets/OpenMMSecV2/IMDL/non_generative/manual_ps/imgs/0beb576708cd48109d1befc9bd73755f.jpg
20.43794059753418,50.367469787597656,0.0,deepfake,0,1,1,1,Deepfake-Real,/mnt/public/public_datasets/OpenMMSecV2/Deepfake/Real/DFD/e1398f4b252b4a0b87d7c989428b924b.png
-9.229472160339355,-3.7123565673828125,0.0,IMDL,1,4,2,8,IMDL-Fake,/mnt/public/public_datasets/OpenMMSecV2/IMDL/generative/flux_1/imgs/5259bb6f1bef41eda765d60e07316496.png
18.05001449584961,2.6406002044677734,0.0,IMDL,0,4,1,7,IMDL-Real,/mnt/public/public_datasets/OpenMMSecV2/IMDL/generative/coco/imgs/852b3881469041bbaa43a190d1b3ab25.jpg
-12.29525089263916,-12.168272018432617,0.0,AIGC,1,2,2,4,AIGC-Fake,/mnt/public/public_datasets/OpenMMSecV2/AIGC/pixel_diffusion/guided_diffusion/b5d99c520167423797f509bff3b31529.jpg
-2.227105140686035,60.30720138549805,0.0,deepfake,0,1,1,1,Deepfake-Real,/mnt/public/public_datasets/OpenMMSecV2/Deepfake/Real/FF++/e94eedaa5d9c484a90d77c599ccad059.png
13.120149612426758,-7.126424312591553,0.0,IMDL,0,4,1,7,IMDL-Real,/mnt/public/public_datasets/OpenMMSecV2/IMDL/generative/coco/imgs/0827116357f84a8ba24ff36f02e34708.jpg
20.902833938598633,48.09986114501953,0.0,deepfake,0,1,1,1,Deepfake-Real,/mnt/public/public_datasets/OpenMMSecV2/Deepfake/Real/CelebDF-v2/aedea3056191463b9d2089105aeb8a0c.png
0.385864794254303,56.158843994140625,0.0,deepfake,0,1,1,1,Deepfake-Real,/mnt/public/public_datasets/OpenMMSecV2/Deepfake/Real/DFD/a96f638855104b85bb054d1ea2831f77.png
9.32201862335205,-12.356674194335938,0.0,IMDL,0,4,1,7,IMDL-Real,/mnt/public/public_datasets/OpenMMSecV2/IMDL/non_generative/manual_ps/imgs/4c497f17b3d2491da608941b681ebb8f.jpg
14.342814445495605,-38.888736724853516,0.0,AIGC,0,2,1,3,AIGC-Real,/mnt/public/public_datasets/OpenMMSecV2/AIGC/laion/eb24e8afdce541e3a98a408a73fe9ee8.jpg
-1.091262936592102,63.6236686706543,0.0,deepfake,0,1,1,1,Deepfake-Real,/mnt/public/public_datasets/OpenMMSecV2/Deepfake/Real/FF++/085fa48b812a4023866532f4a92d2ae1.png
4.073746204376221,48.13646697998047,0.0,deepfake,0,1,1,1,Deepfake-Real,/mnt/public/public_datasets/OpenMMSecV2/Deepfake/Real/CelebDF-v2/c6c39393171e4602b566ac599d9df441.png
-23.858688354492188,28.872751235961914,0.0,deepfake,1,1,2,2,Deepfake-Fake,/mnt/public/public_datasets/OpenMMSecV2/Deepfake/Fake/EntireFaceSynthesis/WhichisReal/39bb7e2a0360464fae84c6d954974d00.png
-10.151154518127441,61.60021209716797,0.0,deepfake,1,1,2,2,Deepfake-Fake,/mnt/public/public_datasets/OpenMMSecV2/Deepfake/Fake/FaceSwap/Deepfake/cf81dbcaf3c749d98b7cf0977704694d.png
-14.926972389221191,-12.886707305908203,0.0,IMDL,1,4,2,8,IMDL-Fake,/mnt/public/public_datasets/OpenMMSecV2/IMDL/generative/gan_mat/imgs/5adb83917aff4e86be6d743b704d2740.png
37.78327560424805,-13.535701751708984,0.0,Doc,1,3,2,6,Document-Fake,/mnt/public/public_datasets/OpenMMSecV2/Doc/aigc/textdiff/imgs/386ef6fe4fe64ed69cb00d7f19e735b6.jpg
36.029598236083984,-27.33164405822754,0.0,Doc,0,3,1,5,Document-Real,/mnt/public/public_datasets/OpenMMSecV2/Doc/Real/f5b14eba09e34fc6ac6f555212f6523a.jpg
-14.948074340820312,-55.10263442993164,0.0,Doc,1,3,2,6,Document-Fake,/mnt/public/public_datasets/OpenMMSecV2/Doc/non_aigc/cover/imgs/9cece11e21c94a78b749eccc580a53c9.jpg
3.027991771697998,47.42806625366211,0.0,deepfake,0,1,1,1,Deepfake-Real,/mnt/public/public_datasets/OpenMMSecV2/Deepfake/Real/CelebDF-v2/44306d78a92744f989fa07dd0debfba1.png
26.687454223632812,-3.71175217628479,0.0,IMDL,0,4,1,7,IMDL-Real,/mnt/public/public_datasets/OpenMMSecV2/IMDL/generative/coco/imgs/64547d014ccc4041b124766c377ed72b.jpg
13.226531028747559,-60.23746871948242,0.0,Doc,0,3,1,5,Document-Real,/mnt/public/public_datasets/OpenMMSecV2/Doc/Real/019f4176000b46e8808c3f85af56005e.jpg
-26.570817947387695,-10.012495994567871,0.0,IMDL,1,4,2,8,IMDL-Fake,/mnt/public/public_datasets/OpenMMSecV2/IMDL/non_generative/manual_ps/imgs/ed4509ce19fc4363ae4f9119c70c3ff1.jpg
-11.096699714660645,0.5560399293899536,0.0,AIGC,0,2,1,3,AIGC-Real,/mnt/public/public_datasets/OpenMMSecV2/AIGC/other/online/imgs/80c6602576644e979234db5d8dbd0044.jpg
3.4217216968536377,6.9373345375061035,0.0,IMDL,1,4,2,8,IMDL-Fake,/mnt/public/public_datasets/OpenMMSecV2/IMDL/non_generative/manual_ps/imgs/85e73478935d431cb684b1fe1db224f2.jpg
20.24608039855957,14.381551742553711,0.0,AIGC,0,2,1,3,AIGC-Real,/mnt/public/public_datasets/OpenMMSecV2/AIGC/laion/4ab8f35495f14f529df8dfb774e455ba.jpg
-21.991514205932617,-58.95427703857422,0.0,Doc,0,3,1,5,Document-Real,/mnt/public/public_datasets/OpenMMSecV2/Doc/Real/da22fcd2b3d44e24825e608622ef1df4.jpg
