x,y,z,domain,label,domain_id,label_id,class_id,class_name,path
-28.583030700683594,-33.36030960083008,0.0,deepfake,1,1,2,2,Deepfake-Fake,/mnt/public/public_datasets/OpenMMSecV2/Deepfake/Fake/FaceEditing/StarGAN/02d4aa4be3b64a009a7cba2f1feee594.jpg
-76.01876831054688,9.725884437561035,0.0,deepfake,0,1,1,1,Deepfake-Real,/mnt/public/public_datasets/OpenMMSecV2/Deepfake/Real/UADFV/7372598a60d648fb9c6066bd8024aea9.png
71.88440704345703,-11.915695190429688,0.0,Doc,1,3,2,6,Document-Fake,/mnt/public/public_datasets/OpenMMSecV2/Doc/non_aigc/copy-move/imgs/5c98942752c14ea9a0c36f6ed0b28506.jpg
20.257822036743164,15.930990219116211,0.0,AIGC,0,2,1,3,AIGC-Real,/mnt/public/public_datasets/OpenMMSecV2/AIGC/laion/262375e413904d67addf5390f629bdbd.jpg
28.61111068725586,33.469329833984375,0.0,IMDL,1,4,2,8,IMDL-Fake,/mnt/public/public_datasets/OpenMMSecV2/IMDL/generative/flux_1/imgs/66a41bc7dadc4c9590116c9328db66f1.png
41.364646911621094,15.341055870056152,0.0,Doc,1,3,2,6,Document-Fake,/mnt/public/public_datasets/OpenMMSecV2/Doc/aigc/mostel/imgs/841a4959eb734dc9a3ddfd697933618a.jpg
60.99537658691406,-4.468335151672363,0.0,Doc,0,3,1,5,Document-Real,/mnt/public/public_datasets/OpenMMSecV2/Doc/Real/ab4007a0a2074de5abdc2037dcb747ad.jpg
-48.8583869934082,-8.002882957458496,0.0,deepfake,0,1,1,1,Deepfake-Real,/mnt/public/public_datasets/OpenMMSecV2/Deepfake/Real/DFD/631c0ddd9a2c4093a85afcc31dd5c8f4.png
-49.43492126464844,-47.680747985839844,0.0,deepfake,0,1,1,1,Deepfake-Real,/mnt/public/public_datasets/OpenMMSecV2/Deepfake/Real/FF++/398526d2bde748e7973733645011e2b4.png
-60.77885055541992,7.421722888946533,0.0,deepfake,1,1,2,2,Deepfake-Fake,/mnt/public/public_datasets/OpenMMSecV2/Deepfake/Fake/FaceSwap/UniFace/67a1c7b9b0a44ada87e57be69639809e.png
7.792557716369629,30.00801658630371,0.0,Doc,0,3,1,5,Document-Real,/mnt/public/public_datasets/OpenMMSecV2/Doc/Real/8ae64c1fa55944fe9c5398dcca5aa86d.jpg
-36.50237274169922,-11.170711517333984,0.0,deepfake,0,1,1,1,Deepfake-Real,/mnt/public/public_datasets/OpenMMSecV2/Deepfake/Real/FFHQ/96811572521945e3ade156a87a1b9501.jpg
9.006425857543945,20.27305030822754,0.0,AIGC,0,2,1,3,AIGC-Real,/mnt/public/public_datasets/OpenMMSecV2/AIGC/other/online/imgs/6844e84de14d406eb0d8fec66a68aa8d.jpg
21.965421676635742,28.574522018432617,0.0,IMDL,0,4,1,7,IMDL-Real,/mnt/public/public_datasets/OpenMMSecV2/IMDL/generative/flux_1/imgs/53210c97cb784db98179ac79095501f5.png
6.589879035949707,21.283145904541016,0.0,AIGC,1,2,2,4,AIGC-Fake,/mnt/public/public_datasets/OpenMMSecV2/AIGC/commercial/wukong/imgs/d15f2f0092464b7c989bea5bbe026f2b.png
2.0343801975250244,20.05377960205078,0.0,IMDL,0,4,1,7,IMDL-Real,/mnt/public/public_datasets/OpenMMSecV2/IMDL/generative/flux_1/imgs/56374890d51246dd9e13de70de7db928.png
-3.6262691020965576,12.484684944152832,0.0,IMDL,1,4,2,8,IMDL-Fake,/mnt/public/public_datasets/OpenMMSecV2/IMDL/generative/flux_1/imgs/a972f243a4da4b2b9ca944ee28544a31.png
-74.03547668457031,8.778960227966309,0.0,deepfake,0,1,1,1,Deepfake-Real,/mnt/public/public_datasets/OpenMMSecV2/Deepfake/Real/UADFV/0d07d0c0651d4596a35ae20b06eeb163.png
25.412771224975586,-17.64194107055664,0.0,AIGC,0,2,1,3,AIGC-Real,/mnt/public/public_datasets/OpenMMSecV2/AIGC/laion/26c75b85e8b549779863a8b2e3521491.jpg
-60.4721794128418,4.314903259277344,0.0,deepfake,1,1,2,2,Deepfake-Fake,/mnt/public/public_datasets/OpenMMSecV2/Deepfake/Fake/FaceSwap/FaceDancer/58fa70cc3a874a0494613bb5b7e2f451.png
28.631004333496094,-13.809959411621094,0.0,AIGC,1,2,2,4,AIGC-Fake,/mnt/public/public_datasets/OpenMMSecV2/AIGC/commercial/firefly/bcec48be7d644cdfa1c5888e2a2e14ad.jpg
-59.9486198425293,-8.128487586975098,0.0,deepfake,0,1,1,1,Deepfake-Real,/mnt/public/public_datasets/OpenMMSecV2/Deepfake/Real/CelebDF-v2/fefd05a675f7452187817991bac0b2e4.png
-17.423538208007812,6.458421230316162,0.0,IMDL,0,4,1,7,IMDL-Real,/mnt/public/public_datasets/OpenMMSecV2/IMDL/generative/flux_1/imgs/b215dd0f94114972b892d309a7b92341.png
12.580750465393066,40.58647918701172,0.0,IMDL,0,4,1,7,IMDL-Real,/mnt/public/public_datasets/OpenMMSecV2/IMDL/generative/coco/imgs/8a6cc9ff9e6a41b28c402115173608aa.jpg
17.415138244628906,-15.762872695922852,0.0,AIGC,0,2,1,3,AIGC-Real,/mnt/public/public_datasets/OpenMMSecV2/AIGC/laion/e8b088a8906e4802b77a8547822eeaa1.jpg
-25.186742782592773,-39.63233947753906,0.0,AIGC,1,2,2,4,AIGC-Fake,/mnt/public/public_datasets/OpenMMSecV2/AIGC/autoregressive_model/tamingtransformers/6459aedcd3484ddf8fe0c268c55d542d.jpg
70.43669891357422,-22.580257415771484,0.0,Doc,0,3,1,5,Document-Real,/mnt/public/public_datasets/OpenMMSecV2/Doc/Real/7f59432664084f24bc305b22f7cc42ed.jpg
-23.190874099731445,34.54792404174805,0.0,AIGC,1,2,2,4,AIGC-Fake,/mnt/public/public_datasets/OpenMMSecV2/AIGC/commercial/ideogram/78341fe3475c4fafaef3914fa077b23e.jpg
-62.91286087036133,2.7122490406036377,0.0,deepfake,1,1,2,2,Deepfake-Fake,/mnt/public/public_datasets/OpenMMSecV2/Deepfake/Fake/FaceReenactment/MCNet/b8acecce636846f1b527e9699abaecbe.png
5.592669486999512,33.92064666748047,0.0,AIGC,1,2,2,4,AIGC-Fake,/mnt/public/public_datasets/OpenMMSecV2/AIGC/latent_diffusion/systematic/f97c0a1510b34ca3aacf44bdefc2ba38.jpg
11.80395221710205,1.6122140884399414,0.0,Doc,0,3,1,5,Document-Real,/mnt/public/public_datasets/OpenMMSecV2/Doc/Real/0e470fdbba424defab8b1f73ad92aaeb.jpg
-56.9598388671875,8.168899536132812,0.0,deepfake,1,1,2,2,Deepfake-Fake,/mnt/public/public_datasets/OpenMMSecV2/Deepfake/Fake/FaceReenactment/MCNet/44eff53451a74715ab6d97afcb26d1c2.png
-11.984638214111328,11.317708015441895,0.0,IMDL,1,4,2,8,IMDL-Fake,/mnt/public/public_datasets/OpenMMSecV2/IMDL/non_generative/manual_ps/imgs/67348bf987764dbb882085b95bbb3fcf.jpg
-51.769893646240234,-13.883418083190918,0.0,deepfake,0,1,1,1,Deepfake-Real,/mnt/public/public_datasets/OpenMMSecV2/Deepfake/Real/FF++/2345e0121d8f46569699d7b44d1777d8.png
4.561288833618164,-7.130317687988281,0.0,IMDL,0,4,1,7,IMDL-Real,/mnt/public/public_datasets/OpenMMSecV2/IMDL/generative/coco/imgs/60c24a2c3efc40f4825c56be2bd97ab0.jpg
-22.319387435913086,13.979090690612793,0.0,IMDL,1,4,2,8,IMDL-Fake,/mnt/public/public_datasets/OpenMMSecV2/IMDL/generative/stable_diffusion/imgs/04bbdf7674664f6a98723c383299b8ac.png
25.838729858398438,-12.233372688293457,0.0,AIGC,0,2,1,3,AIGC-Real,/mnt/public/public_datasets/OpenMMSecV2/AIGC/laion/db9c45cbb41c4a4c9559916c97c8e2dc.jpg
0.36060312390327454,29.463199615478516,0.0,IMDL,0,4,1,7,IMDL-Real,/mnt/public/public_datasets/OpenMMSecV2/IMDL/generative/coco/imgs/de016ef04a5e43859558960f99cf913b.jpg
-26.121095657348633,13.714815139770508,0.0,AIGC,0,2,1,3,AIGC-Real,/mnt/public/public_datasets/OpenMMSecV2/AIGC/laion/9124ac4cf77e43d3964e85a5f22c2370.jpg
-28.5916690826416,41.738853454589844,0.0,IMDL,1,4,2,8,IMDL-Fake,/mnt/public/public_datasets/OpenMMSecV2/IMDL/generative/gan_mat/imgs/a587a27bc44c47ff93272d9abd72f054.tiff
7.104264259338379,34.905372619628906,0.0,AIGC,0,2,1,3,AIGC-Real,/mnt/public/public_datasets/OpenMMSecV2/AIGC/laion/46fb3cd1d58f4284be91868861592894.jpg
51.67446517944336,-29.61830711364746,0.0,Doc,1,3,2,6,Document-Fake,/mnt/public/public_datasets/OpenMMSecV2/Doc/non_aigc/cpmv/imgs/c8afddc3e7be4ba28e3ea543d676dadf.jpg
17.985811233520508,2.184739351272583,0.0,IMDL,0,4,1,7,IMDL-Real,/mnt/public/public_datasets/OpenMMSecV2/IMDL/generative/stable_diffusion/imgs/c79294a8ba474024bf3d77d721bf164f.png
68.282470703125,-18.154939651489258,0.0,Doc,0,3,1,5,Document-Real,/mnt/public/public_datasets/OpenMMSecV2/Doc/Real/24cb2b7d185746499f892d4d3e77b394.jpg
-30.513835906982422,-30.756690979003906,0.0,AIGC,1,2,2,4,AIGC-Fake,/mnt/public/public_datasets/OpenMMSecV2/AIGC/GAN/ProGAN/9ea7cdead6c64631ba14c97011816c0b.jpg
49.160186767578125,-38.26106643676758,0.0,Doc,0,3,1,5,Document-Real,/mnt/public/public_datasets/OpenMMSecV2/Doc/Real/3d6aa5b3107f4131b3bb511353a8e16d.jpg
67.892333984375,-21.51820945739746,0.0,Doc,0,3,1,5,Document-Real,/mnt/public/public_datasets/OpenMMSecV2/Doc/Real/71f4ab3fe05045669012fe4af0f4d9c4.jpg
37.944671630859375,19.730144500732422,0.0,Doc,0,3,1,5,Document-Real,/mnt/public/public_datasets/OpenMMSecV2/Doc/Real/abe841c627ff461e8efa78d2e8bfe591.jpg
67.71410369873047,-28.843305587768555,0.0,Doc,0,3,1,5,Document-Real,/mnt/public/public_datasets/OpenMMSecV2/Doc/Real/f4fcc5b696f24433affe26e620e6dded.jpg
-41.344242095947266,-15.46926498413086,0.0,deepfake,1,1,2,2,Deepfake-Fake,/mnt/public/public_datasets/OpenMMSecV2/Deepfake/Fake/FaceEditing/StarGAN/546d5bd971974874a12b5ae7a014400d.jpg
31.499130249023438,27.533267974853516,0.0,Doc,0,3,1,5,Document-Real,/mnt/public/public_datasets/OpenMMSecV2/Doc/Real/61626b021dfc444081633041d2e5177e.jpg
9.192906379699707,22.445301055908203,0.0,AIGC,0,2,1,3,AIGC-Real,/mnt/public/public_datasets/OpenMMSecV2/AIGC/latent_diffusion/vqdiffusion/imgs/32eb28e1957e41668d7b4d1e5243b1a3.JPEG
68.53263092041016,-19.93254280090332,0.0,Doc,0,3,1,5,Document-Real,/mnt/public/public_datasets/OpenMMSecV2/Doc/Real/b3f1184f13e94ca18079eb462c3c7e0f.jpg
16.597463607788086,4.55521821975708,0.0,AIGC,0,2,1,3,AIGC-Real,/mnt/public/public_datasets/OpenMMSecV2/AIGC/laion/6b7697828d484d6b8b124728a3c610fd.jpg
-47.637542724609375,-38.93311309814453,0.0,deepfake,0,1,1,1,Deepfake-Real,/mnt/public/public_datasets/OpenMMSecV2/Deepfake/Real/FF++/9092bee180e94001bc2618ec8d3fdb55.png
-16.210729598999023,52.914154052734375,0.0,IMDL,0,4,1,7,IMDL-Real,/mnt/public/public_datasets/OpenMMSecV2/IMDL/generative/coco/imgs/4a9990d39449473ea399a316dd3d999c.jpg
-51.95100784301758,-46.52388000488281,0.0,deepfake,0,1,1,1,Deepfake-Real,/mnt/public/public_datasets/OpenMMSecV2/Deepfake/Real/FF++/00a66ef68c7f47f0aaf4cd5286b2fc6d.png
33.843589782714844,26.698659896850586,0.0,Doc,0,3,1,5,Document-Real,/mnt/public/public_datasets/OpenMMSecV2/Doc/Real/f3a8e97610ec4705859000e8b13a0818.jpg
-16.079954147338867,19.840251922607422,0.0,IMDL,1,4,2,8,IMDL-Fake,/mnt/public/public_datasets/OpenMMSecV2/IMDL/non_generative/manual_ps/imgs/31376d690de3435698718f899252249b.jpg
-45.99360275268555,-42.390987396240234,0.0,deepfake,0,1,1,1,Deepfake-Real,/mnt/public/public_datasets/OpenMMSecV2/Deepfake/Real/FF++/b7ab8c82e9f345d59e480295b6c228e5.png
-52.632164001464844,3.2243189811706543,0.0,deepfake,1,1,2,2,Deepfake-Fake,/mnt/public/public_datasets/OpenMMSecV2/Deepfake/Fake/FaceReenactment/DaGAN/d8380fd0dc8b48fa9ca12e669c6fc5f4.png
-53.74110412597656,7.8194499015808105,0.0,deepfake,0,1,1,1,Deepfake-Real,/mnt/public/public_datasets/OpenMMSecV2/Deepfake/Real/VFHQ/0ad19ad4a4604834b1398a28f1ca966c.png
-19.20943260192871,-12.235145568847656,0.0,AIGC,0,2,1,3,AIGC-Real,/mnt/public/public_datasets/OpenMMSecV2/AIGC/laion/366cf7cb17784b5a96701add0370e745.jpg
-45.804325103759766,-42.24591064453125,0.0,deepfake,0,1,1,1,Deepfake-Real,/mnt/public/public_datasets/OpenMMSecV2/Deepfake/Real/CelebDF-v2/dd4797767bea494698056acd3c9458ca.png
27.10980224609375,-11.017308235168457,0.0,AIGC,0,2,1,3,AIGC-Real,/mnt/public/public_datasets/OpenMMSecV2/AIGC/laion/dad9be69b64840efb706f987a039e953.jpg
66.05951690673828,-23.326169967651367,0.0,Doc,0,3,1,5,Document-Real,/mnt/public/public_datasets/OpenMMSecV2/Doc/Real/9a1a3fd93f094c5c9953dc7d94ad027e.jpg
32.846412658691406,21.98012924194336,0.0,Doc,0,3,1,5,Document-Real,/mnt/public/public_datasets/OpenMMSecV2/Doc/Real/7c2fceef467944dc82ac6b6fd395ca27.jpg
-57.86652374267578,-13.007113456726074,0.0,deepfake,0,1,1,1,Deepfake-Real,/mnt/public/public_datasets/OpenMMSecV2/Deepfake/Real/FF++/e75e6ca791c244408d42dec395f69261.png
-0.04936111718416214,16.910049438476562,0.0,AIGC,1,2,2,4,AIGC-Fake,/mnt/public/public_datasets/OpenMMSecV2/AIGC/pixel_diffusion/adm/imgs/6bbd2e6cecc54f57b74f27d71bb84df2.PNG
-48.811378479003906,-46.151268005371094,0.0,deepfake,0,1,1,1,Deepfake-Real,/mnt/public/public_datasets/OpenMMSecV2/Deepfake/Real/FF++/5b7608d1ab7545d28e25db5f24fce916.png
-36.91455841064453,-34.50131607055664,0.0,deepfake,0,1,1,1,Deepfake-Real,/mnt/public/public_datasets/OpenMMSecV2/Deepfake/Real/FF++/0ffeb59514ba4f9fb00151365d25e52d.png
73.09574890136719,-12.675524711608887,0.0,Doc,1,3,2,6,Document-Fake,/mnt/public/public_datasets/OpenMMSecV2/Doc/non_aigc/generation/imgs/a72d5c43556843e8bd3954c9336b1619.jpg
24.716815948486328,2.521256446838379,0.0,Doc,0,3,1,5,Document-Real,/mnt/public/public_datasets/OpenMMSecV2/Doc/Real/3cb16659ccbc448eb66937a553c3b0f4.jpg
-14.730881690979004,50.58917999267578,0.0,IMDL,0,4,1,7,IMDL-Real,/mnt/public/public_datasets/OpenMMSecV2/IMDL/generative/coco/imgs/8def2d61f1c54d1f8f42549e8d80c3ed.jpg
45.46316146850586,-38.1821174621582,0.0,Doc,0,3,1,5,Document-Real,/mnt/public/public_datasets/OpenMMSecV2/Doc/Real/683ad77724034c38be3755459aebbb9e.jpg
-39.56352996826172,-27.825002670288086,0.0,deepfake,0,1,1,1,Deepfake-Real,/mnt/public/public_datasets/OpenMMSecV2/Deepfake/Real/FF++/3f90f8f17f9840a198dd617984c46638.png
-44.20093536376953,-40.916282653808594,0.0,deepfake,1,1,2,2,Deepfake-Fake,/mnt/public/public_datasets/OpenMMSecV2/Deepfake/Fake/EntireFaceSynthesis/SiT-XL/11984c672bb144a99ae5ebad13054aea.png
27.999692916870117,34.720977783203125,0.0,IMDL,1,4,2,8,IMDL-Fake,/mnt/public/public_datasets/OpenMMSecV2/IMDL/generative/stable_diffusion/imgs/ea399ca4542343f7aafc4889587cca36.png
-14.681586265563965,-19.57285499572754,0.0,AIGC,1,2,2,4,AIGC-Fake,/mnt/public/public_datasets/OpenMMSecV2/AIGC/other/online/imgs/b5fbf206a3c64ddcb921900fc8d85217.jpg
3.5365970134735107,44.61360549926758,0.0,IMDL,0,4,1,7,IMDL-Real,/mnt/public/public_datasets/OpenMMSecV2/IMDL/generative/stable_diffusion/imgs/64642b797fbd4086946ef695fc6abb25.png
39.68092346191406,19.30357551574707,0.0,Doc,1,3,2,6,Document-Fake,/mnt/public/public_datasets/OpenMMSecV2/Doc/aigc/mostel/imgs/2c6594c9577745c8a1afbb9d4a50954d.jpg
26.35470962524414,-10.251687049865723,0.0,AIGC,0,2,1,3,AIGC-Real,/mnt/public/public_datasets/OpenMMSecV2/AIGC/laion/61dc7b42b70f4a73a1895dc41d7b58b1.jpg
-17.452510833740234,18.006362915039062,0.0,IMDL,1,4,2,8,IMDL-Fake,/mnt/public/public_datasets/OpenMMSecV2/IMDL/non_generative/manual_ps/imgs/7ec247d589d44373a3a0b663aba1cf73.jpg
30.269756317138672,32.86710739135742,0.0,Doc,0,3,1,5,Document-Real,/mnt/public/public_datasets/OpenMMSecV2/Doc/Real/8b4b1adf588b4bb69e68c8357df5911a.jpg
-60.65132141113281,5.780951976776123,0.0,deepfake,1,1,2,2,Deepfake-Fake,/mnt/public/public_datasets/OpenMMSecV2/Deepfake/Fake/FaceReenactment/TPSMM/4c45c308b6484b82a0fb986185f099d7.png
-45.2899169921875,2.4112894535064697,0.0,deepfake,0,1,1,1,Deepfake-Real,/mnt/public/public_datasets/OpenMMSecV2/Deepfake/Real/VFHQ/52f7f05587544598918c1fb4b3286ff4.png
48.954620361328125,-37.7876091003418,0.0,Doc,0,3,1,5,Document-Real,/mnt/public/public_datasets/OpenMMSecV2/Doc/Real/2be8c5204c114edf876122008b0ff634.jpg
-5.744740009307861,22.570894241333008,0.0,IMDL,0,4,1,7,IMDL-Real,/mnt/public/public_datasets/OpenMMSecV2/IMDL/generative/coco/imgs/9d67035fab6947338aeae10e518bb040.jpg
4.485689640045166,30.63102912902832,0.0,IMDL,0,4,1,7,IMDL-Real,/mnt/public/public_datasets/OpenMMSecV2/IMDL/generative/stable_diffusion/imgs/868144b03be547e68be2d6619bb1f2ab.png
-61.554054260253906,1.581322431564331,0.0,deepfake,0,1,1,1,Deepfake-Real,/mnt/public/public_datasets/OpenMMSecV2/Deepfake/Real/UADFV/ef2cd21a74594d22878111d91fc63925.png
-58.79680633544922,4.272373199462891,0.0,deepfake,1,1,2,2,Deepfake-Fake,/mnt/public/public_datasets/OpenMMSecV2/Deepfake/Fake/FaceReenactment/PIRender/ac25b246a7314a2b8d7178ab82bbff51.png
67.94920349121094,1.5823255777359009,0.0,Doc,1,3,2,6,Document-Fake,/mnt/public/public_datasets/OpenMMSecV2/Doc/non_aigc/copy-move/imgs/f00d31f5b14e41eba13f6f9dacbd5c2e.jpg
38.33708190917969,32.95521926879883,0.0,Doc,0,3,1,5,Document-Real,/mnt/public/public_datasets/OpenMMSecV2/Doc/Real/974765eb65ea4b5a8d999c29d77beda9.jpg
-18.49810218811035,-13.161510467529297,0.0,AIGC,0,2,1,3,AIGC-Real,/mnt/public/public_datasets/OpenMMSecV2/AIGC/laion/135c4416cd3049dd9ced933999dee551.jpg
11.244607925415039,4.53995418548584,0.0,AIGC,1,2,2,4,AIGC-Fake,/mnt/public/public_datasets/OpenMMSecV2/AIGC/GAN/BigGAN/imgs/28eb4bd2aba643ecae18beaf1684e10c.png
26.560216903686523,39.63822555541992,0.0,Doc,0,3,1,5,Document-Real,/mnt/public/public_datasets/OpenMMSecV2/Doc/Real/100619d3656847ba9a94160ae0614e74.jpg
-36.412689208984375,-14.950248718261719,0.0,deepfake,1,1,2,2,Deepfake-Fake,/mnt/public/public_datasets/OpenMMSecV2/Deepfake/Fake/EntireFaceSynthesis/WhichisReal/23fb94aae89d4e28b0fe474da3f8945c.png
-59.265743255615234,7.620466232299805,0.0,deepfake,1,1,2,2,Deepfake-Fake,/mnt/public/public_datasets/OpenMMSecV2/Deepfake/Fake/EntireFaceSynthesis/StyleGAN-XL/3cf10a496e3446d39e7a0b69dea9880d.png
46.48157501220703,-21.43828773498535,0.0,AIGC,0,2,1,3,AIGC-Real,/mnt/public/public_datasets/OpenMMSecV2/AIGC/laion/674675ebcc8d4810991a1f2503b2f51b.jpg
28.80233383178711,9.851664543151855,0.0,AIGC,1,2,2,4,AIGC-Fake,/mnt/public/public_datasets/OpenMMSecV2/AIGC/latent_diffusion/systematic/45d14cc326a2477d9dd90828fa18b9bf.jpg
-23.190263748168945,8.063104629516602,0.0,IMDL,0,4,1,7,IMDL-Real,/mnt/public/public_datasets/OpenMMSecV2/IMDL/generative/stable_diffusion/imgs/e97ce0fb6c3b446f8f2094646e5404a2.png
-6.1013617515563965,20.297996520996094,0.0,IMDL,0,4,1,7,IMDL-Real,/mnt/public/public_datasets/OpenMMSecV2/IMDL/generative/flux_1/imgs/3cfebf0a06f141af94ff732b6bf3a80c.png
64.5020523071289,-28.162681579589844,0.0,Doc,1,3,2,6,Document-Fake,/mnt/public/public_datasets/OpenMMSecV2/Doc/non_aigc/cover/imgs/e3dfc340ae3c467fa2e7dc452419dd1f.jpg
-0.013618560507893562,24.868717193603516,0.0,AIGC,0,2,1,3,AIGC-Real,/mnt/public/public_datasets/OpenMMSecV2/AIGC/other/online/imgs/d412c59dde2d4cd1b3e9a8b5c06cc639.jpg
14.147111892700195,43.5117301940918,0.0,IMDL,0,4,1,7,IMDL-Real,/mnt/public/public_datasets/OpenMMSecV2/IMDL/generative/coco/imgs/8517d8a468984c4abf9141cf3220c546.jpg
-58.178794860839844,-12.56518840789795,0.0,deepfake,0,1,1,1,Deepfake-Real,/mnt/public/public_datasets/OpenMMSecV2/Deepfake/Real/FF++/a9cdd40ea0224cbd9292bdbdf02dd481.png
58.24009323120117,-35.091434478759766,0.0,Doc,0,3,1,5,Document-Real,/mnt/public/public_datasets/OpenMMSecV2/Doc/Real/88270822baea498d897e7fc2df6a5abc.jpg
-10.939828872680664,26.8371639251709,0.0,IMDL,1,4,2,8,IMDL-Fake,/mnt/public/public_datasets/OpenMMSecV2/IMDL/non_generative/manual_ps/imgs/5f483cd2f8964d6084bf6687a3a64cd9.jpg
-0.2830612361431122,35.671634674072266,0.0,AIGC,1,2,2,4,AIGC-Fake,/mnt/public/public_datasets/OpenMMSecV2/AIGC/other/online/imgs/2bab2bb4afb04923bbfde4ee8f717d38.jpg
74.37104034423828,-13.791654586791992,0.0,Doc,1,3,2,6,Document-Fake,/mnt/public/public_datasets/OpenMMSecV2/Doc/non_aigc/copy-move/imgs/700c7b39afe043c5ac970c0bee3c2b6e.jpg
34.60171127319336,12.256847381591797,0.0,Doc,0,3,1,5,Document-Real,/mnt/public/public_datasets/OpenMMSecV2/Doc/Real/f6aedae1d7f4445caab43cd544e49b53.jpg
-31.219419479370117,-31.752416610717773,0.0,deepfake,1,1,2,2,Deepfake-Fake,/mnt/public/public_datasets/OpenMMSecV2/Deepfake/Fake/FaceEditing/e4e/ebb3dfbd3e64427ab0167480cc6b3a5c.jpg
10.465409278869629,33.976287841796875,0.0,IMDL,1,4,2,8,IMDL-Fake,/mnt/public/public_datasets/OpenMMSecV2/IMDL/generative/stable_diffusion/imgs/cadc3cd9fcfd4aeb81bb4c68dbabe2e4.tiff
16.34730339050293,-15.487378120422363,0.0,AIGC,0,2,1,3,AIGC-Real,/mnt/public/public_datasets/OpenMMSecV2/AIGC/laion/3dce58387dfe43f9a43999a30363e720.jpg
65.8755874633789,-22.590810775756836,0.0,Doc,0,3,1,5,Document-Real,/mnt/public/public_datasets/OpenMMSecV2/Doc/Real/4aacd4d3217744c392eac441ab1b3400.jpg
-16.080238342285156,51.92448425292969,0.0,IMDL,0,4,1,7,IMDL-Real,/mnt/public/public_datasets/OpenMMSecV2/IMDL/generative/coco/imgs/54f0bfefaa8c4908bbd53c56d171d9fe.jpg
-15.010409355163574,20.348011016845703,0.0,AIGC,1,2,2,4,AIGC-Fake,/mnt/public/public_datasets/OpenMMSecV2/AIGC/other/online/imgs/4b19b1f8592c46c383ece56b6811ac74.jpg
-29.02645492553711,11.656865119934082,0.0,deepfake,1,1,2,2,Deepfake-Fake,/mnt/public/public_datasets/OpenMMSecV2/Deepfake/Fake/FaceEditing/StarGAN/c49c782ee26f4befb4dc395f36fd87f3.jpg
40.12934112548828,15.293116569519043,0.0,Doc,0,3,1,5,Document-Real,/mnt/public/public_datasets/OpenMMSecV2/Doc/Real/195568c5e3a7454486ecade5a6944ce5.jpg
4.209091663360596,18.232952117919922,0.0,AIGC,0,2,1,3,AIGC-Real,/mnt/public/public_datasets/OpenMMSecV2/AIGC/pixel_diffusion/adm/imgs/9f889f1eaa8d469cbd3758514c3b92bf.JPEG
0.8233657479286194,-24.142637252807617,0.0,AIGC,0,2,1,3,AIGC-Real,/mnt/public/public_datasets/OpenMMSecV2/AIGC/laion/c7e006770b0446b18458d7aaf871ca37.jpg
52.46000671386719,-13.310342788696289,0.0,Doc,1,3,2,6,Document-Fake,/mnt/public/public_datasets/OpenMMSecV2/Doc/non_aigc/generation/imgs/04a3cf0ec63c4d74bec8df97f879f1be.jpg
-67.52000427246094,12.2098388671875,0.0,deepfake,1,1,2,2,Deepfake-Fake,/mnt/public/public_datasets/OpenMMSecV2/Deepfake/Fake/FaceReenactment/Wav2Lip/815b35badf6c4b8a83d8856c1ea6cdc7.png
-10.56495475769043,31.838857650756836,0.0,IMDL,1,4,2,8,IMDL-Fake,/mnt/public/public_datasets/OpenMMSecV2/IMDL/generative/gan_mat/imgs/6e185cff4f15489cb3f5f2e36d47c9f0.jpg
-35.42499542236328,-27.130399703979492,0.0,deepfake,1,1,2,2,Deepfake-Fake,/mnt/public/public_datasets/OpenMMSecV2/Deepfake/Fake/FaceEditing/e4e/f5543e645213454098cdff6b60c0de6a.jpg
-10.68332290649414,24.272132873535156,0.0,IMDL,0,4,1,7,IMDL-Real,/mnt/public/public_datasets/OpenMMSecV2/IMDL/generative/flux_1/imgs/d0994cd953164a85a7c5935999ad60e8.png
30.71759033203125,32.229103088378906,0.0,Doc,0,3,1,5,Document-Real,/mnt/public/public_datasets/OpenMMSecV2/Doc/Real/16b9584683b5453ea7931e5728dd9c8e.jpg
45.61940002441406,-38.5306510925293,0.0,Doc,0,3,1,5,Document-Real,/mnt/public/public_datasets/OpenMMSecV2/Doc/Real/e380886363cd4b6d849b677a0f57d0e5.jpg
67.00382232666016,-23.490909576416016,0.0,Doc,1,3,2,6,Document-Fake,/mnt/public/public_datasets/OpenMMSecV2/Doc/non_aigc/cover/imgs/9a7446449db54b08bb105680d6845329.jpg
-15.601963996887207,-27.494293212890625,0.0,AIGC,0,2,1,3,AIGC-Real,/mnt/public/public_datasets/OpenMMSecV2/AIGC/laion/a943e992472a453bbbe3bd15bfe8f4d7.jpg
-12.636275291442871,2.021848440170288,0.0,IMDL,0,4,1,7,IMDL-Real,/mnt/public/public_datasets/OpenMMSecV2/IMDL/generative/coco/imgs/ae9d494869254a30b70403f87322c247.jpg
45.82398986816406,-37.76708221435547,0.0,Doc,0,3,1,5,Document-Real,/mnt/public/public_datasets/OpenMMSecV2/Doc/Real/6d4bff5d70ee4f859143756f66317654.jpg
25.974319458007812,40.45498275756836,0.0,Doc,0,3,1,5,Document-Real,/mnt/public/public_datasets/OpenMMSecV2/Doc/Real/7d47822b166a4bfa9381a960dc5af835.jpg
15.619793891906738,39.690128326416016,0.0,IMDL,1,4,2,8,IMDL-Fake,/mnt/public/public_datasets/OpenMMSecV2/IMDL/generative/stable_diffusion/imgs/878833780c4f4c7cb85d558d36cc65bc.jpg
26.459135055541992,30.520084381103516,0.0,Doc,1,3,2,6,Document-Fake,/mnt/public/public_datasets/OpenMMSecV2/Doc/aigc/textocr/imgs/eaf40029002d45608c80a9b12c762887.jpg
-8.202011108398438,-1.682218074798584,0.0,AIGC,1,2,2,4,AIGC-Fake,/mnt/public/public_datasets/OpenMMSecV2/AIGC/latent_diffusion/vqdiffusion/imgs/1107948bf9c241538fff6e85f6c90e02.png
74.12589263916016,-13.03976821899414,0.0,Doc,1,3,2,6,Document-Fake,/mnt/public/public_datasets/OpenMMSecV2/Doc/non_aigc/copy-move/imgs/85214519d7464cc586bb8bcdd8dbe87a.jpg
37.946197509765625,19.730131149291992,0.0,Doc,0,3,1,5,Document-Real,/mnt/public/public_datasets/OpenMMSecV2/Doc/Real/dd3d48113f06436d90f13914b5ddf775.jpg
-34.508602142333984,-25.145633697509766,0.0,deepfake,1,1,2,2,Deepfake-Fake,/mnt/public/public_datasets/OpenMMSecV2/Deepfake/Fake/FaceEditing/e4e/e369d081d6124169b418f1fe4c6ea9b2.jpg
-41.716976165771484,-27.646596908569336,0.0,deepfake,0,1,1,1,Deepfake-Real,/mnt/public/public_datasets/OpenMMSecV2/Deepfake/Real/CelebDF-v2/24c2d2b7b9f34c68b8f88988917add48.png
-47.51853561401367,-32.286346435546875,0.0,deepfake,0,1,1,1,Deepfake-Real,/mnt/public/public_datasets/OpenMMSecV2/Deepfake/Real/FF++/713bdd5c3cc54bbe821a55dd1b196b5c.png
62.58210372924805,3.086822509765625,0.0,Doc,1,3,2,6,Document-Fake,/mnt/public/public_datasets/OpenMMSecV2/Doc/non_aigc/copy-move/imgs/b1b861148fb54f719db21573039abee4.jpg
63.09497833251953,0.2653622627258301,0.0,Doc,1,3,2,6,Document-Fake,/mnt/public/public_datasets/OpenMMSecV2/Doc/non_aigc/cpmv/imgs/3e696141c1114cf0841ad63c4f3dead8.jpg
-14.541175842285156,5.9384989738464355,0.0,AIGC,1,2,2,4,AIGC-Fake,/mnt/public/public_datasets/OpenMMSecV2/AIGC/latent_diffusion/systematic/0c43532301554e3d8760239282be4f8c.jpg
-50.81573486328125,-8.699914932250977,0.0,deepfake,0,1,1,1,Deepfake-Real,/mnt/public/public_datasets/OpenMMSecV2/Deepfake/Real/CelebDF-v2/f89854051e704857b1c21620107f08a5.png
3.818688154220581,10.833223342895508,0.0,IMDL,1,4,2,8,IMDL-Fake,/mnt/public/public_datasets/OpenMMSecV2/IMDL/non_generative/manual_ps/imgs/bc7bb8b076d747da9b23112ff6898a82.jpg
18.781400680541992,32.16828155517578,0.0,Doc,0,3,1,5,Document-Real,/mnt/public/public_datasets/OpenMMSecV2/Doc/aigc/derend/imgs/a58909d1e5734e78aa41bf10a9f23c37.jpg
-40.98094940185547,-9.355534553527832,0.0,deepfake,1,1,2,2,Deepfake-Fake,/mnt/public/public_datasets/OpenMMSecV2/Deepfake/Fake/FaceEditing/e4e/2812bd8db09b4c54b17fa248e17a3f9e.jpg
-62.9207763671875,-3.5408031940460205,0.0,deepfake,1,1,2,2,Deepfake-Fake,/mnt/public/public_datasets/OpenMMSecV2/Deepfake/Fake/FaceReenactment/PIRender/5c1c10c68650483eba05fb5d2c512720.png
-15.464890480041504,11.581223487854004,0.0,IMDL,1,4,2,8,IMDL-Fake,/mnt/public/public_datasets/OpenMMSecV2/IMDL/non_generative/manual_ps/imgs/f462cba32e854ced93d69cbb1a3bc3f5.jpg
8.361860275268555,-23.592893600463867,0.0,Doc,1,3,2,6,Document-Fake,/mnt/public/public_datasets/OpenMMSecV2/Doc/aigc/textdiff/imgs/f40fd7a92138419db3b93fd7bfdc4910.jpg
-8.138402938842773,36.591468811035156,0.0,AIGC,0,2,1,3,AIGC-Real,/mnt/public/public_datasets/OpenMMSecV2/AIGC/laion/7d23241f6388414389f83ed27488b287.jpg
17.575454711914062,6.992990016937256,0.0,AIGC,1,2,2,4,AIGC-Fake,/mnt/public/public_datasets/OpenMMSecV2/AIGC/GAN/BigGAN/44b9c0f1e5d9470693f5d09d9741c6fe.jpg
-17.222227096557617,-26.050447463989258,0.0,AIGC,1,2,2,4,AIGC-Fake,/mnt/public/public_datasets/OpenMMSecV2/AIGC/other/online/imgs/f46aadcb1b5a470ca9457eedee959370.jpg
49.21477127075195,-1.9043573141098022,0.0,Doc,1,3,2,6,Document-Fake,/mnt/public/public_datasets/OpenMMSecV2/Doc/non_aigc/generation/imgs/ab95e9e580aa42eba7a832bc4d94f0b0.jpg
5.118033409118652,10.743080139160156,0.0,IMDL,1,4,2,8,IMDL-Fake,/mnt/public/public_datasets/OpenMMSecV2/IMDL/non_generative/manual_ps/imgs/61c8e29e60ea44a683f4194b16800d5f.jpg
-47.46747589111328,-38.568023681640625,0.0,deepfake,0,1,1,1,Deepfake-Real,/mnt/public/public_datasets/OpenMMSecV2/Deepfake/Real/FF++/5c9c04035f9c45b0b8df32a60f386cd6.png
6.1430277824401855,2.4145684242248535,0.0,Doc,0,3,1,5,Document-Real,/mnt/public/public_datasets/OpenMMSecV2/Doc/Real/22cb98fef5ad45a98b19407567900820.jpg
-39.25873947143555,-33.49717712402344,0.0,deepfake,1,1,2,2,Deepfake-Fake,/mnt/public/public_datasets/OpenMMSecV2/Deepfake/Fake/FaceEditing/e4e/7942c4de3c8e4af19eaf7455ec3ac9fe.jpg
-47.85453414916992,-25.03704261779785,0.0,deepfake,0,1,1,1,Deepfake-Real,/mnt/public/public_datasets/OpenMMSecV2/Deepfake/Real/DFD/34ccf75dde4548e8879d345b53d15857.png
-44.24845504760742,-36.20157241821289,0.0,deepfake,0,1,1,1,Deepfake-Real,/mnt/public/public_datasets/OpenMMSecV2/Deepfake/Real/DFD/9b66b10268c440dc8a1b47918e6c6d3f.png
57.652488708496094,0.6686216592788696,0.0,Doc,0,3,1,5,Document-Real,/mnt/public/public_datasets/OpenMMSecV2/Doc/Real/54208ae02f8841a4a5bdbb85d3d5dfee.jpg
-4.486772060394287,-0.9168339371681213,0.0,IMDL,1,4,2,8,IMDL-Fake,/mnt/public/public_datasets/OpenMMSecV2/IMDL/generative/paintbyexample/imgs/47002c63488b45158b0ec3cadbcfb0a4.png
6.050177097320557,15.210458755493164,0.0,AIGC,1,2,2,4,AIGC-Fake,/mnt/public/public_datasets/OpenMMSecV2/AIGC/GAN/BigGAN/9c9be8889dc248dd82294a8fb487cb7c.jpg
7.563850402832031,15.206393241882324,0.0,IMDL,0,4,1,7,IMDL-Real,/mnt/public/public_datasets/OpenMMSecV2/IMDL/generative/stable_diffusion/imgs/bde98bb92c2e46d5b414bc8607fe08c2.png
-40.76113510131836,-41.985511779785156,0.0,deepfake,1,1,2,2,Deepfake-Fake,/mnt/public/public_datasets/OpenMMSecV2/Deepfake/Fake/FaceReenactment/PIRender/efd8ef88d38f477fba8305af70976195.png
58.09518814086914,1.5056211948394775,0.0,Doc,0,3,1,5,Document-Real,/mnt/public/public_datasets/OpenMMSecV2/Doc/Real/4d7aeafc53c04a48b94beda8d8c3f8ea.jpg
51.79546356201172,-7.654415607452393,0.0,Doc,1,3,2,6,Document-Fake,/mnt/public/public_datasets/OpenMMSecV2/Doc/non_aigc/generation/imgs/d1eba2048d874f38aae87a481cf91f8e.jpg
-5.257547855377197,46.19197082519531,0.0,IMDL,0,4,1,7,IMDL-Real,/mnt/public/public_datasets/OpenMMSecV2/IMDL/generative/stable_diffusion/imgs/e91801d97b324eb68a7d892f83446ae5.png
72.85206604003906,-12.466878890991211,0.0,Doc,1,3,2,6,Document-Fake,/mnt/public/public_datasets/OpenMMSecV2/Doc/non_aigc/copy-move/imgs/b65414cd4de043b7ab16f91f7fb125e7.jpg
-48.805145263671875,-25.638198852539062,0.0,deepfake,1,1,2,2,Deepfake-Fake,/mnt/public/public_datasets/OpenMMSecV2/Deepfake/Fake/FaceSwap/Unknow_FS/7183252f5e2b4c17ab7bdb43d7468dc9.png
-10.03986930847168,3.28872013092041,0.0,IMDL,1,4,2,8,IMDL-Fake,/mnt/public/public_datasets/OpenMMSecV2/IMDL/generative/stable_diffusion/imgs/58845ef165644d92891c9c51c240c5fd.jpg
-66.5622329711914,3.6954026222229004,0.0,deepfake,1,1,2,2,Deepfake-Fake,/mnt/public/public_datasets/OpenMMSecV2/Deepfake/Fake/FaceReenactment/PIRender/49ca77b356194b06bb87cc182f199426.png
57.450626373291016,-34.967063903808594,0.0,Doc,0,3,1,5,Document-Real,/mnt/public/public_datasets/OpenMMSecV2/Doc/Real/512c3a28edc2498b897d9ea1721f4de7.jpg
46.78711700439453,-38.270355224609375,0.0,Doc,0,3,1,5,Document-Real,/mnt/public/public_datasets/OpenMMSecV2/Doc/Real/7287af3d1d294d2ba46812bd31b8f899.jpg
-37.185447692871094,-32.40117645263672,0.0,deepfake,0,1,1,1,Deepfake-Real,/mnt/public/public_datasets/OpenMMSecV2/Deepfake/Real/FF++/e83b2bda24a94c72bef998731a0b75dd.png
-54.587074279785156,3.3345537185668945,0.0,deepfake,1,1,2,2,Deepfake-Fake,/mnt/public/public_datasets/OpenMMSecV2/Deepfake/Fake/FaceReenactment/HyperReenact/012b6e1448f1418fa7e63cacac154086.png
12.721145629882812,24.72262954711914,0.0,IMDL,0,4,1,7,IMDL-Real,/mnt/public/public_datasets/OpenMMSecV2/IMDL/generative/coco/imgs/bdf0af8810bb47f7a7f50f421a5430c6.jpg
51.847808837890625,-30.614431381225586,0.0,Doc,1,3,2,6,Document-Fake,/mnt/public/public_datasets/OpenMMSecV2/Doc/non_aigc/edit/imgs/47f582ff8f6d4149bc33bfff59a1a013.jpg
51.83649444580078,-42.61807632446289,0.0,Doc,1,3,2,6,Document-Fake,/mnt/public/public_datasets/OpenMMSecV2/Doc/non_aigc/insert/imgs/f4b0f58adf4947d89b4a0ebacf497e0e.jpg
0.8709751963615417,-24.170452117919922,0.0,AIGC,0,2,1,3,AIGC-Real,/mnt/public/public_datasets/OpenMMSecV2/AIGC/laion/ea6e0936745b449c8277ccb158a12bb1.jpg
-54.5899658203125,-3.2516775131225586,0.0,deepfake,1,1,2,2,Deepfake-Fake,/mnt/public/public_datasets/OpenMMSecV2/Deepfake/Fake/EntireFaceSynthesis/RDDM/4bf81251eda54540b2471d8815c4a9fc.png
67.13671875,-21.870954513549805,0.0,Doc,1,3,2,6,Document-Fake,/mnt/public/public_datasets/OpenMMSecV2/Doc/non_aigc/cpmv/imgs/1bf466bac0e448138596e06ab7b04a56.jpg
55.571327209472656,-30.831756591796875,0.0,Doc,1,3,2,6,Document-Fake,/mnt/public/public_datasets/OpenMMSecV2/Doc/non_aigc/cpmv/imgs/8ddb8496b0d84af981a815297e8a61bf.jpg
68.70851135253906,2.835203170776367,0.0,Doc,1,3,2,6,Document-Fake,/mnt/public/public_datasets/OpenMMSecV2/Doc/non_aigc/generation/imgs/a32ab9c31ac64a6a814f79fa72bf2e7a.jpg
69.8744888305664,-27.598569869995117,0.0,Doc,0,3,1,5,Document-Real,/mnt/public/public_datasets/OpenMMSecV2/Doc/Real/56bd676dc5c3414facd14167a40d5b23.jpg
26.544219970703125,-15.419280052185059,0.0,AIGC,0,2,1,3,AIGC-Real,/mnt/public/public_datasets/OpenMMSecV2/AIGC/laion/2f54460faa9c48cc9f03d92daca7c982.jpg
-6.417743682861328,-23.230064392089844,0.0,AIGC,1,2,2,4,AIGC-Fake,/mnt/public/public_datasets/OpenMMSecV2/AIGC/other/online/imgs/4811fa5ba1fc42a1bc309013ce0d401e.jpg
-41.1563606262207,-29.830907821655273,0.0,deepfake,0,1,1,1,Deepfake-Real,/mnt/public/public_datasets/OpenMMSecV2/Deepfake/Real/CelebDF-v2/997448b0ae234caaa58a1cf6dc25c7a7.png
53.0670051574707,-40.3602294921875,0.0,Doc,1,3,2,6,Document-Fake,/mnt/public/public_datasets/OpenMMSecV2/Doc/non_aigc/inpaint/imgs/597444980bc145a8b79283851098adb2.jpg
21.278818130493164,22.946548461914062,0.0,AIGC,0,2,1,3,AIGC-Real,/mnt/public/public_datasets/OpenMMSecV2/AIGC/other/online/imgs/7627227e437a4bf9857c6c1a649387f6.jpg
14.16123104095459,5.0321946144104,0.0,AIGC,1,2,2,4,AIGC-Fake,/mnt/public/public_datasets/OpenMMSecV2/AIGC/pixel_diffusion/adm/imgs/ca7486e84b774f84a9f1f9bdc3e5eeb5.PNG
-39.91176986694336,-8.01817512512207,0.0,AIGC,1,2,2,4,AIGC-Fake,/mnt/public/public_datasets/OpenMMSecV2/AIGC/autoregressive_model/tamingtransformers/189f3cd2e0ef4a90ab18734071a1b392.jpg
-1.6222498416900635,17.312122344970703,0.0,AIGC,0,2,1,3,AIGC-Real,/mnt/public/public_datasets/OpenMMSecV2/AIGC/other/online/imgs/06fd01a96a654109942b9868be2f7433.jpg
59.94651794433594,0.795966625213623,0.0,Doc,0,3,1,5,Document-Real,/mnt/public/public_datasets/OpenMMSecV2/Doc/Real/843287175ef14383831889abe13e8186.jpg
-39.8114013671875,-8.32069206237793,0.0,AIGC,1,2,2,4,AIGC-Fake,/mnt/public/public_datasets/OpenMMSecV2/AIGC/autoregressive_model/tamingtransformers/7b8ef876029a4c939e767eccef217ae0.jpg
-50.80081558227539,-7.561789035797119,0.0,AIGC,0,2,1,3,AIGC-Real,/mnt/public/public_datasets/OpenMMSecV2/AIGC/other/online/imgs/3bf7a6ac218f428b9384cd2469b4f8fc.jpg
4.913318634033203,-8.937861442565918,0.0,IMDL,0,4,1,7,IMDL-Real,/mnt/public/public_datasets/OpenMMSecV2/IMDL/generative/coco/imgs/acec87c6669b4cf58d6db387e5c6b457.jpg
9.760531425476074,6.398257732391357,0.0,IMDL,1,4,2,8,IMDL-Fake,/mnt/public/public_datasets/OpenMMSecV2/IMDL/generative/stable_diffusion/imgs/c20e54f74d7041cfac4a4b2a92d2eeac.png
-2.9058895111083984,0.9248283505439758,0.0,Doc,0,3,1,5,Document-Real,/mnt/public/public_datasets/OpenMMSecV2/Doc/Real/fd339d12acf04fe5b6eeb3f03a4976b7.jpg
59.459835052490234,-29.024932861328125,0.0,Doc,1,3,2,6,Document-Fake,/mnt/public/public_datasets/OpenMMSecV2/Doc/non_aigc/cpmv/imgs/13b30cb8f3cc4f72bfd0c511ad15d535.jpg
69.67393493652344,-14.090797424316406,0.0,Doc,1,3,2,6,Document-Fake,/mnt/public/public_datasets/OpenMMSecV2/Doc/non_aigc/generation/imgs/cda32984e4994eba943f712722cd455f.jpg
69.2171630859375,-21.595983505249023,0.0,Doc,1,3,2,6,Document-Fake,/mnt/public/public_datasets/OpenMMSecV2/Doc/non_aigc/cpmv/imgs/145f62bd14554493a889fbc2dd51f089.jpg
-10.841167449951172,-6.185310363769531,0.0,IMDL,0,4,1,7,IMDL-Real,/mnt/public/public_datasets/OpenMMSecV2/IMDL/generative/coco/imgs/3133d9ef7f434a6ca87aec9399261cd7.jpg
0.06458800286054611,26.60578155517578,0.0,IMDL,1,4,2,8,IMDL-Fake,/mnt/public/public_datasets/OpenMMSecV2/IMDL/generative/flux_1/imgs/5066d73d61574a2a81078e7e701ec89e.png
48.086185455322266,-40.98463439941406,0.0,Doc,0,3,1,5,Document-Real,/mnt/public/public_datasets/OpenMMSecV2/Doc/Real/9e5a9511569a445b9b5c619a166ad103.jpg
7.041468620300293,25.223451614379883,0.0,IMDL,0,4,1,7,IMDL-Real,/mnt/public/public_datasets/OpenMMSecV2/IMDL/non_generative/manual_ps/imgs/3deb102ad1164ca0ad0036a509060a5d.jpg
-38.1236457824707,-27.053699493408203,0.0,deepfake,1,1,2,2,Deepfake-Fake,/mnt/public/public_datasets/OpenMMSecV2/Deepfake/Fake/FaceSwap/FaceShifter/a478ff5c51a04ef893201392ea04d9fc.png
59.735130310058594,-31.596712112426758,0.0,Doc,0,3,1,5,Document-Real,/mnt/public/public_datasets/OpenMMSecV2/Doc/Real/cda91c934ab4450b8f4898fa03645a17.jpg
33.82865524291992,14.446582794189453,0.0,Doc,0,3,1,5,Document-Real,/mnt/public/public_datasets/OpenMMSecV2/Doc/Real/7e7b7adeeb9b4c4c9c4e70bdbce41f8e.jpg
-5.318001747131348,25.96715545654297,0.0,IMDL,0,4,1,7,IMDL-Real,/mnt/public/public_datasets/OpenMMSecV2/IMDL/generative/stable_diffusion/imgs/c36ba5dbeade4bbc81bfadc21717cf05.png
-60.34805679321289,11.3547945022583,0.0,deepfake,1,1,2,2,Deepfake-Fake,/mnt/public/public_datasets/OpenMMSecV2/Deepfake/Fake/FaceSwap/Deepfake/fa3ac64379364074a90ae5ccfdb50d27.png
-9.916000366210938,-9.567039489746094,0.0,AIGC,0,2,1,3,AIGC-Real,/mnt/public/public_datasets/OpenMMSecV2/AIGC/laion/f8949b41d617480080619ad91bff9514.jpg
-66.44939422607422,-2.4240381717681885,0.0,deepfake,0,1,1,1,Deepfake-Real,/mnt/public/public_datasets/OpenMMSecV2/Deepfake/Real/CelebDF-v2/74f4ea766b06417bb4fc2ce49edc1d41.png
-70.55296325683594,11.740527153015137,0.0,deepfake,1,1,2,2,Deepfake-Fake,/mnt/public/public_datasets/OpenMMSecV2/Deepfake/Fake/FaceReenactment/TPSMM/d1ba0f9f5c7042af868c1074e5fbacab.png
-44.51906204223633,-4.609623908996582,0.0,deepfake,1,1,2,2,Deepfake-Fake,/mnt/public/public_datasets/OpenMMSecV2/Deepfake/Fake/FaceEditing/StarGANv2/b2fd9a4954ef4f77bf5fa9c195c96fd6.jpg
-11.657564163208008,27.021862030029297,0.0,AIGC,0,2,1,3,AIGC-Real,/mnt/public/public_datasets/OpenMMSecV2/AIGC/laion/4ccb9df729b94b19b440e5a7ba54d53b.jpg
-68.49201202392578,5.81145715713501,0.0,deepfake,0,1,1,1,Deepfake-Real,/mnt/public/public_datasets/OpenMMSecV2/Deepfake/Real/FF++/8fe02cbf61eb4e14b07f8816322f9411.png
-53.85260009765625,-2.2023980617523193,0.0,deepfake,1,1,2,2,Deepfake-Fake,/mnt/public/public_datasets/OpenMMSecV2/Deepfake/Fake/FaceSwap/e4s/7e76538cb5484d899312f12fd5bd96e9.png
31.016817092895508,-4.002866268157959,0.0,AIGC,1,2,2,4,AIGC-Fake,/mnt/public/public_datasets/OpenMMSecV2/AIGC/latent_diffusion/systematic/80fdb96531034f40b0d4fac5d9e73521.jpg
-71.39424133300781,3.0027244091033936,0.0,deepfake,0,1,1,1,Deepfake-Real,/mnt/public/public_datasets/OpenMMSecV2/Deepfake/Real/FF++/e178e56a7e2444e2ba27c778fca0ce73.png
-40.968204498291016,-35.28310775756836,0.0,deepfake,1,1,2,2,Deepfake-Fake,/mnt/public/public_datasets/OpenMMSecV2/Deepfake/Fake/FaceEditing/e4e/dfbd5d5d4b54451e8280ddfc40d414b6.jpg
-57.625091552734375,-0.02357564866542816,0.0,deepfake,1,1,2,2,Deepfake-Fake,/mnt/public/public_datasets/OpenMMSecV2/Deepfake/Fake/FaceReenactment/Wav2Lip/6e69152b677c440cada00ceb694349aa.png
-45.22186279296875,2.883633613586426,0.0,deepfake,0,1,1,1,Deepfake-Real,/mnt/public/public_datasets/OpenMMSecV2/Deepfake/Real/VFHQ/f59d12332e2042e28b90db427510125b.png
-45.405235290527344,-24.92735481262207,0.0,deepfake,0,1,1,1,Deepfake-Real,/mnt/public/public_datasets/OpenMMSecV2/Deepfake/Real/DFD/8036f6f1825844b3ada7dd715d3d5a83.png
2.5168213844299316,13.276815414428711,0.0,IMDL,0,4,1,7,IMDL-Real,/mnt/public/public_datasets/OpenMMSecV2/IMDL/generative/coco/imgs/b76a2dd1a50d4618a54d55d305618617.jpg
14.86318302154541,9.659642219543457,0.0,IMDL,0,4,1,7,IMDL-Real,/mnt/public/public_datasets/OpenMMSecV2/IMDL/generative/coco/imgs/5adbf99c65014febad04b36f306f5011.jpg
-51.174591064453125,-42.88319778442383,0.0,deepfake,0,1,1,1,Deepfake-Real,/mnt/public/public_datasets/OpenMMSecV2/Deepfake/Real/FF++/72cc5fc53cf6488fa980e8ffd5469285.png
21.36496925354004,-14.9201078414917,0.0,AIGC,0,2,1,3,AIGC-Real,/mnt/public/public_datasets/OpenMMSecV2/AIGC/laion/b7d8440e996042d5935369932bc450c2.jpg
-39.23227310180664,-21.058616638183594,0.0,deepfake,0,1,1,1,Deepfake-Real,/mnt/public/public_datasets/OpenMMSecV2/Deepfake/Real/CelebDF-v2/a96cb33fdb5f4e3fa0862e00ed15f228.png
-51.02604293823242,-3.0955448150634766,0.0,deepfake,1,1,2,2,Deepfake-Fake,/mnt/public/public_datasets/OpenMMSecV2/Deepfake/Fake/FaceEditing/StarGAN/2ecb098912394173a9428f2c9d9e1bce.jpg
3.464498996734619,22.326757431030273,0.0,IMDL,1,4,2,8,IMDL-Fake,/mnt/public/public_datasets/OpenMMSecV2/IMDL/generative/stable_diffusion/imgs/e74b8ceb07f54d83ad55d87387446544.png
0.5076543688774109,29.5031795501709,0.0,IMDL,1,4,2,8,IMDL-Fake,/mnt/public/public_datasets/OpenMMSecV2/IMDL/non_generative/manual_ps/imgs/1f15419e04f7490abb9d6f394361e303.tif
-7.4996418952941895,-6.217990875244141,0.0,AIGC,0,2,1,3,AIGC-Real,/mnt/public/public_datasets/OpenMMSecV2/AIGC/other/online/imgs/fb9bba335c914bec9d2f851216e15c79.jpg
-33.70599365234375,-20.87271499633789,0.0,IMDL,0,4,1,7,IMDL-Real,/mnt/public/public_datasets/OpenMMSecV2/IMDL/generative/stable_diffusion/imgs/fe43c824bcc140ca80db49c0788de6bc.png
-20.231184005737305,3.2609755992889404,0.0,IMDL,1,4,2,8,IMDL-Fake,/mnt/public/public_datasets/OpenMMSecV2/IMDL/generative/flux_1/imgs/97f08ed0f1d54b09a1f0289bc5fc21b4.png
-68.10762023925781,2.9009625911712646,0.0,deepfake,0,1,1,1,Deepfake-Real,/mnt/public/public_datasets/OpenMMSecV2/Deepfake/Real/FF++/065cfd989def4d7eaafec9dc1693317a.png
-16.506492614746094,52.06330490112305,0.0,IMDL,0,4,1,7,IMDL-Real,/mnt/public/public_datasets/OpenMMSecV2/IMDL/generative/coco/imgs/0c8ecaa8ea7f4a5da2d4ffd5df1fb0c1.jpg
-41.79037857055664,-6.048766136169434,0.0,deepfake,1,1,2,2,Deepfake-Fake,/mnt/public/public_datasets/OpenMMSecV2/Deepfake/Fake/FaceEditing/StarGANv2/897079ba7d974ada832654ec99d6dabf.jpg
-23.982839584350586,-8.898903846740723,0.0,IMDL,1,4,2,8,IMDL-Fake,/mnt/public/public_datasets/OpenMMSecV2/IMDL/generative/flux_1/imgs/b5c65d0a8fce4a0dbcfa088df309937e.png
52.48924255371094,-8.952584266662598,0.0,Doc,1,3,2,6,Document-Fake,/mnt/public/public_datasets/OpenMMSecV2/Doc/non_aigc/copy-move/imgs/f189a691388d49faa80f6a40fa2bb6a1.jpg
-42.40592956542969,1.4002572298049927,0.0,deepfake,0,1,1,1,Deepfake-Real,/mnt/public/public_datasets/OpenMMSecV2/Deepfake/Real/DFD/1a1cf61ecc9449d8aeda00dc3e347621.png
-12.047567367553711,0.07913896441459656,0.0,IMDL,0,4,1,7,IMDL-Real,/mnt/public/public_datasets/OpenMMSecV2/IMDL/generative/coco/imgs/a89c2a71f56c4936894dc1c2e8b5cf05.jpg
-26.57164192199707,40.57795715332031,0.0,Doc,1,3,2,6,Document-Fake,/mnt/public/public_datasets/OpenMMSecV2/Doc/aigc/textocr/imgs/0f67d0a0e6b84359a0aac46eec0d7d12.jpg
-56.808284759521484,-3.861016035079956,0.0,deepfake,1,1,2,2,Deepfake-Fake,/mnt/public/public_datasets/OpenMMSecV2/Deepfake/Fake/EntireFaceSynthesis/RDDM/a0318e96b79b44488cccbcc601b7f02f.png
-0.6619662642478943,48.280235290527344,0.0,AIGC,0,2,1,3,AIGC-Real,/mnt/public/public_datasets/OpenMMSecV2/AIGC/laion/346b3d93d3f94ecb952b7255f9956025.jpg
-11.306081771850586,-22.039440155029297,0.0,AIGC,1,2,2,4,AIGC-Fake,/mnt/public/public_datasets/OpenMMSecV2/AIGC/other/online/imgs/3456b2f325714230b2ad8a0e2ad71185.jpg
-35.022159576416016,-26.803112030029297,0.0,deepfake,1,1,2,2,Deepfake-Fake,/mnt/public/public_datasets/OpenMMSecV2/Deepfake/Fake/FaceEditing/e4e/fac676e2876642e5ad08f38207e960ed.jpg
60.27194595336914,-29.322021484375,0.0,Doc,1,3,2,6,Document-Fake,/mnt/public/public_datasets/OpenMMSecV2/Doc/non_aigc/insert/imgs/8198dea04b12426395a7bd092fcb4c96.jpg
-64.28506469726562,9.710027694702148,0.0,deepfake,1,1,2,2,Deepfake-Fake,/mnt/public/public_datasets/OpenMMSecV2/Deepfake/Fake/FaceSwap/SimSwap/1bb4917a8d8348a6b120b1f003df1378.png
-70.94898223876953,4.06856107711792,0.0,deepfake,0,1,1,1,Deepfake-Real,/mnt/public/public_datasets/OpenMMSecV2/Deepfake/Real/FF++/c386e686f7534569beaf3eff1669973e.png
-1.4752428531646729,-10.097823143005371,0.0,AIGC,0,2,1,3,AIGC-Real,/mnt/public/public_datasets/OpenMMSecV2/AIGC/laion/f211da0076084ee2bdec0f5bfbecd14d.jpg
-14.78083324432373,14.808493614196777,0.0,AIGC,1,2,2,4,AIGC-Fake,/mnt/public/public_datasets/OpenMMSecV2/AIGC/pixel_diffusion/guided_diffusion/4343f9893cb4455c876150a9979e69c5.jpg
-64.4161605834961,12.028807640075684,0.0,deepfake,0,1,1,1,Deepfake-Real,/mnt/public/public_datasets/OpenMMSecV2/Deepfake/Real/CelebDF-v2/cbcf574ed8bd4186b6c62aa08f532a8f.png
67.36479949951172,-31.0311336517334,0.0,Doc,0,3,1,5,Document-Real,/mnt/public/public_datasets/OpenMMSecV2/Doc/Real/d17e872054fd4c429f923a417cccc323.jpg
15.533406257629395,-9.99694538116455,0.0,AIGC,0,2,1,3,AIGC-Real,/mnt/public/public_datasets/OpenMMSecV2/AIGC/laion/0492527612e34f259e5adc59cc0f602c.jpg
41.87578582763672,23.499553680419922,0.0,Doc,0,3,1,5,Document-Real,/mnt/public/public_datasets/OpenMMSecV2/Doc/Real/9c3db1d5ce7a48c188df4bd1fe3d731c.jpg
-37.697235107421875,-6.367419719696045,0.0,deepfake,0,1,1,1,Deepfake-Real,/mnt/public/public_datasets/OpenMMSecV2/Deepfake/Real/FFHQ/a3620c5dc44c4932a93dfc5307e230bb.jpg
53.43060302734375,-5.620173454284668,0.0,Doc,1,3,2,6,Document-Fake,/mnt/public/public_datasets/OpenMMSecV2/Doc/non_aigc/generation/imgs/8ed4b510696b4e78abfa70a9cd599afa.jpg
7.619210243225098,-4.211520195007324,0.0,IMDL,0,4,1,7,IMDL-Real,/mnt/public/public_datasets/OpenMMSecV2/IMDL/generative/flux_1/imgs/95c0e126a3cf4844981a4e308821feae.png
3.2225182056427,40.11442947387695,0.0,AIGC,0,2,1,3,AIGC-Real,/mnt/public/public_datasets/OpenMMSecV2/AIGC/laion/92a6255566ac486a9659767b6fbd7467.jpg
2.7128851413726807,21.99759864807129,0.0,AIGC,1,2,2,4,AIGC-Fake,/mnt/public/public_datasets/OpenMMSecV2/AIGC/GAN/GigaGAN/1f315a0206c1460a9eaeead1fc59e265.jpg
37.94561004638672,19.730125427246094,0.0,Doc,0,3,1,5,Document-Real,/mnt/public/public_datasets/OpenMMSecV2/Doc/Real/e07e32708c454cfe9a27c2000202cc61.jpg
-42.69694519042969,-9.360746383666992,0.0,deepfake,1,1,2,2,Deepfake-Fake,/mnt/public/public_datasets/OpenMMSecV2/Deepfake/Fake/FaceEditing/e4e/92db4aef1d2d47bfa679b6543b92564a.jpg
-36.02532196044922,-26.751615524291992,0.0,deepfake,0,1,1,1,Deepfake-Real,/mnt/public/public_datasets/OpenMMSecV2/Deepfake/Real/FFHQ/2ed65c53079140a897bcc68ef5a2b01c.jpg
-69.35948181152344,1.8926969766616821,0.0,deepfake,0,1,1,1,Deepfake-Real,/mnt/public/public_datasets/OpenMMSecV2/Deepfake/Real/FF++/e8ffffb21dcc4396996ac1b906696613.png
-50.248470306396484,-17.137691497802734,0.0,deepfake,1,1,2,2,Deepfake-Fake,/mnt/public/public_datasets/OpenMMSecV2/Deepfake/Fake/FaceReenactment/HeyGen/6c5d3941e061450e8ddfdb0c6cb82e3a.png
-43.2840461730957,-34.04187774658203,0.0,deepfake,1,1,2,2,Deepfake-Fake,/mnt/public/public_datasets/OpenMMSecV2/Deepfake/Fake/EntireFaceSynthesis/SD-2.1/d8f265b7d4cb4046a56c93ccd1d47323.png
-13.063299179077148,3.4207098484039307,0.0,IMDL,1,4,2,8,IMDL-Fake,/mnt/public/public_datasets/OpenMMSecV2/IMDL/generative/paintbyexample/imgs/63860ba8d0bc4dd6bc7e00f1dc0d54c8.png
12.427453994750977,19.34355926513672,0.0,AIGC,1,2,2,4,AIGC-Fake,/mnt/public/public_datasets/OpenMMSecV2/AIGC/pixel_diffusion/glide/imgs/911072969bfc4667b85c0c49d7d22577.png
-42.784358978271484,-43.609397888183594,0.0,deepfake,1,1,2,2,Deepfake-Fake,/mnt/public/public_datasets/OpenMMSecV2/Deepfake/Fake/EntireFaceSynthesis/StyleGAN2/e84baebc15684dc19c786929f9eea4a7.png
-15.716206550598145,53.1546745300293,0.0,IMDL,1,4,2,8,IMDL-Fake,/mnt/public/public_datasets/OpenMMSecV2/IMDL/generative/flux_1/imgs/a683404359cc40b48cad3ddd927c5e75.png
5.359957218170166,-8.758131980895996,0.0,IMDL,1,4,2,8,IMDL-Fake,/mnt/public/public_datasets/OpenMMSecV2/IMDL/generative/gan_mat/imgs/d314c1422e114cbbb5ae8d3dbf44ddf0.jpg
64.0501480102539,3.865227222442627,0.0,Doc,1,3,2,6,Document-Fake,/mnt/public/public_datasets/OpenMMSecV2/Doc/non_aigc/copy-move/imgs/a839ada59c7f40f99360468ba7df8f3a.jpg
30.23200225830078,-13.45804500579834,0.0,AIGC,1,2,2,4,AIGC-Fake,/mnt/public/public_datasets/OpenMMSecV2/AIGC/commercial/imagen/d7273b52274f4ed19e11bd0e1c41b6e0.jpg
-7.091416358947754,27.495649337768555,0.0,AIGC,0,2,1,3,AIGC-Real,/mnt/public/public_datasets/OpenMMSecV2/AIGC/other/online/imgs/a5fcc9c3637d4772838e0ad3586b6659.jpg
-14.596331596374512,29.68815803527832,0.0,IMDL,0,4,1,7,IMDL-Real,/mnt/public/public_datasets/OpenMMSecV2/IMDL/generative/stable_diffusion/imgs/5695e82ea7c94681a58ae16d93c5c769.png
0.865414559841156,19.01690673828125,0.0,IMDL,1,4,2,8,IMDL-Fake,/mnt/public/public_datasets/OpenMMSecV2/IMDL/non_generative/manual_ps/imgs/0c73ce82bfa7454db4f27303d1f8fb4e.jpg
-24.233179092407227,31.778779983520508,0.0,AIGC,0,2,1,3,AIGC-Real,/mnt/public/public_datasets/OpenMMSecV2/AIGC/laion/0f68192ec371448a81904c04d73506be.jpg
-3.623634099960327,-23.992202758789062,0.0,AIGC,0,2,1,3,AIGC-Real,/mnt/public/public_datasets/OpenMMSecV2/AIGC/laion/28cf1ec4754443f8b6fcac4deaede33b.jpg
-30.83396339416504,-29.6087589263916,0.0,AIGC,1,2,2,4,AIGC-Fake,/mnt/public/public_datasets/OpenMMSecV2/AIGC/GAN/StyleSANXL/8ff05b08a91e41d7804f08157cf1380c.jpg
11.837696075439453,2.55623459815979,0.0,IMDL,1,4,2,8,IMDL-Fake,/mnt/public/public_datasets/OpenMMSecV2/IMDL/generative/stable_diffusion/imgs/d5573f9d2d44417a846ae620af70b740.png
47.30792236328125,-37.12995910644531,0.0,Doc,0,3,1,5,Document-Real,/mnt/public/public_datasets/OpenMMSecV2/Doc/Real/7552554f741441bf800bf727cf12c03f.jpg
1.2261899709701538,34.05345153808594,0.0,IMDL,1,4,2,8,IMDL-Fake,/mnt/public/public_datasets/OpenMMSecV2/IMDL/non_generative/manual_ps/imgs/91e31d39692746a08145f417fde0ea67.jpg
15.842617988586426,-2.5197739601135254,0.0,AIGC,0,2,1,3,AIGC-Real,/mnt/public/public_datasets/OpenMMSecV2/AIGC/other/online/imgs/5b34c17af9b54c80834bc31ad13d0c7d.jpg
41.10017013549805,28.871755599975586,0.0,Doc,0,3,1,5,Document-Real,/mnt/public/public_datasets/OpenMMSecV2/Doc/aigc/derend/imgs/75a2639c25b84b1e971140e937a83895.jpg
24.309627532958984,-10.272746086120605,0.0,IMDL,1,4,2,8,IMDL-Fake,/mnt/public/public_datasets/OpenMMSecV2/IMDL/non_generative/manual_ps/imgs/24355235e2d64f2bad3f2348257548ee.jpg
-54.364707946777344,2.7786011695861816,0.0,deepfake,1,1,2,2,Deepfake-Fake,/mnt/public/public_datasets/OpenMMSecV2/Deepfake/Fake/FaceReenactment/TPSMM/30783cb2154a474b9d31b4e4957d2b4b.png
65.41378021240234,-20.231048583984375,0.0,Doc,0,3,1,5,Document-Real,/mnt/public/public_datasets/OpenMMSecV2/Doc/Real/ec80edbcdb184b8a8417cb967ecad75a.jpg
-52.35701370239258,-40.52466583251953,0.0,deepfake,0,1,1,1,Deepfake-Real,/mnt/public/public_datasets/OpenMMSecV2/Deepfake/Real/FF++/9d555196d1ec49178c0bde4f8103840e.png
-11.091647148132324,21.22557258605957,0.0,AIGC,1,2,2,4,AIGC-Fake,/mnt/public/public_datasets/OpenMMSecV2/AIGC/latent_diffusion/systematic/54db63a0dfeb463d99ada75f9369977d.jpg
70.9170913696289,-21.76219940185547,0.0,Doc,0,3,1,5,Document-Real,/mnt/public/public_datasets/OpenMMSecV2/Doc/Real/e9a294979079420ead6ca89180151852.jpg
23.5502872467041,-15.944833755493164,0.0,AIGC,0,2,1,3,AIGC-Real,/mnt/public/public_datasets/OpenMMSecV2/AIGC/laion/6a41e8d846a040ff95a27690d16554ac.jpg
52.940425872802734,-11.096391677856445,0.0,Doc,1,3,2,6,Document-Fake,/mnt/public/public_datasets/OpenMMSecV2/Doc/non_aigc/copy-move/imgs/c2723fb20e244f329116c665c7b8112e.jpg
18.547237396240234,-8.195592880249023,0.0,AIGC,1,2,2,4,AIGC-Fake,/mnt/public/public_datasets/OpenMMSecV2/AIGC/pixel_diffusion/adm/imgs/0bb9dc842e1a41b4818260988c66840c.PNG
-64.66423034667969,5.8002238273620605,0.0,deepfake,1,1,2,2,Deepfake-Fake,/mnt/public/public_datasets/OpenMMSecV2/Deepfake/Fake/FaceReenactment/HyperReenact/17b0dbb6a58941f1a00972c1985db25b.png
26.167190551757812,-10.965949058532715,0.0,AIGC,0,2,1,3,AIGC-Real,/mnt/public/public_datasets/OpenMMSecV2/AIGC/laion/3233e73739ce468bbec423d2f018f094.jpg
66.41122436523438,-33.593544006347656,0.0,Doc,0,3,1,5,Document-Real,/mnt/public/public_datasets/OpenMMSecV2/Doc/Real/145ea43f902141c59b5d573b34e575e9.jpg
-24.143150329589844,-37.65174865722656,0.0,deepfake,1,1,2,2,Deepfake-Fake,/mnt/public/public_datasets/OpenMMSecV2/Deepfake/Fake/FaceEditing/StarGANv2/db9ecb1011014ef1a068139c2a70c12b.jpg
7.917102813720703,15.867463111877441,0.0,IMDL,1,4,2,8,IMDL-Fake,/mnt/public/public_datasets/OpenMMSecV2/IMDL/non_generative/manual_ps/imgs/1afb167b02bf4dcba937d583ac141c99.jpg
6.625890254974365,11.679108619689941,0.0,IMDL,1,4,2,8,IMDL-Fake,/mnt/public/public_datasets/OpenMMSecV2/IMDL/non_generative/manual_ps/imgs/6e9beff154184beea3a5947725b86cc3.jpg
37.396148681640625,34.28108215332031,0.0,Doc,1,3,2,6,Document-Fake,/mnt/public/public_datasets/OpenMMSecV2/Doc/aigc/derend/imgs/44c940dd6a1c4022b7904295d296938f.jpg
-11.730250358581543,-9.365691184997559,0.0,AIGC,1,2,2,4,AIGC-Fake,/mnt/public/public_datasets/OpenMMSecV2/AIGC/other/online/imgs/b1ca7cf65f61408f886348c70e3e64a7.jpg
-44.61194610595703,-3.0520246028900146,0.0,deepfake,0,1,1,1,Deepfake-Real,/mnt/public/public_datasets/OpenMMSecV2/Deepfake/Real/CelebDF-v2/69bb0c12b0984685864e02c667f986fe.png
24.154495239257812,10.703669548034668,0.0,AIGC,1,2,2,4,AIGC-Fake,/mnt/public/public_datasets/OpenMMSecV2/AIGC/commercial/firefly/3af93df9507e43e894a3955791d204f8.jpg
-66.87701416015625,9.140303611755371,0.0,deepfake,1,1,2,2,Deepfake-Fake,/mnt/public/public_datasets/OpenMMSecV2/Deepfake/Fake/FaceReenactment/FS_vid2vid/763aac579ce24035afd90b9feb4b6f60.png
12.887496948242188,14.292665481567383,0.0,IMDL,0,4,1,7,IMDL-Real,/mnt/public/public_datasets/OpenMMSecV2/IMDL/generative/flux_1/imgs/30b0864c903a4b71ae45ca532fdca6d9.png
67.9960708618164,-1.6494016647338867,0.0,Doc,1,3,2,6,Document-Fake,/mnt/public/public_datasets/OpenMMSecV2/Doc/non_aigc/copy-move/imgs/7c2f6c3d352f49719ecd403bbdc76491.jpg
70.36925506591797,0.5709803700447083,0.0,Doc,1,3,2,6,Document-Fake,/mnt/public/public_datasets/OpenMMSecV2/Doc/non_aigc/copy-move/imgs/f98a4545ef964ea2857098801ebb9cf5.jpg
4.035782814025879,8.72850227355957,0.0,AIGC,1,2,2,4,AIGC-Fake,/mnt/public/public_datasets/OpenMMSecV2/AIGC/other/online/imgs/744be5278288450699fa1ef906ca5afb.jpg
36.1749267578125,30.52299690246582,0.0,Doc,1,3,2,6,Document-Fake,/mnt/public/public_datasets/OpenMMSecV2/Doc/aigc/textocr/imgs/6b1b20c1cd014e1fab59b1b897855ef1.jpg
39.888858795166016,22.044918060302734,0.0,Doc,0,3,1,5,Document-Real,/mnt/public/public_datasets/OpenMMSecV2/Doc/Real/eef4b667075041b7860742afd48ecb43.jpg
68.03630828857422,0.17909206449985504,0.0,Doc,0,3,1,5,Document-Real,/mnt/public/public_datasets/OpenMMSecV2/Doc/Real/ba79451a0acd4dc39fa595ad4490184d.jpg
4.126759052276611,-7.01393985748291,0.0,IMDL,0,4,1,7,IMDL-Real,/mnt/public/public_datasets/OpenMMSecV2/IMDL/generative/coco/imgs/e241543a1be442e285705e92b1b04d90.jpg
27.950864791870117,-15.183433532714844,0.0,AIGC,1,2,2,4,AIGC-Fake,/mnt/public/public_datasets/OpenMMSecV2/AIGC/latent_diffusion/systematic/e030492973e4429ab875d9cc323ffea1.jpg
-44.00975799560547,-50.2702522277832,0.0,deepfake,0,1,1,1,Deepfake-Real,/mnt/public/public_datasets/OpenMMSecV2/Deepfake/Real/CelebDF-v2/35d1984eebe84bd185094538cc89b29e.png
-34.388206481933594,-26.37457275390625,0.0,AIGC,1,2,2,4,AIGC-Fake,/mnt/public/public_datasets/OpenMMSecV2/AIGC/GAN/StyleSANXL/beff3ffcdb3a4dc78bb19892c5c95d3b.jpg
14.342086791992188,34.00371170043945,0.0,IMDL,1,4,2,8,IMDL-Fake,/mnt/public/public_datasets/OpenMMSecV2/IMDL/generative/stable_diffusion/imgs/71072132e4634cfdafe77df41a4211e6.jpg
-14.581315040588379,32.302520751953125,0.0,IMDL,1,4,2,8,IMDL-Fake,/mnt/public/public_datasets/OpenMMSecV2/IMDL/non_generative/manual_ps/imgs/1e6028ee43e54070b38a253dc96e15c4.jpg
22.550106048583984,4.176790237426758,0.0,Doc,0,3,1,5,Document-Real,/mnt/public/public_datasets/OpenMMSecV2/Doc/aigc/derend/imgs/e22b0c3511c9412292ff56d84d9513c9.jpg
-40.70084762573242,-12.593552589416504,0.0,deepfake,1,1,2,2,Deepfake-Fake,/mnt/public/public_datasets/OpenMMSecV2/Deepfake/Fake/FaceEditing/e4e/74556d3dee034245b55ea89cf01df7be.jpg
-61.132049560546875,-1.4557173252105713,0.0,deepfake,1,1,2,2,Deepfake-Fake,/mnt/public/public_datasets/OpenMMSecV2/Deepfake/Fake/FaceEditing/StarGAN/668f780a5f0546ecb856a0e2516247db.jpg
14.567437171936035,-8.411093711853027,0.0,AIGC,0,2,1,3,AIGC-Real,/mnt/public/public_datasets/OpenMMSecV2/AIGC/other/online/imgs/ca9ee7ec6405474abd28c95a4aacf51a.jpg
71.25178527832031,-23.00360679626465,0.0,Doc,0,3,1,5,Document-Real,/mnt/public/public_datasets/OpenMMSecV2/Doc/Real/10aa2bc6c9334c529caa77c8dc90a9aa.jpg
31.690628051757812,33.64963912963867,0.0,Doc,1,3,2,6,Document-Fake,/mnt/public/public_datasets/OpenMMSecV2/Doc/aigc/udifftext/imgs/242453f0e6f74a168e7717d5b4276971.jpg
-44.25751495361328,-39.904144287109375,0.0,deepfake,1,1,2,2,Deepfake-Fake,/mnt/public/public_datasets/OpenMMSecV2/Deepfake/Fake/EntireFaceSynthesis/SiT-XL/aa9ac884773941cabb8134a4da22c2d0.png
-0.457785427570343,36.02145004272461,0.0,AIGC,0,2,1,3,AIGC-Real,/mnt/public/public_datasets/OpenMMSecV2/AIGC/other/online/imgs/419f71dfcc2c4abf960b655c01ef0b54.jpg
-42.937644958496094,-2.1949450969696045,0.0,AIGC,1,2,2,4,AIGC-Fake,/mnt/public/public_datasets/OpenMMSecV2/AIGC/GAN/styleGANs/44f5df40726e433380df3c282b6f0a2b.jpg
-48.54372787475586,-31.894968032836914,0.0,deepfake,0,1,1,1,Deepfake-Real,/mnt/public/public_datasets/OpenMMSecV2/Deepfake/Real/CelebDF-v2/7f5fc22f5d2c4ff9a2b6168a430b6e28.png
-15.85419750213623,36.048988342285156,0.0,IMDL,1,4,2,8,IMDL-Fake,/mnt/public/public_datasets/OpenMMSecV2/IMDL/non_generative/manual_ps/imgs/da1980ba45024510a50ffc6e5959ff2e.jpg
64.43695831298828,2.462423801422119,0.0,Doc,1,3,2,6,Document-Fake,/mnt/public/public_datasets/OpenMMSecV2/Doc/non_aigc/copy-move/imgs/ff5fc183ab3f47689e39e657fcacb225.jpg
-56.06568908691406,-16.458736419677734,0.0,deepfake,0,1,1,1,Deepfake-Real,/mnt/public/public_datasets/OpenMMSecV2/Deepfake/Real/DFD/3d73d08b02b44acba87e17b313a837de.png
-8.850323677062988,-0.7974511981010437,0.0,AIGC,0,2,1,3,AIGC-Real,/mnt/public/public_datasets/OpenMMSecV2/AIGC/laion/08e85394cd654fb9ae4200b0569f3045.jpg
47.59840774536133,-34.37272644042969,0.0,Doc,0,3,1,5,Document-Real,/mnt/public/public_datasets/OpenMMSecV2/Doc/Real/7c5f8a6158bc4d68b6788e4560caf5ed.jpg
-67.83642578125,1.226264476776123,0.0,deepfake,0,1,1,1,Deepfake-Real,/mnt/public/public_datasets/OpenMMSecV2/Deepfake/Real/FF++/6785280aba3f42f7ab1e4360c8d6a45b.png
23.583698272705078,38.44026184082031,0.0,IMDL,0,4,1,7,IMDL-Real,/mnt/public/public_datasets/OpenMMSecV2/IMDL/generative/stable_diffusion/imgs/cbb603919e0c4778957c39f55564f678.png
51.79666519165039,-2.236454725265503,0.0,Doc,1,3,2,6,Document-Fake,/mnt/public/public_datasets/OpenMMSecV2/Doc/non_aigc/copy-move/imgs/60616849e0ff415b8a1fc0e195872f19.jpg
49.09022521972656,-33.752662658691406,0.0,Doc,0,3,1,5,Document-Real,/mnt/public/public_datasets/OpenMMSecV2/Doc/Real/ca501c13085c45f38035881ee3e8bd36.jpg
54.60536193847656,-26.953887939453125,0.0,Doc,1,3,2,6,Document-Fake,/mnt/public/public_datasets/OpenMMSecV2/Doc/non_aigc/generation/imgs/b7ada54b232b429bb7ec971a4825f244.jpg
5.940322399139404,35.333126068115234,0.0,IMDL,1,4,2,8,IMDL-Fake,/mnt/public/public_datasets/OpenMMSecV2/IMDL/non_generative/manual_ps/imgs/5b59d8fef947491aba92752f9a5f8828.tif
-39.054344177246094,-4.642559051513672,0.0,AIGC,1,2,2,4,AIGC-Fake,/mnt/public/public_datasets/OpenMMSecV2/AIGC/autoregressive_model/tamingtransformers/c5218f2f51b240198cc2c1262b315725.jpg
-43.65951919555664,-4.261967658996582,0.0,deepfake,1,1,2,2,Deepfake-Fake,/mnt/public/public_datasets/OpenMMSecV2/Deepfake/Fake/FaceEditing/StarGANv2/14dd2fb919524d61b29b84bac933eb93.jpg
58.70048904418945,1.2661380767822266,0.0,Doc,0,3,1,5,Document-Real,/mnt/public/public_datasets/OpenMMSecV2/Doc/Real/b6cf2be0ecf746bc9cd9740d54161fcd.jpg
-15.56943130493164,38.190128326416016,0.0,IMDL,0,4,1,7,IMDL-Real,/mnt/public/public_datasets/OpenMMSecV2/IMDL/generative/coco/imgs/7ba87e01ebbb4ec7aa7eee48e2752236.jpg
-24.992982864379883,-37.72542190551758,0.0,deepfake,1,1,2,2,Deepfake-Fake,/mnt/public/public_datasets/OpenMMSecV2/Deepfake/Fake/FaceEditing/StarGANv2/581530d1940142138698199b846760f1.jpg
3.857698678970337,5.017801761627197,0.0,IMDL,1,4,2,8,IMDL-Fake,/mnt/public/public_datasets/OpenMMSecV2/IMDL/generative/stable_diffusion/imgs/56a74692435f4f2ca6a6d72835d1cb4d.png
-42.079193115234375,-33.269309997558594,0.0,deepfake,1,1,2,2,Deepfake-Fake,/mnt/public/public_datasets/OpenMMSecV2/Deepfake/Fake/EntireFaceSynthesis/SD-2.1/dad264bc5fe743ecb01d31cde95b7804.png
-28.020559310913086,-30.906463623046875,0.0,AIGC,1,2,2,4,AIGC-Fake,/mnt/public/public_datasets/OpenMMSecV2/AIGC/other/online/imgs/9225bccfda7846099113cbc90aadc81f.jpg
-4.589749813079834,34.00840759277344,0.0,AIGC,1,2,2,4,AIGC-Fake,/mnt/public/public_datasets/OpenMMSecV2/AIGC/commercial/firefly/b8e6f5b6db5a403197570269f24e6648.jpg
-4.969688892364502,15.846867561340332,0.0,AIGC,1,2,2,4,AIGC-Fake,/mnt/public/public_datasets/OpenMMSecV2/AIGC/GAN/styleGANs/0b397e03a6cf4070ad1af0cfcee5523d.jpg
13.217549324035645,30.776203155517578,0.0,IMDL,1,4,2,8,IMDL-Fake,/mnt/public/public_datasets/OpenMMSecV2/IMDL/non_generative/manual_ps/imgs/d53c1ec1377349939d3bdfca47fce927.jpg
-8.83948802947998,-11.565324783325195,0.0,AIGC,0,2,1,3,AIGC-Real,/mnt/public/public_datasets/OpenMMSecV2/AIGC/laion/efa75b8fc13e430ea74ea1b613e44d34.jpg
-18.87297821044922,16.608287811279297,0.0,AIGC,0,2,1,3,AIGC-Real,/mnt/public/public_datasets/OpenMMSecV2/AIGC/laion/ca6167a829fc4726a62b6b0f0151f2ff.jpg
-1.3868216276168823,-25.126596450805664,0.0,AIGC,1,2,2,4,AIGC-Fake,/mnt/public/public_datasets/OpenMMSecV2/AIGC/commercial/flux/5225510847034733aa6d1d05018ef14b.jpg
-9.897358894348145,36.5726432800293,0.0,IMDL,1,4,2,8,IMDL-Fake,/mnt/public/public_datasets/OpenMMSecV2/IMDL/non_generative/manual_ps/imgs/cbe376ee80554173ab3a5f1abe68e82b.tif
-52.889888763427734,5.9555230140686035,0.0,deepfake,0,1,1,1,Deepfake-Real,/mnt/public/public_datasets/OpenMMSecV2/Deepfake/Real/CelebDF-v2/844748d7ac244f25baa6426557163688.png
-40.730682373046875,-3.057114601135254,0.0,deepfake,1,1,2,2,Deepfake-Fake,/mnt/public/public_datasets/OpenMMSecV2/Deepfake/Fake/FaceEditing/StarGANv2/59b32df8a5e24be5991075876c6086f7.jpg
-3.3723385334014893,9.122492790222168,0.0,IMDL,0,4,1,7,IMDL-Real,/mnt/public/public_datasets/OpenMMSecV2/IMDL/generative/stable_diffusion/imgs/bbfe56eb315946978b41a6812a7517ef.png
-30.716739654541016,-5.188492774963379,0.0,deepfake,1,1,2,2,Deepfake-Fake,/mnt/public/public_datasets/OpenMMSecV2/Deepfake/Fake/FaceEditing/StarGAN/0fa29ca7293444a3b73ec4fc032a902f.jpg
-28.05013656616211,41.30120849609375,0.0,IMDL,0,4,1,7,IMDL-Real,/mnt/public/public_datasets/OpenMMSecV2/IMDL/generative/coco/imgs/1813de4e26b54e1ea366cb13d656df41.jpg
11.833800315856934,3.965085029602051,0.0,AIGC,1,2,2,4,AIGC-Fake,/mnt/public/public_datasets/OpenMMSecV2/AIGC/GAN/styleGANs/44e15f9790a041f88168aa65c328835b.jpg
-4.110020160675049,1.3665375709533691,0.0,AIGC,1,2,2,4,AIGC-Fake,/mnt/public/public_datasets/OpenMMSecV2/AIGC/latent_diffusion/systematic/a183c5f89bf147649b6076f56bcae68c.jpg
23.9575138092041,-22.443323135375977,0.0,AIGC,1,2,2,4,AIGC-Fake,/mnt/public/public_datasets/OpenMMSecV2/AIGC/latent_diffusion/systematic/6eccbf5ec75c4855be160baed680df26.jpg
-9.087831497192383,0.48567134141921997,0.0,IMDL,0,4,1,7,IMDL-Real,/mnt/public/public_datasets/OpenMMSecV2/IMDL/generative/coco/imgs/724b4989edb94ba6bd7c6d2f768e78c9.jpg
0.08345870673656464,35.3465690612793,0.0,IMDL,0,4,1,7,IMDL-Real,/mnt/public/public_datasets/OpenMMSecV2/IMDL/generative/coco/imgs/cc69ee0d7825414f8feb7a3dad6cc42d.jpg
7.65238094329834,13.871807098388672,0.0,IMDL,0,4,1,7,IMDL-Real,/mnt/public/public_datasets/OpenMMSecV2/IMDL/generative/flux_1/imgs/4e0860a93267487f85bcd8660060fe5b.png
-50.065185546875,-5.109054088592529,0.0,deepfake,1,1,2,2,Deepfake-Fake,/mnt/public/public_datasets/OpenMMSecV2/Deepfake/Fake/EntireFaceSynthesis/StyleGAN3/d5e1791324ac4b33b486f0cebe6369b7.png
-24.567834854125977,29.534923553466797,0.0,AIGC,0,2,1,3,AIGC-Real,/mnt/public/public_datasets/OpenMMSecV2/AIGC/laion/716f2cfae9c945cd931ed86ac4fc8cb8.jpg
-22.52034568786621,28.63484764099121,0.0,AIGC,1,2,2,4,AIGC-Fake,/mnt/public/public_datasets/OpenMMSecV2/AIGC/GAN/GigaGAN/d03cf60e85fc437985ce7610698014b1.jpg
-52.4921875,5.031803131103516,0.0,deepfake,1,1,2,2,Deepfake-Fake,/mnt/public/public_datasets/OpenMMSecV2/Deepfake/Fake/EntireFaceSynthesis/StyleGAN2/c8c7b1de42f845bca28b793dc7cfdcb5.png
20.90833854675293,-8.442057609558105,0.0,AIGC,0,2,1,3,AIGC-Real,/mnt/public/public_datasets/OpenMMSecV2/AIGC/laion/dfa13e51fb1d474f9e96cd9687dd49ef.jpg
-17.707592010498047,-21.971529006958008,0.0,AIGC,1,2,2,4,AIGC-Fake,/mnt/public/public_datasets/OpenMMSecV2/AIGC/other/online/imgs/fc2d97cd097e4b5b8ba7098f7da93d58.jpg
18.114704132080078,6.467025279998779,0.0,AIGC,0,2,1,3,AIGC-Real,/mnt/public/public_datasets/OpenMMSecV2/AIGC/laion/8e9cf53464fd4a5bad479be30f66d0af.jpg
68.37870025634766,-30.32550621032715,0.0,Doc,1,3,2,6,Document-Fake,/mnt/public/public_datasets/OpenMMSecV2/Doc/non_aigc/copy-move/imgs/14932ebcfb234df2a1231bf6082c9bed.jpg
-40.62624740600586,-41.239463806152344,0.0,deepfake,1,1,2,2,Deepfake-Fake,/mnt/public/public_datasets/OpenMMSecV2/Deepfake/Fake/FaceReenactment/OneShot/fdf25166b3c742079f7f0ad3ec2c253b.png
45.561580657958984,-36.8194465637207,0.0,Doc,0,3,1,5,Document-Real,/mnt/public/public_datasets/OpenMMSecV2/Doc/Real/b9750413e3d645daa4a8284d5747ed58.jpg
73.28772735595703,-10.062034606933594,0.0,Doc,1,3,2,6,Document-Fake,/mnt/public/public_datasets/OpenMMSecV2/Doc/non_aigc/copy-move/imgs/4fa3cfa8572e46f69137fe05a91e0d99.jpg
-17.176761627197266,-26.039690017700195,0.0,AIGC,1,2,2,4,AIGC-Fake,/mnt/public/public_datasets/OpenMMSecV2/AIGC/other/online/imgs/1d9d8dc92e1448a18ef0ac9d00cea493.jpg
-1.8497300148010254,-21.668779373168945,0.0,AIGC,0,2,1,3,AIGC-Real,/mnt/public/public_datasets/OpenMMSecV2/AIGC/laion/4254a0dc2baf44a498c71824706c885d.jpg
7.827264308929443,18.817506790161133,0.0,IMDL,0,4,1,7,IMDL-Real,/mnt/public/public_datasets/OpenMMSecV2/IMDL/non_generative/manual_ps/imgs/781ccc68929f4669a31d29e539d86928.jpg
67.42365264892578,-20.001379013061523,0.0,Doc,0,3,1,5,Document-Real,/mnt/public/public_datasets/OpenMMSecV2/Doc/Real/be00138ce0d249ce872a0b1b202e3bf3.jpg
-58.186058044433594,3.05562686920166,0.0,deepfake,1,1,2,2,Deepfake-Fake,/mnt/public/public_datasets/OpenMMSecV2/Deepfake/Fake/FaceReenactment/OneShot/f02124ebafe442a1ae1742a66f3e48c3.png
51.905921936035156,-22.428852081298828,0.0,Doc,0,3,1,5,Document-Real,/mnt/public/public_datasets/OpenMMSecV2/Doc/Real/77ae79f20ed646178c3ec127918fe324.jpg
10.413846015930176,-1.0715737342834473,0.0,IMDL,0,4,1,7,IMDL-Real,/mnt/public/public_datasets/OpenMMSecV2/IMDL/generative/coco/imgs/16aa1a6a157a4a46b85c67a831d37bef.jpg
31.45340919494629,10.285801887512207,0.0,Doc,1,3,2,6,Document-Fake,/mnt/public/public_datasets/OpenMMSecV2/Doc/aigc/derend/imgs/8dd31dcee495475287b4bd08a85632f4.jpg
-24.245187759399414,31.451278686523438,0.0,IMDL,0,4,1,7,IMDL-Real,/mnt/public/public_datasets/OpenMMSecV2/IMDL/generative/stable_diffusion/imgs/3b29b40927414a56b34f0b23b73ca254.png
71.59902954101562,-12.797197341918945,0.0,Doc,1,3,2,6,Document-Fake,/mnt/public/public_datasets/OpenMMSecV2/Doc/non_aigc/copy-move/imgs/cf2c57b9caf449b695cc419e8a87d458.jpg
0.1299307644367218,-3.888685941696167,0.0,IMDL,1,4,2,8,IMDL-Fake,/mnt/public/public_datasets/OpenMMSecV2/IMDL/non_generative/manual_ps/imgs/462364964d8d40c8821bda0e32323b66.tif
31.033672332763672,30.848167419433594,0.0,Doc,1,3,2,6,Document-Fake,/mnt/public/public_datasets/OpenMMSecV2/Doc/aigc/textocr/imgs/150a7ba341fe41f2b0ccb76c4f060c5e.jpg
-56.77608871459961,0.9345343112945557,0.0,deepfake,0,1,1,1,Deepfake-Real,/mnt/public/public_datasets/OpenMMSecV2/Deepfake/Real/CelebDF-v2/3d5814703d514fc7a6fdab1bfbbd0d41.png
67.55265045166016,-24.59587287902832,0.0,Doc,1,3,2,6,Document-Fake,/mnt/public/public_datasets/OpenMMSecV2/Doc/non_aigc/cpmv/imgs/17bf308f2c364eed99a6147803e99f1e.jpg
-38.1807975769043,-14.880293846130371,0.0,AIGC,1,2,2,4,AIGC-Fake,/mnt/public/public_datasets/OpenMMSecV2/AIGC/GAN/styleGANs/f5dfa5bc7d384321995249136a76fb11.jpg
68.0329818725586,-27.809043884277344,0.0,Doc,1,3,2,6,Document-Fake,/mnt/public/public_datasets/OpenMMSecV2/Doc/non_aigc/copy-move/imgs/4beb5df66b0a45f08cf5aa32d80c35ec.jpg
48.0216064453125,-34.10303497314453,0.0,Doc,0,3,1,5,Document-Real,/mnt/public/public_datasets/OpenMMSecV2/Doc/Real/09a1d295575642a5835b80bf68105e64.jpg
11.386213302612305,6.566014766693115,0.0,IMDL,0,4,1,7,IMDL-Real,/mnt/public/public_datasets/OpenMMSecV2/IMDL/generative/flux_1/imgs/a9c0a4b698d24b1b8c69b212494e7bd8.png
-11.533754348754883,6.256936550140381,0.0,IMDL,0,4,1,7,IMDL-Real,/mnt/public/public_datasets/OpenMMSecV2/IMDL/generative/flux_1/imgs/453233ef9d944a11bbd6d6742480421b.png
19.646934509277344,14.335935592651367,0.0,IMDL,1,4,2,8,IMDL-Fake,/mnt/public/public_datasets/OpenMMSecV2/IMDL/non_generative/manual_ps/imgs/059255a153a2457988bd6c01c8950743.jpg
19.602157592773438,15.934285163879395,0.0,AIGC,1,2,2,4,AIGC-Fake,/mnt/public/public_datasets/OpenMMSecV2/AIGC/commercial/ideogram/839d6bbbc4bf47e291ae308464aeb30d.jpg
5.659500598907471,-9.737322807312012,0.0,IMDL,0,4,1,7,IMDL-Real,/mnt/public/public_datasets/OpenMMSecV2/IMDL/generative/stable_diffusion/imgs/152729a80b984a26a6494657196f7978.png
-62.50425720214844,8.771568298339844,0.0,deepfake,1,1,2,2,Deepfake-Fake,/mnt/public/public_datasets/OpenMMSecV2/Deepfake/Fake/FaceSwap/FaceDancer/6f66ed89201d437ab5ab3c7dc62a946e.png
1.2586078643798828,47.69942092895508,0.0,IMDL,0,4,1,7,IMDL-Real,/mnt/public/public_datasets/OpenMMSecV2/IMDL/generative/stable_diffusion/imgs/043aa81feeb145828d4147a66deea74c.png
15.004142761230469,0.5792648196220398,0.0,AIGC,1,2,2,4,AIGC-Fake,/mnt/public/public_datasets/OpenMMSecV2/AIGC/commercial/dalle/5076de31e7ed42ebb4bf4f1ccbd650b6.jpg
-8.94920825958252,-6.044573783874512,0.0,IMDL,1,4,2,8,IMDL-Fake,/mnt/public/public_datasets/OpenMMSecV2/IMDL/non_generative/manual_ps/imgs/d6f630ada1a34c3abd55a95c91c9f376.jpg
16.67058563232422,-0.7483465671539307,0.0,AIGC,1,2,2,4,AIGC-Fake,/mnt/public/public_datasets/OpenMMSecV2/AIGC/commercial/ideogram/ea1be9b47c7f493885d313e6a6f63814.jpg
-60.090919494628906,-8.900453567504883,0.0,deepfake,0,1,1,1,Deepfake-Real,/mnt/public/public_datasets/OpenMMSecV2/Deepfake/Real/CelebDF-v2/7622393b4a86468a90f0dc6c721d9725.png
-47.1660041809082,-35.842933654785156,0.0,deepfake,1,1,2,2,Deepfake-Fake,/mnt/public/public_datasets/OpenMMSecV2/Deepfake/Fake/EntireFaceSynthesis/SD-2.1/7edd2ad6347e4baf833a9ed8d618a6e6.png
66.04399871826172,-30.49245834350586,0.0,Doc,0,3,1,5,Document-Real,/mnt/public/public_datasets/OpenMMSecV2/Doc/Real/a5ae638bc67641c984ac3fed96b7eb30.jpg
-65.32290649414062,12.387496948242188,0.0,deepfake,0,1,1,1,Deepfake-Real,/mnt/public/public_datasets/OpenMMSecV2/Deepfake/Real/CelebDF-v2/ad94857f5d7e4f80b01fd17429a8b03c.png
-2.0926382541656494,-2.608269691467285,0.0,AIGC,1,2,2,4,AIGC-Fake,/mnt/public/public_datasets/OpenMMSecV2/AIGC/other/online/imgs/1fc77a61dbfc4ccaa06d004fa2a0f53b.jpg
-12.095159530639648,-20.838699340820312,0.0,AIGC,1,2,2,4,AIGC-Fake,/mnt/public/public_datasets/OpenMMSecV2/AIGC/other/online/imgs/f1fc5dbd26364d448ccaf901062f8536.jpg
63.229949951171875,3.9523160457611084,0.0,Doc,0,3,1,5,Document-Real,/mnt/public/public_datasets/OpenMMSecV2/Doc/Real/ff006ce4f47946c19aaa938de8fd515a.jpg
15.688604354858398,9.07772445678711,0.0,Doc,0,3,1,5,Document-Real,/mnt/public/public_datasets/OpenMMSecV2/Doc/Real/2e219e3aa3334f27a151e790807d403d.jpg
-4.607280731201172,-1.7599294185638428,0.0,IMDL,0,4,1,7,IMDL-Real,/mnt/public/public_datasets/OpenMMSecV2/IMDL/generative/coco/imgs/020814b3d5464bf8b0dff4540d38a7e6.jpg
-7.924692630767822,29.50937271118164,0.0,IMDL,1,4,2,8,IMDL-Fake,/mnt/public/public_datasets/OpenMMSecV2/IMDL/generative/paintbyexample/imgs/9f1c0e3bba024400a66e097ceb14ca19.jpg
-9.704851150512695,2.646348237991333,0.0,IMDL,1,4,2,8,IMDL-Fake,/mnt/public/public_datasets/OpenMMSecV2/IMDL/generative/paintbyexample/imgs/0e30ae65952545e0b01cad0d6dd04ab0.png
63.64921951293945,-34.76768493652344,0.0,Doc,1,3,2,6,Document-Fake,/mnt/public/public_datasets/OpenMMSecV2/Doc/non_aigc/cover/imgs/c25619f801604d88a2af4bcc6e02faa3.jpg
-33.784000396728516,-25.103593826293945,0.0,deepfake,0,1,1,1,Deepfake-Real,/mnt/public/public_datasets/OpenMMSecV2/Deepfake/Real/DFD/b9d359811d854b9eaed8aabb5e0f0c88.png
-10.798271179199219,-21.56528663635254,0.0,IMDL,1,4,2,8,IMDL-Fake,/mnt/public/public_datasets/OpenMMSecV2/IMDL/generative/stable_diffusion/imgs/19e2f95701a445e594081dbd7c1b2521.png
-70.5384292602539,11.668519020080566,0.0,deepfake,1,1,2,2,Deepfake-Fake,/mnt/public/public_datasets/OpenMMSecV2/Deepfake/Fake/FaceReenactment/TPSMM/ff137cb069cf41f5a905b85381458992.png
-3.1298153400421143,28.182125091552734,0.0,IMDL,0,4,1,7,IMDL-Real,/mnt/public/public_datasets/OpenMMSecV2/IMDL/non_generative/manual_ps/imgs/ddd54c9030dd493b8e74b52af3102e01.jpg
-11.385497093200684,-8.27174186706543,0.0,AIGC,1,2,2,4,AIGC-Fake,/mnt/public/public_datasets/OpenMMSecV2/AIGC/other/online/imgs/a4496b7b4b7f4004b0a76411dc2b19ed.jpg
-4.680240154266357,-21.297876358032227,0.0,AIGC,0,2,1,3,AIGC-Real,/mnt/public/public_datasets/OpenMMSecV2/AIGC/laion/ffe34fa50b7440ccb9fed52c8494cb60.jpg
67.06766510009766,-22.627222061157227,0.0,Doc,0,3,1,5,Document-Real,/mnt/public/public_datasets/OpenMMSecV2/Doc/Real/02b32be87cac4d8e9ebfd43f75dde8f0.jpg
2.9871273040771484,34.16469192504883,0.0,IMDL,1,4,2,8,IMDL-Fake,/mnt/public/public_datasets/OpenMMSecV2/IMDL/generative/flux_1/imgs/ecd3367f949349ee86af0f1b6880d6c1.png
-42.02531051635742,-24.68943214416504,0.0,deepfake,0,1,1,1,Deepfake-Real,/mnt/public/public_datasets/OpenMMSecV2/Deepfake/Real/DFD/57cc34f78f0d4bc889c07d2fe54660fa.png
-64.0467758178711,5.975065231323242,0.0,deepfake,1,1,2,2,Deepfake-Fake,/mnt/public/public_datasets/OpenMMSecV2/Deepfake/Fake/FaceReenactment/DaGAN/0cd065dd7941424f8fb27b2aaadf332f.png
-51.429439544677734,-46.61110305786133,0.0,deepfake,0,1,1,1,Deepfake-Real,/mnt/public/public_datasets/OpenMMSecV2/Deepfake/Real/FF++/3a7fba35b3f1405d9cb505e9cea73d22.png
-71.01386260986328,0.22437983751296997,0.0,deepfake,0,1,1,1,Deepfake-Real,/mnt/public/public_datasets/OpenMMSecV2/Deepfake/Real/FF++/eb98db33046d4cd383e2bf2164b4dd2b.png
62.80957794189453,0.9063907861709595,0.0,Doc,1,3,2,6,Document-Fake,/mnt/public/public_datasets/OpenMMSecV2/Doc/non_aigc/copy-move/imgs/5ad1fbbd49cd4697923e64afb863def8.jpg
-69.44223022460938,0.02816038951277733,0.0,deepfake,0,1,1,1,Deepfake-Real,/mnt/public/public_datasets/OpenMMSecV2/Deepfake/Real/FF++/ed1b3b72589344569ee8b8833ea88a91.png
8.75852108001709,34.82581329345703,0.0,IMDL,0,4,1,7,IMDL-Real,/mnt/public/public_datasets/OpenMMSecV2/IMDL/generative/coco/imgs/1e4fb5730df14e80b77a1d0f7cd74832.jpg
30.185407638549805,-13.043006896972656,0.0,IMDL,1,4,2,8,IMDL-Fake,/mnt/public/public_datasets/OpenMMSecV2/IMDL/non_generative/manual_ps/imgs/652e5cb17b204553af36cbde544802fb.jpg
25.941911697387695,-2.4800498485565186,0.0,Doc,1,3,2,6,Document-Fake,/mnt/public/public_datasets/OpenMMSecV2/Doc/non_aigc/generation/imgs/0ab1d8ac52c04f29ac97d6d8cf6fc4cc.jpg
1.779183030128479,-0.04138407111167908,0.0,IMDL,0,4,1,7,IMDL-Real,/mnt/public/public_datasets/OpenMMSecV2/IMDL/generative/stable_diffusion/imgs/3caaa9baae32459dbef5b4014a4913b5.png
67.40089416503906,-30.171104431152344,0.0,Doc,1,3,2,6,Document-Fake,/mnt/public/public_datasets/OpenMMSecV2/Doc/non_aigc/cover/imgs/c0e53e9bc4bc4c3898bc3fefc6953397.jpg
-24.288286209106445,-9.068424224853516,0.0,IMDL,0,4,1,7,IMDL-Real,/mnt/public/public_datasets/OpenMMSecV2/IMDL/generative/coco/imgs/6585477ecf8148109198e59f6e06830a.jpg
-44.826637268066406,-48.29977798461914,0.0,deepfake,0,1,1,1,Deepfake-Real,/mnt/public/public_datasets/OpenMMSecV2/Deepfake/Real/CelebDF-v2/46b66a3808d24975a830807eafbdd637.png
67.27167510986328,-23.466373443603516,0.0,Doc,0,3,1,5,Document-Real,/mnt/public/public_datasets/OpenMMSecV2/Doc/Real/75ea25c06faa4c1fab331b33936843eb.jpg
34.90837860107422,18.01230812072754,0.0,Doc,1,3,2,6,Document-Fake,/mnt/public/public_datasets/OpenMMSecV2/Doc/aigc/textocr/imgs/11f28816ea52401ca2cc8e8b14771383.jpg
63.350093841552734,-31.704891204833984,0.0,Doc,1,3,2,6,Document-Fake,/mnt/public/public_datasets/OpenMMSecV2/Doc/non_aigc/cpmv/imgs/514973ef304847f0875a2efa78a5b913.jpg
-27.435815811157227,41.929134368896484,0.0,IMDL,0,4,1,7,IMDL-Real,/mnt/public/public_datasets/OpenMMSecV2/IMDL/generative/stable_diffusion/imgs/a23d090ca0ca4122bb0ef1697a99a576.png
-64.59090423583984,5.215924263000488,0.0,deepfake,1,1,2,2,Deepfake-Fake,/mnt/public/public_datasets/OpenMMSecV2/Deepfake/Fake/FaceReenactment/MRAA/483113530ee341b7b176d5593f163f3b.png
-23.600067138671875,35.732913970947266,0.0,Doc,0,3,1,5,Document-Real,/mnt/public/public_datasets/OpenMMSecV2/Doc/Real/1e76ceb811994a41b874de0e201eb08e.jpg
4.412871837615967,12.868383407592773,0.0,IMDL,1,4,2,8,IMDL-Fake,/mnt/public/public_datasets/OpenMMSecV2/IMDL/non_generative/manual_ps/imgs/c3ed506fdaac448e957eb492f0bc2240.jpg
69.6738052368164,-20.197834014892578,0.0,Doc,0,3,1,5,Document-Real,/mnt/public/public_datasets/OpenMMSecV2/Doc/Real/95509df7b342481bac571192f2dcacf5.jpg
-27.685531616210938,41.151309967041016,0.0,Doc,1,3,2,6,Document-Fake,/mnt/public/public_datasets/OpenMMSecV2/Doc/aigc/textocr/imgs/ab4e09ad69014920808a674df9f9b72a.jpg
3.4583141803741455,35.92315673828125,0.0,IMDL,0,4,1,7,IMDL-Real,/mnt/public/public_datasets/OpenMMSecV2/IMDL/generative/coco/imgs/d201dfb7420642f7a2f33148efca315d.jpg
-2.067923069000244,21.167612075805664,0.0,AIGC,1,2,2,4,AIGC-Fake,/mnt/public/public_datasets/OpenMMSecV2/AIGC/pixel_diffusion/adm/imgs/767e8d83ce7347c198a4836d96c35ac3.png
-3.838372230529785,23.382892608642578,0.0,AIGC,1,2,2,4,AIGC-Fake,/mnt/public/public_datasets/OpenMMSecV2/AIGC/pixel_diffusion/adm/imgs/7702cf7e1ff146069f6b5742c4d37fc7.png
18.34775733947754,32.593685150146484,0.0,IMDL,0,4,1,7,IMDL-Real,/mnt/public/public_datasets/OpenMMSecV2/IMDL/generative/stable_diffusion/imgs/d7197706ae4c428caa1b6b45ef3e4c69.png
20.253355026245117,40.040252685546875,0.0,IMDL,0,4,1,7,IMDL-Real,/mnt/public/public_datasets/OpenMMSecV2/IMDL/generative/coco/imgs/1a4c00c4cf5c46d1963baec73f6c1e0e.jpg
-55.71455383300781,3.4853310585021973,0.0,deepfake,1,1,2,2,Deepfake-Fake,/mnt/public/public_datasets/OpenMMSecV2/Deepfake/Fake/FaceSwap/FSGAN/cf4ca9f0e0d445e08536139d55ba819e.png
-39.94132614135742,-0.9530400037765503,0.0,deepfake,1,1,2,2,Deepfake-Fake,/mnt/public/public_datasets/OpenMMSecV2/Deepfake/Fake/FaceEditing/StarGAN/92779cabeb7a4391ba158ce7808f8bcb.jpg
-50.86203384399414,-44.67163848876953,0.0,deepfake,0,1,1,1,Deepfake-Real,/mnt/public/public_datasets/OpenMMSecV2/Deepfake/Real/FF++/a0d705a741574d608bed1452ae333cad.png
-62.45962905883789,12.620097160339355,0.0,deepfake,1,1,2,2,Deepfake-Fake,/mnt/public/public_datasets/OpenMMSecV2/Deepfake/Fake/FaceReenactment/Wav2Lip/60e1194a782243b2a2b6e6eb1a9834e1.png
17.6849365234375,-6.344946384429932,0.0,AIGC,0,2,1,3,AIGC-Real,/mnt/public/public_datasets/OpenMMSecV2/AIGC/laion/8b1065b1ce164c4d97d905b21c1c52f1.jpg
-43.79701614379883,-9.574771881103516,0.0,deepfake,1,1,2,2,Deepfake-Fake,/mnt/public/public_datasets/OpenMMSecV2/Deepfake/Fake/FaceEditing/e4e/0b9d3eaa81ad4c97b572684c5fdfad6e.jpg
-45.348392486572266,-8.960474967956543,0.0,deepfake,1,1,2,2,Deepfake-Fake,/mnt/public/public_datasets/OpenMMSecV2/Deepfake/Fake/EntireFaceSynthesis/WhichisReal/37893dbd136743eeb9e99f3e681eae7c.png
-9.075578689575195,-11.451789855957031,0.0,AIGC,1,2,2,4,AIGC-Fake,/mnt/public/public_datasets/OpenMMSecV2/AIGC/latent_diffusion/systematic/8039f9dcff2a4bbe911ed9ec8a2221c1.jpg
-26.13863182067871,34.606285095214844,0.0,deepfake,0,1,1,1,Deepfake-Real,/mnt/public/public_datasets/OpenMMSecV2/Deepfake/Real/VFHQ/888ca0dcb7c6487299371d0b24774c57.png
70.6015396118164,-12.705836296081543,0.0,Doc,1,3,2,6,Document-Fake,/mnt/public/public_datasets/OpenMMSecV2/Doc/non_aigc/copy-move/imgs/1c5d58a2a1784f15b54cad12ba582f05.jpg
7.2364349365234375,35.683265686035156,0.0,AIGC,1,2,2,4,AIGC-Fake,/mnt/public/public_datasets/OpenMMSecV2/AIGC/GAN/GigaGAN/552f5c99291b482c8a0faeb239d5b7c8.jpg
-30.39678955078125,-30.030336380004883,0.0,deepfake,1,1,2,2,Deepfake-Fake,/mnt/public/public_datasets/OpenMMSecV2/Deepfake/Fake/EntireFaceSynthesis/MidJounery/3ef6e17f916e4c1680c90bc02e4f53bf.png
22.136314392089844,-5.279725074768066,0.0,AIGC,0,2,1,3,AIGC-Real,/mnt/public/public_datasets/OpenMMSecV2/AIGC/laion/5f8afc30b5d3455d8c9918175cefb55e.jpg
-47.88351058959961,-25.201444625854492,0.0,deepfake,0,1,1,1,Deepfake-Real,/mnt/public/public_datasets/OpenMMSecV2/Deepfake/Real/DFD/30037d30b06e4a9998c666a4f7d938fc.png
69.1812515258789,-29.901771545410156,0.0,Doc,1,3,2,6,Document-Fake,/mnt/public/public_datasets/OpenMMSecV2/Doc/non_aigc/cpmv/imgs/40ec7c0cab1244dcae4fe54d2f1e93fc.jpg
-67.74356842041016,7.90161657333374,0.0,deepfake,0,1,1,1,Deepfake-Real,/mnt/public/public_datasets/OpenMMSecV2/Deepfake/Real/UADFV/fc605302415e413b90fcdd71cec83d29.png
-14.970654487609863,-26.167251586914062,0.0,AIGC,1,2,2,4,AIGC-Fake,/mnt/public/public_datasets/OpenMMSecV2/AIGC/other/online/imgs/a1b4ca8250944ddeaf43a657a641ccd6.jpg
14.439571380615234,38.884525299072266,0.0,IMDL,1,4,2,8,IMDL-Fake,/mnt/public/public_datasets/OpenMMSecV2/IMDL/generative/stable_diffusion/imgs/92c0ae1ff8be4e8eb8a3fa8ece76e374.jpg
68.98040771484375,-16.660011291503906,0.0,Doc,0,3,1,5,Document-Real,/mnt/public/public_datasets/OpenMMSecV2/Doc/Real/d715f54b0b324b9bbd6b20ae352028c0.jpg
-2.373481273651123,0.037547580897808075,0.0,IMDL,1,4,2,8,IMDL-Fake,/mnt/public/public_datasets/OpenMMSecV2/IMDL/generative/paintbyexample/imgs/b7046d158ee74736b6b84b05987355d8.jpg
49.054386138916016,-42.04104995727539,0.0,Doc,0,3,1,5,Document-Real,/mnt/public/public_datasets/OpenMMSecV2/Doc/Real/f14c6178765e497990527b1cb52cc416.jpg
55.69603729248047,4.01668643951416,0.0,Doc,0,3,1,5,Document-Real,/mnt/public/public_datasets/OpenMMSecV2/Doc/Real/1b1b5bbbe44e4d258a5fbbb29ca35c13.jpg
-57.63517379760742,-15.326583862304688,0.0,deepfake,0,1,1,1,Deepfake-Real,/mnt/public/public_datasets/OpenMMSecV2/Deepfake/Real/CelebDF-v2/229463d4ffe4406fab457bd9601636ab.png
-16.04726219177246,-19.74610137939453,0.0,AIGC,1,2,2,4,AIGC-Fake,/mnt/public/public_datasets/OpenMMSecV2/AIGC/other/online/imgs/19e6fca960b349dbb7e786348cfd8c41.jpg
-56.30282974243164,-13.183455467224121,0.0,deepfake,1,1,2,2,Deepfake-Fake,/mnt/public/public_datasets/OpenMMSecV2/Deepfake/Fake/FaceSwap/Unknow_FS/2548abb3cd344a2b8c57fbbd1202168e.png
-36.96676254272461,-9.362771034240723,0.0,deepfake,0,1,1,1,Deepfake-Real,/mnt/public/public_datasets/OpenMMSecV2/Deepfake/Real/FFHQ/b4e5bc41170c4d14bff78c559338e901.jpeg
-49.98513412475586,-1.691540241241455,0.0,AIGC,1,2,2,4,AIGC-Fake,/mnt/public/public_datasets/OpenMMSecV2/AIGC/latent_diffusion/systematic/e2314a4f7d7d4c7e8886d775046db979.jpg
68.15228271484375,2.9075896739959717,0.0,Doc,1,3,2,6,Document-Fake,/mnt/public/public_datasets/OpenMMSecV2/Doc/non_aigc/generation/imgs/690eb0754bde42729c9ce09dac5a760f.jpg
40.792057037353516,31.407651901245117,0.0,Doc,0,3,1,5,Document-Real,/mnt/public/public_datasets/OpenMMSecV2/Doc/Real/157566f105a74a22ac567402001b7120.jpg
9.78604507446289,9.61766242980957,0.0,IMDL,1,4,2,8,IMDL-Fake,/mnt/public/public_datasets/OpenMMSecV2/IMDL/non_generative/manual_ps/imgs/52d88e56c60e488f99158bbdddf530b6.jpg
-57.027381896972656,7.349668502807617,0.0,deepfake,1,1,2,2,Deepfake-Fake,/mnt/public/public_datasets/OpenMMSecV2/Deepfake/Fake/FaceReenactment/TPSMM/bc78ffe445d948ba8fc890e6256ef48a.png
-58.3209342956543,1.3077516555786133,0.0,deepfake,1,1,2,2,Deepfake-Fake,/mnt/public/public_datasets/OpenMMSecV2/Deepfake/Fake/FaceSwap/FaceDancer/84f4951bf203462bb47fd6d062fc3a0f.png
-40.084774017333984,-31.143617630004883,0.0,deepfake,0,1,1,1,Deepfake-Real,/mnt/public/public_datasets/OpenMMSecV2/Deepfake/Real/CelebDF-v2/c1a069b92a984944bfbb2e2896792f96.png
-29.512697219848633,-6.306374549865723,0.0,AIGC,1,2,2,4,AIGC-Fake,/mnt/public/public_datasets/OpenMMSecV2/AIGC/GAN/ProjectedGAN/5f7ccc5cd5c04ce5b47b3de6e1ae63ed.jpg
52.44679260253906,-5.499920845031738,0.0,Doc,1,3,2,6,Document-Fake,/mnt/public/public_datasets/OpenMMSecV2/Doc/non_aigc/generation/imgs/758c56dc84bd48acbc90b238baf0161d.jpg
-18.00335693359375,5.824031829833984,0.0,IMDL,0,4,1,7,IMDL-Real,/mnt/public/public_datasets/OpenMMSecV2/IMDL/generative/flux_1/imgs/de7a62588c86447eac690fd5af925e30.png
-49.62970733642578,1.7869830131530762,0.0,deepfake,1,1,2,2,Deepfake-Fake,/mnt/public/public_datasets/OpenMMSecV2/Deepfake/Fake/FaceReenactment/Wav2Lip/12ee098d5eca46a8bfb922e238868523.png
-8.504472732543945,5.754724025726318,0.0,IMDL,1,4,2,8,IMDL-Fake,/mnt/public/public_datasets/OpenMMSecV2/IMDL/generative/stable_diffusion/imgs/f63eacef48f64313b50ec08caf712481.png
50.37882995605469,-6.538103103637695,0.0,Doc,1,3,2,6,Document-Fake,/mnt/public/public_datasets/OpenMMSecV2/Doc/non_aigc/generation/imgs/c559b8dc57d6403cb7f0ae035e6bff06.jpg
2.0994739532470703,9.827386856079102,0.0,AIGC,1,2,2,4,AIGC-Fake,/mnt/public/public_datasets/OpenMMSecV2/AIGC/other/online/imgs/e23057cc57ef489e90c439f8ba23667b.jpg
61.290260314941406,-34.34806442260742,0.0,Doc,1,3,2,6,Document-Fake,/mnt/public/public_datasets/OpenMMSecV2/Doc/non_aigc/inpaint/imgs/733053e3056742e2a79ed1d9e9ca2be9.jpg
28.062808990478516,-14.177376747131348,0.0,AIGC,0,2,1,3,AIGC-Real,/mnt/public/public_datasets/OpenMMSecV2/AIGC/laion/824c4eba7c94439a894d23bd001e3e79.jpg
-5.524718761444092,-1.1164088249206543,0.0,IMDL,0,4,1,7,IMDL-Real,/mnt/public/public_datasets/OpenMMSecV2/IMDL/generative/coco/imgs/1dd61613443b4ffea774156530907269.jpg
-15.460833549499512,33.792205810546875,0.0,IMDL,1,4,2,8,IMDL-Fake,/mnt/public/public_datasets/OpenMMSecV2/IMDL/generative/flux_1/imgs/4639b2c1f6074b76b2cbe3898eafad29.png
45.594722747802734,-33.9805793762207,0.0,AIGC,0,2,1,3,AIGC-Real,/mnt/public/public_datasets/OpenMMSecV2/AIGC/laion/27bda086c8884068bed3cc17cb51c01f.jpg
-7.0745415687561035,1.046545147895813,0.0,IMDL,0,4,1,7,IMDL-Real,/mnt/public/public_datasets/OpenMMSecV2/IMDL/generative/coco/imgs/8e18caa6e3214c7cb7536512647a7ae5.jpg
27.37257194519043,8.829239845275879,0.0,AIGC,0,2,1,3,AIGC-Real,/mnt/public/public_datasets/OpenMMSecV2/AIGC/laion/69ba5a8141d74be3b29e375f0d1de4bc.jpg
-13.208462715148926,23.63446617126465,0.0,IMDL,0,4,1,7,IMDL-Real,/mnt/public/public_datasets/OpenMMSecV2/IMDL/generative/coco/imgs/805b97c1821745cdb48f426a2f61bd6c.jpg
51.91291046142578,-30.00780487060547,0.0,Doc,1,3,2,6,Document-Fake,/mnt/public/public_datasets/OpenMMSecV2/Doc/non_aigc/cpmv/imgs/354ce67ce8ea48e8b655f731f27bce14.jpg
50.001155853271484,-39.086265563964844,0.0,Doc,0,3,1,5,Document-Real,/mnt/public/public_datasets/OpenMMSecV2/Doc/Real/995047755b2a44f6b32fd65b8094b72c.jpg
-71.9800796508789,8.915371894836426,0.0,IMDL,1,4,2,8,IMDL-Fake,/mnt/public/public_datasets/OpenMMSecV2/IMDL/non_generative/manual_ps/imgs/67b8599fe5f44773957687a41264c40d.jpg
-39.605411529541016,-28.494054794311523,0.0,deepfake,0,1,1,1,Deepfake-Real,/mnt/public/public_datasets/OpenMMSecV2/Deepfake/Real/FF++/33fafcfa6c4449acbca1982e41085090.png
7.039374828338623,1.8574708700180054,0.0,Doc,0,3,1,5,Document-Real,/mnt/public/public_datasets/OpenMMSecV2/Doc/Real/03e6ca0a8120400583139d1cea5364c3.jpg
-27.506868362426758,-41.50406265258789,0.0,AIGC,1,2,2,4,AIGC-Fake,/mnt/public/public_datasets/OpenMMSecV2/AIGC/GAN/ProGAN/37602aabcf6d470d80baef98816b00df.jpg
-25.1141357421875,-39.03340148925781,0.0,AIGC,1,2,2,4,AIGC-Fake,/mnt/public/public_datasets/OpenMMSecV2/AIGC/autoregressive_model/tamingtransformers/b080a00cc4274e9a913d97a006750c2c.jpg
62.01075744628906,4.162846088409424,0.0,Doc,1,3,2,6,Document-Fake,/mnt/public/public_datasets/OpenMMSecV2/Doc/non_aigc/generation/imgs/570fb29b517443de8f1fd66566833001.jpg
-4.295853137969971,24.669984817504883,0.0,IMDL,1,4,2,8,IMDL-Fake,/mnt/public/public_datasets/OpenMMSecV2/IMDL/non_generative/manual_ps/imgs/05cb7e10fbef43e192129560d842f9d2.tif
55.69720458984375,-28.46554183959961,0.0,Doc,0,3,1,5,Document-Real,/mnt/public/public_datasets/OpenMMSecV2/Doc/Real/ee0dac5c80d24c0dae427c38df73fe7e.jpg
49.18785858154297,-30.79193878173828,0.0,Doc,0,3,1,5,Document-Real,/mnt/public/public_datasets/OpenMMSecV2/Doc/Real/8c6ae7447c244570ba27284af27d68fe.jpg
-57.92173767089844,9.56394100189209,0.0,deepfake,1,1,2,2,Deepfake-Fake,/mnt/public/public_datasets/OpenMMSecV2/Deepfake/Fake/EntireFaceSynthesis/StyleGAN3/8938485290574d7bbf43c35df8803432.png
68.0976333618164,1.9661599397659302,0.0,Doc,1,3,2,6,Document-Fake,/mnt/public/public_datasets/OpenMMSecV2/Doc/non_aigc/copy-move/imgs/b932a29c36b541808367f792816cf1e9.jpg
35.733497619628906,20.286540985107422,0.0,Doc,1,3,2,6,Document-Fake,/mnt/public/public_datasets/OpenMMSecV2/Doc/aigc/textdiff/imgs/8eb7722846dc49398842834980ea04c0.jpg
4.661959648132324,40.30803298950195,0.0,IMDL,0,4,1,7,IMDL-Real,/mnt/public/public_datasets/OpenMMSecV2/IMDL/non_generative/manual_ps/imgs/10281c7c4bcd42ba84ae4b6b43c83d5f.jpg
5.90553617477417,33.613773345947266,0.0,AIGC,0,2,1,3,AIGC-Real,/mnt/public/public_datasets/OpenMMSecV2/AIGC/laion/24c8a1fba1014e2d9547751f43a436a9.jpg
15.268179893493652,40.08317947387695,0.0,IMDL,0,4,1,7,IMDL-Real,/mnt/public/public_datasets/OpenMMSecV2/IMDL/generative/flux_1/imgs/8e3858b4fda64229b2f776e9a5c4e8f4.png
-32.785369873046875,-31.825679779052734,0.0,AIGC,1,2,2,4,AIGC-Fake,/mnt/public/public_datasets/OpenMMSecV2/AIGC/GAN/ProGAN/5c262392296f460e94f245a7ffddc88b.jpg
12.577434539794922,24.696287155151367,0.0,IMDL,0,4,1,7,IMDL-Real,/mnt/public/public_datasets/OpenMMSecV2/IMDL/generative/coco/imgs/d7b0692a734a459781628103773ad1b5.jpg
72.58910369873047,-13.039545059204102,0.0,Doc,1,3,2,6,Document-Fake,/mnt/public/public_datasets/OpenMMSecV2/Doc/non_aigc/generation/imgs/ce6fb2bf019d45b1b125e828bce292be.jpg
17.751205444335938,-19.69426918029785,0.0,AIGC,0,2,1,3,AIGC-Real,/mnt/public/public_datasets/OpenMMSecV2/AIGC/laion/4493c3f25d644a36b0f305345db21aae.jpg
4.969578266143799,16.531917572021484,0.0,AIGC,1,2,2,4,AIGC-Fake,/mnt/public/public_datasets/OpenMMSecV2/AIGC/commercial/wukong/imgs/8375fe25bb3b4d84907a2a38b07af85d.png
-32.05282974243164,-9.770237922668457,0.0,IMDL,1,4,2,8,IMDL-Fake,/mnt/public/public_datasets/OpenMMSecV2/IMDL/generative/stable_diffusion/imgs/540bca7af43f4c05bfd43ade6b13f12e.png
-10.027435302734375,-9.296223640441895,0.0,AIGC,0,2,1,3,AIGC-Real,/mnt/public/public_datasets/OpenMMSecV2/AIGC/other/online/imgs/2ed31fd85d8f45b98213c9b87d3de354.jpg
-4.219380855560303,11.17591381072998,0.0,IMDL,1,4,2,8,IMDL-Fake,/mnt/public/public_datasets/OpenMMSecV2/IMDL/non_generative/manual_ps/imgs/2e3249e650d7458e9de72797b0aae0d9.jpg
-4.918742656707764,26.993518829345703,0.0,AIGC,0,2,1,3,AIGC-Real,/mnt/public/public_datasets/OpenMMSecV2/AIGC/laion/c6ad49dfcb0d4f83b737552b14e4af5f.jpg
-70.54704284667969,5.348474502563477,0.0,deepfake,0,1,1,1,Deepfake-Real,/mnt/public/public_datasets/OpenMMSecV2/Deepfake/Real/FF++/23b3f0792195460cb4fd5e48798c7a48.png
-24.244747161865234,-39.16748809814453,0.0,deepfake,1,1,2,2,Deepfake-Fake,/mnt/public/public_datasets/OpenMMSecV2/Deepfake/Fake/FaceEditing/StarGANv2/56d8d2fe75f342578ec0ac512ca0329f.jpg
6.117035388946533,15.198213577270508,0.0,AIGC,1,2,2,4,AIGC-Fake,/mnt/public/public_datasets/OpenMMSecV2/AIGC/commercial/wukong/imgs/eae8370c65854bbcae256f065979359f.png
-43.87297439575195,-47.84935760498047,0.0,deepfake,0,1,1,1,Deepfake-Real,/mnt/public/public_datasets/OpenMMSecV2/Deepfake/Real/CelebDF-v2/52c5a52ed6244c62a9e938eb71bfba51.png
-55.70140075683594,-4.344649791717529,0.0,deepfake,1,1,2,2,Deepfake-Fake,/mnt/public/public_datasets/OpenMMSecV2/Deepfake/Fake/EntireFaceSynthesis/RDDM/0591fbe618d141f08feac93bcfd1a6e6.png
13.270181655883789,-19.35712432861328,0.0,AIGC,0,2,1,3,AIGC-Real,/mnt/public/public_datasets/OpenMMSecV2/AIGC/laion/4dc3e28e611540f28b50ac74906925fa.jpg
14.506129264831543,28.743030548095703,0.0,AIGC,1,2,2,4,AIGC-Fake,/mnt/public/public_datasets/OpenMMSecV2/AIGC/commercial/dalle/1094b863e8894b0289c72dae548d5419.jpg
-41.33491516113281,-5.217999458312988,0.0,deepfake,1,1,2,2,Deepfake-Fake,/mnt/public/public_datasets/OpenMMSecV2/Deepfake/Fake/FaceEditing/StarGANv2/0fad6fc8e4654f5b9e2d551421dd4294.jpg
-47.769989013671875,-47.41571807861328,0.0,deepfake,0,1,1,1,Deepfake-Real,/mnt/public/public_datasets/OpenMMSecV2/Deepfake/Real/CelebDF-v2/8f468178d26c494d900617b215dab9e4.png
-40.0199089050293,-29.888160705566406,0.0,deepfake,0,1,1,1,Deepfake-Real,/mnt/public/public_datasets/OpenMMSecV2/Deepfake/Real/CelebDF-v2/7ec9c300f6e24766a5e66554e4543b04.png
-44.80194091796875,-32.07887649536133,0.0,deepfake,0,1,1,1,Deepfake-Real,/mnt/public/public_datasets/OpenMMSecV2/Deepfake/Real/DFD/e8bbd06162cf4404a146b0a94e7fed87.png
4.102105140686035,21.25272560119629,0.0,AIGC,1,2,2,4,AIGC-Fake,/mnt/public/public_datasets/OpenMMSecV2/AIGC/commercial/wukong/imgs/6a79d8ceed9d49a281ee97890f95ff25.png
-46.040855407714844,-43.33477783203125,0.0,deepfake,1,1,2,2,Deepfake-Fake,/mnt/public/public_datasets/OpenMMSecV2/Deepfake/Fake/FaceSwap/FaceDancer/39bd39bc386647fa8b1b9d5a304c2eeb.png
26.041624069213867,30.125532150268555,0.0,IMDL,1,4,2,8,IMDL-Fake,/mnt/public/public_datasets/OpenMMSecV2/IMDL/non_generative/manual_ps/imgs/e108a85f510b4992aaa05368136280b4.jpg
61.63566589355469,3.464193820953369,0.0,Doc,1,3,2,6,Document-Fake,/mnt/public/public_datasets/OpenMMSecV2/Doc/non_aigc/copy-move/imgs/6a54b5d7cbe44467b50189dc828bdc4d.jpg
-26.03175163269043,-40.033687591552734,0.0,AIGC,1,2,2,4,AIGC-Fake,/mnt/public/public_datasets/OpenMMSecV2/AIGC/autoregressive_model/tamingtransformers/5d32378f83054f8ab4aa9d068096e7b6.jpg
9.456687927246094,-6.098663330078125,0.0,AIGC,1,2,2,4,AIGC-Fake,/mnt/public/public_datasets/OpenMMSecV2/AIGC/other/online/imgs/22a4a6994fa547c1a6d470f0ff91705d.jpg
-54.28042221069336,5.691612243652344,0.0,deepfake,0,1,1,1,Deepfake-Real,/mnt/public/public_datasets/OpenMMSecV2/Deepfake/Real/UADFV/b55d76e279d2452a9a84b09210946c8d.png
10.01211166381836,38.18244171142578,0.0,IMDL,0,4,1,7,IMDL-Real,/mnt/public/public_datasets/OpenMMSecV2/IMDL/generative/stable_diffusion/imgs/7dcf5e0e7368442fa8f5f1e02b58edfe.png
0.18162909150123596,45.1093635559082,0.0,AIGC,0,2,1,3,AIGC-Real,/mnt/public/public_datasets/OpenMMSecV2/AIGC/other/online/imgs/c6973cf898b04328b9d99d426ac2e96f.jpg
16.241073608398438,-11.555567741394043,0.0,AIGC,0,2,1,3,AIGC-Real,/mnt/public/public_datasets/OpenMMSecV2/AIGC/laion/301beb272ba3498687cf74cdad1d555f.jpg
-22.540395736694336,36.430633544921875,0.0,Doc,0,3,1,5,Document-Real,/mnt/public/public_datasets/OpenMMSecV2/Doc/Real/1edce4dfdd5141298f5069164c80783c.jpg
-54.93465805053711,-6.8341064453125,0.0,deepfake,1,1,2,2,Deepfake-Fake,/mnt/public/public_datasets/OpenMMSecV2/Deepfake/Fake/FaceReenactment/MCNet/0f985f354150447580ec45cd820f592d.png
-2.4967682361602783,10.828816413879395,0.0,IMDL,0,4,1,7,IMDL-Real,/mnt/public/public_datasets/OpenMMSecV2/IMDL/generative/coco/imgs/888b812b6fd8405b80ca3ba5e883cba4.jpg
-72.71862030029297,7.5859880447387695,0.0,deepfake,0,1,1,1,Deepfake-Real,/mnt/public/public_datasets/OpenMMSecV2/Deepfake/Real/FF++/b7c60218f3fd4b71b8e76952af7b6748.png
-61.32526397705078,16.38683319091797,0.0,deepfake,0,1,1,1,Deepfake-Real,/mnt/public/public_datasets/OpenMMSecV2/Deepfake/Real/CelebDF-v2/9ef98f8c0a0447c8aeb1f7ec4cb867c5.png
-10.860507011413574,-6.617902755737305,0.0,IMDL,1,4,2,8,IMDL-Fake,/mnt/public/public_datasets/OpenMMSecV2/IMDL/generative/stable_diffusion/imgs/ee309882cc3c47e1928b81fb77d90619.png
50.12175369262695,-41.188507080078125,0.0,Doc,0,3,1,5,Document-Real,/mnt/public/public_datasets/OpenMMSecV2/Doc/Real/50d2a89628c94b54ab6c0fdffd277128.jpg
63.14111328125,-4.065606117248535,0.0,Doc,1,3,2,6,Document-Fake,/mnt/public/public_datasets/OpenMMSecV2/Doc/non_aigc/cpmv/imgs/06aa919ad5e94a3cbc68b9516b63d96c.jpg
25.159748077392578,23.405027389526367,0.0,Doc,1,3,2,6,Document-Fake,/mnt/public/public_datasets/OpenMMSecV2/Doc/aigc/udifftext/imgs/6fa15b6dbe1244ccb636a73b644c14ad.jpg
-27.158952713012695,-30.86386489868164,0.0,deepfake,1,1,2,2,Deepfake-Fake,/mnt/public/public_datasets/OpenMMSecV2/Deepfake/Fake/FaceEditing/StarGAN/5b88bc2cf9ca44dc8d27a49702da22b7.jpg
2.7713494300842285,31.13542366027832,0.0,IMDL,1,4,2,8,IMDL-Fake,/mnt/public/public_datasets/OpenMMSecV2/IMDL/generative/stable_diffusion/imgs/6d4b9be21a684df09cbad1ff63728337.png
9.791874885559082,17.812793731689453,0.0,AIGC,0,2,1,3,AIGC-Real,/mnt/public/public_datasets/OpenMMSecV2/AIGC/laion/e2fd8191f5374d58af79eba464e4bf8d.jpg
-9.168190956115723,41.14200210571289,0.0,IMDL,0,4,1,7,IMDL-Real,/mnt/public/public_datasets/OpenMMSecV2/IMDL/generative/coco/imgs/16212df8a73d4872a174819a49f41138.jpg
-43.757930755615234,-46.28351593017578,0.0,deepfake,1,1,2,2,Deepfake-Fake,/mnt/public/public_datasets/OpenMMSecV2/Deepfake/Fake/EntireFaceSynthesis/SiT-XL/975f2ff6e5f44321b3e49bd667ef5e64.png
18.047719955444336,33.55900192260742,0.0,IMDL,1,4,2,8,IMDL-Fake,/mnt/public/public_datasets/OpenMMSecV2/IMDL/generative/gan_mat/imgs/d6996745bd9b44e88be67597fbe6e5c7.png
34.17523956298828,27.7738094329834,0.0,Doc,0,3,1,5,Document-Real,/mnt/public/public_datasets/OpenMMSecV2/Doc/Real/13115c245c0141e7be37a52e1f1648ac.jpg
7.6636176109313965,30.250612258911133,0.0,AIGC,0,2,1,3,AIGC-Real,/mnt/public/public_datasets/OpenMMSecV2/AIGC/laion/b5c7f5ce14974974ab1b48f792097ec6.jpg
-33.57321548461914,-22.176807403564453,0.0,deepfake,0,1,1,1,Deepfake-Real,/mnt/public/public_datasets/OpenMMSecV2/Deepfake/Real/FFHQ/15166fdc79ed4d8696505c89e9a74551.jpg
66.88348388671875,-33.01837158203125,0.0,Doc,0,3,1,5,Document-Real,/mnt/public/public_datasets/OpenMMSecV2/Doc/Real/30622ba6c51945d6aafb815d6759a826.jpg
-24.57452392578125,-39.807586669921875,0.0,AIGC,1,2,2,4,AIGC-Fake,/mnt/public/public_datasets/OpenMMSecV2/AIGC/autoregressive_model/tamingtransformers/23bdafd7055a4e1da244bf4acb0c3d22.jpg
-8.645804405212402,-0.6807568073272705,0.0,AIGC,0,2,1,3,AIGC-Real,/mnt/public/public_datasets/OpenMMSecV2/AIGC/laion/e1385a22bacb4fc0963d2dd142abc586.jpg
-60.53519058227539,3.2458078861236572,0.0,deepfake,1,1,2,2,Deepfake-Fake,/mnt/public/public_datasets/OpenMMSecV2/Deepfake/Fake/FaceSwap/InSwapper/0a8b59c090864e5180726774877eb1b1.png
-8.783411026000977,42.31172561645508,0.0,IMDL,1,4,2,8,IMDL-Fake,/mnt/public/public_datasets/OpenMMSecV2/IMDL/generative/gan_mat/imgs/3813bbda50a5431da016a2f8508aecca.tiff
-57.127017974853516,11.180668830871582,0.0,deepfake,1,1,2,2,Deepfake-Fake,/mnt/public/public_datasets/OpenMMSecV2/Deepfake/Fake/FaceReenactment/MRAA/c4c137c6bb8d4b99b26feb97583c251a.png
66.28897094726562,2.006157398223877,0.0,Doc,1,3,2,6,Document-Fake,/mnt/public/public_datasets/OpenMMSecV2/Doc/non_aigc/copy-move/imgs/8fa0a00f73b4413585c9386281928dca.jpg
41.60810470581055,21.168107986450195,0.0,Doc,0,3,1,5,Document-Real,/mnt/public/public_datasets/OpenMMSecV2/Doc/Real/4f9b2c484fe44f0b8e66759e6d6a4f48.jpg
-14.522117614746094,4.913449287414551,0.0,IMDL,0,4,1,7,IMDL-Real,/mnt/public/public_datasets/OpenMMSecV2/IMDL/generative/stable_diffusion/imgs/3b66d8be05c747e1a3ad61b44988d430.png
-4.177934646606445,9.841864585876465,0.0,IMDL,1,4,2,8,IMDL-Fake,/mnt/public/public_datasets/OpenMMSecV2/IMDL/generative/stable_diffusion/imgs/f910832c48e24a1b9be661ebb5f7191b.png
12.21731185913086,36.331729888916016,0.0,IMDL,0,4,1,7,IMDL-Real,/mnt/public/public_datasets/OpenMMSecV2/IMDL/generative/coco/imgs/3c0b1429fba8462b9e2af719b5a84d55.jpg
69.32469177246094,-12.122406005859375,0.0,Doc,1,3,2,6,Document-Fake,/mnt/public/public_datasets/OpenMMSecV2/Doc/non_aigc/copy-move/imgs/01e32c8eeaeb44ce846d9ceedc441f9f.jpg
-63.2739372253418,8.60237979888916,0.0,deepfake,1,1,2,2,Deepfake-Fake,/mnt/public/public_datasets/OpenMMSecV2/Deepfake/Fake/EntireFaceSynthesis/StyleGAN-XL/84e5126e5a9940b7ab0b42fbb6b7fcab.png
34.904293060302734,12.172209739685059,0.0,Doc,1,3,2,6,Document-Fake,/mnt/public/public_datasets/OpenMMSecV2/Doc/aigc/udifftext/imgs/7eb58c36cfec40a5872ad80a25b4e491.jpg
-6.791380882263184,-8.49496078491211,0.0,IMDL,0,4,1,7,IMDL-Real,/mnt/public/public_datasets/OpenMMSecV2/IMDL/generative/stable_diffusion/imgs/71dd7738b50c4267ad9a5e33a0ae2b4e.png
59.564456939697266,-31.234447479248047,0.0,Doc,1,3,2,6,Document-Fake,/mnt/public/public_datasets/OpenMMSecV2/Doc/non_aigc/cover/imgs/3821a40933684f898d52e409faf0460f.jpg
-1.6543632745742798,3.292518138885498,0.0,AIGC,0,2,1,3,AIGC-Real,/mnt/public/public_datasets/OpenMMSecV2/AIGC/laion/e039f3515b5043279b36cce9abee3144.jpg
-6.753593921661377,-8.633767127990723,0.0,AIGC,0,2,1,3,AIGC-Real,/mnt/public/public_datasets/OpenMMSecV2/AIGC/laion/93f87c77c0a148b18f24f2387f200049.jpg
65.90863037109375,-24.609270095825195,0.0,Doc,0,3,1,5,Document-Real,/mnt/public/public_datasets/OpenMMSecV2/Doc/Real/974e5985d24844d3bf8ecf7f652b6cd1.jpg
71.6585693359375,-14.335287094116211,0.0,Doc,1,3,2,6,Document-Fake,/mnt/public/public_datasets/OpenMMSecV2/Doc/non_aigc/inpaint/imgs/28a6f45e0d7f45ff8af2d5d64085a295.jpg
-24.595043182373047,9.386366844177246,0.0,IMDL,0,4,1,7,IMDL-Real,/mnt/public/public_datasets/OpenMMSecV2/IMDL/generative/flux_1/imgs/d35ca5c23cd54618ab24f1922a5b00b1.png
-38.329837799072266,-7.598594665527344,0.0,deepfake,1,1,2,2,Deepfake-Fake,/mnt/public/public_datasets/OpenMMSecV2/Deepfake/Fake/FaceEditing/StarGANv2/a08edb3e07914fc78e05549dd89eacf4.jpg
-28.98711585998535,-8.507183074951172,0.0,IMDL,0,4,1,7,IMDL-Real,/mnt/public/public_datasets/OpenMMSecV2/IMDL/generative/stable_diffusion/imgs/bc7369e657f84c65a6cba213043f3c91.png
-21.029298782348633,25.549894332885742,0.0,IMDL,1,4,2,8,IMDL-Fake,/mnt/public/public_datasets/OpenMMSecV2/IMDL/generative/stable_diffusion/imgs/ab12ac4387f1422ba68611b5449b602b.png
-27.027362823486328,-33.118804931640625,0.0,AIGC,1,2,2,4,AIGC-Fake,/mnt/public/public_datasets/OpenMMSecV2/AIGC/other/online/imgs/5e2219ec33b347e4aeab598df5c2bee0.jpg
65.6766357421875,1.8547865152359009,0.0,Doc,1,3,2,6,Document-Fake,/mnt/public/public_datasets/OpenMMSecV2/Doc/non_aigc/generation/imgs/447bc8759cf949d481af09618012f9b3.jpg
-9.603341102600098,9.048744201660156,0.0,IMDL,1,4,2,8,IMDL-Fake,/mnt/public/public_datasets/OpenMMSecV2/IMDL/non_generative/manual_ps/imgs/37bce708d6374f2e86d31a72fdd49acd.jpg
36.841922760009766,21.34786605834961,0.0,Doc,1,3,2,6,Document-Fake,/mnt/public/public_datasets/OpenMMSecV2/Doc/aigc/stefann/imgs/eb64caee8a8b46959484bf444c9e5c24.jpg
13.781286239624023,6.828867435455322,0.0,AIGC,1,2,2,4,AIGC-Fake,/mnt/public/public_datasets/OpenMMSecV2/AIGC/commercial/ideogram/87c5731dceb14458be6fc8b9d8e17567.jpg
70.77971649169922,-17.978574752807617,0.0,Doc,0,3,1,5,Document-Real,/mnt/public/public_datasets/OpenMMSecV2/Doc/Real/09365978c1174b36b6f74fa828349ce4.jpg
-58.9537239074707,-4.183727741241455,0.0,deepfake,1,1,2,2,Deepfake-Fake,/mnt/public/public_datasets/OpenMMSecV2/Deepfake/Fake/FaceReenactment/MRAA/f8dc482f44e640ea89670d17c0e91d99.png
-4.913914203643799,-21.107093811035156,0.0,AIGC,1,2,2,4,AIGC-Fake,/mnt/public/public_datasets/OpenMMSecV2/AIGC/commercial/firefly/d39ca2ec904b429c8bfe65ed679adcdc.jpg
-61.62073516845703,-1.2561684846878052,0.0,deepfake,1,1,2,2,Deepfake-Fake,/mnt/public/public_datasets/OpenMMSecV2/Deepfake/Fake/FaceEditing/StarGAN/fb00cf66449b409ca45769a488c5adba.jpg
69.78218841552734,1.4343667030334473,0.0,Doc,1,3,2,6,Document-Fake,/mnt/public/public_datasets/OpenMMSecV2/Doc/non_aigc/generation/imgs/5f76a96dd9b44d06b78035b856e0f04b.jpg
29.43000030517578,35.432010650634766,0.0,Doc,0,3,1,5,Document-Real,/mnt/public/public_datasets/OpenMMSecV2/Doc/aigc/derend/imgs/e2f1bb370040491f8708422f5762efd3.jpg
-39.58599090576172,-4.126322269439697,0.0,deepfake,1,1,2,2,Deepfake-Fake,/mnt/public/public_datasets/OpenMMSecV2/Deepfake/Fake/FaceEditing/StarGANv2/f269bedc3ced402fb6cd26144205d925.jpg
-20.539093017578125,0.28227362036705017,0.0,IMDL,1,4,2,8,IMDL-Fake,/mnt/public/public_datasets/OpenMMSecV2/IMDL/non_generative/manual_ps/imgs/7c7404954b73480b90591e109bf649f9.jpg
-42.165096282958984,-46.199462890625,0.0,deepfake,1,1,2,2,Deepfake-Fake,/mnt/public/public_datasets/OpenMMSecV2/Deepfake/Fake/FaceSwap/UniFace/1a121f347cde48fda4288f54c4bb71b2.png
0.9032204747200012,38.627620697021484,0.0,IMDL,0,4,1,7,IMDL-Real,/mnt/public/public_datasets/OpenMMSecV2/IMDL/generative/stable_diffusion/imgs/2efdd360a44b40f59957bed8b7dacdcb.png
-24.717731475830078,14.649741172790527,0.0,IMDL,1,4,2,8,IMDL-Fake,/mnt/public/public_datasets/OpenMMSecV2/IMDL/generative/flux_1/imgs/70527f2e80524be589942d1342e90723.png
-68.44510650634766,-0.4638477861881256,0.0,deepfake,0,1,1,1,Deepfake-Real,/mnt/public/public_datasets/OpenMMSecV2/Deepfake/Real/FF++/f865bd2734eb42cca38704f07ac9cdbb.png
67.51551055908203,-2.7013516426086426,0.0,Doc,0,3,1,5,Document-Real,/mnt/public/public_datasets/OpenMMSecV2/Doc/Real/1fffb71df6cb4d5eaffd87c91d1e91fd.jpg
4.9519476890563965,-3.5604312419891357,0.0,IMDL,0,4,1,7,IMDL-Real,/mnt/public/public_datasets/OpenMMSecV2/IMDL/generative/coco/imgs/b05a2bdcc9ea4afdb3e048b9be2470bc.jpg
36.87545394897461,23.78528594970703,0.0,Doc,1,3,2,6,Document-Fake,/mnt/public/public_datasets/OpenMMSecV2/Doc/aigc/textdiff/imgs/f0ef173d18b84cc2b786352605db1951.jpg
-0.07226414978504181,20.28449249267578,0.0,IMDL,0,4,1,7,IMDL-Real,/mnt/public/public_datasets/OpenMMSecV2/IMDL/generative/flux_1/imgs/64a7e067d8a740d4967d640cbccc4b62.png
50.42380905151367,-7.822832107543945,0.0,Doc,1,3,2,6,Document-Fake,/mnt/public/public_datasets/OpenMMSecV2/Doc/non_aigc/generation/imgs/dd80397cc63d43219da4b2ee748fe910.jpg
-43.11448287963867,-30.22869300842285,0.0,deepfake,0,1,1,1,Deepfake-Real,/mnt/public/public_datasets/OpenMMSecV2/Deepfake/Real/FF++/5e6cf1a8bfdb460a9b461666f1162087.png
-16.594322204589844,-2.276822328567505,0.0,IMDL,1,4,2,8,IMDL-Fake,/mnt/public/public_datasets/OpenMMSecV2/IMDL/generative/gan_mat/imgs/ebb7f7fa4b714824a818ce99b3e59d1a.tiff
-11.547647476196289,6.254164695739746,0.0,IMDL,1,4,2,8,IMDL-Fake,/mnt/public/public_datasets/OpenMMSecV2/IMDL/generative/stable_diffusion/imgs/540c75c5e10649bab7cc6b1675bb97e1.png
-5.927571773529053,31.39653778076172,0.0,AIGC,0,2,1,3,AIGC-Real,/mnt/public/public_datasets/OpenMMSecV2/AIGC/commercial/wukong/imgs/07a1a3aef2604526a16acaaa66ab19ee.JPEG
-49.22444534301758,-47.51848220825195,0.0,deepfake,0,1,1,1,Deepfake-Real,/mnt/public/public_datasets/OpenMMSecV2/Deepfake/Real/FF++/a9d32059670043a3a79baae7e6a1161b.png
3.1124327182769775,39.983882904052734,0.0,AIGC,0,2,1,3,AIGC-Real,/mnt/public/public_datasets/OpenMMSecV2/AIGC/laion/9098ad61d4b24645b7c501b3337edf40.jpg
-18.392621994018555,-3.2440524101257324,0.0,IMDL,1,4,2,8,IMDL-Fake,/mnt/public/public_datasets/OpenMMSecV2/IMDL/generative/paintbyexample/imgs/27d31a9fb7a646f491110472b9c24c6d.jpg
-37.536041259765625,3.208430528640747,0.0,AIGC,0,2,1,3,AIGC-Real,/mnt/public/public_datasets/OpenMMSecV2/AIGC/laion/b5203515558e4b168fb3377f598d6987.jpg
-71.3742904663086,5.907194137573242,0.0,deepfake,0,1,1,1,Deepfake-Real,/mnt/public/public_datasets/OpenMMSecV2/Deepfake/Real/CelebDF-v2/28e810058358417592effffaec93dacd.png
7.881774425506592,40.696678161621094,0.0,IMDL,1,4,2,8,IMDL-Fake,/mnt/public/public_datasets/OpenMMSecV2/IMDL/non_generative/manual_ps/imgs/9b5020b2e4524d3caef636960623fbfb.tif
37.015960693359375,30.447471618652344,0.0,Doc,1,3,2,6,Document-Fake,/mnt/public/public_datasets/OpenMMSecV2/Doc/aigc/textdiff/imgs/487590d907e24034abf8d455582aca08.jpg
23.250795364379883,9.03148078918457,0.0,AIGC,0,2,1,3,AIGC-Real,/mnt/public/public_datasets/OpenMMSecV2/AIGC/laion/1411568a91204b78a9241aedd1bfcc70.jpg
-9.262556076049805,-19.812366485595703,0.0,AIGC,1,2,2,4,AIGC-Fake,/mnt/public/public_datasets/OpenMMSecV2/AIGC/other/online/imgs/20f89711305249f0841c47d9b2311048.jpg
14.291451454162598,8.899483680725098,0.0,IMDL,0,4,1,7,IMDL-Real,/mnt/public/public_datasets/OpenMMSecV2/IMDL/generative/flux_1/imgs/337cf4bf497a4f87b8bedce7962a4151.png
-23.071420669555664,13.394936561584473,0.0,IMDL,1,4,2,8,IMDL-Fake,/mnt/public/public_datasets/OpenMMSecV2/IMDL/generative/stable_diffusion/imgs/af83af0b9e0d48d293dbf93f0b60acd1.png
54.77099609375,-6.895122528076172,0.0,Doc,1,3,2,6,Document-Fake,/mnt/public/public_datasets/OpenMMSecV2/Doc/non_aigc/copy-move/imgs/2e9ccffe8f274a7fbbb1ad4990a691ac.jpg
-41.795814514160156,-24.6055908203125,0.0,deepfake,0,1,1,1,Deepfake-Real,/mnt/public/public_datasets/OpenMMSecV2/Deepfake/Real/DFD/f6d848e100e34324a508ec1b1b0ba32d.png
-13.38766098022461,-19.269315719604492,0.0,AIGC,1,2,2,4,AIGC-Fake,/mnt/public/public_datasets/OpenMMSecV2/AIGC/other/online/imgs/7fbd7a9a77154396ab1ef47d82ad7b79.jpg
1.792120337486267,48.065589904785156,0.0,IMDL,0,4,1,7,IMDL-Real,/mnt/public/public_datasets/OpenMMSecV2/IMDL/generative/coco/imgs/93336d85c4204f1f99e2480c8421bed3.jpg
17.703277587890625,-19.398366928100586,0.0,AIGC,0,2,1,3,AIGC-Real,/mnt/public/public_datasets/OpenMMSecV2/AIGC/laion/513c5f60eaa24d90a2ee6480a2b6215e.jpg
-42.631874084472656,-12.738816261291504,0.0,AIGC,1,2,2,4,AIGC-Fake,/mnt/public/public_datasets/OpenMMSecV2/AIGC/autoregressive_model/tamingtransformers/32187022839140ceb1413c885b21d350.jpg
-43.88623046875,1.1284527778625488,0.0,deepfake,0,1,1,1,Deepfake-Real,/mnt/public/public_datasets/OpenMMSecV2/Deepfake/Real/VFHQ/b3fabef3134c4d8984b924a639669164.png
-65.24303436279297,7.947268009185791,0.0,deepfake,0,1,1,1,Deepfake-Real,/mnt/public/public_datasets/OpenMMSecV2/Deepfake/Real/CelebDF-v2/853939bdb77d4ec49b1d51b84a2c8fe7.png
62.00708770751953,-5.598633766174316,0.0,Doc,0,3,1,5,Document-Real,/mnt/public/public_datasets/OpenMMSecV2/Doc/Real/30114d57287a4f45b7490d42fb968dc5.jpg
-20.122089385986328,21.19093132019043,0.0,IMDL,0,4,1,7,IMDL-Real,/mnt/public/public_datasets/OpenMMSecV2/IMDL/generative/stable_diffusion/imgs/97fe20fb50684c6fada65863fe0f2a85.png
-16.77100372314453,4.675940036773682,0.0,IMDL,0,4,1,7,IMDL-Real,/mnt/public/public_datasets/OpenMMSecV2/IMDL/generative/stable_diffusion/imgs/77bccb5fca6f41d5aa5ec025a7e69d17.png
69.79499053955078,-25.989856719970703,0.0,Doc,1,3,2,6,Document-Fake,/mnt/public/public_datasets/OpenMMSecV2/Doc/non_aigc/copy-move/imgs/e3b810f00e9f4fcc842e736bfe0a3178.jpg
-11.182448387145996,29.73784828186035,0.0,IMDL,1,4,2,8,IMDL-Fake,/mnt/public/public_datasets/OpenMMSecV2/IMDL/non_generative/manual_ps/imgs/23c8e6aa35b14232a7543ed991faeac4.jpg
15.031997680664062,-8.62065315246582,0.0,AIGC,1,2,2,4,AIGC-Fake,/mnt/public/public_datasets/OpenMMSecV2/AIGC/other/online/imgs/bc31c422711a41a694bc5385d6f23fd2.jpg
44.84292984008789,-33.75057601928711,0.0,Doc,0,3,1,5,Document-Real,/mnt/public/public_datasets/OpenMMSecV2/Doc/Real/51348617351e48f7a1e17c9d8b53305f.jpg
-12.29768180847168,-9.078258514404297,0.0,AIGC,1,2,2,4,AIGC-Fake,/mnt/public/public_datasets/OpenMMSecV2/AIGC/other/online/imgs/274d0f1fa4f24c8a9917c1b0b9fe6a20.jpg
57.14604949951172,-26.87030792236328,0.0,Doc,1,3,2,6,Document-Fake,/mnt/public/public_datasets/OpenMMSecV2/Doc/non_aigc/generation/imgs/4d1e225991b0403e9436b759ca44c6b5.jpg
0.48006585240364075,13.361525535583496,0.0,IMDL,1,4,2,8,IMDL-Fake,/mnt/public/public_datasets/OpenMMSecV2/IMDL/non_generative/manual_ps/imgs/1113e75b8b5144918d5636761f3deb7c.jpg
-5.431910991668701,-19.317073822021484,0.0,IMDL,1,4,2,8,IMDL-Fake,/mnt/public/public_datasets/OpenMMSecV2/IMDL/generative/stable_diffusion/imgs/74afc3439cac484eb942d83faeba9871.png
-46.52702331542969,-44.83769226074219,0.0,deepfake,0,1,1,1,Deepfake-Real,/mnt/public/public_datasets/OpenMMSecV2/Deepfake/Real/CelebDF-v2/72f31dc45d784823ae47bdd564424224.png
-59.47277069091797,10.281326293945312,0.0,deepfake,1,1,2,2,Deepfake-Fake,/mnt/public/public_datasets/OpenMMSecV2/Deepfake/Fake/FaceSwap/FSGAN/d68f11850ac54979974cd5112f3bda1d.png
-52.701072692871094,-43.103084564208984,0.0,deepfake,0,1,1,1,Deepfake-Real,/mnt/public/public_datasets/OpenMMSecV2/Deepfake/Real/FF++/618ff3a1ce62498bbe27b02ece5354f1.png
-4.927313804626465,32.75904846191406,0.0,AIGC,1,2,2,4,AIGC-Fake,/mnt/public/public_datasets/OpenMMSecV2/AIGC/commercial/imagen/6b950c90dfbf4fca8b193f6101037d04.jpg
38.09968948364258,34.0081787109375,0.0,Doc,0,3,1,5,Document-Real,/mnt/public/public_datasets/OpenMMSecV2/Doc/Real/d92555e52f2a43a6be9982620cb48a83.jpg
66.61897277832031,-31.086679458618164,0.0,Doc,1,3,2,6,Document-Fake,/mnt/public/public_datasets/OpenMMSecV2/Doc/non_aigc/cover/imgs/d4e7c483ed8947deb758a5cfb59d0c48.jpg
58.80698776245117,-30.989850997924805,0.0,Doc,1,3,2,6,Document-Fake,/mnt/public/public_datasets/OpenMMSecV2/Doc/non_aigc/cover/imgs/f1e57a975ab24a188b99e7606e2972e7.jpg
15.256613731384277,-3.874589681625366,0.0,Doc,1,3,2,6,Document-Fake,/mnt/public/public_datasets/OpenMMSecV2/Doc/aigc/textocr/imgs/74a0bee611714117a6636aec48fe4fba.jpg
-59.732154846191406,3.189260482788086,0.0,deepfake,1,1,2,2,Deepfake-Fake,/mnt/public/public_datasets/OpenMMSecV2/Deepfake/Fake/EntireFaceSynthesis/StyleGAN-XL/2b515c2c0f5b421ea939abd28e8122b2.png
-0.6893697381019592,-23.150453567504883,0.0,AIGC,0,2,1,3,AIGC-Real,/mnt/public/public_datasets/OpenMMSecV2/AIGC/laion/e0f27365adf541bba5a93fe38f5dd4eb.jpg
-24.835092544555664,14.287435531616211,0.0,IMDL,0,4,1,7,IMDL-Real,/mnt/public/public_datasets/OpenMMSecV2/IMDL/generative/stable_diffusion/imgs/cca52da9d7ae4a5f983d407b57621730.png
-2.8664093017578125,49.6513671875,0.0,IMDL,1,4,2,8,IMDL-Fake,/mnt/public/public_datasets/OpenMMSecV2/IMDL/generative/flux_1/imgs/7d1ba0c18e2a49b9bc337447db36b018.png
48.9556884765625,-42.19498062133789,0.0,Doc,0,3,1,5,Document-Real,/mnt/public/public_datasets/OpenMMSecV2/Doc/Real/8f88bf7617c445e4afa5196f8a7ed336.jpg
31.14110565185547,28.406644821166992,0.0,Doc,0,3,1,5,Document-Real,/mnt/public/public_datasets/OpenMMSecV2/Doc/aigc/derend/imgs/81e44044d57e4a008b4ddcc478f206cf.jpg
-48.659263610839844,-27.974925994873047,0.0,deepfake,0,1,1,1,Deepfake-Real,/mnt/public/public_datasets/OpenMMSecV2/Deepfake/Real/FF++/23e39aba7d5d4f688c913e664eec9deb.png
-4.949129104614258,-5.70153284072876,0.0,IMDL,0,4,1,7,IMDL-Real,/mnt/public/public_datasets/OpenMMSecV2/IMDL/generative/flux_1/imgs/58d80a6e61a644a98d032f0dfb71cea8.png
40.77752685546875,22.118160247802734,0.0,Doc,0,3,1,5,Document-Real,/mnt/public/public_datasets/OpenMMSecV2/Doc/Real/51948914e8714f61a242eb51e138b442.jpg
-51.330963134765625,-45.8969612121582,0.0,deepfake,0,1,1,1,Deepfake-Real,/mnt/public/public_datasets/OpenMMSecV2/Deepfake/Real/FF++/6cafb1fb84ed4a7a8265099fb8fa5d82.png
-49.74483108520508,-45.09638977050781,0.0,deepfake,0,1,1,1,Deepfake-Real,/mnt/public/public_datasets/OpenMMSecV2/Deepfake/Real/FF++/40e63c9ebd1f47de8a6365753a5e9e4c.png
17.825408935546875,-7.363168716430664,0.0,AIGC,0,2,1,3,AIGC-Real,/mnt/public/public_datasets/OpenMMSecV2/AIGC/laion/7aba01139c844f4a9b26b300c450e0b2.jpg
29.233211517333984,35.93395233154297,0.0,Doc,0,3,1,5,Document-Real,/mnt/public/public_datasets/OpenMMSecV2/Doc/Real/841eddd1e8b740538a5cda94d053b22f.jpg
29.429990768432617,35.432029724121094,0.0,Doc,0,3,1,5,Document-Real,/mnt/public/public_datasets/OpenMMSecV2/Doc/Real/93a167a915a140f3b7795dca66bacb6a.jpg
2.4056529998779297,5.030749797821045,0.0,IMDL,1,4,2,8,IMDL-Fake,/mnt/public/public_datasets/OpenMMSecV2/IMDL/generative/stable_diffusion/imgs/1b7f8f37008c4ca78d7a1f971923d2e7.jpg
59.729610443115234,-35.600948333740234,0.0,AIGC,0,2,1,3,AIGC-Real,/mnt/public/public_datasets/OpenMMSecV2/AIGC/laion/81eae93b4b7e43d8b10411b65b3afa56.jpg
55.771846771240234,3.9136886596679688,0.0,Doc,0,3,1,5,Document-Real,/mnt/public/public_datasets/OpenMMSecV2/Doc/Real/5090da04357e482ba91a01afaa7e7723.jpg
3.4006941318511963,0.4413129389286041,0.0,IMDL,1,4,2,8,IMDL-Fake,/mnt/public/public_datasets/OpenMMSecV2/IMDL/generative/paintbyexample/imgs/35d0cb1edf734646a642a2c59f36e824.tiff
53.99220275878906,-8.956439018249512,0.0,Doc,1,3,2,6,Document-Fake,/mnt/public/public_datasets/OpenMMSecV2/Doc/non_aigc/generation/imgs/2cbc0747bd594ee6875a00f12d9b8d93.jpg
61.8609504699707,-4.62231969833374,0.0,Doc,1,3,2,6,Document-Fake,/mnt/public/public_datasets/OpenMMSecV2/Doc/non_aigc/cpmv/imgs/9b338c2b376d49c6ab9dde61fe0e1d0a.jpg
-13.920212745666504,-3.2674598693847656,0.0,AIGC,1,2,2,4,AIGC-Fake,/mnt/public/public_datasets/OpenMMSecV2/AIGC/other/online/imgs/8ab41fdc36654d28bbc8655c29aa13b6.jpg
3.065814733505249,0.09786687046289444,0.0,IMDL,1,4,2,8,IMDL-Fake,/mnt/public/public_datasets/OpenMMSecV2/IMDL/generative/paintbyexample/imgs/b937bb70085245e5ab2e444c11371ae8.jpg
-24.37596321105957,-38.3785285949707,0.0,deepfake,1,1,2,2,Deepfake-Fake,/mnt/public/public_datasets/OpenMMSecV2/Deepfake/Fake/FaceEditing/StarGANv2/5768b69bd5184dffaa568dc1bd77ca3d.jpg
38.3971061706543,16.409006118774414,0.0,Doc,0,3,1,5,Document-Real,/mnt/public/public_datasets/OpenMMSecV2/Doc/Real/d22482487ac04f22bdd8f9843e80211d.jpg
-64.07662963867188,1.428944706916809,0.0,deepfake,1,1,2,2,Deepfake-Fake,/mnt/public/public_datasets/OpenMMSecV2/Deepfake/Fake/EntireFaceSynthesis/SD-2.1/49bab6b725204328ba7ecd920f0a9fdd.png
21.276226043701172,12.936502456665039,0.0,AIGC,1,2,2,4,AIGC-Fake,/mnt/public/public_datasets/OpenMMSecV2/AIGC/commercial/firefly/d24e57d720c2438db825ef9b6bc4815f.jpg
72.61724853515625,-16.181894302368164,0.0,Doc,1,3,2,6,Document-Fake,/mnt/public/public_datasets/OpenMMSecV2/Doc/non_aigc/copy-move/imgs/478204acab6d4a068d0b41e3de876ba3.jpg
-43.81785202026367,-5.499919414520264,0.0,deepfake,1,1,2,2,Deepfake-Fake,/mnt/public/public_datasets/OpenMMSecV2/Deepfake/Fake/FaceEditing/StarGANv2/5aea2c5ecdb64da5ba611930d20860a0.jpg
21.411380767822266,4.273009300231934,0.0,Doc,0,3,1,5,Document-Real,/mnt/public/public_datasets/OpenMMSecV2/Doc/Real/81e9e52feb6d4bae9845f5f3af32d95a.jpg
28.64268684387207,33.189857482910156,0.0,IMDL,1,4,2,8,IMDL-Fake,/mnt/public/public_datasets/OpenMMSecV2/IMDL/generative/stable_diffusion/imgs/8bfe7061a43f4abab04ee530609d5ea2.png
-11.813753128051758,-7.053403854370117,0.0,AIGC,1,2,2,4,AIGC-Fake,/mnt/public/public_datasets/OpenMMSecV2/AIGC/other/online/imgs/6c11ad5564b44187b16483c6db96f4aa.jpg
-34.33647155761719,-20.116504669189453,0.0,AIGC,0,2,1,3,AIGC-Real,/mnt/public/public_datasets/OpenMMSecV2/AIGC/laion/99a9679d4ce84b51abcec7a02154c05e.jpg
-61.16712188720703,16.06778907775879,0.0,deepfake,1,1,2,2,Deepfake-Fake,/mnt/public/public_datasets/OpenMMSecV2/Deepfake/Fake/FaceSwap/BlendFace/0425ab483d944898b8d318414ec51324.png
68.35932159423828,-33.24017333984375,0.0,Doc,1,3,2,6,Document-Fake,/mnt/public/public_datasets/OpenMMSecV2/Doc/non_aigc/generation/imgs/123a2a74a50d4117bf207cc11ee64aa2.jpg
-3.412874698638916,16.031816482543945,0.0,AIGC,1,2,2,4,AIGC-Fake,/mnt/public/public_datasets/OpenMMSecV2/AIGC/GAN/styleGANs/964589ae6de64171ad15db7248035266.jpg
-63.74245834350586,10.860963821411133,0.0,deepfake,0,1,1,1,Deepfake-Real,/mnt/public/public_datasets/OpenMMSecV2/Deepfake/Real/CelebDF-v2/8a89d455ec58490c907df937705c8ecf.png
1.3119584321975708,16.566125869750977,0.0,AIGC,0,2,1,3,AIGC-Real,/mnt/public/public_datasets/OpenMMSecV2/AIGC/commercial/wukong/imgs/fac22d3a661e49c29313610c07d68326.JPEG
21.424327850341797,4.029240131378174,0.0,Doc,0,3,1,5,Document-Real,/mnt/public/public_datasets/OpenMMSecV2/Doc/Real/c9b488dab43d428b901aeba97611cbb9.jpg
7.178316116333008,17.845949172973633,0.0,IMDL,0,4,1,7,IMDL-Real,/mnt/public/public_datasets/OpenMMSecV2/IMDL/generative/stable_diffusion/imgs/1282aa6d60464305b192b8d2a35e703d.png
0.1762731969356537,32.487022399902344,0.0,AIGC,0,2,1,3,AIGC-Real,/mnt/public/public_datasets/OpenMMSecV2/AIGC/laion/e8b37b53574d4d9185d96160959801ae.jpg
11.912425994873047,14.225262641906738,0.0,AIGC,1,2,2,4,AIGC-Fake,/mnt/public/public_datasets/OpenMMSecV2/AIGC/latent_diffusion/systematic/799cd640de414d0e99d2f3f96a05e347.jpg
-15.549202919006348,-22.66790008544922,0.0,AIGC,1,2,2,4,AIGC-Fake,/mnt/public/public_datasets/OpenMMSecV2/AIGC/other/online/imgs/f0d850875523407690166d89750c9337.jpg
38.586082458496094,31.83360481262207,0.0,Doc,1,3,2,6,Document-Fake,/mnt/public/public_datasets/OpenMMSecV2/Doc/aigc/textocr/imgs/b52634a64be341f3afe537081573574f.jpg
0.11531685292720795,16.782550811767578,0.0,IMDL,1,4,2,8,IMDL-Fake,/mnt/public/public_datasets/OpenMMSecV2/IMDL/non_generative/manual_ps/imgs/e07dac389e76480fb889f64c4c31b426.jpg
-58.45914840698242,5.838303565979004,0.0,deepfake,0,1,1,1,Deepfake-Real,/mnt/public/public_datasets/OpenMMSecV2/Deepfake/Real/CelebDF-v2/1795546d6ecb4ea2b216837173054652.png
-2.90604567527771,45.03186798095703,0.0,IMDL,1,4,2,8,IMDL-Fake,/mnt/public/public_datasets/OpenMMSecV2/IMDL/non_generative/manual_ps/imgs/8c88f95efb9a4c398f2a9e723a1a5318.tif
-8.847229957580566,20.021240234375,0.0,IMDL,1,4,2,8,IMDL-Fake,/mnt/public/public_datasets/OpenMMSecV2/IMDL/non_generative/manual_ps/imgs/aff12be15bf44cd7aac188545924b364.jpg
-18.76982307434082,6.120197296142578,0.0,IMDL,1,4,2,8,IMDL-Fake,/mnt/public/public_datasets/OpenMMSecV2/IMDL/generative/stable_diffusion/imgs/29acab08c39545eca390fff5be7ddc12.png
7.612959861755371,40.2563591003418,0.0,AIGC,0,2,1,3,AIGC-Real,/mnt/public/public_datasets/OpenMMSecV2/AIGC/laion/8e501a101b43473791eeb60295d314c0.jpg
8.474592208862305,37.74520492553711,0.0,AIGC,1,2,2,4,AIGC-Fake,/mnt/public/public_datasets/OpenMMSecV2/AIGC/commercial/imagen/9010ba140e2a4e76ad75e1aa4c0f91d5.jpg
46.56369400024414,-34.362789154052734,0.0,Doc,0,3,1,5,Document-Real,/mnt/public/public_datasets/OpenMMSecV2/Doc/Real/3bcd9de5bae44041ab46e7351bd8e199.jpg
10.512420654296875,41.53513717651367,0.0,AIGC,1,2,2,4,AIGC-Fake,/mnt/public/public_datasets/OpenMMSecV2/AIGC/other/online/imgs/9ff3907fd24347ca93327046018543cf.jpg
-66.8166732788086,2.608100414276123,0.0,deepfake,0,1,1,1,Deepfake-Real,/mnt/public/public_datasets/OpenMMSecV2/Deepfake/Real/FF++/04696d1f699443cfbfecf9d9b1962630.png
16.45918083190918,31.65884780883789,0.0,IMDL,0,4,1,7,IMDL-Real,/mnt/public/public_datasets/OpenMMSecV2/IMDL/generative/coco/imgs/c0fbe122b37a4d57a37013d473cbae4d.jpg
-21.153337478637695,12.225480079650879,0.0,IMDL,1,4,2,8,IMDL-Fake,/mnt/public/public_datasets/OpenMMSecV2/IMDL/non_generative/manual_ps/imgs/9c9370c426c848dabfabed736689c765.jpg
-21.899946212768555,14.394704818725586,0.0,IMDL,0,4,1,7,IMDL-Real,/mnt/public/public_datasets/OpenMMSecV2/IMDL/generative/stable_diffusion/imgs/a0eea116efb64d8d91515746db6efb6f.png
17.458349227905273,33.70222091674805,0.0,IMDL,0,4,1,7,IMDL-Real,/mnt/public/public_datasets/OpenMMSecV2/IMDL/generative/coco/imgs/825da9f86d3e4744b6639e76d9ccca52.jpg
2.757040500640869,-23.664371490478516,0.0,AIGC,0,2,1,3,AIGC-Real,/mnt/public/public_datasets/OpenMMSecV2/AIGC/laion/f57d725a245d4e6aa067bd3e5e196f33.jpg
-1.1365971565246582,32.9246711730957,0.0,IMDL,1,4,2,8,IMDL-Fake,/mnt/public/public_datasets/OpenMMSecV2/IMDL/generative/stable_diffusion/imgs/969faaebf29445da8d2d254a93cc8390.png
-51.837684631347656,-14.994014739990234,0.0,deepfake,1,1,2,2,Deepfake-Fake,/mnt/public/public_datasets/OpenMMSecV2/Deepfake/Fake/EntireFaceSynthesis/SiT-XL/95a0cba0ad8c4473ad6adf00344c42be.png
-8.219240188598633,29.14848518371582,0.0,IMDL,1,4,2,8,IMDL-Fake,/mnt/public/public_datasets/OpenMMSecV2/IMDL/non_generative/manual_ps/imgs/be46a6ead8da4fc9b9d15a8d83ab28f4.jpg
33.80418395996094,26.798696517944336,0.0,Doc,0,3,1,5,Document-Real,/mnt/public/public_datasets/OpenMMSecV2/Doc/aigc/derend/imgs/16a3ab01a95549b1b80ce0b3835939dd.jpg
-51.88003921508789,-41.27617263793945,0.0,deepfake,0,1,1,1,Deepfake-Real,/mnt/public/public_datasets/OpenMMSecV2/Deepfake/Real/FF++/06dd7a48ded8450c875600f413d3cb4e.png
21.090360641479492,39.826725006103516,0.0,IMDL,0,4,1,7,IMDL-Real,/mnt/public/public_datasets/OpenMMSecV2/IMDL/generative/stable_diffusion/imgs/f48661a52c6c439cbec87d3741149a3e.png
12.71368408203125,24.3720645904541,0.0,IMDL,1,4,2,8,IMDL-Fake,/mnt/public/public_datasets/OpenMMSecV2/IMDL/generative/stable_diffusion/imgs/3fb9e52bce26452bafb15301bd4a3c72.png
-11.445987701416016,17.79079246520996,0.0,AIGC,0,2,1,3,AIGC-Real,/mnt/public/public_datasets/OpenMMSecV2/AIGC/other/online/imgs/cef47da30c5142fcb90a1d43ad78bea2.jpg
-64.22958374023438,-2.815248727798462,0.0,deepfake,1,1,2,2,Deepfake-Fake,/mnt/public/public_datasets/OpenMMSecV2/Deepfake/Fake/FaceSwap/UniFace/c838a308733048ce8fc95f04f7a28256.png
-1.9355146884918213,46.10303497314453,0.0,IMDL,1,4,2,8,IMDL-Fake,/mnt/public/public_datasets/OpenMMSecV2/IMDL/non_generative/manual_ps/imgs/19fb8c44e95d4ba48c824f9e27449359.jpg
10.898433685302734,-6.006646156311035,0.0,AIGC,0,2,1,3,AIGC-Real,/mnt/public/public_datasets/OpenMMSecV2/AIGC/laion/763ebed4f3df4516b68f639010a3d82a.jpg
-55.374942779541016,-13.438124656677246,0.0,deepfake,0,1,1,1,Deepfake-Real,/mnt/public/public_datasets/OpenMMSecV2/Deepfake/Real/DFD/d147443515ed48a6a3386ebb80fd29a2.png
-75.62779998779297,11.097521781921387,0.0,deepfake,0,1,1,1,Deepfake-Real,/mnt/public/public_datasets/OpenMMSecV2/Deepfake/Real/FFHQ/f9f7bd1d794b41ea901ca5e16db0ac89.jpeg
3.065070152282715,44.869014739990234,0.0,IMDL,0,4,1,7,IMDL-Real,/mnt/public/public_datasets/OpenMMSecV2/IMDL/generative/coco/imgs/bcea426b79744dea8cf206917d12a276.jpg
9.546224594116211,14.450892448425293,0.0,IMDL,0,4,1,7,IMDL-Real,/mnt/public/public_datasets/OpenMMSecV2/IMDL/generative/stable_diffusion/imgs/4c447e46aea741909250782ea5eb73f4.png
-70.67184448242188,2.3333446979522705,0.0,deepfake,1,1,2,2,Deepfake-Fake,/mnt/public/public_datasets/OpenMMSecV2/Deepfake/Fake/FaceReenactment/DaGAN/8dd76d1cd389443ab58e9a7deb5c71e3.png
-39.03190231323242,-39.16207504272461,0.0,deepfake,0,1,1,1,Deepfake-Real,/mnt/public/public_datasets/OpenMMSecV2/Deepfake/Real/FF++/f6c7b1d5214c4ac6aca9b5a4a3909da7.png
7.778626441955566,32.06488037109375,0.0,Doc,1,3,2,6,Document-Fake,/mnt/public/public_datasets/OpenMMSecV2/Doc/aigc/textocr/imgs/a4934db677d04585a1747427fc71bf84.jpg
-31.666074752807617,-17.59702491760254,0.0,deepfake,0,1,1,1,Deepfake-Real,/mnt/public/public_datasets/OpenMMSecV2/Deepfake/Real/FFHQ/e29514bcb165400e92f8f038434a8a3c.jpeg
6.268068790435791,-21.877676010131836,0.0,AIGC,0,2,1,3,AIGC-Real,/mnt/public/public_datasets/OpenMMSecV2/AIGC/laion/72d4fba6cc364b6c9ce4f816e5be6ce4.jpg
-55.50883102416992,0.5429647564888,0.0,deepfake,1,1,2,2,Deepfake-Fake,/mnt/public/public_datasets/OpenMMSecV2/Deepfake/Fake/FaceReenactment/Wav2Lip/97850a15416d43fa88fb87542d1e833d.png
32.10416793823242,29.665525436401367,0.0,Doc,1,3,2,6,Document-Fake,/mnt/public/public_datasets/OpenMMSecV2/Doc/aigc/textocr/imgs/17c7dd1d3656488aa011deb42b32ae9e.jpg
-20.0050048828125,0.275769978761673,0.0,IMDL,1,4,2,8,IMDL-Fake,/mnt/public/public_datasets/OpenMMSecV2/IMDL/generative/gan_mat/imgs/26bb8ff293f4483cb96a831e3e709537.jpg
-60.9752197265625,7.451657295227051,0.0,deepfake,1,1,2,2,Deepfake-Fake,/mnt/public/public_datasets/OpenMMSecV2/Deepfake/Fake/FaceSwap/FaceDancer/54063f046af04ba390c894b9c3b04320.png
67.33854675292969,3.338221311569214,0.0,Doc,1,3,2,6,Document-Fake,/mnt/public/public_datasets/OpenMMSecV2/Doc/non_aigc/copy-move/imgs/85d198f7755141d098c330231d2ab171.jpg
15.24431324005127,-5.024405002593994,0.0,AIGC,0,2,1,3,AIGC-Real,/mnt/public/public_datasets/OpenMMSecV2/AIGC/pixel_diffusion/adm/imgs/d90a22bbe7d34b7da4e1affc17eb9b2e.JPEG
19.97723960876465,4.278983116149902,0.0,Doc,0,3,1,5,Document-Real,/mnt/public/public_datasets/OpenMMSecV2/Doc/Real/001eb53c7b234f76bd9a8efa3086140d.jpg
-15.774663925170898,32.8743896484375,0.0,IMDL,1,4,2,8,IMDL-Fake,/mnt/public/public_datasets/OpenMMSecV2/IMDL/generative/gan_mat/imgs/04475b348e664c1a9e5a4124059dbdef.jpg
-6.511429786682129,22.19126319885254,0.0,IMDL,1,4,2,8,IMDL-Fake,/mnt/public/public_datasets/OpenMMSecV2/IMDL/generative/paintbyexample/imgs/fcbfb6edf3224c67b49266018b44ff18.jpg
-4.712549209594727,-1.7508546113967896,0.0,IMDL,0,4,1,7,IMDL-Real,/mnt/public/public_datasets/OpenMMSecV2/IMDL/generative/coco/imgs/49de8b714fbc43a19fe7af331906b888.jpg
18.987634658813477,-12.062410354614258,0.0,AIGC,1,2,2,4,AIGC-Fake,/mnt/public/public_datasets/OpenMMSecV2/AIGC/latent_diffusion/systematic/b4d532474ec246bf9f234faad8d4059f.jpg
-22.01700210571289,25.215599060058594,0.0,IMDL,1,4,2,8,IMDL-Fake,/mnt/public/public_datasets/OpenMMSecV2/IMDL/generative/paintbyexample/imgs/5e51977fe00646c78b380f6bdd9eca02.png
-41.79057693481445,-28.29656982421875,0.0,deepfake,1,1,2,2,Deepfake-Fake,/mnt/public/public_datasets/OpenMMSecV2/Deepfake/Fake/FaceSwap/Deepfake/d453a4f6660b448a8a7e4a1f79c47ee3.png
5.372525691986084,23.511703491210938,0.0,AIGC,0,2,1,3,AIGC-Real,/mnt/public/public_datasets/OpenMMSecV2/AIGC/laion/bc34f8fd164343338ac96dd427d3e21b.jpg
-0.35801970958709717,36.83842468261719,0.0,AIGC,0,2,1,3,AIGC-Real,/mnt/public/public_datasets/OpenMMSecV2/AIGC/other/online/imgs/aa151cb69ad84a4b95a04f482228cf9d.jpg
-39.54258728027344,-1.0231311321258545,0.0,AIGC,1,2,2,4,AIGC-Fake,/mnt/public/public_datasets/OpenMMSecV2/AIGC/autoregressive_model/tamingtransformers/ba8778e0291d48e4b4717137ef6155e0.jpg
23.737567901611328,33.749420166015625,0.0,IMDL,0,4,1,7,IMDL-Real,/mnt/public/public_datasets/OpenMMSecV2/IMDL/generative/stable_diffusion/imgs/db732de549df477cb408f5c5bb97b6ac.png
66.63713836669922,-19.06573486328125,0.0,Doc,0,3,1,5,Document-Real,/mnt/public/public_datasets/OpenMMSecV2/Doc/Real/fc2c89b8979b4516b13e9b904f518308.jpg
48.6641731262207,-35.56157302856445,0.0,Doc,0,3,1,5,Document-Real,/mnt/public/public_datasets/OpenMMSecV2/Doc/Real/e991b9d0ef244243a6a08101c4670519.jpg
-7.233630657196045,6.908525466918945,0.0,AIGC,0,2,1,3,AIGC-Real,/mnt/public/public_datasets/OpenMMSecV2/AIGC/laion/1a41db60bf254a5d966f84e961681331.jpg
-10.50716495513916,14.485127449035645,0.0,IMDL,0,4,1,7,IMDL-Real,/mnt/public/public_datasets/OpenMMSecV2/IMDL/generative/coco/imgs/529f28bffffa48baac250b1273a080da.jpg
-68.92959594726562,-0.06452162563800812,0.0,deepfake,0,1,1,1,Deepfake-Real,/mnt/public/public_datasets/OpenMMSecV2/Deepfake/Real/FF++/9dc121e551ae4eb3a451db6b60ebcca4.png
-41.40205001831055,3.5604207515716553,0.0,deepfake,0,1,1,1,Deepfake-Real,/mnt/public/public_datasets/OpenMMSecV2/Deepfake/Real/VFHQ/825678fb2bfb4b66b22f78e70ada8dd7.png
50.349754333496094,-8.947503089904785,0.0,Doc,1,3,2,6,Document-Fake,/mnt/public/public_datasets/OpenMMSecV2/Doc/non_aigc/generation/imgs/01c71d8656604402b1e142d086acab37.jpg
-57.55691146850586,-0.7293086647987366,0.0,deepfake,0,1,1,1,Deepfake-Real,/mnt/public/public_datasets/OpenMMSecV2/Deepfake/Real/CelebDF-v2/8653b72b729b409090a88b7faef79306.png
38.41207504272461,14.466256141662598,0.0,Doc,0,3,1,5,Document-Real,/mnt/public/public_datasets/OpenMMSecV2/Doc/Real/2278ec3e9d9d4d659ea5949fec75a50e.jpg
9.375398635864258,0.7095549702644348,0.0,Doc,1,3,2,6,Document-Fake,/mnt/public/public_datasets/OpenMMSecV2/Doc/aigc/textocr/imgs/8ecd50a66dd84224afe4d9812e868e31.jpg
-48.55046463012695,2.2588272094726562,0.0,deepfake,0,1,1,1,Deepfake-Real,/mnt/public/public_datasets/OpenMMSecV2/Deepfake/Real/CelebA/6d9492b819c6473a9f19b38e87c1a970.jpg
54.98684310913086,-22.291929244995117,0.0,Doc,1,3,2,6,Document-Fake,/mnt/public/public_datasets/OpenMMSecV2/Doc/non_aigc/insert/imgs/c73d81a7a8374c609aa2c749ced56a51.jpg
13.368059158325195,40.09120559692383,0.0,IMDL,1,4,2,8,IMDL-Fake,/mnt/public/public_datasets/OpenMMSecV2/IMDL/generative/gan_mat/imgs/cf1a5bb06c934df8a83702e03e1109b2.jpg
69.68193817138672,-22.156688690185547,0.0,Doc,0,3,1,5,Document-Real,/mnt/public/public_datasets/OpenMMSecV2/Doc/Real/8188d6c6c33347e8bb89f4966ced0dc2.jpg
-10.0285062789917,30.380170822143555,0.0,AIGC,1,2,2,4,AIGC-Fake,/mnt/public/public_datasets/OpenMMSecV2/AIGC/latent_diffusion/systematic/ba2806bf37404206a2fae2b970f906c2.jpg
5.712719917297363,44.54387664794922,0.0,IMDL,1,4,2,8,IMDL-Fake,/mnt/public/public_datasets/OpenMMSecV2/IMDL/generative/stable_diffusion/imgs/276c0b7c26004bc4a9d81bdf1057fc8b.png
-13.387760162353516,2.1382393836975098,0.0,IMDL,1,4,2,8,IMDL-Fake,/mnt/public/public_datasets/OpenMMSecV2/IMDL/generative/paintbyexample/imgs/19506d71d1ad40be8da36e2b9e6d1686.png
-16.168785095214844,-1.8715877532958984,0.0,IMDL,1,4,2,8,IMDL-Fake,/mnt/public/public_datasets/OpenMMSecV2/IMDL/generative/gan_mat/imgs/6ddb203da5b9402fbf9b493cf4980981.tiff
-39.76228713989258,-6.140321731567383,0.0,deepfake,1,1,2,2,Deepfake-Fake,/mnt/public/public_datasets/OpenMMSecV2/Deepfake/Fake/FaceEditing/StarGAN/b608a7300da947278f815cd72f93b75d.jpg
-12.957855224609375,8.852676391601562,0.0,AIGC,1,2,2,4,AIGC-Fake,/mnt/public/public_datasets/OpenMMSecV2/AIGC/pixel_diffusion/adm/imgs/b93669fdc77940b997ba6b8c01ba4ddb.png
-28.602890014648438,-33.750633239746094,0.0,deepfake,1,1,2,2,Deepfake-Fake,/mnt/public/public_datasets/OpenMMSecV2/Deepfake/Fake/FaceEditing/StarGANv2/23819f38f2784985aeca9bc366f9da49.jpg
-37.86992263793945,-11.727325439453125,0.0,AIGC,1,2,2,4,AIGC-Fake,/mnt/public/public_datasets/OpenMMSecV2/AIGC/GAN/styleGANs/0a4f39eed1264e389800075a40b59a09.jpg
1.3444607257843018,15.309098243713379,0.0,AIGC,0,2,1,3,AIGC-Real,/mnt/public/public_datasets/OpenMMSecV2/AIGC/other/online/imgs/8e50980b40b344cbbbb274a375856e85.jpg
-41.5346565246582,-39.27458953857422,0.0,deepfake,1,1,2,2,Deepfake-Fake,/mnt/public/public_datasets/OpenMMSecV2/Deepfake/Fake/EntireFaceSynthesis/StyleGAN2/576e4a4edfe44a27a5f6f50d808b21ce.png
-5.188333034515381,-1.6750340461730957,0.0,IMDL,0,4,1,7,IMDL-Real,/mnt/public/public_datasets/OpenMMSecV2/IMDL/generative/coco/imgs/72699ee46fdd4f62931a75b5e981683c.jpg
6.054435729980469,16.489641189575195,0.0,IMDL,0,4,1,7,IMDL-Real,/mnt/public/public_datasets/OpenMMSecV2/IMDL/non_generative/manual_ps/imgs/57b53687d72d4839a1ecf72d8ca007bc.jpg
12.132946968078613,-12.799549102783203,0.0,IMDL,0,4,1,7,IMDL-Real,/mnt/public/public_datasets/OpenMMSecV2/IMDL/non_generative/manual_ps/imgs/040f350855ee448cbeb8b5ee57a45f79.jpg
1.5104643106460571,20.45635414123535,0.0,AIGC,1,2,2,4,AIGC-Fake,/mnt/public/public_datasets/OpenMMSecV2/AIGC/pixel_diffusion/adm/imgs/30a8726ca60c4812b5a7a37e0b255c2d.png
-59.85704803466797,2.5352375507354736,0.0,deepfake,1,1,2,2,Deepfake-Fake,/mnt/public/public_datasets/OpenMMSecV2/Deepfake/Fake/FaceReenactment/LIA/e4eac7d711e4401f903655a8b4a71a35.png
-68.38304138183594,13.588765144348145,0.0,deepfake,1,1,2,2,Deepfake-Fake,/mnt/public/public_datasets/OpenMMSecV2/Deepfake/Fake/FaceReenactment/HyperReenact/d099d4013578412694ef19042eb296af.png
-28.485780715942383,42.05186462402344,0.0,IMDL,1,4,2,8,IMDL-Fake,/mnt/public/public_datasets/OpenMMSecV2/IMDL/generative/gan_mat/imgs/91edf21ae0134d868fd30f3a2f393093.jpg
-8.214568138122559,31.649763107299805,0.0,IMDL,1,4,2,8,IMDL-Fake,/mnt/public/public_datasets/OpenMMSecV2/IMDL/non_generative/manual_ps/imgs/612ceeba5f574a3da419a70b2a32e779.jpg
-70.048828125,6.586930751800537,0.0,deepfake,1,1,2,2,Deepfake-Fake,/mnt/public/public_datasets/OpenMMSecV2/Deepfake/Fake/FaceReenactment/LIA/2ebee45a86eb401fa07a014c2f70b7e6.png
33.60286331176758,19.625202178955078,0.0,Doc,0,3,1,5,Document-Real,/mnt/public/public_datasets/OpenMMSecV2/Doc/Real/5ad0fb1a5076447b939038fb2dc5f617.jpg
6.779545307159424,10.705822944641113,0.0,AIGC,1,2,2,4,AIGC-Fake,/mnt/public/public_datasets/OpenMMSecV2/AIGC/GAN/BigGAN/0fcef440d42647c1affa391bc0c46846.jpg
42.450077056884766,-33.551422119140625,0.0,AIGC,0,2,1,3,AIGC-Real,/mnt/public/public_datasets/OpenMMSecV2/AIGC/laion/70e38363ac87445eb5fc47ebac0c17fc.jpg
-40.48204040527344,-40.568965911865234,0.0,deepfake,1,1,2,2,Deepfake-Fake,/mnt/public/public_datasets/OpenMMSecV2/Deepfake/Fake/FaceReenactment/FS_vid2vid/c1bf0c5aa16d4fa79e793c25f9a5fceb.png
-60.46841049194336,-5.535736560821533,0.0,deepfake,1,1,2,2,Deepfake-Fake,/mnt/public/public_datasets/OpenMMSecV2/Deepfake/Fake/FaceReenactment/TPSMM/69b4af5652e145bfb79b6ecad469da75.png
-62.932498931884766,12.504560470581055,0.0,deepfake,1,1,2,2,Deepfake-Fake,/mnt/public/public_datasets/OpenMMSecV2/Deepfake/Fake/FaceSwap/Deepfake/496077b11132420099f56e7c9360e284.png
3.973297357559204,-7.857554912567139,0.0,IMDL,0,4,1,7,IMDL-Real,/mnt/public/public_datasets/OpenMMSecV2/IMDL/generative/coco/imgs/9278f7427b86482386b9479a216c11d0.jpg
-24.00092887878418,8.516596794128418,0.0,IMDL,1,4,2,8,IMDL-Fake,/mnt/public/public_datasets/OpenMMSecV2/IMDL/generative/stable_diffusion/imgs/e54bd71b263649ffb50b68d6fdd6d2d8.png
16.06295394897461,37.67760467529297,0.0,IMDL,1,4,2,8,IMDL-Fake,/mnt/public/public_datasets/OpenMMSecV2/IMDL/generative/stable_diffusion/imgs/daa0c37a46c841bf80a3b7dec0ff9cb3.png
17.78678321838379,2.0114834308624268,0.0,Doc,1,3,2,6,Document-Fake,/mnt/public/public_datasets/OpenMMSecV2/Doc/aigc/textocr/imgs/4bf476c2050c4d67b96954abadc0ea2d.jpg
19.702213287353516,-4.832106590270996,0.0,AIGC,0,2,1,3,AIGC-Real,/mnt/public/public_datasets/OpenMMSecV2/AIGC/laion/acaef3c641ca4df8bf9dad0411d5911c.jpg
0.24567601084709167,25.550827026367188,0.0,IMDL,0,4,1,7,IMDL-Real,/mnt/public/public_datasets/OpenMMSecV2/IMDL/generative/coco/imgs/94bc748d6c104e608dc317b8943528a6.jpg
47.775028228759766,-41.95206832885742,0.0,Doc,1,3,2,6,Document-Fake,/mnt/public/public_datasets/OpenMMSecV2/Doc/non_aigc/insert/imgs/e9d6548c276940979a1c753e79231441.jpg
59.930755615234375,-31.370243072509766,0.0,Doc,0,3,1,5,Document-Real,/mnt/public/public_datasets/OpenMMSecV2/Doc/Real/6dfdd713a9be473f8bb30a996dd86b9a.jpg
64.07117462158203,-31.42411231994629,0.0,Doc,0,3,1,5,Document-Real,/mnt/public/public_datasets/OpenMMSecV2/Doc/Real/68b0255ec31a4498b83747f9214ce15b.jpg
-23.356672286987305,14.066100120544434,0.0,IMDL,0,4,1,7,IMDL-Real,/mnt/public/public_datasets/OpenMMSecV2/IMDL/generative/stable_diffusion/imgs/63e71bfe4b314163bf77149c1c817b72.png
-70.90780639648438,8.050256729125977,0.0,deepfake,1,1,2,2,Deepfake-Fake,/mnt/public/public_datasets/OpenMMSecV2/Deepfake/Fake/FaceSwap/FaceShifter/ef97c016056a4d60841d96c56f6abe5b.png
36.49524688720703,7.50830078125,0.0,Doc,1,3,2,6,Document-Fake,/mnt/public/public_datasets/OpenMMSecV2/Doc/non_aigc/cpmv/imgs/d44ed173fdd941eeb6cdaf12cced9cd4.jpg
12.13470458984375,-5.897737503051758,0.0,AIGC,1,2,2,4,AIGC-Fake,/mnt/public/public_datasets/OpenMMSecV2/AIGC/latent_diffusion/systematic/dc8aa872c1864d5fbfcd88e15362a563.jpg
13.816550254821777,1.6600680351257324,0.0,AIGC,0,2,1,3,AIGC-Real,/mnt/public/public_datasets/OpenMMSecV2/AIGC/laion/6e1a4dcbf8294bf9974b5a9a1f813050.jpg
-49.73682403564453,-1.2059919834136963,0.0,AIGC,1,2,2,4,AIGC-Fake,/mnt/public/public_datasets/OpenMMSecV2/AIGC/latent_diffusion/systematic/1434fbb60392409b922b784e05dbf471.jpg
-49.50995635986328,-43.4827995300293,0.0,deepfake,1,1,2,2,Deepfake-Fake,/mnt/public/public_datasets/OpenMMSecV2/Deepfake/Fake/FaceSwap/FSGAN/c0e04fa5371544329c037940d802531f.png
-13.879008293151855,34.88469696044922,0.0,IMDL,0,4,1,7,IMDL-Real,/mnt/public/public_datasets/OpenMMSecV2/IMDL/non_generative/manual_ps/imgs/6fda926b3c36470ca46af25dd921ae07.jpg
5.143043518066406,-8.307729721069336,0.0,IMDL,0,4,1,7,IMDL-Real,/mnt/public/public_datasets/OpenMMSecV2/IMDL/generative/stable_diffusion/imgs/44f98924949d40998b2e08e5993eb349.png
53.13530349731445,-7.182413101196289,0.0,Doc,1,3,2,6,Document-Fake,/mnt/public/public_datasets/OpenMMSecV2/Doc/non_aigc/generation/imgs/8abe632e7c5d4dfda5a4b6820c17620f.jpg
-21.954172134399414,36.23420715332031,0.0,IMDL,0,4,1,7,IMDL-Real,/mnt/public/public_datasets/OpenMMSecV2/IMDL/generative/coco/imgs/b17b668bedf74d17a072f00d3990a805.jpg
-35.902217864990234,-11.6283597946167,0.0,IMDL,0,4,1,7,IMDL-Real,/mnt/public/public_datasets/OpenMMSecV2/IMDL/generative/coco/imgs/4109d5847710418dab6512380938f0e6.jpg
28.737573623657227,34.15916442871094,0.0,IMDL,0,4,1,7,IMDL-Real,/mnt/public/public_datasets/OpenMMSecV2/IMDL/generative/coco/imgs/3aa979bb3638421ab6788bfb2eb87dea.jpg
29.795188903808594,29.200557708740234,0.0,AIGC,0,2,1,3,AIGC-Real,/mnt/public/public_datasets/OpenMMSecV2/AIGC/other/online/imgs/9177fed5e3f1434d891328cffe026f05.jpg
19.746749877929688,-4.539253234863281,0.0,AIGC,1,2,2,4,AIGC-Fake,/mnt/public/public_datasets/OpenMMSecV2/AIGC/latent_diffusion/systematic/2fbc4daaf62f499e85c336cfc37dbd4c.jpg
23.7170467376709,26.480300903320312,0.0,Doc,1,3,2,6,Document-Fake,/mnt/public/public_datasets/OpenMMSecV2/Doc/aigc/udifftext/imgs/c8d8c942a4944946b9259d2370e09be0.jpg
66.59449768066406,4.94712495803833,0.0,Doc,0,3,1,5,Document-Real,/mnt/public/public_datasets/OpenMMSecV2/Doc/Real/22d0851b87f7437cbe85d03f9e505149.jpg
-60.25472640991211,12.383585929870605,0.0,deepfake,1,1,2,2,Deepfake-Fake,/mnt/public/public_datasets/OpenMMSecV2/Deepfake/Fake/FaceSwap/FSGAN/ad78496c6c8c4bc7ac1d39db24377807.png
60.48545455932617,3.053683280944824,0.0,Doc,1,3,2,6,Document-Fake,/mnt/public/public_datasets/OpenMMSecV2/Doc/non_aigc/copy-move/imgs/f4a3a46f75f64f3eaca2f4dbcf07efdb.jpg
-44.91068649291992,-6.781007766723633,0.0,AIGC,1,2,2,4,AIGC-Fake,/mnt/public/public_datasets/OpenMMSecV2/AIGC/autoregressive_model/tamingtransformers/e59988f4bdda4483a6925bb7bbde1d0a.jpg
21.78388214111328,-1.3008743524551392,0.0,Doc,1,3,2,6,Document-Fake,/mnt/public/public_datasets/OpenMMSecV2/Doc/aigc/textocr/imgs/cb050a7bb2464c2983f8578969fc4895.jpg
48.366851806640625,-1.4995441436767578,0.0,AIGC,0,2,1,3,AIGC-Real,/mnt/public/public_datasets/OpenMMSecV2/AIGC/laion/3a772132002a454daf0d73147e791df3.jpg
35.47356033325195,31.169187545776367,0.0,Doc,1,3,2,6,Document-Fake,/mnt/public/public_datasets/OpenMMSecV2/Doc/aigc/textdiff/imgs/8008eb952a114816a11e9ae4405469f7.jpg
71.38629150390625,-8.280332565307617,0.0,Doc,1,3,2,6,Document-Fake,/mnt/public/public_datasets/OpenMMSecV2/Doc/non_aigc/generation/imgs/2fec6a651cee4c2394b9e7993c228153.jpg
38.677425384521484,31.957046508789062,0.0,IMDL,0,4,1,7,IMDL-Real,/mnt/public/public_datasets/OpenMMSecV2/IMDL/generative/stable_diffusion/imgs/435520c04af5422a8a82eb69e287cccc.png
-33.798095703125,-29.866384506225586,0.0,deepfake,1,1,2,2,Deepfake-Fake,/mnt/public/public_datasets/OpenMMSecV2/Deepfake/Fake/FaceEditing/e4e/a016a0c94dd84f6fbca8a1bd39857e36.jpg
6.3495588302612305,38.877872467041016,0.0,IMDL,0,4,1,7,IMDL-Real,/mnt/public/public_datasets/OpenMMSecV2/IMDL/generative/flux_1/imgs/2bc197b633144279acbdf1c1fc8d43fa.png
54.458717346191406,-8.699241638183594,0.0,Doc,1,3,2,6,Document-Fake,/mnt/public/public_datasets/OpenMMSecV2/Doc/non_aigc/generation/imgs/7d8ae7c7670f43b4a09a43fb90a54996.jpg
38.49676513671875,15.111907958984375,0.0,Doc,0,3,1,5,Document-Real,/mnt/public/public_datasets/OpenMMSecV2/Doc/Real/9ca4c8406ed941129e584fd3223f9af2.jpg
-47.45130157470703,-27.077604293823242,0.0,deepfake,0,1,1,1,Deepfake-Real,/mnt/public/public_datasets/OpenMMSecV2/Deepfake/Real/FF++/d1a640d4ddcc4046a4dce7ee2c3e3536.png
19.440763473510742,15.392609596252441,0.0,IMDL,1,4,2,8,IMDL-Fake,/mnt/public/public_datasets/OpenMMSecV2/IMDL/non_generative/manual_ps/imgs/e231bba27809472da409f6f0b6720e0f.jpg
-32.940799713134766,-33.26476287841797,0.0,deepfake,1,1,2,2,Deepfake-Fake,/mnt/public/public_datasets/OpenMMSecV2/Deepfake/Fake/FaceEditing/StarGAN/2ae176a05ed347d7a16c304f17ee7051.jpg
65.75587463378906,-30.004188537597656,0.0,Doc,0,3,1,5,Document-Real,/mnt/public/public_datasets/OpenMMSecV2/Doc/Real/36d7a903bec54db19ca033184987126a.jpg
43.628639221191406,-33.482139587402344,0.0,AIGC,0,2,1,3,AIGC-Real,/mnt/public/public_datasets/OpenMMSecV2/AIGC/laion/76038cae2c4645b9bb75b98dff925659.jpg
66.53793334960938,-21.517465591430664,0.0,Doc,0,3,1,5,Document-Real,/mnt/public/public_datasets/OpenMMSecV2/Doc/Real/3c6b324b35dd4dbea6cf064079d9fca4.jpg
-61.605342864990234,7.928721904754639,0.0,deepfake,1,1,2,2,Deepfake-Fake,/mnt/public/public_datasets/OpenMMSecV2/Deepfake/Fake/FaceReenactment/OneShot/bb5a731db6fa44f89366ad574509af26.png
0.028132691979408264,-6.683446884155273,0.0,Doc,1,3,2,6,Document-Fake,/mnt/public/public_datasets/OpenMMSecV2/Doc/aigc/textdiff/imgs/6f61f59678634cf5917e3d2e15e51133.jpg
11.82102108001709,41.00172424316406,0.0,AIGC,1,2,2,4,AIGC-Fake,/mnt/public/public_datasets/OpenMMSecV2/AIGC/other/online/imgs/8fab3bebce6248f6900826d06dea5f67.jpg
49.96156692504883,-6.709868907928467,0.0,Doc,1,3,2,6,Document-Fake,/mnt/public/public_datasets/OpenMMSecV2/Doc/non_aigc/copy-move/imgs/00ff1199977a41f58724f44a13761faf.jpg
-2.8581950664520264,-23.94634246826172,0.0,AIGC,0,2,1,3,AIGC-Real,/mnt/public/public_datasets/OpenMMSecV2/AIGC/laion/e0df3c98f75948f39e299be82104d188.jpg
52.977901458740234,-10.679186820983887,0.0,Doc,1,3,2,6,Document-Fake,/mnt/public/public_datasets/OpenMMSecV2/Doc/non_aigc/generation/imgs/4c17df4989f5401cb97235bc00412960.jpg
-55.08229064941406,-1.8292218446731567,0.0,deepfake,1,1,2,2,Deepfake-Fake,/mnt/public/public_datasets/OpenMMSecV2/Deepfake/Fake/FaceSwap/InSwapper/d1ebfcc00c7f4affa2e64a9b65762842.png
-1.1418818235397339,15.376766204833984,0.0,AIGC,1,2,2,4,AIGC-Fake,/mnt/public/public_datasets/OpenMMSecV2/AIGC/pixel_diffusion/glide/imgs/898c06a9663a4c39a69e2caf310160be.png
-10.349344253540039,-2.8029496669769287,0.0,AIGC,0,2,1,3,AIGC-Real,/mnt/public/public_datasets/OpenMMSecV2/AIGC/laion/086b7f31ebc74663bb6eac6ec27dc29c.jpg
-36.51716995239258,-31.523208618164062,0.0,AIGC,1,2,2,4,AIGC-Fake,/mnt/public/public_datasets/OpenMMSecV2/AIGC/GAN/StyleSANXL/a70d6bbe72cc4d109e7cf3abea748f94.jpg
69.34840393066406,0.41081830859184265,0.0,Doc,1,3,2,6,Document-Fake,/mnt/public/public_datasets/OpenMMSecV2/Doc/non_aigc/copy-move/imgs/fb40e3268d944956ac8241f6a4e8a198.jpg
-1.6797715425491333,3.085639715194702,0.0,AIGC,0,2,1,3,AIGC-Real,/mnt/public/public_datasets/OpenMMSecV2/AIGC/laion/cae9ccd9cb7949258173d36776b44176.jpg
49.863929748535156,-35.217403411865234,0.0,Doc,0,3,1,5,Document-Real,/mnt/public/public_datasets/OpenMMSecV2/Doc/Real/0568bf169c064f0fa222fdebd7a846cb.jpg
53.51874923706055,-9.217794418334961,0.0,Doc,1,3,2,6,Document-Fake,/mnt/public/public_datasets/OpenMMSecV2/Doc/non_aigc/generation/imgs/973d2256f3fd40d9910730a8a3d3e8e9.jpg
-48.379703521728516,-49.72473907470703,0.0,deepfake,0,1,1,1,Deepfake-Real,/mnt/public/public_datasets/OpenMMSecV2/Deepfake/Real/CelebDF-v2/2c0dc7795266412299540c6c20c2198f.png
69.57681274414062,-12.045047760009766,0.0,Doc,1,3,2,6,Document-Fake,/mnt/public/public_datasets/OpenMMSecV2/Doc/non_aigc/generation/imgs/9c7761f57ddd427093f9215af859c680.jpg
4.912111282348633,17.29603385925293,0.0,IMDL,1,4,2,8,IMDL-Fake,/mnt/public/public_datasets/OpenMMSecV2/IMDL/non_generative/manual_ps/imgs/9d0da58ab54d42f790fae2a84f6df44a.jpg
-0.17164091765880585,43.9661865234375,0.0,IMDL,1,4,2,8,IMDL-Fake,/mnt/public/public_datasets/OpenMMSecV2/IMDL/non_generative/manual_ps/imgs/4abf13d508f54de89d4c378a65771d9e.tif
-13.777183532714844,-23.77155113220215,0.0,AIGC,1,2,2,4,AIGC-Fake,/mnt/public/public_datasets/OpenMMSecV2/AIGC/other/online/imgs/7cd1361372fd473893b31b54a37ab2ec.jpg
-54.94272232055664,2.401432752609253,0.0,deepfake,0,1,1,1,Deepfake-Real,/mnt/public/public_datasets/OpenMMSecV2/Deepfake/Real/CelebDF-v2/451c8d3b412145aab1b75202e3071e88.png
70.3187026977539,-23.609580993652344,0.0,Doc,1,3,2,6,Document-Fake,/mnt/public/public_datasets/OpenMMSecV2/Doc/non_aigc/cpmv/imgs/58a2cbdcc3044aaba7b98a12b5da3a90.jpg
-41.74505615234375,-5.4530816078186035,0.0,deepfake,1,1,2,2,Deepfake-Fake,/mnt/public/public_datasets/OpenMMSecV2/Deepfake/Fake/FaceEditing/StarGANv2/551fba1b8d0246e49fbe44b1c531298f.jpg
-40.56759262084961,-28.553054809570312,0.0,deepfake,1,1,2,2,Deepfake-Fake,/mnt/public/public_datasets/OpenMMSecV2/Deepfake/Fake/FaceSwap/FaceShifter/c035bdaeb6334f2fae938ef361d1440a.png
-9.234685897827148,9.761663436889648,0.0,Doc,1,3,2,6,Document-Fake,/mnt/public/public_datasets/OpenMMSecV2/Doc/aigc/derend/imgs/50fcb875f65c4d4dbddfbf86690f1ce0.jpg
0.8468435406684875,18.98643684387207,0.0,AIGC,0,2,1,3,AIGC-Real,/mnt/public/public_datasets/OpenMMSecV2/AIGC/other/online/imgs/a6b78ec031924195825878148526f8b4.jpg
2.3605053424835205,42.98816680908203,0.0,IMDL,1,4,2,8,IMDL-Fake,/mnt/public/public_datasets/OpenMMSecV2/IMDL/generative/stable_diffusion/imgs/45c1c5fd4d0d42779b746ef096e35aee.png
-14.62407112121582,34.180694580078125,0.0,AIGC,0,2,1,3,AIGC-Real,/mnt/public/public_datasets/OpenMMSecV2/AIGC/pixel_diffusion/adm/imgs/bba2140bfa5d4d0681fe91e8452cebd2.JPEG
58.69209289550781,-35.46269226074219,0.0,AIGC,1,2,2,4,AIGC-Fake,/mnt/public/public_datasets/OpenMMSecV2/AIGC/latent_diffusion/systematic/09e50f8e52e3444f975f9ff90196e33d.jpg
16.435331344604492,-14.991068840026855,0.0,AIGC,0,2,1,3,AIGC-Real,/mnt/public/public_datasets/OpenMMSecV2/AIGC/laion/0416117d35644e09a1cdbbb37993e0b4.jpg
63.26130294799805,-0.574113130569458,0.0,Doc,1,3,2,6,Document-Fake,/mnt/public/public_datasets/OpenMMSecV2/Doc/non_aigc/cover/imgs/92912046f6d74607bb4dc694df2c6347.jpg
64.86922454833984,-30.76830291748047,0.0,Doc,0,3,1,5,Document-Real,/mnt/public/public_datasets/OpenMMSecV2/Doc/Real/cb0958ba0d774736bd9a3a671591a6b9.jpg
72.22612762451172,-9.783926963806152,0.0,Doc,1,3,2,6,Document-Fake,/mnt/public/public_datasets/OpenMMSecV2/Doc/non_aigc/generation/imgs/db97a60d82af4134b4be911640af3137.jpg
26.405712127685547,-14.145322799682617,0.0,AIGC,0,2,1,3,AIGC-Real,/mnt/public/public_datasets/OpenMMSecV2/AIGC/laion/0e55d6f528dc40478097e96b809e643e.jpg
27.68842315673828,28.74293327331543,0.0,IMDL,0,4,1,7,IMDL-Real,/mnt/public/public_datasets/OpenMMSecV2/IMDL/generative/flux_1/imgs/e203c6ef9c244a4d8df62b33302b6a16.png
-32.89317321777344,-31.761539459228516,0.0,AIGC,1,2,2,4,AIGC-Fake,/mnt/public/public_datasets/OpenMMSecV2/AIGC/GAN/ProGAN/bbc7db9f61264248bc6cf94b2a5fbd46.jpg
-65.3504409790039,11.20901107788086,0.0,deepfake,1,1,2,2,Deepfake-Fake,/mnt/public/public_datasets/OpenMMSecV2/Deepfake/Fake/EntireFaceSynthesis/StyleGAN2/8d71a10b456a4e81b9a1046e8c7c0069.png
-25.672574996948242,-41.53257369995117,0.0,deepfake,1,1,2,2,Deepfake-Fake,/mnt/public/public_datasets/OpenMMSecV2/Deepfake/Fake/FaceEditing/StarGAN/38d9e7cbf6ec4f65b4d08abbf6ce28f9.jpg
10.235332489013672,41.54895782470703,0.0,AIGC,1,2,2,4,AIGC-Fake,/mnt/public/public_datasets/OpenMMSecV2/AIGC/other/online/imgs/17d9c92d587e483fa68b8c8a8f68576a.jpg
-2.904092311859131,1.9000935554504395,0.0,IMDL,0,4,1,7,IMDL-Real,/mnt/public/public_datasets/OpenMMSecV2/IMDL/generative/coco/imgs/99ada2eae51c4c55af7ce273dbdfcc5b.jpg
14.157570838928223,43.85330581665039,0.0,IMDL,0,4,1,7,IMDL-Real,/mnt/public/public_datasets/OpenMMSecV2/IMDL/generative/coco/imgs/39957fccdef04e059f73d2a51c127a95.jpg
56.76408004760742,1.065935492515564,0.0,Doc,0,3,1,5,Document-Real,/mnt/public/public_datasets/OpenMMSecV2/Doc/Real/e035b5730ad54372be7f935b61e4a071.jpg
41.7744026184082,25.81083106994629,0.0,Doc,1,3,2,6,Document-Fake,/mnt/public/public_datasets/OpenMMSecV2/Doc/aigc/stefann/imgs/c5642972befc42aca5123549e14cb209.jpg
31.046432495117188,-4.081066608428955,0.0,AIGC,0,2,1,3,AIGC-Real,/mnt/public/public_datasets/OpenMMSecV2/AIGC/laion/c8002b919c8343b0990f37ffb445a99f.jpg
-3.772616147994995,12.380806922912598,0.0,IMDL,0,4,1,7,IMDL-Real,/mnt/public/public_datasets/OpenMMSecV2/IMDL/generative/coco/imgs/9ccfe5d8a3f341d9b40bfd55fbbdc312.jpg
-55.332035064697266,-9.800427436828613,0.0,deepfake,1,1,2,2,Deepfake-Fake,/mnt/public/public_datasets/OpenMMSecV2/Deepfake/Fake/EntireFaceSynthesis/DiT-XL/ebea820d18b54ffcaf1950081c8a299f.png
-40.30927658081055,-10.01380443572998,0.0,deepfake,0,1,1,1,Deepfake-Real,/mnt/public/public_datasets/OpenMMSecV2/Deepfake/Real/FFHQ/faba6f8d6dac4ad7932937c8eda6ee28.jpeg
18.49200439453125,35.61872863769531,0.0,IMDL,0,4,1,7,IMDL-Real,/mnt/public/public_datasets/OpenMMSecV2/IMDL/generative/stable_diffusion/imgs/b2cf6883aad64e69a7bd8be866b4fa9c.png
-27.53034782409668,40.43301773071289,0.0,IMDL,1,4,2,8,IMDL-Fake,/mnt/public/public_datasets/OpenMMSecV2/IMDL/generative/stable_diffusion/imgs/e2e5c5a9b7fe467fb273a25f8317ddb2.png
-14.424947738647461,33.208194732666016,0.0,IMDL,0,4,1,7,IMDL-Real,/mnt/public/public_datasets/OpenMMSecV2/IMDL/non_generative/manual_ps/imgs/ac8cf654b8254d42a96ee65e82ebdf31.jpg
65.37693786621094,-20.3356876373291,0.0,Doc,1,3,2,6,Document-Fake,/mnt/public/public_datasets/OpenMMSecV2/Doc/non_aigc/cover/imgs/c507f6da90ce4fee9404273e8601e431.jpg
-42.15363311767578,-40.86057662963867,0.0,deepfake,0,1,1,1,Deepfake-Real,/mnt/public/public_datasets/OpenMMSecV2/Deepfake/Real/CelebDF-v2/5a8d4b12a3a945979cf116f98a443fe0.png
70.87606811523438,-13.736650466918945,0.0,Doc,1,3,2,6,Document-Fake,/mnt/public/public_datasets/OpenMMSecV2/Doc/non_aigc/copy-move/imgs/58b4c9bfbd5d44d89c0ba13f34f6a447.jpg
24.890644073486328,9.8585205078125,0.0,AIGC,0,2,1,3,AIGC-Real,/mnt/public/public_datasets/OpenMMSecV2/AIGC/laion/e2832ce50bbb40e38582e24f6e51e3e6.jpg
73.3828125,-13.42504596710205,0.0,Doc,1,3,2,6,Document-Fake,/mnt/public/public_datasets/OpenMMSecV2/Doc/non_aigc/copy-move/imgs/0485aec3cedd4083a6b5daafa04dfc49.jpg
48.74029541015625,-1.3291137218475342,0.0,IMDL,0,4,1,7,IMDL-Real,/mnt/public/public_datasets/OpenMMSecV2/IMDL/generative/flux_1/imgs/e31126056ed246deadd10d34c55938d7.png
62.722625732421875,1.3289170265197754,0.0,Doc,1,3,2,6,Document-Fake,/mnt/public/public_datasets/OpenMMSecV2/Doc/non_aigc/copy-move/imgs/5947a1edf1c24e1f9063d80ff94f867e.jpg
62.804439544677734,5.281541347503662,0.0,Doc,1,3,2,6,Document-Fake,/mnt/public/public_datasets/OpenMMSecV2/Doc/non_aigc/generation/imgs/6d31d95640864a26bb647f764e312c36.jpg
-33.58706283569336,-29.56250762939453,0.0,AIGC,1,2,2,4,AIGC-Fake,/mnt/public/public_datasets/OpenMMSecV2/AIGC/GAN/StyleSANXL/171983100c2a43fb9d2814af62a2c042.jpg
-14.066625595092773,-16.7663631439209,0.0,IMDL,1,4,2,8,IMDL-Fake,/mnt/public/public_datasets/OpenMMSecV2/IMDL/generative/flux_1/imgs/8550983452a14a22b0e8f1c7c6f58ba1.png
52.483089447021484,-7.0143723487854,0.0,Doc,1,3,2,6,Document-Fake,/mnt/public/public_datasets/OpenMMSecV2/Doc/non_aigc/generation/imgs/324934ec4d4a459c92cc22467f46b2fa.jpg
-4.0472412109375,-18.62213134765625,0.0,AIGC,0,2,1,3,AIGC-Real,/mnt/public/public_datasets/OpenMMSecV2/AIGC/GAN/BigGAN/imgs/850a95250d164299881d5f1847645c32.JPEG
71.77791595458984,-8.6716890335083,0.0,Doc,1,3,2,6,Document-Fake,/mnt/public/public_datasets/OpenMMSecV2/Doc/non_aigc/generation/imgs/5ca7b63ebabe4cd1920cb528e1ac1059.jpg
-38.27936935424805,-28.7659912109375,0.0,deepfake,0,1,1,1,Deepfake-Real,/mnt/public/public_datasets/OpenMMSecV2/Deepfake/Real/FF++/7e4e93e75919469fb7cb9f48e23496eb.png
-10.978678703308105,-8.087532043457031,0.0,AIGC,1,2,2,4,AIGC-Fake,/mnt/public/public_datasets/OpenMMSecV2/AIGC/other/online/imgs/4f38201429b64acbb7e72e3a0de5b3f2.jpg
48.58781051635742,-8.935293197631836,0.0,AIGC,0,2,1,3,AIGC-Real,/mnt/public/public_datasets/OpenMMSecV2/AIGC/laion/42de318810424063870d60e53d1757f0.jpg
-6.549285888671875,-11.923995971679688,0.0,IMDL,0,4,1,7,IMDL-Real,/mnt/public/public_datasets/OpenMMSecV2/IMDL/generative/stable_diffusion/imgs/b09a5f7a0b1641c5977b54a53680c2ac.png
-20.521116256713867,-16.609453201293945,0.0,Doc,0,3,1,5,Document-Real,/mnt/public/public_datasets/OpenMMSecV2/Doc/Real/404187a2ae2243b593524d5dd33d68a9.jpg
-12.079022407531738,-8.48832893371582,0.0,AIGC,1,2,2,4,AIGC-Fake,/mnt/public/public_datasets/OpenMMSecV2/AIGC/other/online/imgs/650bdeced4f94e3fa843046b1b5e4175.jpg
16.923927307128906,-13.955907821655273,0.0,AIGC,0,2,1,3,AIGC-Real,/mnt/public/public_datasets/OpenMMSecV2/AIGC/laion/ac60de338a0b460d8c1aa2639b945a47.jpg
0.6350024938583374,40.40309143066406,0.0,IMDL,1,4,2,8,IMDL-Fake,/mnt/public/public_datasets/OpenMMSecV2/IMDL/non_generative/manual_ps/imgs/2422966c5d184f32859f928d79123ea3.jpg
66.51181030273438,-24.872699737548828,0.0,Doc,1,3,2,6,Document-Fake,/mnt/public/public_datasets/OpenMMSecV2/Doc/non_aigc/cpmv/imgs/7e9f6d49e7ec4b5f9a5606d6efa90308.jpg
39.19417190551758,33.2447624206543,0.0,Doc,0,3,1,5,Document-Real,/mnt/public/public_datasets/OpenMMSecV2/Doc/aigc/derend/imgs/397083a7b8ca4ea6837bb0c51efd8571.jpg
-66.2591781616211,11.048648834228516,0.0,deepfake,0,1,1,1,Deepfake-Real,/mnt/public/public_datasets/OpenMMSecV2/Deepfake/Real/UADFV/2a75a0548ee849e79db2c293cdfa333f.png
12.151636123657227,31.00339126586914,0.0,IMDL,1,4,2,8,IMDL-Fake,/mnt/public/public_datasets/OpenMMSecV2/IMDL/non_generative/manual_ps/imgs/e3061956d30d4ac3a147e8968089d5a9.jpg
-33.3212890625,-35.680545806884766,0.0,deepfake,0,1,1,1,Deepfake-Real,/mnt/public/public_datasets/OpenMMSecV2/Deepfake/Real/CelebDF-v2/d4fda6bbc68346bca8175a74925342a1.png
53.87394332885742,-20.452558517456055,0.0,Doc,1,3,2,6,Document-Fake,/mnt/public/public_datasets/OpenMMSecV2/Doc/non_aigc/cpmv/imgs/8903c3131c314bea9bd901969affd91f.jpg
-9.638043403625488,26.340248107910156,0.0,AIGC,1,2,2,4,AIGC-Fake,/mnt/public/public_datasets/OpenMMSecV2/AIGC/latent_diffusion/systematic/ae3ac19e959142b4b92ccb341cdffffc.jpg
-47.680076599121094,-25.80792808532715,0.0,deepfake,0,1,1,1,Deepfake-Real,/mnt/public/public_datasets/OpenMMSecV2/Deepfake/Real/CelebDF-v2/863e2e5a4c184f3abd9ef18d74d6e173.png
4.3808274269104,40.450931549072266,0.0,IMDL,0,4,1,7,IMDL-Real,/mnt/public/public_datasets/OpenMMSecV2/IMDL/generative/stable_diffusion/imgs/bc322d32a2964caf942af1cd0aa1362e.png
-11.135601043701172,1.1688268184661865,0.0,IMDL,1,4,2,8,IMDL-Fake,/mnt/public/public_datasets/OpenMMSecV2/IMDL/generative/stable_diffusion/imgs/b91cd3a3e6af4c39afc3e9fb1a0ec72b.tiff
-45.79801559448242,-47.32473373413086,0.0,deepfake,1,1,2,2,Deepfake-Fake,/mnt/public/public_datasets/OpenMMSecV2/Deepfake/Fake/FaceSwap/FSGAN/50c0c4b676604795be65705eea6c078a.png
4.755813121795654,11.888419151306152,0.0,AIGC,1,2,2,4,AIGC-Fake,/mnt/public/public_datasets/OpenMMSecV2/AIGC/GAN/GigaGAN/695b25ccd1d64a089506e81a6c849318.jpg
-27.02738380432129,10.25800609588623,0.0,Doc,0,3,1,5,Document-Real,/mnt/public/public_datasets/OpenMMSecV2/Doc/Real/208e5bc6b61345a1a5db5e395917da73.jpg
-42.970157623291016,-28.622638702392578,0.0,deepfake,0,1,1,1,Deepfake-Real,/mnt/public/public_datasets/OpenMMSecV2/Deepfake/Real/FF++/23b57e89648b4554850a9fa126289743.png
48.91474533081055,-40.62376022338867,0.0,Doc,0,3,1,5,Document-Real,/mnt/public/public_datasets/OpenMMSecV2/Doc/Real/91a4ce40acd840eaadcee783d2137eed.jpg
-3.1455769538879395,48.181678771972656,0.0,IMDL,1,4,2,8,IMDL-Fake,/mnt/public/public_datasets/OpenMMSecV2/IMDL/non_generative/manual_ps/imgs/a4d3ef8b8f424724af15769e4732ff73.jpg
-0.005519995465874672,-5.8629255294799805,0.0,Doc,1,3,2,6,Document-Fake,/mnt/public/public_datasets/OpenMMSecV2/Doc/aigc/textocr/imgs/b257ab46c2d64236b147b03cbcf6b01a.jpg
-41.40440368652344,-31.152484893798828,0.0,deepfake,0,1,1,1,Deepfake-Real,/mnt/public/public_datasets/OpenMMSecV2/Deepfake/Real/FF++/dbd9297624cf4eb1b842cd25eb6b08d5.png
-53.20336151123047,-16.67316436767578,0.0,deepfake,0,1,1,1,Deepfake-Real,/mnt/public/public_datasets/OpenMMSecV2/Deepfake/Real/DFD/068c33d7fafa44179c870a9c41055c6f.png
-76.0292739868164,9.890254974365234,0.0,deepfake,0,1,1,1,Deepfake-Real,/mnt/public/public_datasets/OpenMMSecV2/Deepfake/Real/UADFV/cb6abb4d8d0346ac9bffb13275d699c7.png
0.6693922877311707,9.62353515625,0.0,IMDL,1,4,2,8,IMDL-Fake,/mnt/public/public_datasets/OpenMMSecV2/IMDL/non_generative/manual_ps/imgs/7158a7fd89b1423ba29775b03c4fac38.jpg
-2.6773126125335693,15.846539497375488,0.0,AIGC,1,2,2,4,AIGC-Fake,/mnt/public/public_datasets/OpenMMSecV2/AIGC/GAN/styleGANs/5e9f45fb578c48a3a134861c1b506887.jpg
8.175057411193848,17.193588256835938,0.0,AIGC,1,2,2,4,AIGC-Fake,/mnt/public/public_datasets/OpenMMSecV2/AIGC/GAN/BigGAN/cdda310f5c814cd286302061c6b8c2ba.jpg
-67.8675537109375,-3.583069324493408,0.0,deepfake,0,1,1,1,Deepfake-Real,/mnt/public/public_datasets/OpenMMSecV2/Deepfake/Real/FF++/bf5a016e96bd42c9b8ec6496f3233e80.png
29.72913360595703,9.694649696350098,0.0,Doc,0,3,1,5,Document-Real,/mnt/public/public_datasets/OpenMMSecV2/Doc/Real/14080e9a4bd04c37b5bb5054b2f373b3.jpg
15.972747802734375,-12.846532821655273,0.0,AIGC,0,2,1,3,AIGC-Real,/mnt/public/public_datasets/OpenMMSecV2/AIGC/laion/cb8d442f315d4e9b8f8ba0abfa2b180d.jpg
-26.510984420776367,-30.450942993164062,0.0,deepfake,1,1,2,2,Deepfake-Fake,/mnt/public/public_datasets/OpenMMSecV2/Deepfake/Fake/FaceEditing/StarGAN/b1afd0ece9444093bd09398e27aec302.jpg
4.115255355834961,43.16739273071289,0.0,IMDL,0,4,1,7,IMDL-Real,/mnt/public/public_datasets/OpenMMSecV2/IMDL/non_generative/manual_ps/imgs/30307de99e1b41e79c5220374938c887.jpg
40.38902282714844,29.936824798583984,0.0,Doc,0,3,1,5,Document-Real,/mnt/public/public_datasets/OpenMMSecV2/Doc/Real/5932d42c15ff401faf7164524f1560a7.jpg
15.929055213928223,17.8137264251709,0.0,AIGC,1,2,2,4,AIGC-Fake,/mnt/public/public_datasets/OpenMMSecV2/AIGC/latent_diffusion/systematic/b381051ea0d04d78bd69d231b9b27548.jpg
6.191813945770264,-21.748939514160156,0.0,AIGC,0,2,1,3,AIGC-Real,/mnt/public/public_datasets/OpenMMSecV2/AIGC/laion/05dea69232d343c3b2198497e514c56c.jpg
62.214576721191406,0.17656388878822327,0.0,Doc,0,3,1,5,Document-Real,/mnt/public/public_datasets/OpenMMSecV2/Doc/Real/8dbf46f196bb4beea83b3a455e8ce949.jpg
39.684967041015625,32.518798828125,0.0,Doc,1,3,2,6,Document-Fake,/mnt/public/public_datasets/OpenMMSecV2/Doc/aigc/textdiff/imgs/526003f602fc4780baa2d3d5e5789e24.jpg
-16.285173416137695,36.98379135131836,0.0,IMDL,0,4,1,7,IMDL-Real,/mnt/public/public_datasets/OpenMMSecV2/IMDL/generative/stable_diffusion/imgs/ecf04c39ca894908a2e89b70bf6d8db2.png
73.77922058105469,-10.42275619506836,0.0,Doc,1,3,2,6,Document-Fake,/mnt/public/public_datasets/OpenMMSecV2/Doc/non_aigc/generation/imgs/d1f84e900c684d37ac21d76cc893cb27.jpg
13.425291061401367,24.005634307861328,0.0,IMDL,0,4,1,7,IMDL-Real,/mnt/public/public_datasets/OpenMMSecV2/IMDL/generative/coco/imgs/b8cd6507da41400baf7c34595cef4191.jpg
-43.48518371582031,-43.239627838134766,0.0,deepfake,1,1,2,2,Deepfake-Fake,/mnt/public/public_datasets/OpenMMSecV2/Deepfake/Fake/EntireFaceSynthesis/StyleGAN2/e88bb40ece5c4c78a92f67a91ae179b5.png
-8.397674560546875,32.414093017578125,0.0,IMDL,0,4,1,7,IMDL-Real,/mnt/public/public_datasets/OpenMMSecV2/IMDL/generative/stable_diffusion/imgs/6ab258e2280d40f98dc941409ba58f7a.png
-55.793128967285156,11.597224235534668,0.0,deepfake,1,1,2,2,Deepfake-Fake,/mnt/public/public_datasets/OpenMMSecV2/Deepfake/Fake/EntireFaceSynthesis/SiT-XL/936ad946f13d4dd4a4ebbb786f195d9b.png
-43.2491340637207,-47.540287017822266,0.0,deepfake,0,1,1,1,Deepfake-Real,/mnt/public/public_datasets/OpenMMSecV2/Deepfake/Real/CelebDF-v2/60240697823a499cb7dc85279a3a94d0.png
16.577213287353516,31.985950469970703,0.0,Doc,0,3,1,5,Document-Real,/mnt/public/public_datasets/OpenMMSecV2/Doc/Real/ed51f645b2114153a5b69bfcec0d9a62.jpg
26.827138900756836,-16.990314483642578,0.0,Doc,1,3,2,6,Document-Fake,/mnt/public/public_datasets/OpenMMSecV2/Doc/aigc/textocr/imgs/ce69d62999ff4383a32deb8c1c0fc5ca.jpg
25.10872459411621,28.98447608947754,0.0,Doc,0,3,1,5,Document-Real,/mnt/public/public_datasets/OpenMMSecV2/Doc/Real/bbbf158a16224572b76417c14f92c1a3.jpg
-9.446247100830078,-11.353937149047852,0.0,AIGC,0,2,1,3,AIGC-Real,/mnt/public/public_datasets/OpenMMSecV2/AIGC/laion/64e07a0a275d4ff5b3e2636055aa0bb2.jpg
48.91627883911133,-34.385379791259766,0.0,Doc,0,3,1,5,Document-Real,/mnt/public/public_datasets/OpenMMSecV2/Doc/Real/2638eb4855234f2b987aa46f908efb3d.jpg
-60.16765213012695,5.077237129211426,0.0,deepfake,0,1,1,1,Deepfake-Real,/mnt/public/public_datasets/OpenMMSecV2/Deepfake/Real/FF++/864e1751d8e84505861dbc1f22baa657.png
15.931153297424316,16.562475204467773,0.0,AIGC,1,2,2,4,AIGC-Fake,/mnt/public/public_datasets/OpenMMSecV2/AIGC/commercial/dalle/a2fc3babada0418c9225b04b5a81defb.jpg
69.10918426513672,-13.136631965637207,0.0,Doc,1,3,2,6,Document-Fake,/mnt/public/public_datasets/OpenMMSecV2/Doc/non_aigc/copy-move/imgs/fd796be04dcb4dd3a7b0f33277820223.jpg
-27.73775863647461,-37.77402114868164,0.0,AIGC,1,2,2,4,AIGC-Fake,/mnt/public/public_datasets/OpenMMSecV2/AIGC/autoregressive_model/tamingtransformers/a90e093141e64877a4e639a4d7bc8163.jpg
67.52896118164062,1.6214063167572021,0.0,Doc,1,3,2,6,Document-Fake,/mnt/public/public_datasets/OpenMMSecV2/Doc/non_aigc/copy-move/imgs/82cf24f3201749a394c7788af7c0eb14.jpg
7.947541236877441,-1.9968445301055908,0.0,IMDL,1,4,2,8,IMDL-Fake,/mnt/public/public_datasets/OpenMMSecV2/IMDL/generative/gan_mat/imgs/24d5511e60d8486196d863003a6d315f.jpg
-53.49519729614258,-6.1698689460754395,0.0,deepfake,1,1,2,2,Deepfake-Fake,/mnt/public/public_datasets/OpenMMSecV2/Deepfake/Fake/FaceSwap/FSGAN/af9db2d1b6af4be9b3f431f79c9d5761.png
66.66739654541016,5.106381416320801,0.0,Doc,1,3,2,6,Document-Fake,/mnt/public/public_datasets/OpenMMSecV2/Doc/non_aigc/copy-move/imgs/69a82df1f5ff43a3930323a5a1bad355.jpg
-10.493609428405762,-11.202073097229004,0.0,AIGC,0,2,1,3,AIGC-Real,/mnt/public/public_datasets/OpenMMSecV2/AIGC/laion/280238b6e9e44e438fae14d61361c13e.jpg
-15.597989082336426,-27.679283142089844,0.0,IMDL,1,4,2,8,IMDL-Fake,/mnt/public/public_datasets/OpenMMSecV2/IMDL/non_generative/manual_ps/imgs/276eab40a8094caa8b2bf8493792e19e.jpg
-17.723575592041016,6.247519493103027,0.0,IMDL,0,4,1,7,IMDL-Real,/mnt/public/public_datasets/OpenMMSecV2/IMDL/generative/stable_diffusion/imgs/9f9ffe68d9554e5f9be2584900c98213.png
36.425689697265625,16.802759170532227,0.0,Doc,0,3,1,5,Document-Real,/mnt/public/public_datasets/OpenMMSecV2/Doc/aigc/stefann/imgs/986d2a4430874515805bd83e909ac954.jpg
21.25345802307129,-8.885295867919922,0.0,AIGC,1,2,2,4,AIGC-Fake,/mnt/public/public_datasets/OpenMMSecV2/AIGC/pixel_diffusion/glide/b6d2ee15b0de4c98a5f515ad9a57c0bc.jpg
41.87578582763672,23.499553680419922,0.0,Doc,0,3,1,5,Document-Real,/mnt/public/public_datasets/OpenMMSecV2/Doc/Real/17ddc59005104deaba80bc915d0cbcf5.jpg
15.551376342773438,28.779184341430664,0.0,AIGC,0,2,1,3,AIGC-Real,/mnt/public/public_datasets/OpenMMSecV2/AIGC/laion/2c41fe6b1d5d47819d761a0c298fd4bf.jpg
19.642568588256836,16.38141441345215,0.0,AIGC,1,2,2,4,AIGC-Fake,/mnt/public/public_datasets/OpenMMSecV2/AIGC/latent_diffusion/systematic/6195c74713284d5d9577aa0c396fad68.jpg
-74.30223846435547,6.159567832946777,0.0,deepfake,0,1,1,1,Deepfake-Real,/mnt/public/public_datasets/OpenMMSecV2/Deepfake/Real/FF++/e72ec4568d0143908c1751f8a5b0b8ce.png
5.033023834228516,19.5356502532959,0.0,AIGC,1,2,2,4,AIGC-Fake,/mnt/public/public_datasets/OpenMMSecV2/AIGC/pixel_diffusion/guided_diffusion/4492bf922d7c4d329058474e8d92c633.jpg
23.95597267150879,23.156299591064453,0.0,Doc,1,3,2,6,Document-Fake,/mnt/public/public_datasets/OpenMMSecV2/Doc/aigc/textdiff/imgs/5deb3f91c3804e8eb8041d25f100ecfc.jpg
-0.2959373891353607,25.08355712890625,0.0,AIGC,0,2,1,3,AIGC-Real,/mnt/public/public_datasets/OpenMMSecV2/AIGC/GAN/BigGAN/imgs/b70a4c8cc84d4902a7c7ad58fd8c33f0.JPEG
-47.492393493652344,-5.394863128662109,0.0,deepfake,1,1,2,2,Deepfake-Fake,/mnt/public/public_datasets/OpenMMSecV2/Deepfake/Fake/FaceEditing/e4e/1c8032448c1b482db9b6018ef21f5120.jpg
-51.710906982421875,-9.57716178894043,0.0,deepfake,0,1,1,1,Deepfake-Real,/mnt/public/public_datasets/OpenMMSecV2/Deepfake/Real/CelebDF-v2/d4375295ff624ffb949a7a5e5eda1e8b.png
-57.429141998291016,9.512717247009277,0.0,deepfake,1,1,2,2,Deepfake-Fake,/mnt/public/public_datasets/OpenMMSecV2/Deepfake/Fake/FaceSwap/UniFace/7a3e5733ff724bbcb4c344607370bc01.png
-53.44420623779297,-6.52610445022583,0.0,deepfake,1,1,2,2,Deepfake-Fake,/mnt/public/public_datasets/OpenMMSecV2/Deepfake/Fake/FaceReenactment/FS_vid2vid/45da03461490428b8a141ff3a322020e.png
-38.97610855102539,-2.3071396350860596,0.0,deepfake,1,1,2,2,Deepfake-Fake,/mnt/public/public_datasets/OpenMMSecV2/Deepfake/Fake/FaceEditing/e4e/1b6fd6ef36ad49dbacabdaef3b282c1e.jpg
-43.645179748535156,-5.6102728843688965,0.0,deepfake,1,1,2,2,Deepfake-Fake,/mnt/public/public_datasets/OpenMMSecV2/Deepfake/Fake/FaceEditing/StarGANv2/de80d2497f6c4826b37973b5210552a3.jpg
-41.94600296020508,-39.916419982910156,0.0,deepfake,1,1,2,2,Deepfake-Fake,/mnt/public/public_datasets/OpenMMSecV2/Deepfake/Fake/FaceSwap/e4s/3295aca0ebe14c80be609b17c38dc031.png
-52.3543586730957,6.149035453796387,0.0,deepfake,1,1,2,2,Deepfake-Fake,/mnt/public/public_datasets/OpenMMSecV2/Deepfake/Fake/FaceSwap/e4s/7112148c3813465895bba7bef3103f04.png
14.16396427154541,23.195932388305664,0.0,AIGC,1,2,2,4,AIGC-Fake,/mnt/public/public_datasets/OpenMMSecV2/AIGC/commercial/ideogram/71f68c01379a4228957be87196be222b.jpg
-41.22526550292969,-7.894756317138672,0.0,deepfake,1,1,2,2,Deepfake-Fake,/mnt/public/public_datasets/OpenMMSecV2/Deepfake/Fake/FaceEditing/StarGAN/05865420ebdd4d86b891f4bd5ebb1177.jpg
-43.7059211730957,-43.686283111572266,0.0,deepfake,1,1,2,2,Deepfake-Fake,/mnt/public/public_datasets/OpenMMSecV2/Deepfake/Fake/EntireFaceSynthesis/StyleGAN2/f16c9445f25940a0b26b9224391ff103.png
1.5888479948043823,18.292293548583984,0.0,IMDL,1,4,2,8,IMDL-Fake,/mnt/public/public_datasets/OpenMMSecV2/IMDL/non_generative/manual_ps/imgs/57fffcbbec8948139901691f3b11f6e6.jpg
-50.327392578125,-46.26504135131836,0.0,deepfake,0,1,1,1,Deepfake-Real,/mnt/public/public_datasets/OpenMMSecV2/Deepfake/Real/FF++/ec507185c29d4385b6e4646208f0c288.png
-59.429203033447266,12.83365249633789,0.0,deepfake,1,1,2,2,Deepfake-Fake,/mnt/public/public_datasets/OpenMMSecV2/Deepfake/Fake/FaceReenactment/MRAA/ec4e3f6d85d14199850305b3f9d1ec9c.png
60.29450607299805,-21.71209144592285,0.0,IMDL,0,4,1,7,IMDL-Real,/mnt/public/public_datasets/OpenMMSecV2/IMDL/generative/stable_diffusion/imgs/b231775c13d44de1a98046bc8b8be405.png
-19.22595977783203,9.337207794189453,0.0,IMDL,1,4,2,8,IMDL-Fake,/mnt/public/public_datasets/OpenMMSecV2/IMDL/non_generative/manual_ps/imgs/8a8b82322936497784b99ec689ff4ea0.jpg
-2.601168394088745,23.431203842163086,0.0,IMDL,0,4,1,7,IMDL-Real,/mnt/public/public_datasets/OpenMMSecV2/IMDL/generative/coco/imgs/4fccc9cfb789477dab306ee3643af4d9.jpg
51.27512741088867,-28.56709098815918,0.0,Doc,1,3,2,6,Document-Fake,/mnt/public/public_datasets/OpenMMSecV2/Doc/non_aigc/generation/imgs/2b4163093774465a9163c086db44ba18.jpg
-29.703527450561523,-31.382535934448242,0.0,AIGC,1,2,2,4,AIGC-Fake,/mnt/public/public_datasets/OpenMMSecV2/AIGC/GAN/ProGAN/5602dbe6c2a440d69ea7c06b7eceb63b.jpg
-1.609659194946289,16.725893020629883,0.0,IMDL,0,4,1,7,IMDL-Real,/mnt/public/public_datasets/OpenMMSecV2/IMDL/generative/flux_1/imgs/3a172e91d0334b8dad626b5c77318385.png
-15.386017799377441,53.21041488647461,0.0,IMDL,0,4,1,7,IMDL-Real,/mnt/public/public_datasets/OpenMMSecV2/IMDL/generative/coco/imgs/c0ac0388a1a54214b325ddd19294e55e.jpg
5.362177848815918,31.73343849182129,0.0,AIGC,1,2,2,4,AIGC-Fake,/mnt/public/public_datasets/OpenMMSecV2/AIGC/pixel_diffusion/guided_diffusion/0721f925c5c149908e62f08801b4a79d.jpg
-11.309929847717285,29.616744995117188,0.0,IMDL,0,4,1,7,IMDL-Real,/mnt/public/public_datasets/OpenMMSecV2/IMDL/non_generative/manual_ps/imgs/7eb19e5d71b5458e8d0f51d72b8eeae7.jpg
-73.58860778808594,4.196603775024414,0.0,deepfake,0,1,1,1,Deepfake-Real,/mnt/public/public_datasets/OpenMMSecV2/Deepfake/Real/CelebDF-v2/545690271d814c059b00b40da8e3ff5b.png
10.43262004852295,-1.166569471359253,0.0,IMDL,0,4,1,7,IMDL-Real,/mnt/public/public_datasets/OpenMMSecV2/IMDL/generative/flux_1/imgs/d466978c7b8e4c5fb778e2e4522a7349.png
-9.744455337524414,-7.27974271774292,0.0,AIGC,1,2,2,4,AIGC-Fake,/mnt/public/public_datasets/OpenMMSecV2/AIGC/other/online/imgs/fde4a0de22e4455ebad84fc3952ba7bf.jpg
-40.32394027709961,-29.32600975036621,0.0,deepfake,0,1,1,1,Deepfake-Real,/mnt/public/public_datasets/OpenMMSecV2/Deepfake/Real/FF++/c77f8c48efc04b5cae344bf4b4859695.png
27.16219139099121,-9.29040813446045,0.0,AIGC,0,2,1,3,AIGC-Real,/mnt/public/public_datasets/OpenMMSecV2/AIGC/laion/6f421025280a4d7fa8e6e7b380a387d7.jpg
-27.369314193725586,-34.33592987060547,0.0,deepfake,1,1,2,2,Deepfake-Fake,/mnt/public/public_datasets/OpenMMSecV2/Deepfake/Fake/FaceEditing/StarGANv2/a432db91da674b2e9b2f47e74daa7395.jpg
42.559085845947266,26.451568603515625,0.0,Doc,0,3,1,5,Document-Real,/mnt/public/public_datasets/OpenMMSecV2/Doc/aigc/derend/imgs/914c84a50809409e9d8a4118e0e656d3.jpg
61.12197494506836,-5.559121608734131,0.0,Doc,0,3,1,5,Document-Real,/mnt/public/public_datasets/OpenMMSecV2/Doc/Real/67beea34ac054c938789e33d05dd67ba.jpg
36.51815414428711,26.701887130737305,0.0,Doc,1,3,2,6,Document-Fake,/mnt/public/public_datasets/OpenMMSecV2/Doc/aigc/textdiff/imgs/75e4ce0f805341b0a866e2159a4fe8f3.jpg
63.51008987426758,-27.343786239624023,0.0,Doc,0,3,1,5,Document-Real,/mnt/public/public_datasets/OpenMMSecV2/Doc/Real/1f95f481884749f5a9c2fd663a4df9f6.jpg
-48.59187316894531,-49.59861373901367,0.0,deepfake,0,1,1,1,Deepfake-Real,/mnt/public/public_datasets/OpenMMSecV2/Deepfake/Real/CelebDF-v2/47a499a1a44c41a1bd14b5cb2998fbbc.png
-2.0891342163085938,30.8350772857666,0.0,IMDL,0,4,1,7,IMDL-Real,/mnt/public/public_datasets/OpenMMSecV2/IMDL/non_generative/manual_ps/imgs/d0a2e5005448479388109fca79661791.jpg
61.778133392333984,-4.890314102172852,0.0,Doc,0,3,1,5,Document-Real,/mnt/public/public_datasets/OpenMMSecV2/Doc/Real/514378c3ac094bce9f5e5361e9579349.jpg
36.289615631103516,25.821504592895508,0.0,Doc,0,3,1,5,Document-Real,/mnt/public/public_datasets/OpenMMSecV2/Doc/Real/9937aed66d2c47d19105f4a9d06460f4.jpg
43.67875671386719,-34.05507278442383,0.0,AIGC,1,2,2,4,AIGC-Fake,/mnt/public/public_datasets/OpenMMSecV2/AIGC/latent_diffusion/systematic/8e328d5637404141a9d3b27a886067e0.jpg
-15.59555435180664,52.508052825927734,0.0,IMDL,0,4,1,7,IMDL-Real,/mnt/public/public_datasets/OpenMMSecV2/IMDL/generative/stable_diffusion/imgs/ef000abb637e4a6fbac5ba3cce2c8a64.png
-36.91932678222656,-15.061572074890137,0.0,AIGC,1,2,2,4,AIGC-Fake,/mnt/public/public_datasets/OpenMMSecV2/AIGC/GAN/styleGANs/69f690134b27419ea3450240f1cb1663.jpg
-22.59138298034668,2.444812774658203,0.0,IMDL,0,4,1,7,IMDL-Real,/mnt/public/public_datasets/OpenMMSecV2/IMDL/generative/stable_diffusion/imgs/3b3dc8e4b484430d8566d314c5c4d923.png
23.9815616607666,40.73770523071289,0.0,IMDL,0,4,1,7,IMDL-Real,/mnt/public/public_datasets/OpenMMSecV2/IMDL/generative/flux_1/imgs/6a6e7afb3bbc4848b92054571429599d.png
21.25371742248535,25.606969833374023,0.0,IMDL,0,4,1,7,IMDL-Real,/mnt/public/public_datasets/OpenMMSecV2/IMDL/generative/flux_1/imgs/ddc1d56197d140c489e3f8f7533a30af.png
-11.925764083862305,-19.06936264038086,0.0,AIGC,0,2,1,3,AIGC-Real,/mnt/public/public_datasets/OpenMMSecV2/AIGC/pixel_diffusion/adm/imgs/8f97384e747849fe93cb1c1816dba824.JPEG
69.82772064208984,-12.574396133422852,0.0,Doc,1,3,2,6,Document-Fake,/mnt/public/public_datasets/OpenMMSecV2/Doc/non_aigc/generation/imgs/e055c9d9b6ee435eae2c3a8826fa108d.jpg
5.9770426750183105,44.513214111328125,0.0,AIGC,1,2,2,4,AIGC-Fake,/mnt/public/public_datasets/OpenMMSecV2/AIGC/pixel_diffusion/adm/imgs/3d43c069b9d64659950695e669855222.PNG
-46.313453674316406,-5.293406009674072,0.0,deepfake,1,1,2,2,Deepfake-Fake,/mnt/public/public_datasets/OpenMMSecV2/Deepfake/Fake/EntireFaceSynthesis/WhichisReal/4c63efc255d84a2a90f0d87b261bc987.png
22.251638412475586,25.19824981689453,0.0,IMDL,1,4,2,8,IMDL-Fake,/mnt/public/public_datasets/OpenMMSecV2/IMDL/generative/stable_diffusion/imgs/2aedf53ea8124b389f35a9d79ff07462.png
-62.35436248779297,9.603681564331055,0.0,deepfake,1,1,2,2,Deepfake-Fake,/mnt/public/public_datasets/OpenMMSecV2/Deepfake/Fake/FaceSwap/BlendFace/52fb39146e0247a896e1bb4a1d0f972e.png
8.18616008758545,-6.82379674911499,0.0,AIGC,0,2,1,3,AIGC-Real,/mnt/public/public_datasets/OpenMMSecV2/AIGC/laion/80f7a9383961452cb8e3efbdaed57e98.jpg
-40.931602478027344,-7.091792583465576,0.0,deepfake,1,1,2,2,Deepfake-Fake,/mnt/public/public_datasets/OpenMMSecV2/Deepfake/Fake/FaceEditing/StarGANv2/695cce63408d4b86ad253a43689b49f7.jpg
27.923568725585938,-14.156000137329102,0.0,AIGC,0,2,1,3,AIGC-Real,/mnt/public/public_datasets/OpenMMSecV2/AIGC/laion/c304ec50949842ffbedf8924e5b5cd2e.jpg
-71.13984680175781,7.386935234069824,0.0,deepfake,0,1,1,1,Deepfake-Real,/mnt/public/public_datasets/OpenMMSecV2/Deepfake/Real/FF++/1f8c7a3a756d4762be93539651edcfce.png
-31.57391357421875,-17.741308212280273,0.0,deepfake,0,1,1,1,Deepfake-Real,/mnt/public/public_datasets/OpenMMSecV2/Deepfake/Real/FFHQ/32544f7d9b824e16ad40c59ac2e75278.jpeg
68.8225326538086,-23.15571403503418,0.0,Doc,0,3,1,5,Document-Real,/mnt/public/public_datasets/OpenMMSecV2/Doc/Real/8bfb58479c874c129f60078d6ad527f2.jpg
-0.5764749646186829,9.532018661499023,0.0,AIGC,1,2,2,4,AIGC-Fake,/mnt/public/public_datasets/OpenMMSecV2/AIGC/pixel_diffusion/adm/imgs/0eb1814e3d36451c89243adff62aed75.PNG
8.70071792602539,44.16929626464844,0.0,AIGC,0,2,1,3,AIGC-Real,/mnt/public/public_datasets/OpenMMSecV2/AIGC/other/online/imgs/fde146e9326f423e89e6dd91f0fef0ea.jpg
16.71046257019043,19.986452102661133,0.0,IMDL,1,4,2,8,IMDL-Fake,/mnt/public/public_datasets/OpenMMSecV2/IMDL/non_generative/manual_ps/imgs/0d0b22d16ea341519e4b6d501e02d074.jpg
22.643985748291016,23.361467361450195,0.0,AIGC,0,2,1,3,AIGC-Real,/mnt/public/public_datasets/OpenMMSecV2/AIGC/laion/a3feba20245747b490cce1f9de1b840f.jpg
-39.46552658081055,-36.991451263427734,0.0,deepfake,1,1,2,2,Deepfake-Fake,/mnt/public/public_datasets/OpenMMSecV2/Deepfake/Fake/FaceEditing/StarGAN/5c5f012815c1491f896d2ad632e87a51.jpg
24.815813064575195,-18.32598876953125,0.0,AIGC,0,2,1,3,AIGC-Real,/mnt/public/public_datasets/OpenMMSecV2/AIGC/laion/438a6ea7e60c4b89b4d0b751aa82ac68.jpg
-69.91625213623047,9.832449913024902,0.0,deepfake,0,1,1,1,Deepfake-Real,/mnt/public/public_datasets/OpenMMSecV2/Deepfake/Real/CelebDF-v2/e708281a18d947a1afa4da8a0be2ada3.png
11.465039253234863,-18.801284790039062,0.0,AIGC,1,2,2,4,AIGC-Fake,/mnt/public/public_datasets/OpenMMSecV2/AIGC/GAN/GigaGAN/910192dd9b384beba92e101db8b5332e.jpg
-55.82979202270508,-15.737471580505371,0.0,deepfake,0,1,1,1,Deepfake-Real,/mnt/public/public_datasets/OpenMMSecV2/Deepfake/Real/DFD/8f486e97019f454089116771854e40a0.png
-40.4674186706543,-7.198148727416992,0.0,AIGC,1,2,2,4,AIGC-Fake,/mnt/public/public_datasets/OpenMMSecV2/AIGC/autoregressive_model/tamingtransformers/0ba9dd733c294e2abbab3e34721a696b.jpg
1.809783935546875,5.3718085289001465,0.0,IMDL,0,4,1,7,IMDL-Real,/mnt/public/public_datasets/OpenMMSecV2/IMDL/generative/coco/imgs/de5b5575ff294f4991e2f5bc2fe6b2a9.jpg
0.1778632551431656,26.843740463256836,0.0,IMDL,0,4,1,7,IMDL-Real,/mnt/public/public_datasets/OpenMMSecV2/IMDL/generative/coco/imgs/a45c122b74eb45f79cba6805177279e1.jpg
-45.767555236816406,-26.320880889892578,0.0,deepfake,0,1,1,1,Deepfake-Real,/mnt/public/public_datasets/OpenMMSecV2/Deepfake/Real/CelebDF-v2/8169278fa2e1480a9d715caa906b2860.png
-3.024277448654175,20.59819984436035,0.0,IMDL,1,4,2,8,IMDL-Fake,/mnt/public/public_datasets/OpenMMSecV2/IMDL/non_generative/manual_ps/imgs/e020d99cc8324193a59e6df80ad3f0d2.jpg
6.742283344268799,0.4302765130996704,0.0,Doc,1,3,2,6,Document-Fake,/mnt/public/public_datasets/OpenMMSecV2/Doc/aigc/textocr/imgs/948f8a3435c54e549aca10e4fea4642a.jpg
-0.2295846790075302,47.40153503417969,0.0,IMDL,0,4,1,7,IMDL-Real,/mnt/public/public_datasets/OpenMMSecV2/IMDL/generative/stable_diffusion/imgs/d254d2b49c724b38ab126b8bf3fc7c59.png
-24.33641242980957,-37.633914947509766,0.0,deepfake,1,1,2,2,Deepfake-Fake,/mnt/public/public_datasets/OpenMMSecV2/Deepfake/Fake/FaceEditing/StarGANv2/8e60ccb1891f4cb8b849f96e754552ff.jpg
-37.58732986450195,-23.555761337280273,0.0,deepfake,0,1,1,1,Deepfake-Real,/mnt/public/public_datasets/OpenMMSecV2/Deepfake/Real/DFD/74336eeed6b8490b991ae47e1f83dc42.png
-16.402084350585938,34.57971954345703,0.0,IMDL,1,4,2,8,IMDL-Fake,/mnt/public/public_datasets/OpenMMSecV2/IMDL/non_generative/manual_ps/imgs/0e2ccf10b0d04ff3a92a0e8b4dae5aa1.jpg
70.4734878540039,-23.499923706054688,0.0,Doc,1,3,2,6,Document-Fake,/mnt/public/public_datasets/OpenMMSecV2/Doc/non_aigc/cover/imgs/de35b9cbf6ef4b5cbc2da57517cd6df3.jpg
6.828442573547363,6.80319881439209,0.0,IMDL,1,4,2,8,IMDL-Fake,/mnt/public/public_datasets/OpenMMSecV2/IMDL/generative/paintbyexample/imgs/d923daaf3bcd4b9c98e74e6bebdca5fb.tiff
-69.65023040771484,4.090149402618408,0.0,deepfake,0,1,1,1,Deepfake-Real,/mnt/public/public_datasets/OpenMMSecV2/Deepfake/Real/FF++/83dbc0b181944fb2bc3770b7f8464f62.png
5.8955841064453125,-5.621793746948242,0.0,IMDL,0,4,1,7,IMDL-Real,/mnt/public/public_datasets/OpenMMSecV2/IMDL/generative/coco/imgs/5d8d5407c9a2471d82a34dd099403e5d.jpg
70.74980926513672,0.615222156047821,0.0,Doc,1,3,2,6,Document-Fake,/mnt/public/public_datasets/OpenMMSecV2/Doc/non_aigc/generation/imgs/b331329cfc134bc3aeb6049dc08adcf9.jpg
67.78782653808594,5.266661643981934,0.0,Doc,1,3,2,6,Document-Fake,/mnt/public/public_datasets/OpenMMSecV2/Doc/non_aigc/generation/imgs/3e2ffab897864e4094409e1d0f9c9ae9.jpg
-16.63777732849121,31.64295196533203,0.0,AIGC,1,2,2,4,AIGC-Fake,/mnt/public/public_datasets/OpenMMSecV2/AIGC/latent_diffusion/vqdiffusion/5646f4aeca5548139d61c0c2baa5e7db.jpg
-38.971832275390625,-21.11725425720215,0.0,deepfake,1,1,2,2,Deepfake-Fake,/mnt/public/public_datasets/OpenMMSecV2/Deepfake/Fake/FaceReenactment/HeyGen/e3a093ac07ce4e999a74d528f628a951.png
-62.46003723144531,7.05154275894165,0.0,deepfake,1,1,2,2,Deepfake-Fake,/mnt/public/public_datasets/OpenMMSecV2/Deepfake/Fake/EntireFaceSynthesis/StyleGAN-XL/600ab690990c4ae9a5f055506eddc950.png
23.973974227905273,8.384135246276855,0.0,IMDL,1,4,2,8,IMDL-Fake,/mnt/public/public_datasets/OpenMMSecV2/IMDL/non_generative/manual_ps/imgs/38a11a6b761740e0a5fa9eda065bab0f.jpg
52.36943054199219,-22.03773307800293,0.0,Doc,1,3,2,6,Document-Fake,/mnt/public/public_datasets/OpenMMSecV2/Doc/non_aigc/inpaint/imgs/a78b357df4b14be99d505a01cba3b9d5.jpg
62.68110275268555,4.600919723510742,0.0,Doc,1,3,2,6,Document-Fake,/mnt/public/public_datasets/OpenMMSecV2/Doc/non_aigc/generation/imgs/7e92768313c5466cb6048979c04201fc.jpg
-51.90140914916992,1.9568829536437988,0.0,deepfake,1,1,2,2,Deepfake-Fake,/mnt/public/public_datasets/OpenMMSecV2/Deepfake/Fake/FaceReenactment/TPSMM/08f1e97f1bea4c44a5f3d19e4f603770.png
-7.455264568328857,0.9819686412811279,0.0,IMDL,0,4,1,7,IMDL-Real,/mnt/public/public_datasets/OpenMMSecV2/IMDL/generative/coco/imgs/fb91654f707f449c81a832646483e973.jpg
53.87164306640625,-20.210651397705078,0.0,Doc,1,3,2,6,Document-Fake,/mnt/public/public_datasets/OpenMMSecV2/Doc/non_aigc/copy-move/imgs/9b30ed3f114d418bbf03db2d190a3db3.jpg
-57.196678161621094,2.405628204345703,0.0,deepfake,0,1,1,1,Deepfake-Real,/mnt/public/public_datasets/OpenMMSecV2/Deepfake/Real/FF++/687e6f0d9aa8433498b2a89499231d86.png
-24.646709442138672,10.013827323913574,0.0,AIGC,0,2,1,3,AIGC-Real,/mnt/public/public_datasets/OpenMMSecV2/AIGC/laion/d25b515e9b514d16804286913bf91234.jpg
68.56179809570312,0.6208087801933289,0.0,Doc,1,3,2,6,Document-Fake,/mnt/public/public_datasets/OpenMMSecV2/Doc/non_aigc/copy-move/imgs/b51e9d83c8134d9cbdcbc03c2fadaaa2.jpg
-12.336109161376953,-21.264482498168945,0.0,AIGC,1,2,2,4,AIGC-Fake,/mnt/public/public_datasets/OpenMMSecV2/AIGC/other/online/imgs/112371b3507043d49d1c53dfef06b5c0.jpg
-41.31241989135742,-27.08458137512207,0.0,deepfake,0,1,1,1,Deepfake-Real,/mnt/public/public_datasets/OpenMMSecV2/Deepfake/Real/FF++/d8e1dae282af4232ab778092042cf572.png
-45.11698913574219,-43.78187561035156,0.0,deepfake,1,1,2,2,Deepfake-Fake,/mnt/public/public_datasets/OpenMMSecV2/Deepfake/Fake/FaceReenactment/MRAA/4be21554b10e401fb4b6470d11b86531.png
28.734230041503906,17.142709732055664,0.0,Doc,0,3,1,5,Document-Real,/mnt/public/public_datasets/OpenMMSecV2/Doc/Real/40ab977af42340e59f77937963f2a54c.jpg
46.90114974975586,-36.101768493652344,0.0,Doc,0,3,1,5,Document-Real,/mnt/public/public_datasets/OpenMMSecV2/Doc/Real/da91bb597def49e58bbe27e7b2d7210e.jpg
-25.962406158447266,12.989448547363281,0.0,IMDL,0,4,1,7,IMDL-Real,/mnt/public/public_datasets/OpenMMSecV2/IMDL/generative/stable_diffusion/imgs/ebafb30d6a0a405485973974aa128c6e.png
-40.153377532958984,-29.485273361206055,0.0,deepfake,0,1,1,1,Deepfake-Real,/mnt/public/public_datasets/OpenMMSecV2/Deepfake/Real/FF++/e12a007e957d437fbaa7ba79b1146d8b.png
-56.839900970458984,-10.751028060913086,0.0,deepfake,1,1,2,2,Deepfake-Fake,/mnt/public/public_datasets/OpenMMSecV2/Deepfake/Fake/EntireFaceSynthesis/SiT-XL/36d6c9cc71474087b19c32eebef88004.png
-43.111480712890625,-9.546936988830566,0.0,AIGC,1,2,2,4,AIGC-Fake,/mnt/public/public_datasets/OpenMMSecV2/AIGC/GAN/ProjectedGAN/e0e168dac290425a9196053c529c6ae4.jpg
-47.5579719543457,-29.371753692626953,0.0,deepfake,1,1,2,2,Deepfake-Fake,/mnt/public/public_datasets/OpenMMSecV2/Deepfake/Fake/FaceEditing/e4e/b4a5e72d75e545eb8d748c6f082d6177.jpg
-27.50946617126465,-33.49995040893555,0.0,AIGC,1,2,2,4,AIGC-Fake,/mnt/public/public_datasets/OpenMMSecV2/AIGC/autoregressive_model/tamingtransformers/c6da53c343dd40f0a7df9c5bf7097a50.jpg
15.89579963684082,-10.389286041259766,0.0,AIGC,0,2,1,3,AIGC-Real,/mnt/public/public_datasets/OpenMMSecV2/AIGC/laion/0d19e3f0d8d84bf0b08dc4d68bab7d5e.jpg
-43.973018646240234,4.084018230438232,0.0,deepfake,0,1,1,1,Deepfake-Real,/mnt/public/public_datasets/OpenMMSecV2/Deepfake/Real/VFHQ/1968d4b25b634d2fac301a9ed083c3ea.png
-0.9081743955612183,14.639508247375488,0.0,AIGC,1,2,2,4,AIGC-Fake,/mnt/public/public_datasets/OpenMMSecV2/AIGC/pixel_diffusion/guided_diffusion/e22a14b1f7de45dca24a29835f942f0d.jpg
-45.50413131713867,-27.6198787689209,0.0,deepfake,1,1,2,2,Deepfake-Fake,/mnt/public/public_datasets/OpenMMSecV2/Deepfake/Fake/FaceReenactment/MRAA/10bb78e846654df78221f96252211296.png
-9.137903213500977,-10.772623062133789,0.0,AIGC,1,2,2,4,AIGC-Fake,/mnt/public/public_datasets/OpenMMSecV2/AIGC/other/online/imgs/be17cd1407804133a6f433a346bc1e3f.jpg
-38.935516357421875,-9.298105239868164,0.0,AIGC,1,2,2,4,AIGC-Fake,/mnt/public/public_datasets/OpenMMSecV2/AIGC/autoregressive_model/tamingtransformers/018dc934a7e74a04aab698f9f19b8dc0.jpg
15.981691360473633,31.140295028686523,0.0,IMDL,1,4,2,8,IMDL-Fake,/mnt/public/public_datasets/OpenMMSecV2/IMDL/non_generative/manual_ps/imgs/2bde395b3c5e4635bec54291a79d0828.jpg
-16.410240173339844,16.68521499633789,0.0,AIGC,1,2,2,4,AIGC-Fake,/mnt/public/public_datasets/OpenMMSecV2/AIGC/pixel_diffusion/guided_diffusion/d2105ce4362b4128a38b39b3b42c7bea.jpg
-50.50556945800781,-45.763282775878906,0.0,deepfake,1,1,2,2,Deepfake-Fake,/mnt/public/public_datasets/OpenMMSecV2/Deepfake/Fake/FaceSwap/FaceShifter/07d0909e4ebd44d883e0b13e204630b1.png
59.87162780761719,6.501339912414551,0.0,Doc,0,3,1,5,Document-Real,/mnt/public/public_datasets/OpenMMSecV2/Doc/Real/af254dc950a9466e9df4fa2a2c15fa3d.jpg
-25.959487915039062,-34.887264251708984,0.0,deepfake,0,1,1,1,Deepfake-Real,/mnt/public/public_datasets/OpenMMSecV2/Deepfake/Real/FFHQ/81bd0fc02b91448c92704ed2a59eda28.jpeg
-41.89118194580078,-48.458560943603516,0.0,deepfake,1,1,2,2,Deepfake-Fake,/mnt/public/public_datasets/OpenMMSecV2/Deepfake/Fake/FaceSwap/FSGAN/5a11de3135a34b76ab6fa9e214093a90.png
-50.32706069946289,-48.18328857421875,0.0,deepfake,0,1,1,1,Deepfake-Real,/mnt/public/public_datasets/OpenMMSecV2/Deepfake/Real/FF++/6aba0c1dfdc34497956225ae30c4d198.png
70.75099182128906,-19.05029296875,0.0,Doc,1,3,2,6,Document-Fake,/mnt/public/public_datasets/OpenMMSecV2/Doc/non_aigc/cover/imgs/e37ef529bb9146d9a12f4a9b1943745a.jpg
-51.834442138671875,4.278477668762207,0.0,deepfake,1,1,2,2,Deepfake-Fake,/mnt/public/public_datasets/OpenMMSecV2/Deepfake/Fake/EntireFaceSynthesis/RDDM/25ab9694647c442683e7d4ce654e9fb9.png
-76.16940307617188,11.002223014831543,0.0,deepfake,0,1,1,1,Deepfake-Real,/mnt/public/public_datasets/OpenMMSecV2/Deepfake/Real/FF++/4995e61e65c84c3c977a13f9358300f6.png
-15.432452201843262,11.660430908203125,0.0,IMDL,1,4,2,8,IMDL-Fake,/mnt/public/public_datasets/OpenMMSecV2/IMDL/non_generative/manual_ps/imgs/a0bb817b711349a0ac4d8695d743355e.jpg
-1.5843840837478638,24.8594970703125,0.0,IMDL,0,4,1,7,IMDL-Real,/mnt/public/public_datasets/OpenMMSecV2/IMDL/generative/coco/imgs/5b5db72e32a24e0a9c5726ea03befb9d.jpg
-15.369588851928711,51.78667449951172,0.0,AIGC,1,2,2,4,AIGC-Fake,/mnt/public/public_datasets/OpenMMSecV2/AIGC/GAN/GigaGAN/4e4e7ca5ede54878bc66d9b9627fbfd2.jpg
-51.43653106689453,1.9098082780838013,0.0,deepfake,0,1,1,1,Deepfake-Real,/mnt/public/public_datasets/OpenMMSecV2/Deepfake/Real/CelebDF-v2/61f100eb88ec4b4c956bd2e586545cc8.png
2.852187395095825,-0.4093199372291565,0.0,IMDL,1,4,2,8,IMDL-Fake,/mnt/public/public_datasets/OpenMMSecV2/IMDL/generative/gan_mat/imgs/95932b12700a4ef3aca3fc867f27f481.jpg
-4.337313175201416,-2.483245372772217,0.0,IMDL,1,4,2,8,IMDL-Fake,/mnt/public/public_datasets/OpenMMSecV2/IMDL/non_generative/manual_ps/imgs/9ba6cb5c1aff421e85c711efd89c2630.jpg
26.026073455810547,-11.883316993713379,0.0,AIGC,0,2,1,3,AIGC-Real,/mnt/public/public_datasets/OpenMMSecV2/AIGC/laion/70ae26195d6c436ba5578f80e1e5e3cb.jpg
28.48375129699707,-11.605422019958496,0.0,IMDL,1,4,2,8,IMDL-Fake,/mnt/public/public_datasets/OpenMMSecV2/IMDL/non_generative/manual_ps/imgs/e8027b7ee968471cbcdb583d845a8072.jpg
-16.532817840576172,-1.264992117881775,0.0,IMDL,0,4,1,7,IMDL-Real,/mnt/public/public_datasets/OpenMMSecV2/IMDL/generative/coco/imgs/02fe7409bdea43a8946abcf8d7333977.jpg
61.723690032958984,4.007383346557617,0.0,Doc,1,3,2,6,Document-Fake,/mnt/public/public_datasets/OpenMMSecV2/Doc/non_aigc/generation/imgs/d461e4137a0f41a3aae73a7ba20913e2.jpg
-64.27859497070312,-5.3120012283325195,0.0,deepfake,0,1,1,1,Deepfake-Real,/mnt/public/public_datasets/OpenMMSecV2/Deepfake/Real/CelebDF-v2/fa20cab0aeb44cdfaa83308254afa615.png
-2.4610350131988525,21.974287033081055,0.0,AIGC,1,2,2,4,AIGC-Fake,/mnt/public/public_datasets/OpenMMSecV2/AIGC/pixel_diffusion/guided_diffusion/c550173b0f37420983c15e472206cc93.jpg
32.56877136230469,7.5273118019104,0.0,Doc,0,3,1,5,Document-Real,/mnt/public/public_datasets/OpenMMSecV2/Doc/Real/8ab8312e04e045b3a562e2702e2e6f1f.jpg
24.954143524169922,40.451961517333984,0.0,IMDL,1,4,2,8,IMDL-Fake,/mnt/public/public_datasets/OpenMMSecV2/IMDL/generative/stable_diffusion/imgs/d15d2b740f054682a715f524d440da3b.tiff
64.27415466308594,3.4534425735473633,0.0,Doc,1,3,2,6,Document-Fake,/mnt/public/public_datasets/OpenMMSecV2/Doc/non_aigc/copy-move/imgs/c4f7b9f0ff1d45f7a0f95d3fa4c9d1fe.jpg
-6.933330059051514,-20.75094985961914,0.0,AIGC,1,2,2,4,AIGC-Fake,/mnt/public/public_datasets/OpenMMSecV2/AIGC/latent_diffusion/systematic/5173d231d97d493a9463f0dac06cace7.jpg
6.033998489379883,-8.920029640197754,0.0,IMDL,0,4,1,7,IMDL-Real,/mnt/public/public_datasets/OpenMMSecV2/IMDL/generative/coco/imgs/86e587c9ec7f4ee7b485aabe442360f0.jpg
-11.337084770202637,-9.91026496887207,0.0,AIGC,0,2,1,3,AIGC-Real,/mnt/public/public_datasets/OpenMMSecV2/AIGC/laion/0dbd8d51ffff40bd85b79292cf3180c1.jpg
36.58537292480469,21.677305221557617,0.0,Doc,0,3,1,5,Document-Real,/mnt/public/public_datasets/OpenMMSecV2/Doc/Real/85015c361c3e40fca0389547b33fec85.jpg
61.4948844909668,-32.238990783691406,0.0,Doc,0,3,1,5,Document-Real,/mnt/public/public_datasets/OpenMMSecV2/Doc/Real/5f79de090f6b4468b6ec8a7b710b7e3b.jpg
-73.39644622802734,7.1880669593811035,0.0,deepfake,1,1,2,2,Deepfake-Fake,/mnt/public/public_datasets/OpenMMSecV2/Deepfake/Fake/FaceSwap/FaceShifter/45475436efe745ffb58a6021925aec96.png
-28.37410545349121,-31.169456481933594,0.0,AIGC,1,2,2,4,AIGC-Fake,/mnt/public/public_datasets/OpenMMSecV2/AIGC/other/online/imgs/c7d7f1c4f357488ba6c35cc0adb62f34.jpg
-2.2873785495758057,-23.840259552001953,0.0,AIGC,0,2,1,3,AIGC-Real,/mnt/public/public_datasets/OpenMMSecV2/AIGC/laion/a0d08fec112c41b8bde0f779fe943ab6.jpg
-24.13054084777832,-34.72399139404297,0.0,AIGC,1,2,2,4,AIGC-Fake,/mnt/public/public_datasets/OpenMMSecV2/AIGC/latent_diffusion/systematic/4340b4770e694f6da574d0dfb2ad43fa.jpg
-51.951988220214844,4.1083984375,0.0,deepfake,1,1,2,2,Deepfake-Fake,/mnt/public/public_datasets/OpenMMSecV2/Deepfake/Fake/FaceReenactment/PIRender/334e22607e3145d5bc892ba901a136c3.png
13.113073348999023,-0.7204996347427368,0.0,AIGC,1,2,2,4,AIGC-Fake,/mnt/public/public_datasets/OpenMMSecV2/AIGC/pixel_diffusion/glide/bc327ea08ec94dec835ec5a5b4121f2d.jpg
-59.1656494140625,10.903604507446289,0.0,deepfake,1,1,2,2,Deepfake-Fake,/mnt/public/public_datasets/OpenMMSecV2/Deepfake/Fake/FaceReenactment/FS_vid2vid/f7fd4933f92d4510bfc20395bfcb0613.png
13.037251472473145,24.533958435058594,0.0,IMDL,1,4,2,8,IMDL-Fake,/mnt/public/public_datasets/OpenMMSecV2/IMDL/generative/stable_diffusion/imgs/21c4ae0c00bd4fe49319ea2b4e397c41.jpg
-23.7258358001709,6.301346302032471,0.0,AIGC,0,2,1,3,AIGC-Real,/mnt/public/public_datasets/OpenMMSecV2/AIGC/laion/8d1c928f5bc04f99a67688094004bada.jpg
23.909025192260742,4.39536714553833,0.0,Doc,0,3,1,5,Document-Real,/mnt/public/public_datasets/OpenMMSecV2/Doc/Real/3b3b2ce9eacd4ef398b79a88782d30b8.jpg
-17.09066390991211,52.70914840698242,0.0,IMDL,0,4,1,7,IMDL-Real,/mnt/public/public_datasets/OpenMMSecV2/IMDL/generative/stable_diffusion/imgs/660e3a68628143258f43b6484adbeb31.png
-2.361762285232544,-21.54669952392578,0.0,AIGC,0,2,1,3,AIGC-Real,/mnt/public/public_datasets/OpenMMSecV2/AIGC/laion/e82e49819ced42a5900b6d2ea83eecf0.jpg
-49.59209442138672,-45.810089111328125,0.0,deepfake,1,1,2,2,Deepfake-Fake,/mnt/public/public_datasets/OpenMMSecV2/Deepfake/Fake/FaceSwap/FaceShifter/ba630b727188490bb2dcf6656d559720.png
-3.157607316970825,48.92545700073242,0.0,IMDL,0,4,1,7,IMDL-Real,/mnt/public/public_datasets/OpenMMSecV2/IMDL/generative/coco/imgs/4e50924c39f84edabec48548bf57bf88.jpg
63.41799545288086,-34.3470573425293,0.0,Doc,1,3,2,6,Document-Fake,/mnt/public/public_datasets/OpenMMSecV2/Doc/non_aigc/cpmv/imgs/befdf661b091427caa9d56d8f9d65e28.jpg
7.737241268157959,-2.7222981452941895,0.0,IMDL,1,4,2,8,IMDL-Fake,/mnt/public/public_datasets/OpenMMSecV2/IMDL/generative/paintbyexample/imgs/61f86c55aea84c93a9fd8a22d4e89edf.png
-42.190189361572266,-29.602773666381836,0.0,deepfake,0,1,1,1,Deepfake-Real,/mnt/public/public_datasets/OpenMMSecV2/Deepfake/Real/FF++/24fa4dd6606b433d8bc88497447557ad.png
-54.44660949707031,0.4200490415096283,0.0,deepfake,1,1,2,2,Deepfake-Fake,/mnt/public/public_datasets/OpenMMSecV2/Deepfake/Fake/FaceSwap/UniFace/ffdf02c050d540b8bc68af7b193bf534.png
-37.476463317871094,-11.811664581298828,0.0,deepfake,1,1,2,2,Deepfake-Fake,/mnt/public/public_datasets/OpenMMSecV2/Deepfake/Fake/EntireFaceSynthesis/WhichisReal/ea04296952804712a23e19f9839eebd6.png
34.68308639526367,13.752492904663086,0.0,Doc,0,3,1,5,Document-Real,/mnt/public/public_datasets/OpenMMSecV2/Doc/Real/be54e0235a874c66a2f8a12b6953f1c9.jpg
-11.728165626525879,-19.92327880859375,0.0,IMDL,0,4,1,7,IMDL-Real,/mnt/public/public_datasets/OpenMMSecV2/IMDL/non_generative/manual_ps/imgs/f92aef13acb34cba8330232b095eb94c.jpg
-14.4518461227417,4.134130477905273,0.0,Doc,0,3,1,5,Document-Real,/mnt/public/public_datasets/OpenMMSecV2/Doc/Real/f0017deee3ca48e0a732e65b77b115a1.jpg
20.235126495361328,1.6219395399093628,0.0,Doc,0,3,1,5,Document-Real,/mnt/public/public_datasets/OpenMMSecV2/Doc/Real/3792d337eecf48399b128e385464c1ca.jpg
52.91223907470703,-15.065377235412598,0.0,Doc,1,3,2,6,Document-Fake,/mnt/public/public_datasets/OpenMMSecV2/Doc/non_aigc/generation/imgs/85e69509ace240ffbe823c6a4d832ee4.jpg
-61.57118225097656,2.8358776569366455,0.0,deepfake,1,1,2,2,Deepfake-Fake,/mnt/public/public_datasets/OpenMMSecV2/Deepfake/Fake/FaceReenactment/OneShot/4fc8496600604cb7a1de63bc88e456f1.png
9.908647537231445,-5.677971363067627,0.0,AIGC,0,2,1,3,AIGC-Real,/mnt/public/public_datasets/OpenMMSecV2/AIGC/laion/63aeb7e771e64331888683cf22c0a173.jpg
-30.197830200195312,-30.60019874572754,0.0,AIGC,1,2,2,4,AIGC-Fake,/mnt/public/public_datasets/OpenMMSecV2/AIGC/autoregressive_model/tamingtransformers/6bf2129f6e954f1aa6e19a4727539f2a.jpg
-68.2835693359375,8.038524627685547,0.0,deepfake,1,1,2,2,Deepfake-Fake,/mnt/public/public_datasets/OpenMMSecV2/Deepfake/Fake/FaceReenactment/HyperReenact/99a6f80d222e47df8830e64f4fda1396.png
-6.9814534187316895,22.10774040222168,0.0,IMDL,0,4,1,7,IMDL-Real,/mnt/public/public_datasets/OpenMMSecV2/IMDL/non_generative/manual_ps/imgs/2b3c105d2d4d49f1a9d86e4b839b9551.jpg
15.353753089904785,16.38753890991211,0.0,AIGC,1,2,2,4,AIGC-Fake,/mnt/public/public_datasets/OpenMMSecV2/AIGC/commercial/ideogram/9b0a0391d36b4a1cabd08ed86dab656c.jpg
24.99517250061035,-18.17593002319336,0.0,Doc,1,3,2,6,Document-Fake,/mnt/public/public_datasets/OpenMMSecV2/Doc/aigc/textocr/imgs/cc61d76154994091a7ba6d6d0fdfa6e5.jpg
29.15962791442871,-11.933353424072266,0.0,AIGC,0,2,1,3,AIGC-Real,/mnt/public/public_datasets/OpenMMSecV2/AIGC/other/online/imgs/6e32466b33c54134b0ed60bac6a5d5fa.jpg
-62.79332733154297,-4.725293159484863,0.0,deepfake,0,1,1,1,Deepfake-Real,/mnt/public/public_datasets/OpenMMSecV2/Deepfake/Real/FF++/f1baafc1bf2b449eb8bfcde92c915f9d.png
-3.3736536502838135,46.515682220458984,0.0,IMDL,0,4,1,7,IMDL-Real,/mnt/public/public_datasets/OpenMMSecV2/IMDL/non_generative/manual_ps/imgs/cd53e557b92d40598d682dfb3d43b819.jpg
-68.53720092773438,-1.322604775428772,0.0,deepfake,0,1,1,1,Deepfake-Real,/mnt/public/public_datasets/OpenMMSecV2/Deepfake/Real/FF++/c87b864d689f44d2824e596e42ba38ee.png
22.13936996459961,-15.184741020202637,0.0,AIGC,0,2,1,3,AIGC-Real,/mnt/public/public_datasets/OpenMMSecV2/AIGC/laion/0664208d2696405dbf9fe6e258f90aa5.jpg
13.377652168273926,29.64415168762207,0.0,IMDL,1,4,2,8,IMDL-Fake,/mnt/public/public_datasets/OpenMMSecV2/IMDL/generative/flux_1/imgs/1eb01e4deed74aa2acbfdbff25512309.png
9.264756202697754,10.224486351013184,0.0,AIGC,1,2,2,4,AIGC-Fake,/mnt/public/public_datasets/OpenMMSecV2/AIGC/pixel_diffusion/glide/4eb444e83e654a4398815adff2b9dffd.jpg
71.1428451538086,-27.838321685791016,0.0,Doc,0,3,1,5,Document-Real,/mnt/public/public_datasets/OpenMMSecV2/Doc/Real/6f8a035fb09a455fa3608115938e43ef.jpg
-48.6288948059082,-4.696451187133789,0.0,AIGC,1,2,2,4,AIGC-Fake,/mnt/public/public_datasets/OpenMMSecV2/AIGC/autoregressive_model/tamingtransformers/85ce6dbb5cfb4ef89c85c230e71f5e4f.jpg
-13.054458618164062,-19.969303131103516,0.0,AIGC,1,2,2,4,AIGC-Fake,/mnt/public/public_datasets/OpenMMSecV2/AIGC/other/online/imgs/43dbb9998c9d4f239915a56d45652a03.jpg
-14.350865364074707,14.634050369262695,0.0,AIGC,1,2,2,4,AIGC-Fake,/mnt/public/public_datasets/OpenMMSecV2/AIGC/latent_diffusion/vqdiffusion/imgs/ace1a91b1c804c51b30edce021680f1a.png
70.32697296142578,-11.206648826599121,0.0,Doc,1,3,2,6,Document-Fake,/mnt/public/public_datasets/OpenMMSecV2/Doc/non_aigc/generation/imgs/f81f2dff51d4486ca4fc0c4f397f9033.jpg
14.344497680664062,-13.348957061767578,0.0,AIGC,0,2,1,3,AIGC-Real,/mnt/public/public_datasets/OpenMMSecV2/AIGC/laion/5bb25bed31394310adef8307fd39a4ab.jpg
36.04447555541992,31.066804885864258,0.0,AIGC,1,2,2,4,AIGC-Fake,/mnt/public/public_datasets/OpenMMSecV2/AIGC/latent_diffusion/systematic/a4fc31dc289548c2be4130be719feec6.jpg
4.609038352966309,14.806946754455566,0.0,IMDL,0,4,1,7,IMDL-Real,/mnt/public/public_datasets/OpenMMSecV2/IMDL/generative/stable_diffusion/imgs/455c15f7386449c2b01bf51bf7c4cfe0.png
-0.6546882390975952,-24.419633865356445,0.0,IMDL,1,4,2,8,IMDL-Fake,/mnt/public/public_datasets/OpenMMSecV2/IMDL/non_generative/manual_ps/imgs/52d1567d7a884ff6bf24a0e836800efc.jpg
9.133402824401855,34.50422668457031,0.0,AIGC,0,2,1,3,AIGC-Real,/mnt/public/public_datasets/OpenMMSecV2/AIGC/latent_diffusion/vqdiffusion/imgs/fd1e4061d6cf4672a8dca3c6002ea2bf.JPEG
-26.480995178222656,-37.7738037109375,0.0,AIGC,1,2,2,4,AIGC-Fake,/mnt/public/public_datasets/OpenMMSecV2/AIGC/autoregressive_model/tamingtransformers/51e5a35083eb4e979459a6bd3fb25e9c.jpg
24.860809326171875,-11.380414962768555,0.0,AIGC,0,2,1,3,AIGC-Real,/mnt/public/public_datasets/OpenMMSecV2/AIGC/laion/14b2af56e23c45389d314e235e27ee47.jpg
22.827070236206055,-15.486324310302734,0.0,AIGC,0,2,1,3,AIGC-Real,/mnt/public/public_datasets/OpenMMSecV2/AIGC/laion/de1530810c504c88a7aaba09fbb4f905.jpg
46.5892219543457,-34.817298889160156,0.0,Doc,0,3,1,5,Document-Real,/mnt/public/public_datasets/OpenMMSecV2/Doc/Real/8104148cf0014c099a49002eda8b3820.jpg
14.7803955078125,40.559261322021484,0.0,IMDL,0,4,1,7,IMDL-Real,/mnt/public/public_datasets/OpenMMSecV2/IMDL/generative/coco/imgs/0603de1241274632b2102dc00851c118.jpg
-11.250689506530762,38.428428649902344,0.0,IMDL,1,4,2,8,IMDL-Fake,/mnt/public/public_datasets/OpenMMSecV2/IMDL/generative/paintbyexample/imgs/d71f1d55ed2e4257b0e081a58ecbe653.png
-2.88546085357666,29.357112884521484,0.0,IMDL,0,4,1,7,IMDL-Real,/mnt/public/public_datasets/OpenMMSecV2/IMDL/generative/flux_1/imgs/175a501c0b194eb49f568843943dd6ad.png
37.14150619506836,24.912429809570312,0.0,Doc,0,3,1,5,Document-Real,/mnt/public/public_datasets/OpenMMSecV2/Doc/Real/d8d9478baf024c9bab617579a2600981.jpg
-51.95343780517578,0.33535170555114746,0.0,deepfake,0,1,1,1,Deepfake-Real,/mnt/public/public_datasets/OpenMMSecV2/Deepfake/Real/FF++/7ea105891a2a40d192c719b105272d1b.png
-52.08995819091797,-43.64469909667969,0.0,deepfake,0,1,1,1,Deepfake-Real,/mnt/public/public_datasets/OpenMMSecV2/Deepfake/Real/FF++/da7e20a8352e4b129a581d530e768805.png
12.25197982788086,-10.747759819030762,0.0,AIGC,1,2,2,4,AIGC-Fake,/mnt/public/public_datasets/OpenMMSecV2/AIGC/GAN/styleGANs/5dd65eb181194017b7dbeea2d4cf12c4.jpg
22.318635940551758,39.47929000854492,0.0,Doc,1,3,2,6,Document-Fake,/mnt/public/public_datasets/OpenMMSecV2/Doc/aigc/textocr/imgs/23145ba65af74d65a1046fdb570ba768.jpg
-0.2892264723777771,38.65534210205078,0.0,IMDL,1,4,2,8,IMDL-Fake,/mnt/public/public_datasets/OpenMMSecV2/IMDL/non_generative/manual_ps/imgs/24f42f7aeb514df8af11ef5213746a53.tif
-14.780777931213379,-22.16189193725586,0.0,AIGC,1,2,2,4,AIGC-Fake,/mnt/public/public_datasets/OpenMMSecV2/AIGC/other/online/imgs/43d0ddcd00e944469390fe8a1d06e7a3.jpg
-63.43817901611328,12.38261890411377,0.0,deepfake,1,1,2,2,Deepfake-Fake,/mnt/public/public_datasets/OpenMMSecV2/Deepfake/Fake/FaceSwap/InSwapper/7ff1fbaa553f4639b739638f576ddd1e.png
-47.60976028442383,-5.978725433349609,0.0,deepfake,1,1,2,2,Deepfake-Fake,/mnt/public/public_datasets/OpenMMSecV2/Deepfake/Fake/FaceEditing/e4e/5241a9f80f334ffd867498367af6d295.jpg
-16.50908088684082,-1.1488884687423706,0.0,IMDL,1,4,2,8,IMDL-Fake,/mnt/public/public_datasets/OpenMMSecV2/IMDL/generative/flux_1/imgs/c0de2af39d69469f8b116f3bcb4dc840.png
-29.048967361450195,-34.35771179199219,0.0,deepfake,1,1,2,2,Deepfake-Fake,/mnt/public/public_datasets/OpenMMSecV2/Deepfake/Fake/FaceEditing/StarGAN/b8acb1de0a69484faab013a9e193019c.jpg
-23.249326705932617,28.495616912841797,0.0,AIGC,0,2,1,3,AIGC-Real,/mnt/public/public_datasets/OpenMMSecV2/AIGC/laion/0cee3befb0a04644891ba0ed2d771879.jpg
66.36286163330078,-32.13795852661133,0.0,Doc,1,3,2,6,Document-Fake,/mnt/public/public_datasets/OpenMMSecV2/Doc/non_aigc/generation/imgs/415ffa6a5a3f47f79274ef62cba79e44.jpg
2.880152463912964,51.95139694213867,0.0,IMDL,0,4,1,7,IMDL-Real,/mnt/public/public_datasets/OpenMMSecV2/IMDL/non_generative/manual_ps/imgs/ddb9d55aa3bf4e44b364d42bccb2a41c.jpg
20.515056610107422,15.286640167236328,0.0,AIGC,1,2,2,4,AIGC-Fake,/mnt/public/public_datasets/OpenMMSecV2/AIGC/latent_diffusion/systematic/6bcf88cc61f2427fb60e056e1d1bd644.jpg
-43.875274658203125,4.319796085357666,0.0,deepfake,0,1,1,1,Deepfake-Real,/mnt/public/public_datasets/OpenMMSecV2/Deepfake/Real/VFHQ/6122521b96884ddaa6dac42905b5e952.png
-12.438302993774414,1.8918389081954956,0.0,IMDL,0,4,1,7,IMDL-Real,/mnt/public/public_datasets/OpenMMSecV2/IMDL/generative/flux_1/imgs/a527863d703a44ef9639ecc56fa55b1f.png
-36.435386657714844,-13.120841026306152,0.0,deepfake,1,1,2,2,Deepfake-Fake,/mnt/public/public_datasets/OpenMMSecV2/Deepfake/Fake/EntireFaceSynthesis/WhichisReal/cc36f932daab477dbb9910703e1c02cb.png
-26.677209854125977,-42.59403610229492,0.0,deepfake,1,1,2,2,Deepfake-Fake,/mnt/public/public_datasets/OpenMMSecV2/Deepfake/Fake/FaceEditing/StarGAN/5c4b4936b112429dbecc1756bd508991.jpg
2.6559982299804688,12.19228458404541,0.0,AIGC,0,2,1,3,AIGC-Real,/mnt/public/public_datasets/OpenMMSecV2/AIGC/commercial/wukong/imgs/4cce3f83f74e439fba0bf9ba2b76267d.JPEG
0.5508751273155212,42.86479187011719,0.0,IMDL,1,4,2,8,IMDL-Fake,/mnt/public/public_datasets/OpenMMSecV2/IMDL/non_generative/manual_ps/imgs/2334202845274ca88b338ae099e8c085.jpg
-1.6781975030899048,6.841516494750977,0.0,IMDL,0,4,1,7,IMDL-Real,/mnt/public/public_datasets/OpenMMSecV2/IMDL/generative/flux_1/imgs/7f921d612eb34132b47d1db4f710ba07.png
-3.964296340942383,-22.525142669677734,0.0,AIGC,0,2,1,3,AIGC-Real,/mnt/public/public_datasets/OpenMMSecV2/AIGC/laion/40d723468d2f43a6856948ac14c9a466.jpg
7.560506343841553,8.062677383422852,0.0,IMDL,1,4,2,8,IMDL-Fake,/mnt/public/public_datasets/OpenMMSecV2/IMDL/non_generative/manual_ps/imgs/314931a6865741e7a546cff52e62a992.jpg
-57.205936431884766,0.6484980583190918,0.0,deepfake,0,1,1,1,Deepfake-Real,/mnt/public/public_datasets/OpenMMSecV2/Deepfake/Real/FF++/ed1ac548fc5e4d019a7535ca52e39f10.png
20.971820831298828,25.923545837402344,0.0,IMDL,0,4,1,7,IMDL-Real,/mnt/public/public_datasets/OpenMMSecV2/IMDL/generative/coco/imgs/14c71c3e8fbb4e24b56e597b2c050101.jpg
-48.149410247802734,-6.317706108093262,0.0,deepfake,1,1,2,2,Deepfake-Fake,/mnt/public/public_datasets/OpenMMSecV2/Deepfake/Fake/FaceEditing/e4e/60391c7ec0224d94b5949bbd347b32c6.jpg
-42.012611389160156,-33.870601654052734,0.0,deepfake,1,1,2,2,Deepfake-Fake,/mnt/public/public_datasets/OpenMMSecV2/Deepfake/Fake/EntireFaceSynthesis/SD-2.1/2f8cdfbae2224073a7c37437ca6b3dc8.png
72.05989837646484,-10.751033782958984,0.0,Doc,1,3,2,6,Document-Fake,/mnt/public/public_datasets/OpenMMSecV2/Doc/non_aigc/generation/imgs/36bd0339c4dd49d180b36f733b00ebad.jpg
21.5933780670166,13.147551536560059,0.0,Doc,1,3,2,6,Document-Fake,/mnt/public/public_datasets/OpenMMSecV2/Doc/aigc/textocr/imgs/3ca2ec9f64c24317b5ad79095cb1dbf2.jpg
58.170230865478516,3.0535852909088135,0.0,Doc,0,3,1,5,Document-Real,/mnt/public/public_datasets/OpenMMSecV2/Doc/Real/54b4d29ddfce4884884906aa49d2d8c2.jpg
-8.938973426818848,2.6718459129333496,0.0,IMDL,1,4,2,8,IMDL-Fake,/mnt/public/public_datasets/OpenMMSecV2/IMDL/generative/gan_mat/imgs/098e344ee0bb42308133c7a1b0577bc4.jpg
-52.00797653198242,-14.047478675842285,0.0,deepfake,0,1,1,1,Deepfake-Real,/mnt/public/public_datasets/OpenMMSecV2/Deepfake/Real/FF++/3d80905f782140cba67123cc80095b55.png
39.890907287597656,31.511152267456055,0.0,Doc,1,3,2,6,Document-Fake,/mnt/public/public_datasets/OpenMMSecV2/Doc/aigc/anytext/imgs/0a43ea9109d746c7bc5cbcd161455f81.jpg
60.90904235839844,-30.76978302001953,0.0,Doc,1,3,2,6,Document-Fake,/mnt/public/public_datasets/OpenMMSecV2/Doc/non_aigc/inpaint/imgs/b1a0da4fdb6148ea8ef6b121fe1ec005.jpg
-63.72362518310547,0.7312931418418884,0.0,deepfake,1,1,2,2,Deepfake-Fake,/mnt/public/public_datasets/OpenMMSecV2/Deepfake/Fake/EntireFaceSynthesis/StyleGAN2/0e32ce2bbca74e6a973da27f22243c8d.png
-29.688173294067383,-8.605203628540039,0.0,deepfake,0,1,1,1,Deepfake-Real,/mnt/public/public_datasets/OpenMMSecV2/Deepfake/Real/FFHQ/cfad54a5445049c9863c72e371255c8d.jpg
37.1412239074707,24.912425994873047,0.0,Doc,0,3,1,5,Document-Real,/mnt/public/public_datasets/OpenMMSecV2/Doc/aigc/stefann/imgs/b7737c896bc24408a6d8da8e86eee5fe.jpg
-42.09376907348633,-15.493910789489746,0.0,AIGC,1,2,2,4,AIGC-Fake,/mnt/public/public_datasets/OpenMMSecV2/AIGC/other/online/imgs/4a85583ba18c42e1a432ae64b0f8eec4.jpg
-67.7685775756836,-2.4908125400543213,0.0,deepfake,0,1,1,1,Deepfake-Real,/mnt/public/public_datasets/OpenMMSecV2/Deepfake/Real/CelebDF-v2/cc9df157eeae4b84bd3c79dc0592fcfa.png
-68.7138442993164,3.010392427444458,0.0,deepfake,0,1,1,1,Deepfake-Real,/mnt/public/public_datasets/OpenMMSecV2/Deepfake/Real/CelebDF-v2/809d8379be58497fa068dcc947b848aa.png
-1.2907718420028687,8.000064849853516,0.0,IMDL,1,4,2,8,IMDL-Fake,/mnt/public/public_datasets/OpenMMSecV2/IMDL/non_generative/manual_ps/imgs/562e4eaa761049539ec75834ef5bd787.jpg
-2.466052770614624,34.95920944213867,0.0,IMDL,1,4,2,8,IMDL-Fake,/mnt/public/public_datasets/OpenMMSecV2/IMDL/non_generative/manual_ps/imgs/4a934de9ba1d41cca84fd9c9d8edd69d.tif
-50.684566497802734,-45.83600997924805,0.0,deepfake,0,1,1,1,Deepfake-Real,/mnt/public/public_datasets/OpenMMSecV2/Deepfake/Real/FF++/36c96ffa64fb4baaa2c3d28a0d296f1d.png
71.9136734008789,-9.944831848144531,0.0,Doc,1,3,2,6,Document-Fake,/mnt/public/public_datasets/OpenMMSecV2/Doc/non_aigc/generation/imgs/6e01eb3e48f24a33abe6405d9c0af165.jpg
-41.676876068115234,-35.946590423583984,0.0,deepfake,0,1,1,1,Deepfake-Real,/mnt/public/public_datasets/OpenMMSecV2/Deepfake/Real/FF++/8d8fac9e967246ada57103410a0ade2b.png
39.72398376464844,13.035432815551758,0.0,Doc,0,3,1,5,Document-Real,/mnt/public/public_datasets/OpenMMSecV2/Doc/Real/926805aa2f63462da15cb2531fe1c5c9.jpg
64.78712463378906,-3.754624605178833,0.0,Doc,0,3,1,5,Document-Real,/mnt/public/public_datasets/OpenMMSecV2/Doc/Real/6488cce19f104d388fdced45d649e258.jpg
-0.7289683222770691,-23.603544235229492,0.0,AIGC,1,2,2,4,AIGC-Fake,/mnt/public/public_datasets/OpenMMSecV2/AIGC/other/online/imgs/ae5d09bd502b4537bd0b7734e9ddc9ec.jpg
2.8741495609283447,51.93851089477539,0.0,IMDL,0,4,1,7,IMDL-Real,/mnt/public/public_datasets/OpenMMSecV2/IMDL/non_generative/manual_ps/imgs/813e404be1714dbe8591ee0bc2bda135.jpg
-10.675582885742188,0.7643709182739258,0.0,IMDL,0,4,1,7,IMDL-Real,/mnt/public/public_datasets/OpenMMSecV2/IMDL/generative/coco/imgs/1d0431af64f6491f8b4e50707b01fd26.jpg
-48.13119125366211,-10.114786148071289,0.0,deepfake,0,1,1,1,Deepfake-Real,/mnt/public/public_datasets/OpenMMSecV2/Deepfake/Real/DFD/643a6e38488144a08dbed98da3feb4f6.png
46.55589294433594,-21.4778995513916,0.0,Doc,1,3,2,6,Document-Fake,/mnt/public/public_datasets/OpenMMSecV2/Doc/non_aigc/generation/imgs/6703f0ef1e994080b735d02946b32dc9.jpg
4.1892313957214355,-8.427899360656738,0.0,IMDL,0,4,1,7,IMDL-Real,/mnt/public/public_datasets/OpenMMSecV2/IMDL/generative/coco/imgs/000e2345a342453d803aeefc401afda0.jpg
-2.158686399459839,33.48270797729492,0.0,AIGC,1,2,2,4,AIGC-Fake,/mnt/public/public_datasets/OpenMMSecV2/AIGC/commercial/wukong/imgs/8457872f7b2642f49566e0921a5cbc07.png
-37.318241119384766,-6.248699188232422,0.0,deepfake,0,1,1,1,Deepfake-Real,/mnt/public/public_datasets/OpenMMSecV2/Deepfake/Real/FFHQ/b1f23e5aff384a8696bbd5467375584c.jpeg
-49.39214324951172,-40.381080627441406,0.0,deepfake,0,1,1,1,Deepfake-Real,/mnt/public/public_datasets/OpenMMSecV2/Deepfake/Real/CelebDF-v2/c6af4e46b8334721a74291c407dfd8f5.png
-72.41513061523438,7.705520153045654,0.0,deepfake,0,1,1,1,Deepfake-Real,/mnt/public/public_datasets/OpenMMSecV2/Deepfake/Real/FF++/beb2dd699c79443ea78b078f561b9b6c.png
0.23821841180324554,27.630857467651367,0.0,IMDL,1,4,2,8,IMDL-Fake,/mnt/public/public_datasets/OpenMMSecV2/IMDL/non_generative/manual_ps/imgs/c41bc5717a064ec881fc711c983cd16e.tif
-36.973960876464844,-21.166236877441406,0.0,AIGC,1,2,2,4,AIGC-Fake,/mnt/public/public_datasets/OpenMMSecV2/AIGC/GAN/styleGANs/ba2ae9e2840841b98209f5f24d2e1008.jpg
58.040809631347656,1.4230372905731201,0.0,Doc,0,3,1,5,Document-Real,/mnt/public/public_datasets/OpenMMSecV2/Doc/Real/2bab486b1f7d412992eeb056d8c850ec.jpg
25.462255477905273,34.960594177246094,0.0,IMDL,1,4,2,8,IMDL-Fake,/mnt/public/public_datasets/OpenMMSecV2/IMDL/generative/stable_diffusion/imgs/1bebcc0971024700a058f86f9c5ede8a.png
48.61723709106445,-30.494850158691406,0.0,Doc,0,3,1,5,Document-Real,/mnt/public/public_datasets/OpenMMSecV2/Doc/Real/9ec0d009377841dd8ae162828264ba08.jpg
67.27598571777344,-32.02378463745117,0.0,Doc,0,3,1,5,Document-Real,/mnt/public/public_datasets/OpenMMSecV2/Doc/Real/aba7c65c338f4ff18cc8d90abb0065a7.jpg
67.2123031616211,-29.520477294921875,0.0,Doc,0,3,1,5,Document-Real,/mnt/public/public_datasets/OpenMMSecV2/Doc/Real/868787d7cdee4331b272a2adf061d32b.jpg
-60.167484283447266,-9.260994911193848,0.0,deepfake,0,1,1,1,Deepfake-Real,/mnt/public/public_datasets/OpenMMSecV2/Deepfake/Real/FF++/4316af1963564e06a1557fbbec8be930.png
12.21769905090332,35.84309005737305,0.0,IMDL,1,4,2,8,IMDL-Fake,/mnt/public/public_datasets/OpenMMSecV2/IMDL/generative/paintbyexample/imgs/90b89402119f47ba8627491c054d86e8.jpg
2.4511404037475586,45.402103424072266,0.0,IMDL,0,4,1,7,IMDL-Real,/mnt/public/public_datasets/OpenMMSecV2/IMDL/generative/coco/imgs/77d001b3af4d477b9a25ce7c528d02df.jpg
-3.030735492706299,48.31911849975586,0.0,IMDL,0,4,1,7,IMDL-Real,/mnt/public/public_datasets/OpenMMSecV2/IMDL/generative/flux_1/imgs/468d5f6a6a834e789cb907901e4c2dbe.png
18.23472785949707,-15.891063690185547,0.0,AIGC,0,2,1,3,AIGC-Real,/mnt/public/public_datasets/OpenMMSecV2/AIGC/laion/a12e2863e3d9429c9dc43040eb188a01.jpg
66.9792251586914,-24.332111358642578,0.0,Doc,0,3,1,5,Document-Real,/mnt/public/public_datasets/OpenMMSecV2/Doc/Real/6f26f409de2c4cfaacd808936828c90b.jpg
9.717852592468262,13.695833206176758,0.0,AIGC,1,2,2,4,AIGC-Fake,/mnt/public/public_datasets/OpenMMSecV2/AIGC/pixel_diffusion/adm/imgs/786a02f0eb60485eae7424bb48e04c7f.PNG
20.016489028930664,40.02001190185547,0.0,IMDL,0,4,1,7,IMDL-Real,/mnt/public/public_datasets/OpenMMSecV2/IMDL/generative/coco/imgs/400a9a19f5d54f558ff6f402508ff55b.jpg
14.282312393188477,37.048728942871094,0.0,IMDL,0,4,1,7,IMDL-Real,/mnt/public/public_datasets/OpenMMSecV2/IMDL/generative/coco/imgs/18ae6cabec4449b09f6946b2230f0a95.jpg
-14.131414413452148,26.124147415161133,0.0,deepfake,1,1,2,2,Deepfake-Fake,/mnt/public/public_datasets/OpenMMSecV2/Deepfake/Fake/EntireFaceSynthesis/MidJounery/a2a21e05e1554158bfd94fd0e2145a1f.png
11.367744445800781,9.136490821838379,0.0,IMDL,1,4,2,8,IMDL-Fake,/mnt/public/public_datasets/OpenMMSecV2/IMDL/non_generative/manual_ps/imgs/f99b8ed715f54a42ae2adb66f6ccc7b5.jpg
-43.45840072631836,-30.31658935546875,0.0,deepfake,1,1,2,2,Deepfake-Fake,/mnt/public/public_datasets/OpenMMSecV2/Deepfake/Fake/EntireFaceSynthesis/SD-2.1/58b79eeb7fc9454ca87eb59fd7004150.png
7.498045921325684,-6.320434093475342,0.0,AIGC,1,2,2,4,AIGC-Fake,/mnt/public/public_datasets/OpenMMSecV2/AIGC/pixel_diffusion/glide/imgs/6536c2ce043e47eea780fd6c851c5ded.png
-38.188995361328125,-4.4456071853637695,0.0,AIGC,1,2,2,4,AIGC-Fake,/mnt/public/public_datasets/OpenMMSecV2/AIGC/autoregressive_model/tamingtransformers/024aad8153f04a7dbce32dc54d6b02b2.jpg
47.38896179199219,-39.414493560791016,0.0,Doc,0,3,1,5,Document-Real,/mnt/public/public_datasets/OpenMMSecV2/Doc/Real/5c66435e670a4495852a619f01a430e2.jpg
-31.62179946899414,-28.561126708984375,0.0,AIGC,1,2,2,4,AIGC-Fake,/mnt/public/public_datasets/OpenMMSecV2/AIGC/autoregressive_model/tamingtransformers/32f1daa8ed1742329aa137fee16e6b1b.jpg
-28.016557693481445,-33.866390228271484,0.0,AIGC,1,2,2,4,AIGC-Fake,/mnt/public/public_datasets/OpenMMSecV2/AIGC/autoregressive_model/tamingtransformers/dbc889264bb443de9433a4f13c2ab35a.jpg
64.62629699707031,-30.065462112426758,0.0,Doc,1,3,2,6,Document-Fake,/mnt/public/public_datasets/OpenMMSecV2/Doc/non_aigc/cover/imgs/449f69909e86427c9e7bbf58c32130ff.jpg
8.709539413452148,-0.3295784890651703,0.0,IMDL,0,4,1,7,IMDL-Real,/mnt/public/public_datasets/OpenMMSecV2/IMDL/generative/flux_1/imgs/68f9eaaa4cb44fa1beaed5f929664ce6.png
70.11790466308594,1.434235692024231,0.0,Doc,1,3,2,6,Document-Fake,/mnt/public/public_datasets/OpenMMSecV2/Doc/non_aigc/generation/imgs/3fa9163adbbc416989192fc124fea53a.jpg
-54.14047622680664,-12.864218711853027,0.0,deepfake,1,1,2,2,Deepfake-Fake,/mnt/public/public_datasets/OpenMMSecV2/Deepfake/Fake/FaceSwap/SimSwap/591c885a315d4a25b6d8a74039bf4037.png
-36.44977951049805,-33.66032791137695,0.0,deepfake,1,1,2,2,Deepfake-Fake,/mnt/public/public_datasets/OpenMMSecV2/Deepfake/Fake/FaceEditing/e4e/2e959d2eb7ba44538b56d871adc838c9.jpg
52.71753692626953,-26.96445083618164,0.0,Doc,1,3,2,6,Document-Fake,/mnt/public/public_datasets/OpenMMSecV2/Doc/non_aigc/generation/imgs/94add257544d435c95c06afad36ccb3d.jpg
-2.507296323776245,24.936981201171875,0.0,AIGC,0,2,1,3,AIGC-Real,/mnt/public/public_datasets/OpenMMSecV2/AIGC/laion/07e53464f76743599db8ade90da843e8.jpg
-1.2176929712295532,7.508962631225586,0.0,IMDL,1,4,2,8,IMDL-Fake,/mnt/public/public_datasets/OpenMMSecV2/IMDL/non_generative/manual_ps/imgs/a200a0be1889444188bcdc05a12225b2.jpg
-26.11876106262207,-39.660823822021484,0.0,AIGC,1,2,2,4,AIGC-Fake,/mnt/public/public_datasets/OpenMMSecV2/AIGC/autoregressive_model/tamingtransformers/f36afc353c03405cb63e8e43b035175f.jpg
7.68303918838501,47.08955001831055,0.0,IMDL,0,4,1,7,IMDL-Real,/mnt/public/public_datasets/OpenMMSecV2/IMDL/generative/coco/imgs/5b65f4404230434587cf5990942c5e73.jpg
-2.2530674934387207,30.53367805480957,0.0,IMDL,0,4,1,7,IMDL-Real,/mnt/public/public_datasets/OpenMMSecV2/IMDL/generative/coco/imgs/a94cae5111d041408a6599308bb14056.jpg
-9.333486557006836,-8.807671546936035,0.0,AIGC,1,2,2,4,AIGC-Fake,/mnt/public/public_datasets/OpenMMSecV2/AIGC/other/online/imgs/856b100315cb4855856a76bc2494139b.jpg
25.762977600097656,35.152732849121094,0.0,IMDL,1,4,2,8,IMDL-Fake,/mnt/public/public_datasets/OpenMMSecV2/IMDL/generative/stable_diffusion/imgs/96f1ae814f8b4617a66cc91754f2dbd8.png
-48.86963653564453,-39.92296600341797,0.0,deepfake,0,1,1,1,Deepfake-Real,/mnt/public/public_datasets/OpenMMSecV2/Deepfake/Real/CelebDF-v2/479862d2fb5444e8b8a5c0a4e5cd3b1a.png
-36.46639633178711,-9.387568473815918,0.0,deepfake,0,1,1,1,Deepfake-Real,/mnt/public/public_datasets/OpenMMSecV2/Deepfake/Real/FF++/0b810636e24d4dd2b3e9809d3a5787be.png
-1.8745657205581665,1.8700045347213745,0.0,AIGC,0,2,1,3,AIGC-Real,/mnt/public/public_datasets/OpenMMSecV2/AIGC/laion/c6beff1af64946298395c0e21b551aac.jpg
-69.00257110595703,12.53203010559082,0.0,deepfake,1,1,2,2,Deepfake-Fake,/mnt/public/public_datasets/OpenMMSecV2/Deepfake/Fake/FaceSwap/FaceShifter/8d620b03a294472c942e3cad90562f93.png
31.428457260131836,12.822142601013184,0.0,AIGC,0,2,1,3,AIGC-Real,/mnt/public/public_datasets/OpenMMSecV2/AIGC/laion/50c88772e3ec4f769b17cc527bc3cde4.jpg
-54.48324203491211,11.548845291137695,0.0,deepfake,0,1,1,1,Deepfake-Real,/mnt/public/public_datasets/OpenMMSecV2/Deepfake/Real/CelebDF-v2/f47f8371273e4562b7dbf21616bb086b.png
-56.508636474609375,4.980976104736328,0.0,deepfake,1,1,2,2,Deepfake-Fake,/mnt/public/public_datasets/OpenMMSecV2/Deepfake/Fake/FaceSwap/FaceDancer/fd0d7f5b82824cdc84fe4c21f95cc848.png
-0.8054481744766235,39.45330810546875,0.0,AIGC,0,2,1,3,AIGC-Real,/mnt/public/public_datasets/OpenMMSecV2/AIGC/laion/1429ba89deca4a3fa74f08d2eb1b6ccb.jpg
33.95964050292969,14.958179473876953,0.0,Doc,0,3,1,5,Document-Real,/mnt/public/public_datasets/OpenMMSecV2/Doc/Real/bbe82a0cb0b74917a1859338974c3c2c.jpg
20.577377319335938,-3.8440282344818115,0.0,IMDL,1,4,2,8,IMDL-Fake,/mnt/public/public_datasets/OpenMMSecV2/IMDL/non_generative/manual_ps/imgs/ac819ec0e2254f81901e7724463b9af8.tif
61.55602264404297,1.9190069437026978,0.0,Doc,0,3,1,5,Document-Real,/mnt/public/public_datasets/OpenMMSecV2/Doc/Real/388399454df242eea28e955df173fe81.jpg
-26.08306884765625,13.797563552856445,0.0,IMDL,0,4,1,7,IMDL-Real,/mnt/public/public_datasets/OpenMMSecV2/IMDL/generative/stable_diffusion/imgs/f272cf697c884daeb0f6ad45fc9d53d6.png
5.464447975158691,48.06688690185547,0.0,IMDL,0,4,1,7,IMDL-Real,/mnt/public/public_datasets/OpenMMSecV2/IMDL/generative/coco/imgs/a46319ef7d3d4aae879b72deba376113.jpg
-45.30330276489258,-29.536651611328125,0.0,deepfake,0,1,1,1,Deepfake-Real,/mnt/public/public_datasets/OpenMMSecV2/Deepfake/Real/FF++/9f9095e4b0f44a51948c912b412675bf.png
-6.240810394287109,34.07736587524414,0.0,AIGC,1,2,2,4,AIGC-Fake,/mnt/public/public_datasets/OpenMMSecV2/AIGC/latent_diffusion/systematic/dd6a35a4b8eb408bb64ff0ceab203a33.jpg
-21.705095291137695,26.280553817749023,0.0,Doc,0,3,1,5,Document-Real,/mnt/public/public_datasets/OpenMMSecV2/Doc/Real/3dbdd784ac3246be8718121a16dff53d.jpg
-12.040369033813477,-0.4149337112903595,0.0,IMDL,1,4,2,8,IMDL-Fake,/mnt/public/public_datasets/OpenMMSecV2/IMDL/non_generative/manual_ps/imgs/db544a601d9b46e6b44edd4d36478716.jpg
14.571295738220215,-15.804426193237305,0.0,AIGC,0,2,1,3,AIGC-Real,/mnt/public/public_datasets/OpenMMSecV2/AIGC/laion/332267fa778647969da1e4638ed15f9f.jpg
60.77890396118164,-35.127933502197266,0.0,Doc,1,3,2,6,Document-Fake,/mnt/public/public_datasets/OpenMMSecV2/Doc/non_aigc/generation/imgs/ce7ecaac78e24b578423cec53c334e40.jpg
25.6251163482666,-10.678165435791016,0.0,AIGC,0,2,1,3,AIGC-Real,/mnt/public/public_datasets/OpenMMSecV2/AIGC/laion/1e9714285d124f53933a9166a5e4314a.jpg
48.451568603515625,-41.96482849121094,0.0,Doc,0,3,1,5,Document-Real,/mnt/public/public_datasets/OpenMMSecV2/Doc/Real/1899b0a6b6794c6986f35ec49f192cd5.jpg
-7.262557029724121,6.709145545959473,0.0,AIGC,0,2,1,3,AIGC-Real,/mnt/public/public_datasets/OpenMMSecV2/AIGC/laion/30bbf6ebf2d04739946f8580e6207431.jpg
-61.84145736694336,16.295726776123047,0.0,deepfake,1,1,2,2,Deepfake-Fake,/mnt/public/public_datasets/OpenMMSecV2/Deepfake/Fake/FaceSwap/FaceDancer/1014ec602c25498bbaff517b26b6260e.png
-9.461883544921875,42.89432144165039,0.0,IMDL,1,4,2,8,IMDL-Fake,/mnt/public/public_datasets/OpenMMSecV2/IMDL/generative/gan_mat/imgs/846299bbbf434f82966c43abb283f714.tiff
-0.956660270690918,22.391748428344727,0.0,AIGC,1,2,2,4,AIGC-Fake,/mnt/public/public_datasets/OpenMMSecV2/AIGC/other/online/imgs/1ef539ba08c84ae9aa64baae41e4e9a6.jpg
-13.917681694030762,-21.83014678955078,0.0,AIGC,1,2,2,4,AIGC-Fake,/mnt/public/public_datasets/OpenMMSecV2/AIGC/other/online/imgs/68348d7f9e814a9b86889645e6fd7f21.jpg
13.672273635864258,-19.19565773010254,0.0,AIGC,0,2,1,3,AIGC-Real,/mnt/public/public_datasets/OpenMMSecV2/AIGC/laion/3a1e1b137ca2414bbeb1777e5e6dd4f8.jpg
8.411701202392578,3.022540330886841,0.0,Doc,1,3,2,6,Document-Fake,/mnt/public/public_datasets/OpenMMSecV2/Doc/aigc/textocr/imgs/15ee7b45bc8e4538b3d17cc71b78239a.jpg
40.80531692504883,29.31867790222168,0.0,Doc,0,3,1,5,Document-Real,/mnt/public/public_datasets/OpenMMSecV2/Doc/Real/4a83760a13884a4fa80ea8f0e226be68.jpg
24.05683135986328,-11.530542373657227,0.0,IMDL,1,4,2,8,IMDL-Fake,/mnt/public/public_datasets/OpenMMSecV2/IMDL/non_generative/manual_ps/imgs/5c4153a727924b45b8335d16e252e0da.jpg
14.165379524230957,34.75360870361328,0.0,IMDL,0,4,1,7,IMDL-Real,/mnt/public/public_datasets/OpenMMSecV2/IMDL/generative/coco/imgs/b612684269ee435ebe4fb6b38d98d380.jpg
-15.91291618347168,-18.590145111083984,0.0,AIGC,1,2,2,4,AIGC-Fake,/mnt/public/public_datasets/OpenMMSecV2/AIGC/commercial/dalle/3fbfc3eda76c478f939f0b04aa804c6b.jpg
-38.81133270263672,-4.902956485748291,0.0,AIGC,1,2,2,4,AIGC-Fake,/mnt/public/public_datasets/OpenMMSecV2/AIGC/autoregressive_model/tamingtransformers/6fbba2384a14411b89f4ad145c95952d.jpg
53.122413635253906,-40.381099700927734,0.0,Doc,1,3,2,6,Document-Fake,/mnt/public/public_datasets/OpenMMSecV2/Doc/non_aigc/inpaint/imgs/7b7b1818d7b74bc9a18d44dfc8ceb236.jpg
-26.17744255065918,15.1171293258667,0.0,IMDL,1,4,2,8,IMDL-Fake,/mnt/public/public_datasets/OpenMMSecV2/IMDL/non_generative/manual_ps/imgs/ca8774f2899a4c20b90580c00ef61f86.jpg
50.548301696777344,-1.321230411529541,0.0,Doc,1,3,2,6,Document-Fake,/mnt/public/public_datasets/OpenMMSecV2/Doc/non_aigc/copy-move/imgs/9502a8137eb64b2497e2f1be27b8bd64.jpg
9.6961030960083,13.641172409057617,0.0,AIGC,0,2,1,3,AIGC-Real,/mnt/public/public_datasets/OpenMMSecV2/AIGC/pixel_diffusion/glide/imgs/a05a4ed1aa9941d290ecc63af08fc7c2.JPEG
63.89788055419922,1.2269368171691895,0.0,Doc,1,3,2,6,Document-Fake,/mnt/public/public_datasets/OpenMMSecV2/Doc/non_aigc/generation/imgs/5d1841fc6fa144c89908383756620e48.jpg
8.459942817687988,-8.081707954406738,0.0,AIGC,0,2,1,3,AIGC-Real,/mnt/public/public_datasets/OpenMMSecV2/AIGC/laion/da446e4dfad1464a97e9b2473dcc9c13.jpg
6.122541427612305,-2.675691843032837,0.0,AIGC,1,2,2,4,AIGC-Fake,/mnt/public/public_datasets/OpenMMSecV2/AIGC/commercial/imagen/b2b925b1ff174c3e8c0bdaf5e2f46a18.jpg
50.182071685791016,-8.9823637008667,0.0,Doc,1,3,2,6,Document-Fake,/mnt/public/public_datasets/OpenMMSecV2/Doc/non_aigc/copy-move/imgs/2426daaa30294474834996ac4d18f065.jpg
-33.78755187988281,-9.680537223815918,0.0,deepfake,0,1,1,1,Deepfake-Real,/mnt/public/public_datasets/OpenMMSecV2/Deepfake/Real/VFHQ/afac56854c1a425f81e5386dd4cb55b7.png
47.5460319519043,-32.0396728515625,0.0,Doc,0,3,1,5,Document-Real,/mnt/public/public_datasets/OpenMMSecV2/Doc/Real/3028a52b264344c689965781426cdc54.jpg
-0.924380362033844,-4.382238864898682,0.0,IMDL,1,4,2,8,IMDL-Fake,/mnt/public/public_datasets/OpenMMSecV2/IMDL/generative/stable_diffusion/imgs/419bcaa8b0334a18b03f9234a61de05a.png
-4.250880241394043,48.9163703918457,0.0,IMDL,1,4,2,8,IMDL-Fake,/mnt/public/public_datasets/OpenMMSecV2/IMDL/generative/flux_1/imgs/1599e20e4c2b40f8b283abe7d887abbd.png
6.033423900604248,-4.6078009605407715,0.0,AIGC,1,2,2,4,AIGC-Fake,/mnt/public/public_datasets/OpenMMSecV2/AIGC/pixel_diffusion/adm/imgs/0d0435c50b104520938cf4a16217ed81.PNG
0.5428056716918945,1.845570683479309,0.0,AIGC,1,2,2,4,AIGC-Fake,/mnt/public/public_datasets/OpenMMSecV2/AIGC/other/online/imgs/1623183a56eb428eb5087efe3db2eb9c.jpg
48.68279266357422,-39.72930145263672,0.0,Doc,0,3,1,5,Document-Real,/mnt/public/public_datasets/OpenMMSecV2/Doc/Real/b9193cd0f2dd4fa085ecd9fe884f62aa.jpg
-2.5084056854248047,46.14619827270508,0.0,IMDL,1,4,2,8,IMDL-Fake,/mnt/public/public_datasets/OpenMMSecV2/IMDL/non_generative/manual_ps/imgs/3bf6f5ecb94d4ea4a3e7f9405a7e8e5f.jpg
53.04855728149414,-15.71802043914795,0.0,Doc,1,3,2,6,Document-Fake,/mnt/public/public_datasets/OpenMMSecV2/Doc/non_aigc/generation/imgs/c789f4afabaf47bca5b2cd805fcf75a8.jpg
27.311281204223633,10.356253623962402,0.0,Doc,1,3,2,6,Document-Fake,/mnt/public/public_datasets/OpenMMSecV2/Doc/aigc/udifftext/imgs/d6741ad4807340a6b012d5f3e60b1005.jpg
-64.82103729248047,4.1499342918396,0.0,deepfake,1,1,2,2,Deepfake-Fake,/mnt/public/public_datasets/OpenMMSecV2/Deepfake/Fake/FaceReenactment/DaGAN/d8251d1f6f5e4e788b5a7df795e8afac.png
-32.16550827026367,-26.615434646606445,0.0,deepfake,1,1,2,2,Deepfake-Fake,/mnt/public/public_datasets/OpenMMSecV2/Deepfake/Fake/FaceEditing/e4e/87a2025116dc4abc99b3662e78fa1456.jpg
-49.424556732177734,-4.940672397613525,0.0,AIGC,1,2,2,4,AIGC-Fake,/mnt/public/public_datasets/OpenMMSecV2/AIGC/autoregressive_model/tamingtransformers/4d0767d921e049359257242749139df2.jpg
-22.333940505981445,24.93145751953125,0.0,IMDL,0,4,1,7,IMDL-Real,/mnt/public/public_datasets/OpenMMSecV2/IMDL/generative/stable_diffusion/imgs/844adf2a28a0459897a79539e83427a9.png
-8.87820816040039,43.024505615234375,0.0,IMDL,0,4,1,7,IMDL-Real,/mnt/public/public_datasets/OpenMMSecV2/IMDL/generative/coco/imgs/08bb392c1967437fa74c6ef2eeba6452.jpg
-49.72415542602539,-18.299423217773438,0.0,deepfake,0,1,1,1,Deepfake-Real,/mnt/public/public_datasets/OpenMMSecV2/Deepfake/Real/DFD/ea739cbbc8ea4e5b8dbb756129de32f1.png
-37.88169479370117,-15.928337097167969,0.0,deepfake,1,1,2,2,Deepfake-Fake,/mnt/public/public_datasets/OpenMMSecV2/Deepfake/Fake/FaceEditing/e4e/b92c3958b495491ba93458da278dea85.jpg
-7.659806728363037,1.4462761878967285,0.0,IMDL,0,4,1,7,IMDL-Real,/mnt/public/public_datasets/OpenMMSecV2/IMDL/generative/coco/imgs/60942e64d75c44109253987ffbe81098.jpg
13.216642379760742,-7.431900501251221,0.0,AIGC,0,2,1,3,AIGC-Real,/mnt/public/public_datasets/OpenMMSecV2/AIGC/laion/8c41faf118074a459031442f727c37a6.jpg
-48.34062576293945,-2.3347864151000977,0.0,deepfake,1,1,2,2,Deepfake-Fake,/mnt/public/public_datasets/OpenMMSecV2/Deepfake/Fake/FaceEditing/StarGANv2/b3d0e830519e46b59af32ea05fe057f5.jpg
-29.000288009643555,-28.655351638793945,0.0,AIGC,1,2,2,4,AIGC-Fake,/mnt/public/public_datasets/OpenMMSecV2/AIGC/autoregressive_model/tamingtransformers/90011df70a3a4ca1b447d3db8111ab71.jpg
-28.764328002929688,-8.402099609375,0.0,IMDL,0,4,1,7,IMDL-Real,/mnt/public/public_datasets/OpenMMSecV2/IMDL/non_generative/manual_ps/imgs/bc85f1f5b69843c4860b356302e9c4a0.jpg
8.524771690368652,3.003000259399414,0.0,Doc,1,3,2,6,Document-Fake,/mnt/public/public_datasets/OpenMMSecV2/Doc/aigc/textocr/imgs/32f360cbbd5142e09e75ed66d100e2e9.jpg
1.4302834272384644,4.5029377937316895,0.0,IMDL,0,4,1,7,IMDL-Real,/mnt/public/public_datasets/OpenMMSecV2/IMDL/generative/stable_diffusion/imgs/0390c313fed548219e4cc5ac0c7842ec.png
28.795433044433594,17.28153419494629,0.0,Doc,0,3,1,5,Document-Real,/mnt/public/public_datasets/OpenMMSecV2/Doc/Real/e62b8bd995594913903fc0e7d4ba4d2b.jpg
-39.17502975463867,-29.14903450012207,0.0,deepfake,1,1,2,2,Deepfake-Fake,/mnt/public/public_datasets/OpenMMSecV2/Deepfake/Fake/FaceSwap/FSGAN/05e3684e7b4c4d68be880e80cb6aaaa5.png
-5.704892635345459,47.87325668334961,0.0,IMDL,0,4,1,7,IMDL-Real,/mnt/public/public_datasets/OpenMMSecV2/IMDL/generative/coco/imgs/5cbaf13d9adb433598a10dcb747c422d.jpg
52.1304817199707,-2.3838138580322266,0.0,Doc,1,3,2,6,Document-Fake,/mnt/public/public_datasets/OpenMMSecV2/Doc/non_aigc/generation/imgs/f5631e931546404486534631d3641186.jpg
3.1357581615448,16.243154525756836,0.0,AIGC,1,2,2,4,AIGC-Fake,/mnt/public/public_datasets/OpenMMSecV2/AIGC/other/online/imgs/7cdf6004292b4cd39eefbdac28d76b10.jpg
6.215325355529785,2.3393163681030273,0.0,AIGC,1,2,2,4,AIGC-Fake,/mnt/public/public_datasets/OpenMMSecV2/AIGC/pixel_diffusion/adm/imgs/be49c35d7621499790e9e4dbf887ad46.PNG
19.767738342285156,-10.073010444641113,0.0,AIGC,1,2,2,4,AIGC-Fake,/mnt/public/public_datasets/OpenMMSecV2/AIGC/GAN/styleGANs/b97a2fb748c84e80a2a9dcdafab5e6bd.jpg
-8.500885963439941,1.2310370206832886,0.0,IMDL,1,4,2,8,IMDL-Fake,/mnt/public/public_datasets/OpenMMSecV2/IMDL/non_generative/manual_ps/imgs/eed41cfc874847f9a1fa452d0e10ba72.jpg
-64.62191009521484,7.204932689666748,0.0,deepfake,1,1,2,2,Deepfake-Fake,/mnt/public/public_datasets/OpenMMSecV2/Deepfake/Fake/FaceReenactment/TPSMM/03335fa8995f4661a169d2cd4f3033db.png
-44.64420700073242,-29.23694610595703,0.0,deepfake,0,1,1,1,Deepfake-Real,/mnt/public/public_datasets/OpenMMSecV2/Deepfake/Real/FF++/da2ba8df45914216bb72280f96513c8b.png
-5.6835432052612305,-9.868659019470215,0.0,IMDL,1,4,2,8,IMDL-Fake,/mnt/public/public_datasets/OpenMMSecV2/IMDL/generative/stable_diffusion/imgs/118c749c874d4089a63918085b1429ee.png
-44.54115295410156,-48.50811004638672,0.0,deepfake,1,1,2,2,Deepfake-Fake,/mnt/public/public_datasets/OpenMMSecV2/Deepfake/Fake/EntireFaceSynthesis/DiT-XL/eaa83c959f0f4a86a7b4fe4a197c721c.png
-48.067787170410156,-41.40193557739258,0.0,deepfake,0,1,1,1,Deepfake-Real,/mnt/public/public_datasets/OpenMMSecV2/Deepfake/Real/FF++/d67cadbed29643868c13588369857014.png
-67.98235321044922,3.8982293605804443,0.0,deepfake,1,1,2,2,Deepfake-Fake,/mnt/public/public_datasets/OpenMMSecV2/Deepfake/Fake/FaceSwap/FaceShifter/2b7eb40a506841a78f8ab5b4d6f3b70b.png
48.58110427856445,-38.6540641784668,0.0,Doc,0,3,1,5,Document-Real,/mnt/public/public_datasets/OpenMMSecV2/Doc/Real/d69b4346376a46c4b11da4d57541d5e8.jpg
-34.024681091308594,-30.69529914855957,0.0,deepfake,1,1,2,2,Deepfake-Fake,/mnt/public/public_datasets/OpenMMSecV2/Deepfake/Fake/FaceEditing/e4e/baee6017925842baae70d391ff6a2cde.jpg
19.919105529785156,23.2890682220459,0.0,IMDL,1,4,2,8,IMDL-Fake,/mnt/public/public_datasets/OpenMMSecV2/IMDL/generative/flux_1/imgs/18506933641a44d288202855c7fa866f.png
-67.80110931396484,10.946815490722656,0.0,deepfake,1,1,2,2,Deepfake-Fake,/mnt/public/public_datasets/OpenMMSecV2/Deepfake/Fake/FaceSwap/InSwapper/b01cd8045bde4a58a1491bb350733f72.png
-69.5759506225586,8.198627471923828,0.0,deepfake,0,1,1,1,Deepfake-Real,/mnt/public/public_datasets/OpenMMSecV2/Deepfake/Real/CelebDF-v2/b0f73233cd9a4d39b9a6c7c6a0b51161.png
32.8126106262207,25.803213119506836,0.0,Doc,0,3,1,5,Document-Real,/mnt/public/public_datasets/OpenMMSecV2/Doc/Real/fe3ba5fb7afe4f06b1233a2337d72214.jpg
-52.04127883911133,-10.669776916503906,0.0,deepfake,0,1,1,1,Deepfake-Real,/mnt/public/public_datasets/OpenMMSecV2/Deepfake/Real/CelebDF-v2/f361cb3076d14735a78cd963acee389d.png
18.34735679626465,35.819679260253906,0.0,IMDL,1,4,2,8,IMDL-Fake,/mnt/public/public_datasets/OpenMMSecV2/IMDL/generative/gan_mat/imgs/aefdea7f4d304c7f97a9fa8af2b7ccca.jpg
-73.72332000732422,8.817485809326172,0.0,deepfake,0,1,1,1,Deepfake-Real,/mnt/public/public_datasets/OpenMMSecV2/Deepfake/Real/UADFV/591b5bc7348245ba851188b7a5c7bb61.png
-39.17363739013672,0.23410886526107788,0.0,IMDL,0,4,1,7,IMDL-Real,/mnt/public/public_datasets/OpenMMSecV2/IMDL/non_generative/manual_ps/imgs/94f47530981f4ef99a551e5e24e132b2.jpg
-62.093955993652344,-4.402684211730957,0.0,deepfake,1,1,2,2,Deepfake-Fake,/mnt/public/public_datasets/OpenMMSecV2/Deepfake/Fake/FaceSwap/BlendFace/8998dc022a3c46928feb685277e08426.png
1.1659809350967407,38.16619873046875,0.0,IMDL,0,4,1,7,IMDL-Real,/mnt/public/public_datasets/OpenMMSecV2/IMDL/generative/coco/imgs/36ff4190a3784b19b704dbef791266bd.jpg
67.30908203125,2.058651924133301,0.0,Doc,1,3,2,6,Document-Fake,/mnt/public/public_datasets/OpenMMSecV2/Doc/non_aigc/copy-move/imgs/a1e1b687e1994d7faae1392899395d11.jpg
5.494845867156982,-7.5500359535217285,0.0,IMDL,1,4,2,8,IMDL-Fake,/mnt/public/public_datasets/OpenMMSecV2/IMDL/non_generative/manual_ps/imgs/3adbe7cbbfc6464eb75dce09c5cfd299.tif
49.07899856567383,-39.064537048339844,0.0,Doc,0,3,1,5,Document-Real,/mnt/public/public_datasets/OpenMMSecV2/Doc/Real/ba68577efd7a4afdae3ff5f3b0da261c.jpg
69.30412292480469,-31.306312561035156,0.0,Doc,0,3,1,5,Document-Real,/mnt/public/public_datasets/OpenMMSecV2/Doc/Real/6c32329804d2450094c56ccc958a2662.jpg
4.5366106033325195,21.44197654724121,0.0,AIGC,0,2,1,3,AIGC-Real,/mnt/public/public_datasets/OpenMMSecV2/AIGC/other/online/imgs/e83ae2e4213d44ccab7c2c3786d75138.jpg
-50.20620346069336,7.735178470611572,0.0,deepfake,0,1,1,1,Deepfake-Real,/mnt/public/public_datasets/OpenMMSecV2/Deepfake/Real/CelebDF-v2/31b1975646d44c8fbf17486cfc185cfa.png
32.5835075378418,12.488873481750488,0.0,Doc,1,3,2,6,Document-Fake,/mnt/public/public_datasets/OpenMMSecV2/Doc/aigc/textocr/imgs/299ab99bd39d452185b6cbf55e3458ba.jpg
15.229455947875977,-11.480599403381348,0.0,AIGC,0,2,1,3,AIGC-Real,/mnt/public/public_datasets/OpenMMSecV2/AIGC/laion/c2f891a43eaf4522b570e905a07552cd.jpg
23.43073081970215,40.445289611816406,0.0,IMDL,1,4,2,8,IMDL-Fake,/mnt/public/public_datasets/OpenMMSecV2/IMDL/generative/paintbyexample/imgs/bb4e3ff728df4a5785fa24faa871cdb3.png
-2.1615850925445557,14.727468490600586,0.0,AIGC,1,2,2,4,AIGC-Fake,/mnt/public/public_datasets/OpenMMSecV2/AIGC/latent_diffusion/systematic/d1ee132d7db54464b1e9cdeaa8cd0c55.jpg
-68.53192901611328,6.4423699378967285,0.0,deepfake,0,1,1,1,Deepfake-Real,/mnt/public/public_datasets/OpenMMSecV2/Deepfake/Real/CelebDF-v2/337360021ce646ce9c4365a28ef5dc99.png
-41.13502502441406,-26.169206619262695,0.0,deepfake,1,1,2,2,Deepfake-Fake,/mnt/public/public_datasets/OpenMMSecV2/Deepfake/Fake/FaceSwap/BlendFace/4131ec3f63264680936be0346846c884.png
15.704336166381836,37.81760025024414,0.0,IMDL,1,4,2,8,IMDL-Fake,/mnt/public/public_datasets/OpenMMSecV2/IMDL/generative/paintbyexample/imgs/934e048561c6469daa648ba993b47b82.jpg
-49.340274810791016,-25.761676788330078,0.0,deepfake,1,1,2,2,Deepfake-Fake,/mnt/public/public_datasets/OpenMMSecV2/Deepfake/Fake/EntireFaceSynthesis/SD-2.1/b17bc34af9c24776a0f99a4f88e618f4.png
-16.375585556030273,16.701534271240234,0.0,IMDL,0,4,1,7,IMDL-Real,/mnt/public/public_datasets/OpenMMSecV2/IMDL/non_generative/manual_ps/imgs/ff4c50f30d8d405ab69a949eba31e1f5.jpg
-25.178455352783203,-38.69042205810547,0.0,deepfake,1,1,2,2,Deepfake-Fake,/mnt/public/public_datasets/OpenMMSecV2/Deepfake/Fake/FaceEditing/StarGANv2/f585eaf99ead4883a6141c49afde2d9e.jpg
9.014225959777832,3.330888271331787,0.0,AIGC,0,2,1,3,AIGC-Real,/mnt/public/public_datasets/OpenMMSecV2/AIGC/other/online/imgs/56dc1c6e15c442e2a4c7eb41681324ab.jpg
37.61780548095703,13.100147247314453,0.0,Doc,0,3,1,5,Document-Real,/mnt/public/public_datasets/OpenMMSecV2/Doc/Real/c3b0df96162a46adb19837114b889d26.jpg
-7.1318745613098145,3.4133729934692383,0.0,IMDL,1,4,2,8,IMDL-Fake,/mnt/public/public_datasets/OpenMMSecV2/IMDL/non_generative/manual_ps/imgs/9980e9d031db4f409cdcfe1ac8123007.jpg
-43.01685333251953,-36.6134147644043,0.0,deepfake,1,1,2,2,Deepfake-Fake,/mnt/public/public_datasets/OpenMMSecV2/Deepfake/Fake/EntireFaceSynthesis/StyleGAN3/c9a7a38ffade4815b04952b0a7aa90a4.png
19.834415435791016,-14.87801742553711,0.0,AIGC,0,2,1,3,AIGC-Real,/mnt/public/public_datasets/OpenMMSecV2/AIGC/laion/fc54963cad094e408706aa963efd9441.jpg
-49.120361328125,-49.14984130859375,0.0,deepfake,0,1,1,1,Deepfake-Real,/mnt/public/public_datasets/OpenMMSecV2/Deepfake/Real/FF++/5645355f4d154e80a62030890dd13a59.png
12.012083053588867,-16.355777740478516,0.0,AIGC,0,2,1,3,AIGC-Real,/mnt/public/public_datasets/OpenMMSecV2/AIGC/laion/ac3bded121084563a01552985ac681b1.jpg
-49.7822265625,-18.118505477905273,0.0,deepfake,0,1,1,1,Deepfake-Real,/mnt/public/public_datasets/OpenMMSecV2/Deepfake/Real/DFD/2464e9e3bd0b41069ff55119ecbc563c.png
-58.71865463256836,12.202178001403809,0.0,deepfake,1,1,2,2,Deepfake-Fake,/mnt/public/public_datasets/OpenMMSecV2/Deepfake/Fake/FaceSwap/InSwapper/f062266de2cf4b4eb1054fbb286f66c9.png
-0.08591710031032562,43.85321807861328,0.0,AIGC,1,2,2,4,AIGC-Fake,/mnt/public/public_datasets/OpenMMSecV2/AIGC/other/online/imgs/f21bb859ad0f4eec8f3669ea73d96704.jpg
-27.53810691833496,39.41341018676758,0.0,Doc,0,3,1,5,Document-Real,/mnt/public/public_datasets/OpenMMSecV2/Doc/Real/814ed3cd663b4b31a7f2879fd647e967.jpg
66.13463592529297,-24.839380264282227,0.0,Doc,0,3,1,5,Document-Real,/mnt/public/public_datasets/OpenMMSecV2/Doc/Real/fdfbd8e3573c4dd3a6378d9f167fd2e6.jpg
34.529640197753906,8.021320343017578,0.0,Doc,0,3,1,5,Document-Real,/mnt/public/public_datasets/OpenMMSecV2/Doc/Real/b7fd232ebe524469bd5d3bbf2bf5f4ee.jpg
19.537294387817383,37.55132293701172,0.0,AIGC,0,2,1,3,AIGC-Real,/mnt/public/public_datasets/OpenMMSecV2/AIGC/laion/31f9d7a61ba24a1f908610b4267c7ea9.jpg
38.385921478271484,30.72608757019043,0.0,Doc,0,3,1,5,Document-Real,/mnt/public/public_datasets/OpenMMSecV2/Doc/aigc/derend/imgs/c985d9d397304816a9b00074f411a826.jpg
-30.090517044067383,-32.74654769897461,0.0,AIGC,1,2,2,4,AIGC-Fake,/mnt/public/public_datasets/OpenMMSecV2/AIGC/autoregressive_model/tamingtransformers/e7767e1a597041ba8525052a1878ba3a.jpg
41.8729248046875,28.983291625976562,0.0,AIGC,0,2,1,3,AIGC-Real,/mnt/public/public_datasets/OpenMMSecV2/AIGC/laion/f0d88c1206d6409cb8da59a6ef6c35a5.jpg
7.781887531280518,46.99300003051758,0.0,IMDL,0,4,1,7,IMDL-Real,/mnt/public/public_datasets/OpenMMSecV2/IMDL/generative/coco/imgs/747fb176ea1040af86dad1d218867b14.jpg
-8.931551933288574,42.880332946777344,0.0,IMDL,0,4,1,7,IMDL-Real,/mnt/public/public_datasets/OpenMMSecV2/IMDL/generative/coco/imgs/c23fd36e8bd844a887953a3e3dfb1752.jpg
-77.04566192626953,10.973200798034668,0.0,deepfake,0,1,1,1,Deepfake-Real,/mnt/public/public_datasets/OpenMMSecV2/Deepfake/Real/CelebDF-v2/9d394ba068c7468ca5d48f8596ef56b6.png
25.974319458007812,40.45498275756836,0.0,Doc,0,3,1,5,Document-Real,/mnt/public/public_datasets/OpenMMSecV2/Doc/Real/fa2e7bcbaa6e4cf3a66a8c83b2278054.jpg
-12.304108619689941,-8.762655258178711,0.0,AIGC,0,2,1,3,AIGC-Real,/mnt/public/public_datasets/OpenMMSecV2/AIGC/laion/ae1b44f72ec54584928f940ef6cc2c72.jpg
-54.539615631103516,0.42096030712127686,0.0,deepfake,1,1,2,2,Deepfake-Fake,/mnt/public/public_datasets/OpenMMSecV2/Deepfake/Fake/FaceSwap/FaceDancer/b9a61e91f1a04c37978bb10d0b3ba328.png
-15.25585651397705,2.8732945919036865,0.0,IMDL,0,4,1,7,IMDL-Real,/mnt/public/public_datasets/OpenMMSecV2/IMDL/generative/flux_1/imgs/baac6178547c4c669dba49fa9e3e9392.png
-35.43538284301758,-3.1442112922668457,0.0,deepfake,1,1,2,2,Deepfake-Fake,/mnt/public/public_datasets/OpenMMSecV2/Deepfake/Fake/FaceEditing/StarGAN/57f8711666aa40f8babd7456e0faca9c.jpg
2.9392013549804688,15.439168930053711,0.0,IMDL,1,4,2,8,IMDL-Fake,/mnt/public/public_datasets/OpenMMSecV2/IMDL/non_generative/manual_ps/imgs/0dc49792e96a40b180ca4d6cd6f4c83c.jpg
-0.3275038003921509,20.297115325927734,0.0,IMDL,0,4,1,7,IMDL-Real,/mnt/public/public_datasets/OpenMMSecV2/IMDL/generative/coco/imgs/c26ad3b861a24f5b9691adf1bdb7aecd.jpg
-67.50371551513672,8.551025390625,0.0,deepfake,1,1,2,2,Deepfake-Fake,/mnt/public/public_datasets/OpenMMSecV2/Deepfake/Fake/FaceReenactment/DaGAN/a4a5989066ba46dbbe6059b04f77fba0.png
26.319778442382812,-15.674365997314453,0.0,AIGC,0,2,1,3,AIGC-Real,/mnt/public/public_datasets/OpenMMSecV2/AIGC/laion/42f567bc22c24e969aceae076748371d.jpg
54.450260162353516,-21.337646484375,0.0,Doc,1,3,2,6,Document-Fake,/mnt/public/public_datasets/OpenMMSecV2/Doc/non_aigc/cpmv/imgs/a48870d5d2f741bdbd251a81c40d5ec6.jpg
-23.505840301513672,4.777952194213867,0.0,deepfake,0,1,1,1,Deepfake-Real,/mnt/public/public_datasets/OpenMMSecV2/Deepfake/Real/DFD/8aa1aa07adae431898587a0083ba7da7.png
28.221420288085938,9.900259017944336,0.0,IMDL,1,4,2,8,IMDL-Fake,/mnt/public/public_datasets/OpenMMSecV2/IMDL/non_generative/manual_ps/imgs/207d3d19fbb34a13aea89b00190dba4f.jpg
-15.838403701782227,-22.839784622192383,0.0,deepfake,0,1,1,1,Deepfake-Real,/mnt/public/public_datasets/OpenMMSecV2/Deepfake/Real/FFHQ/ef9a87f3f6a344fd94336250f326b92c.jpeg
5.145616054534912,-3.397307872772217,0.0,AIGC,1,2,2,4,AIGC-Fake,/mnt/public/public_datasets/OpenMMSecV2/AIGC/commercial/wukong/imgs/c52e489f3d9b4567b7acfbf4053ca977.png
0.23922047019004822,42.75920867919922,0.0,AIGC,0,2,1,3,AIGC-Real,/mnt/public/public_datasets/OpenMMSecV2/AIGC/other/online/imgs/7a319f9c02c643378ee1dd6a192c3eb7.jpg
14.609585762023926,37.01914596557617,0.0,IMDL,0,4,1,7,IMDL-Real,/mnt/public/public_datasets/OpenMMSecV2/IMDL/generative/coco/imgs/f70e1a01ba0c47ee8ac5ebc5ea1760e9.jpg
-19.284883499145508,9.25605583190918,0.0,IMDL,0,4,1,7,IMDL-Real,/mnt/public/public_datasets/OpenMMSecV2/IMDL/generative/flux_1/imgs/684592103e6f4049814a8712d821cf91.png
-18.612009048461914,-2.864218235015869,0.0,IMDL,0,4,1,7,IMDL-Real,/mnt/public/public_datasets/OpenMMSecV2/IMDL/generative/coco/imgs/14c35a71f5cf48d5adc98e24fb923379.jpg
-6.9120073318481445,25.544315338134766,0.0,IMDL,1,4,2,8,IMDL-Fake,/mnt/public/public_datasets/OpenMMSecV2/IMDL/non_generative/manual_ps/imgs/2918cca949524b668301b1c458569d94.jpg
40.02952575683594,18.96576690673828,0.0,Doc,0,3,1,5,Document-Real,/mnt/public/public_datasets/OpenMMSecV2/Doc/Real/2abf23d1b7ff48d59b65dd5c805ce11d.jpg
4.101502895355225,14.66490364074707,0.0,IMDL,1,4,2,8,IMDL-Fake,/mnt/public/public_datasets/OpenMMSecV2/IMDL/non_generative/manual_ps/imgs/3febbff005374878ae147ef72dcc3e22.jpg
-26.72588348388672,-41.5218505859375,0.0,AIGC,1,2,2,4,AIGC-Fake,/mnt/public/public_datasets/OpenMMSecV2/AIGC/autoregressive_model/tamingtransformers/3d25b1fc66a1405d9fbd5445b6174261.jpg
-40.082332611083984,-41.21800231933594,0.0,deepfake,1,1,2,2,Deepfake-Fake,/mnt/public/public_datasets/OpenMMSecV2/Deepfake/Fake/FaceReenactment/MRAA/e572155ad6814e75a2eece5c4c098ef1.png
17.259511947631836,5.093038082122803,0.0,AIGC,0,2,1,3,AIGC-Real,/mnt/public/public_datasets/OpenMMSecV2/AIGC/laion/788feb6c9e5b48969262274ccf3c7be2.jpg
25.20771598815918,-14.118863105773926,0.0,AIGC,0,2,1,3,AIGC-Real,/mnt/public/public_datasets/OpenMMSecV2/AIGC/laion/804351d31b08443896878f62c798dad9.jpg
13.942486763000488,32.52009582519531,0.0,AIGC,0,2,1,3,AIGC-Real,/mnt/public/public_datasets/OpenMMSecV2/AIGC/laion/b76f6b9d789c494ab2e79e4023cd1014.jpg
-45.287330627441406,-30.564693450927734,0.0,deepfake,0,1,1,1,Deepfake-Real,/mnt/public/public_datasets/OpenMMSecV2/Deepfake/Real/DFD/9ff1c44e21f647de8288a61ae2ce97c3.png
-38.481544494628906,-18.3594913482666,0.0,deepfake,0,1,1,1,Deepfake-Real,/mnt/public/public_datasets/OpenMMSecV2/Deepfake/Real/FFHQ/c1696a63f1e048959f9a5e630796b78b.jpg
-9.545662879943848,-7.850666046142578,0.0,IMDL,1,4,2,8,IMDL-Fake,/mnt/public/public_datasets/OpenMMSecV2/IMDL/generative/flux_1/imgs/a651d72e847e44dcac015cb8d9572373.png
55.44099044799805,-6.4628729820251465,0.0,Doc,1,3,2,6,Document-Fake,/mnt/public/public_datasets/OpenMMSecV2/Doc/non_aigc/generation/imgs/bf08fdb68056457ba4e0771f2e28ec3b.jpg
1.8923369646072388,23.52511215209961,0.0,AIGC,0,2,1,3,AIGC-Real,/mnt/public/public_datasets/OpenMMSecV2/AIGC/other/online/imgs/ceaf12c8779b4ac2858cbd185fddb1b8.jpg
66.18672943115234,-26.840085983276367,0.0,Doc,0,3,1,5,Document-Real,/mnt/public/public_datasets/OpenMMSecV2/Doc/Real/c8d61036800240bc8857ec551e9deea8.jpg
29.679784774780273,32.41030502319336,0.0,Doc,0,3,1,5,Document-Real,/mnt/public/public_datasets/OpenMMSecV2/Doc/Real/fa24d14d26af4a04868fd6ef591845bd.jpg
61.33967590332031,-30.836824417114258,0.0,Doc,0,3,1,5,Document-Real,/mnt/public/public_datasets/OpenMMSecV2/Doc/Real/ef056176c9b0435ea7838a6dab8d314e.jpg
8.685441970825195,44.230186462402344,0.0,AIGC,1,2,2,4,AIGC-Fake,/mnt/public/public_datasets/OpenMMSecV2/AIGC/other/online/imgs/46b503d6a34d431e8c6ead63c31f1b00.jpg
3.043351650238037,30.99512481689453,0.0,IMDL,1,4,2,8,IMDL-Fake,/mnt/public/public_datasets/OpenMMSecV2/IMDL/non_generative/manual_ps/imgs/883c95f1c713439abd492e8e2e287ed0.tif
-62.9432258605957,6.868673801422119,0.0,deepfake,1,1,2,2,Deepfake-Fake,/mnt/public/public_datasets/OpenMMSecV2/Deepfake/Fake/FaceReenactment/DaGAN/d1d2a16ff0014d46b314c459dac12b47.png
-50.03570556640625,-8.523502349853516,0.0,deepfake,0,1,1,1,Deepfake-Real,/mnt/public/public_datasets/OpenMMSecV2/Deepfake/Real/VFHQ/5fcb9850bce644e69a98047605299bfd.png
60.44666290283203,-34.6037712097168,0.0,Doc,1,3,2,6,Document-Fake,/mnt/public/public_datasets/OpenMMSecV2/Doc/non_aigc/generation/imgs/205eab65743743bc8ff7c528127f97b4.jpg
37.49809646606445,15.644194602966309,0.0,Doc,0,3,1,5,Document-Real,/mnt/public/public_datasets/OpenMMSecV2/Doc/Real/cba56288599643cbbfd895e6e9a8ea81.jpg
6.488614559173584,-10.007816314697266,0.0,IMDL,0,4,1,7,IMDL-Real,/mnt/public/public_datasets/OpenMMSecV2/IMDL/generative/stable_diffusion/imgs/f05461359d5e499a9ee135dc82ccbb21.png
65.79273223876953,-25.911849975585938,0.0,Doc,1,3,2,6,Document-Fake,/mnt/public/public_datasets/OpenMMSecV2/Doc/non_aigc/cpmv/imgs/67515901fe9147e0a866fd2d4d9834ed.jpg
-66.83317565917969,0.9880815148353577,0.0,deepfake,0,1,1,1,Deepfake-Real,/mnt/public/public_datasets/OpenMMSecV2/Deepfake/Real/FF++/0a5c3639e1b74334909323cfc2022388.png
13.501795768737793,2.4165802001953125,0.0,IMDL,0,4,1,7,IMDL-Real,/mnt/public/public_datasets/OpenMMSecV2/IMDL/non_generative/manual_ps/imgs/f4be7204af3443e9bb5183f24077482d.jpg
-29.3786678314209,1.7678844928741455,0.0,AIGC,0,2,1,3,AIGC-Real,/mnt/public/public_datasets/OpenMMSecV2/AIGC/laion/ab87c6699f02400e8593073f5f066071.jpg
19.979259490966797,8.451834678649902,0.0,AIGC,1,2,2,4,AIGC-Fake,/mnt/public/public_datasets/OpenMMSecV2/AIGC/pixel_diffusion/adm/imgs/2b5047110a224aa9b4a45fb915a93d66.png
-48.74433135986328,-44.43254470825195,0.0,deepfake,0,1,1,1,Deepfake-Real,/mnt/public/public_datasets/OpenMMSecV2/Deepfake/Real/CelebDF-v2/4686b680be5142f288953048b3e435f2.png
52.98363494873047,-43.016563415527344,0.0,Doc,1,3,2,6,Document-Fake,/mnt/public/public_datasets/OpenMMSecV2/Doc/non_aigc/cover/imgs/b56427c61fd244e2a45a3fe0b3c7f084.jpg
48.25101089477539,-34.99800109863281,0.0,Doc,0,3,1,5,Document-Real,/mnt/public/public_datasets/OpenMMSecV2/Doc/Real/5fbf9b21b3fb4ac3bdfc2556a112daa6.jpg
63.94593811035156,-35.15190887451172,0.0,Doc,1,3,2,6,Document-Fake,/mnt/public/public_datasets/OpenMMSecV2/Doc/non_aigc/inpaint/imgs/e3a1f94f7a414274adac5d8fdf20ebf0.jpg
-42.9833984375,-25.296483993530273,0.0,deepfake,0,1,1,1,Deepfake-Real,/mnt/public/public_datasets/OpenMMSecV2/Deepfake/Real/CelebDF-v2/9b93ceb380c44fb3bd13f7c0132ddc63.png
14.488361358642578,-18.873809814453125,0.0,AIGC,0,2,1,3,AIGC-Real,/mnt/public/public_datasets/OpenMMSecV2/AIGC/laion/fc72bd5d34194ca38b3974bd09d10b97.jpg
18.244131088256836,-9.839372634887695,0.0,AIGC,1,2,2,4,AIGC-Fake,/mnt/public/public_datasets/OpenMMSecV2/AIGC/GAN/BigGAN/imgs/89246241c50a4d03936e4dfc6e4d3f4f.png
57.191139221191406,-28.833206176757812,0.0,Doc,1,3,2,6,Document-Fake,/mnt/public/public_datasets/OpenMMSecV2/Doc/non_aigc/cpmv/imgs/bed3f71395084d2db0e585c8a99b9843.jpg
-37.59629821777344,-23.527978897094727,0.0,deepfake,0,1,1,1,Deepfake-Real,/mnt/public/public_datasets/OpenMMSecV2/Deepfake/Real/DFD/5f97372267404da3953fa98d1f4f8f7a.png
-13.798321723937988,14.535311698913574,0.0,IMDL,1,4,2,8,IMDL-Fake,/mnt/public/public_datasets/OpenMMSecV2/IMDL/non_generative/manual_ps/imgs/c9fdae05b56242ecb2019bc903e016e6.jpg
53.77567672729492,6.311269760131836,0.0,Doc,0,3,1,5,Document-Real,/mnt/public/public_datasets/OpenMMSecV2/Doc/Real/50fd1a2fdd8b4ffabe1efead52f6bb35.jpg
-36.78742599487305,-34.78303146362305,0.0,deepfake,0,1,1,1,Deepfake-Real,/mnt/public/public_datasets/OpenMMSecV2/Deepfake/Real/VFHQ/7c4099d5b1d44fec96bd2fee673b327e.png
21.330928802490234,24.899066925048828,0.0,IMDL,0,4,1,7,IMDL-Real,/mnt/public/public_datasets/OpenMMSecV2/IMDL/generative/coco/imgs/27b6b07692e9453c95b95f74310f7048.jpg
8.537771224975586,-4.5745720863342285,0.0,AIGC,1,2,2,4,AIGC-Fake,/mnt/public/public_datasets/OpenMMSecV2/AIGC/other/online/imgs/31f2d30141d044b7a2fa954d02ae951e.jpg
26.292783737182617,-13.208783149719238,0.0,AIGC,0,2,1,3,AIGC-Real,/mnt/public/public_datasets/OpenMMSecV2/AIGC/laion/415da0b8f2f64ce1aa26c6086a9da9f3.jpg
34.18171691894531,21.85765838623047,0.0,Doc,1,3,2,6,Document-Fake,/mnt/public/public_datasets/OpenMMSecV2/Doc/aigc/textdiff/imgs/903214ae60d445ee8deabcf3b724e145.jpg
13.902543067932129,3.3045754432678223,0.0,AIGC,0,2,1,3,AIGC-Real,/mnt/public/public_datasets/OpenMMSecV2/AIGC/other/online/imgs/ad7dd7d8b56e49fe8349c3cacd98786d.jpg
70.3206558227539,-28.48850440979004,0.0,Doc,0,3,1,5,Document-Real,/mnt/public/public_datasets/OpenMMSecV2/Doc/Real/f96ceee11ef94b388e879f95cc4f1d19.jpg
-28.5516357421875,-37.160675048828125,0.0,AIGC,0,2,1,3,AIGC-Real,/mnt/public/public_datasets/OpenMMSecV2/AIGC/laion/a5f0c51a20ec453e920e9ad69601fd46.jpg
23.949228286743164,-22.434398651123047,0.0,AIGC,1,2,2,4,AIGC-Fake,/mnt/public/public_datasets/OpenMMSecV2/AIGC/commercial/firefly/2371cf470d814b14b4132534a61988ee.jpg
-44.14643478393555,-34.625648498535156,0.0,deepfake,0,1,1,1,Deepfake-Real,/mnt/public/public_datasets/OpenMMSecV2/Deepfake/Real/FF++/a1dab2adcafb419eabfd1609b60a8f58.png
16.762598037719727,-15.527153015136719,0.0,AIGC,0,2,1,3,AIGC-Real,/mnt/public/public_datasets/OpenMMSecV2/AIGC/laion/e66c17be2d054b55959fb0eac7bf609d.jpg
5.618951320648193,27.99549102783203,0.0,IMDL,0,4,1,7,IMDL-Real,/mnt/public/public_datasets/OpenMMSecV2/IMDL/generative/stable_diffusion/imgs/c0dc5d904e054711a09320e1dfe73233.png
0.18305706977844238,22.317787170410156,0.0,AIGC,1,2,2,4,AIGC-Fake,/mnt/public/public_datasets/OpenMMSecV2/AIGC/pixel_diffusion/adm/imgs/56d079bd1ba941fdb74d3154645c702b.PNG
-28.8466854095459,-21.86463165283203,0.0,deepfake,0,1,1,1,Deepfake-Real,/mnt/public/public_datasets/OpenMMSecV2/Deepfake/Real/VFHQ/41b3eb8f99584c5b8715e98663100e2e.png
58.78212356567383,-29.834016799926758,0.0,Doc,1,3,2,6,Document-Fake,/mnt/public/public_datasets/OpenMMSecV2/Doc/non_aigc/generation/imgs/6b19182d322e4e9989dec3f1db261249.jpg
-64.55229187011719,14.357368469238281,0.0,deepfake,1,1,2,2,Deepfake-Fake,/mnt/public/public_datasets/OpenMMSecV2/Deepfake/Fake/EntireFaceSynthesis/DiT-XL/0039fb03a12740d6ba4b6e258a727c8c.png
2.9339003562927246,-3.0647802352905273,0.0,AIGC,0,2,1,3,AIGC-Real,/mnt/public/public_datasets/OpenMMSecV2/AIGC/laion/35bdd0ee90194f979cf93b9e8f8eff5a.jpg
-44.636207580566406,-2.6707944869995117,0.0,deepfake,0,1,1,1,Deepfake-Real,/mnt/public/public_datasets/OpenMMSecV2/Deepfake/Real/CelebDF-v2/6130a0e95e7e48b99f9bdd23852bb7e6.png
-46.43684387207031,-46.09466552734375,0.0,deepfake,0,1,1,1,Deepfake-Real,/mnt/public/public_datasets/OpenMMSecV2/Deepfake/Real/CelebDF-v2/9dca6e3bf8da477e88d32b9680364838.png
-39.022579193115234,-34.043495178222656,0.0,deepfake,1,1,2,2,Deepfake-Fake,/mnt/public/public_datasets/OpenMMSecV2/Deepfake/Fake/FaceEditing/e4e/14b82b10d94e434aa31d126bbfd382c2.jpg
22.384113311767578,17.17665672302246,0.0,AIGC,0,2,1,3,AIGC-Real,/mnt/public/public_datasets/OpenMMSecV2/AIGC/laion/7353646c92e44006ba8e7a6b5790f5a1.jpg
50.832706451416016,-30.331052780151367,0.0,Doc,1,3,2,6,Document-Fake,/mnt/public/public_datasets/OpenMMSecV2/Doc/non_aigc/inpaint/imgs/5129c4a9032b45059bce5c5719d789af.jpg
-35.873565673828125,-30.097827911376953,0.0,deepfake,0,1,1,1,Deepfake-Real,/mnt/public/public_datasets/OpenMMSecV2/Deepfake/Real/FFHQ/e640dcaf8cee420899b8ba8652f9a1d1.jpeg
-25.670188903808594,8.423589706420898,0.0,IMDL,0,4,1,7,IMDL-Real,/mnt/public/public_datasets/OpenMMSecV2/IMDL/generative/stable_diffusion/imgs/410ce06b4d2c4ea08e5a126bd026002b.png
0.05890155956149101,18.57804298400879,0.0,AIGC,0,2,1,3,AIGC-Real,/mnt/public/public_datasets/OpenMMSecV2/AIGC/other/online/imgs/15a421636118451a895064477a2df37f.jpg
9.006394386291504,7.962007999420166,0.0,AIGC,0,2,1,3,AIGC-Real,/mnt/public/public_datasets/OpenMMSecV2/AIGC/laion/8a3b3dd971d44bc78765276d77eae4d7.jpg
29.102937698364258,39.77897644042969,0.0,Doc,1,3,2,6,Document-Fake,/mnt/public/public_datasets/OpenMMSecV2/Doc/aigc/derend/imgs/7cfcab2acb1345d883221e2501f8f5b6.jpg
-43.104644775390625,-47.57987594604492,0.0,deepfake,1,1,2,2,Deepfake-Fake,/mnt/public/public_datasets/OpenMMSecV2/Deepfake/Fake/FaceReenactment/LIA/b0e1ef6e7b7840fc80cad3204838fdf7.png
-1.7732130289077759,-25.136886596679688,0.0,AIGC,1,2,2,4,AIGC-Fake,/mnt/public/public_datasets/OpenMMSecV2/AIGC/other/online/imgs/2014d19a59e74034b636903691f8961c.jpg
47.84941482543945,-37.60251235961914,0.0,Doc,0,3,1,5,Document-Real,/mnt/public/public_datasets/OpenMMSecV2/Doc/Real/13c143f99e3f466fbe975d1584aac0b5.jpg
31.077302932739258,34.84910202026367,0.0,Doc,0,3,1,5,Document-Real,/mnt/public/public_datasets/OpenMMSecV2/Doc/Real/2058be2252944b75af8c08b63dc242ec.jpg
-51.02115249633789,-14.247896194458008,0.0,deepfake,1,1,2,2,Deepfake-Fake,/mnt/public/public_datasets/OpenMMSecV2/Deepfake/Fake/FaceSwap/Unknow_FS/43c1870265cd4e34abf1e11188309b9f.png
27.311246871948242,-12.586989402770996,0.0,AIGC,0,2,1,3,AIGC-Real,/mnt/public/public_datasets/OpenMMSecV2/AIGC/laion/35390d8fef8745fb97b1f736f9435b19.jpg
-27.130735397338867,-37.138938903808594,0.0,deepfake,1,1,2,2,Deepfake-Fake,/mnt/public/public_datasets/OpenMMSecV2/Deepfake/Fake/FaceEditing/StarGANv2/65b997166bf34a8e86b9115b59dd662c.jpg
9.80873966217041,41.458465576171875,0.0,IMDL,0,4,1,7,IMDL-Real,/mnt/public/public_datasets/OpenMMSecV2/IMDL/generative/stable_diffusion/imgs/867d82048fa24050a17caab94f4c2beb.png
-11.666509628295898,31.835542678833008,0.0,IMDL,0,4,1,7,IMDL-Real,/mnt/public/public_datasets/OpenMMSecV2/IMDL/generative/stable_diffusion/imgs/e24a1e3469a5413e953e1777946f6b33.png
-0.1764020323753357,41.80999755859375,0.0,IMDL,1,4,2,8,IMDL-Fake,/mnt/public/public_datasets/OpenMMSecV2/IMDL/non_generative/manual_ps/imgs/1d8e4478f925447fa276243beea14d81.tif
7.818671226501465,17.77216148376465,0.0,IMDL,1,4,2,8,IMDL-Fake,/mnt/public/public_datasets/OpenMMSecV2/IMDL/non_generative/manual_ps/imgs/9058ae813d044d2ca2319113ac29b533.tif
23.949430465698242,11.352567672729492,0.0,Doc,1,3,2,6,Document-Fake,/mnt/public/public_datasets/OpenMMSecV2/Doc/aigc/textocr/imgs/9310fddb970b4a6bbfdd4672a7ea30c7.jpg
61.80723190307617,-29.162996292114258,0.0,Doc,0,3,1,5,Document-Real,/mnt/public/public_datasets/OpenMMSecV2/Doc/Real/71140da2239e457e8fe0bb9f90b0c530.jpg
-28.661483764648438,-32.516231536865234,0.0,deepfake,1,1,2,2,Deepfake-Fake,/mnt/public/public_datasets/OpenMMSecV2/Deepfake/Fake/FaceEditing/StarGAN/abe8539dfebe4c4c8f114aa2ad40a1f7.jpg
-45.95418167114258,-26.995361328125,0.0,deepfake,0,1,1,1,Deepfake-Real,/mnt/public/public_datasets/OpenMMSecV2/Deepfake/Real/FF++/8775b83657194ccdb7ef82d6c1f164e1.png
15.517671585083008,40.630409240722656,0.0,IMDL,1,4,2,8,IMDL-Fake,/mnt/public/public_datasets/OpenMMSecV2/IMDL/generative/stable_diffusion/imgs/3e709ad5fa414fb49407e7b9b380b554.jpg
-23.059911727905273,35.407615661621094,0.0,IMDL,1,4,2,8,IMDL-Fake,/mnt/public/public_datasets/OpenMMSecV2/IMDL/generative/paintbyexample/imgs/b53dbde79a724957ac3a933eda313187.png
36.31305694580078,18.617202758789062,0.0,Doc,0,3,1,5,Document-Real,/mnt/public/public_datasets/OpenMMSecV2/Doc/Real/b9e46387aebb4c9f8ecf5174c3c83655.jpg
-44.24704360961914,-35.25876998901367,0.0,deepfake,0,1,1,1,Deepfake-Real,/mnt/public/public_datasets/OpenMMSecV2/Deepfake/Real/CelebDF-v2/26bbe16397134977bd41bd352c32bdbc.png
-3.3166518211364746,10.883504867553711,0.0,AIGC,0,2,1,3,AIGC-Real,/mnt/public/public_datasets/OpenMMSecV2/AIGC/pixel_diffusion/glide/imgs/7c08b50ee6244fa696d9d3a100b71de7.JPEG
24.762094497680664,39.91085433959961,0.0,IMDL,1,4,2,8,IMDL-Fake,/mnt/public/public_datasets/OpenMMSecV2/IMDL/generative/paintbyexample/imgs/371c9b97d3024b82a69e8f80b582af01.jpg
41.5750846862793,15.33368968963623,0.0,Doc,1,3,2,6,Document-Fake,/mnt/public/public_datasets/OpenMMSecV2/Doc/aigc/mostel/imgs/299fed92800d43279d3e2abbe9a4d6e6.jpg
-25.091556549072266,11.90784740447998,0.0,IMDL,1,4,2,8,IMDL-Fake,/mnt/public/public_datasets/OpenMMSecV2/IMDL/generative/stable_diffusion/imgs/24a66d4b58ac4924b0314bb188a511bc.png
-40.48866653442383,-27.29958724975586,0.0,deepfake,0,1,1,1,Deepfake-Real,/mnt/public/public_datasets/OpenMMSecV2/Deepfake/Real/FF++/be42926034994baf80253304075587f4.png
-63.893287658691406,7.514772891998291,0.0,deepfake,1,1,2,2,Deepfake-Fake,/mnt/public/public_datasets/OpenMMSecV2/Deepfake/Fake/EntireFaceSynthesis/StyleGAN3/b91bfda530aa491692c10cde8121734d.png
-1.0006505250930786,-24.57701873779297,0.0,AIGC,1,2,2,4,AIGC-Fake,/mnt/public/public_datasets/OpenMMSecV2/AIGC/other/online/imgs/2afbadd05ba745e99388b7f1047a7cf7.jpg
6.981465816497803,6.771164894104004,0.0,IMDL,0,4,1,7,IMDL-Real,/mnt/public/public_datasets/OpenMMSecV2/IMDL/generative/coco/imgs/421bab0618744ca783869f5023f78926.jpg
39.18031311035156,30.946348190307617,0.0,Doc,1,3,2,6,Document-Fake,/mnt/public/public_datasets/OpenMMSecV2/Doc/aigc/textdiff/imgs/172c2cd9e5c34d57a73ae4758a54092a.jpg
1.616542100906372,-24.00467872619629,0.0,AIGC,1,2,2,4,AIGC-Fake,/mnt/public/public_datasets/OpenMMSecV2/AIGC/latent_diffusion/systematic/371e4005d07b4a7987586c9a166e2ef2.jpg
-24.450729370117188,32.31916046142578,0.0,AIGC,0,2,1,3,AIGC-Real,/mnt/public/public_datasets/OpenMMSecV2/AIGC/laion/3af886a6c318419a8414b89bf1d0292b.jpg
-0.13287903368473053,-5.224808216094971,0.0,IMDL,0,4,1,7,IMDL-Real,/mnt/public/public_datasets/OpenMMSecV2/IMDL/generative/coco/imgs/548e3946273440c1a653f248ce030c3c.jpg
65.27450561523438,-23.413745880126953,0.0,Doc,0,3,1,5,Document-Real,/mnt/public/public_datasets/OpenMMSecV2/Doc/Real/4bfbc0776d2e4dfdb90c3bc99fb89a92.jpg
36.61729049682617,7.329211235046387,0.0,Doc,0,3,1,5,Document-Real,/mnt/public/public_datasets/OpenMMSecV2/Doc/Real/4524b715726145feb1e21119bc7c6056.jpg
69.4268569946289,-24.185089111328125,0.0,Doc,0,3,1,5,Document-Real,/mnt/public/public_datasets/OpenMMSecV2/Doc/Real/96dc813ff19e4216b6a6e2331dc263de.jpg
-47.137149810791016,-34.85149002075195,0.0,deepfake,1,1,2,2,Deepfake-Fake,/mnt/public/public_datasets/OpenMMSecV2/Deepfake/Fake/EntireFaceSynthesis/SD-2.1/f36987bbe35b4401a6423bed0df9fda8.png
-14.649521827697754,-21.75873374938965,0.0,AIGC,1,2,2,4,AIGC-Fake,/mnt/public/public_datasets/OpenMMSecV2/AIGC/other/online/imgs/0fc554bf3443408eb23c621aafbc2dea.jpg
30.213165283203125,32.65961456298828,0.0,Doc,0,3,1,5,Document-Real,/mnt/public/public_datasets/OpenMMSecV2/Doc/Real/ef12643960c74083b5d30c19c0530f20.jpg
15.299239158630371,-5.167622089385986,0.0,AIGC,0,2,1,3,AIGC-Real,/mnt/public/public_datasets/OpenMMSecV2/AIGC/laion/cbcd692f8eae4a97adc0bbbfc0eadc39.jpg
11.443120956420898,16.449060440063477,0.0,AIGC,0,2,1,3,AIGC-Real,/mnt/public/public_datasets/OpenMMSecV2/AIGC/pixel_diffusion/adm/imgs/c092dc0a95604029aea0714a6130f990.JPEG
16.36223602294922,-16.740739822387695,0.0,AIGC,0,2,1,3,AIGC-Real,/mnt/public/public_datasets/OpenMMSecV2/AIGC/laion/047720d9bf254dc485524463712a8c21.jpg
-34.21462631225586,-24.355850219726562,0.0,deepfake,1,1,2,2,Deepfake-Fake,/mnt/public/public_datasets/OpenMMSecV2/Deepfake/Fake/FaceEditing/e4e/d27bce59f11040c9bdd75ca615140342.jpg
-27.750022888183594,-42.840576171875,0.0,AIGC,1,2,2,4,AIGC-Fake,/mnt/public/public_datasets/OpenMMSecV2/AIGC/autoregressive_model/tamingtransformers/97d6f1eefbc04b29923c1722e4f106f1.jpg
47.5164794921875,-35.62727737426758,0.0,Doc,0,3,1,5,Document-Real,/mnt/public/public_datasets/OpenMMSecV2/Doc/Real/738e8c2fb1d74b3cb6edc19a69521f2a.jpg
6.714053630828857,-6.996667861938477,0.0,IMDL,0,4,1,7,IMDL-Real,/mnt/public/public_datasets/OpenMMSecV2/IMDL/generative/coco/imgs/fb685c2739ea4f9296d535eb9148cf84.jpg
-11.749541282653809,-1.412133812904358,0.0,AIGC,0,2,1,3,AIGC-Real,/mnt/public/public_datasets/OpenMMSecV2/AIGC/other/online/imgs/56f60fdce30344018248a15c47be6f1a.jpg
-61.708465576171875,9.571599960327148,0.0,deepfake,0,1,1,1,Deepfake-Real,/mnt/public/public_datasets/OpenMMSecV2/Deepfake/Real/CelebDF-v2/75e8625ba0674c6281b8c2fecd84c3a5.png
50.60331344604492,-8.186594009399414,0.0,Doc,1,3,2,6,Document-Fake,/mnt/public/public_datasets/OpenMMSecV2/Doc/non_aigc/generation/imgs/2d0e8b6b3ded4e7b8784185376b0bfb9.jpg
7.663667678833008,36.164207458496094,0.0,AIGC,0,2,1,3,AIGC-Real,/mnt/public/public_datasets/OpenMMSecV2/AIGC/laion/ba4091f4472e453bb3ac774c9dccaa04.jpg
-3.9182584285736084,48.313514709472656,0.0,Doc,0,3,1,5,Document-Real,/mnt/public/public_datasets/OpenMMSecV2/Doc/Real/12ee62e45ed7404f8c9b412c13fa072f.jpg
32.65325164794922,7.5855488777160645,0.0,Doc,0,3,1,5,Document-Real,/mnt/public/public_datasets/OpenMMSecV2/Doc/Real/fd627d108ef34769852b510fee4d780c.jpg
-4.888894557952881,2.0175821781158447,0.0,IMDL,0,4,1,7,IMDL-Real,/mnt/public/public_datasets/OpenMMSecV2/IMDL/generative/coco/imgs/76ee04c3a98e450cb6b7f2d5419f065b.jpg
3.8662681579589844,24.259309768676758,0.0,AIGC,0,2,1,3,AIGC-Real,/mnt/public/public_datasets/OpenMMSecV2/AIGC/laion/801bc3beb6264524854067bfb033d5d5.jpg
2.6340084075927734,20.979764938354492,0.0,IMDL,0,4,1,7,IMDL-Real,/mnt/public/public_datasets/OpenMMSecV2/IMDL/generative/stable_diffusion/imgs/0409e98e2c7e42aebcccc941c7b74f9f.png
-16.89024543762207,37.20103454589844,0.0,AIGC,0,2,1,3,AIGC-Real,/mnt/public/public_datasets/OpenMMSecV2/AIGC/laion/2a81edad94b548709390ad556894a758.jpg
-28.145282745361328,-39.264732360839844,0.0,AIGC,1,2,2,4,AIGC-Fake,/mnt/public/public_datasets/OpenMMSecV2/AIGC/other/online/imgs/7463ca0ac72d4a669a6361abe4109968.jpg
-3.890328884124756,20.767751693725586,0.0,IMDL,0,4,1,7,IMDL-Real,/mnt/public/public_datasets/OpenMMSecV2/IMDL/generative/coco/imgs/fcd79bfb2a40489585d99e98b8ae89a5.jpg
-27.869556427001953,-13.296409606933594,0.0,deepfake,1,1,2,2,Deepfake-Fake,/mnt/public/public_datasets/OpenMMSecV2/Deepfake/Fake/FaceEditing/StarGAN/75ec719a69aa42ed8c08aa9ba07ac662.jpg
4.814241409301758,-6.83587646484375,0.0,IMDL,0,4,1,7,IMDL-Real,/mnt/public/public_datasets/OpenMMSecV2/IMDL/generative/coco/imgs/e39186133a9b4e0eb39f35bdfbf17b7b.jpg
-13.33044147491455,-24.24872398376465,0.0,AIGC,1,2,2,4,AIGC-Fake,/mnt/public/public_datasets/OpenMMSecV2/AIGC/other/online/imgs/dd4941fe311d41c19d02882ba9ecfe07.jpg
27.164249420166016,-12.984289169311523,0.0,AIGC,0,2,1,3,AIGC-Real,/mnt/public/public_datasets/OpenMMSecV2/AIGC/laion/6d72974b090842c59e761958371d831e.jpg
-47.44655227661133,-46.00365447998047,0.0,deepfake,1,1,2,2,Deepfake-Fake,/mnt/public/public_datasets/OpenMMSecV2/Deepfake/Fake/EntireFaceSynthesis/DiT-XL/2dc9d635f9b249d592b0ea4d9c6ba739.png
-44.601192474365234,-44.279022216796875,0.0,deepfake,1,1,2,2,Deepfake-Fake,/mnt/public/public_datasets/OpenMMSecV2/Deepfake/Fake/FaceReenactment/MRAA/b96dfa04386f4d139e37b8c94544e068.png
-36.4818000793457,-33.01078414916992,0.0,AIGC,1,2,2,4,AIGC-Fake,/mnt/public/public_datasets/OpenMMSecV2/AIGC/GAN/ProjectedGAN/e4ab61a9c5104208b3b66a6c1626d99a.jpg
-50.74503707885742,-39.94845962524414,0.0,deepfake,0,1,1,1,Deepfake-Real,/mnt/public/public_datasets/OpenMMSecV2/Deepfake/Real/FF++/9eb19c45c01440d6b4951628c4764a89.png
-34.57342529296875,-25.043540954589844,0.0,deepfake,1,1,2,2,Deepfake-Fake,/mnt/public/public_datasets/OpenMMSecV2/Deepfake/Fake/FaceEditing/e4e/db3a4d77a0ba4b20b2652e0d9fb5cf84.jpg
5.453003406524658,35.81254577636719,0.0,IMDL,0,4,1,7,IMDL-Real,/mnt/public/public_datasets/OpenMMSecV2/IMDL/non_generative/manual_ps/imgs/aa166da2dfe44027b48a90a3d915b544.jpg
7.845510482788086,37.35639572143555,0.0,AIGC,1,2,2,4,AIGC-Fake,/mnt/public/public_datasets/OpenMMSecV2/AIGC/latent_diffusion/systematic/cef3fad8e66244bdaf2acd279fe5ddae.jpg
59.09893798828125,-5.3268961906433105,0.0,Doc,0,3,1,5,Document-Real,/mnt/public/public_datasets/OpenMMSecV2/Doc/Real/3c0dafe25866448982802a105435a70c.jpg
37.00963592529297,24.471435546875,0.0,Doc,0,3,1,5,Document-Real,/mnt/public/public_datasets/OpenMMSecV2/Doc/Real/4e960fd4183a4ecb8c656106f97c2a2b.jpg
-47.8558464050293,-8.900442123413086,0.0,deepfake,0,1,1,1,Deepfake-Real,/mnt/public/public_datasets/OpenMMSecV2/Deepfake/Real/FF++/ec903f258ca4457084bdd5395778ac8b.png
60.86672592163086,0.7572216987609863,0.0,Doc,0,3,1,5,Document-Real,/mnt/public/public_datasets/OpenMMSecV2/Doc/Real/498eca6e768f40d8a48f60c786cb8ac9.jpg
14.135480880737305,-1.3423576354980469,0.0,AIGC,1,2,2,4,AIGC-Fake,/mnt/public/public_datasets/OpenMMSecV2/AIGC/other/online/imgs/06530f46483e4f7fa87a9430c2428650.jpg
-44.04470443725586,-50.415767669677734,0.0,deepfake,0,1,1,1,Deepfake-Real,/mnt/public/public_datasets/OpenMMSecV2/Deepfake/Real/FF++/b09a9d4ab9a74d0fa64a4a07b2c7e1ee.png
23.663297653198242,-16.15131378173828,0.0,AIGC,0,2,1,3,AIGC-Real,/mnt/public/public_datasets/OpenMMSecV2/AIGC/laion/736f0f1e5c234f94ba86c4784239bedb.jpg
52.400596618652344,-42.82596969604492,0.0,Doc,1,3,2,6,Document-Fake,/mnt/public/public_datasets/OpenMMSecV2/Doc/non_aigc/inpaint/imgs/67f1205d98194f6f9fb3fca36aa2ec8f.jpg
49.00519561767578,-2.368227005004883,0.0,Doc,1,3,2,6,Document-Fake,/mnt/public/public_datasets/OpenMMSecV2/Doc/non_aigc/generation/imgs/a45b53c561da4c0485b14131ceded494.jpg
-48.39393615722656,-47.43072509765625,0.0,deepfake,1,1,2,2,Deepfake-Fake,/mnt/public/public_datasets/OpenMMSecV2/Deepfake/Fake/FaceSwap/InSwapper/d01ba29c063c4d03b294308b36059849.png
-44.74007797241211,3.3080079555511475,0.0,deepfake,0,1,1,1,Deepfake-Real,/mnt/public/public_datasets/OpenMMSecV2/Deepfake/Real/VFHQ/7c521ddd3a494c489a261bae0348d28d.png
3.006869077682495,17.312471389770508,0.0,AIGC,1,2,2,4,AIGC-Fake,/mnt/public/public_datasets/OpenMMSecV2/AIGC/pixel_diffusion/adm/imgs/3b1fe5f32e7a45ccaa2f13f7cec22e5d.PNG
50.038658142089844,-38.44906997680664,0.0,Doc,0,3,1,5,Document-Real,/mnt/public/public_datasets/OpenMMSecV2/Doc/Real/1058f423c69e4efe80c7ba1e3f9fbe44.jpg
-46.94231033325195,-32.26536178588867,0.0,deepfake,0,1,1,1,Deepfake-Real,/mnt/public/public_datasets/OpenMMSecV2/Deepfake/Real/DFD/9e9a4c57bb19440a95e107b3fc07a9a6.png
-64.39399719238281,1.5980329513549805,0.0,deepfake,1,1,2,2,Deepfake-Fake,/mnt/public/public_datasets/OpenMMSecV2/Deepfake/Fake/EntireFaceSynthesis/StyleGAN2/bf721d45fc914c98bb1494cdcb9a2cdc.png
-7.860161781311035,33.376930236816406,0.0,IMDL,1,4,2,8,IMDL-Fake,/mnt/public/public_datasets/OpenMMSecV2/IMDL/generative/stable_diffusion/imgs/3be6d982d3774079987e2042066d50bb.png
13.368646621704102,24.29979705810547,0.0,IMDL,0,4,1,7,IMDL-Real,/mnt/public/public_datasets/OpenMMSecV2/IMDL/generative/coco/imgs/cbdef504e8194b34951aedb2ac4e7c29.jpg
34.904293060302734,12.172204971313477,0.0,Doc,1,3,2,6,Document-Fake,/mnt/public/public_datasets/OpenMMSecV2/Doc/aigc/mostel/imgs/90a17da204c14542a8184db1db1cb59e.jpg
-39.0421142578125,-27.485027313232422,0.0,deepfake,0,1,1,1,Deepfake-Real,/mnt/public/public_datasets/OpenMMSecV2/Deepfake/Real/FF++/97aa3234d6b5409eb515050870a6b977.png
45.85523986816406,-1.146596908569336,0.0,AIGC,0,2,1,3,AIGC-Real,/mnt/public/public_datasets/OpenMMSecV2/AIGC/laion/fade832467a94d0db272ae0d98754054.jpg
19.92767333984375,2.60123610496521,0.0,IMDL,1,4,2,8,IMDL-Fake,/mnt/public/public_datasets/OpenMMSecV2/IMDL/generative/flux_1/imgs/c78756577e484c23bcf02b01e7a6a454.png
-42.94009780883789,-28.95224952697754,0.0,deepfake,0,1,1,1,Deepfake-Real,/mnt/public/public_datasets/OpenMMSecV2/Deepfake/Real/FF++/f6063532fbf047aba408cfe1e99e98bc.png
-23.14067840576172,34.918731689453125,0.0,IMDL,0,4,1,7,IMDL-Real,/mnt/public/public_datasets/OpenMMSecV2/IMDL/generative/coco/imgs/7360d8f182084d049143fbd7b38abf80.jpg
-54.7785530090332,-10.482226371765137,0.0,deepfake,0,1,1,1,Deepfake-Real,/mnt/public/public_datasets/OpenMMSecV2/Deepfake/Real/CelebDF-v2/b9879846b6294588b43ec17324c443ec.png
-77.41523742675781,6.803825855255127,0.0,deepfake,0,1,1,1,Deepfake-Real,/mnt/public/public_datasets/OpenMMSecV2/Deepfake/Real/FF++/166b306911db4881ae6da7d5b5e69fbd.png
-62.59323501586914,-1.3274272680282593,0.0,deepfake,0,1,1,1,Deepfake-Real,/mnt/public/public_datasets/OpenMMSecV2/Deepfake/Real/CelebDF-v2/bcda903b8f494f35be4637198ba200a3.png
70.91051483154297,-11.386853218078613,0.0,Doc,1,3,2,6,Document-Fake,/mnt/public/public_datasets/OpenMMSecV2/Doc/non_aigc/copy-move/imgs/ad6c900227ad477aa711b024f06d101e.jpg
17.5859317779541,-18.826705932617188,0.0,AIGC,0,2,1,3,AIGC-Real,/mnt/public/public_datasets/OpenMMSecV2/AIGC/laion/ef032bd06c33488790a75a5fac8c63e9.jpg
69.9541244506836,-10.891122817993164,0.0,Doc,1,3,2,6,Document-Fake,/mnt/public/public_datasets/OpenMMSecV2/Doc/non_aigc/generation/imgs/01de85945c7647b6a4ae0cea7b7aa1bd.jpg
-2.8225488662719727,39.892822265625,0.0,IMDL,1,4,2,8,IMDL-Fake,/mnt/public/public_datasets/OpenMMSecV2/IMDL/generative/stable_diffusion/imgs/9e6f822b73dd431c820b16655c56dbfb.png
-3.4851415157318115,27.032758712768555,0.0,IMDL,1,4,2,8,IMDL-Fake,/mnt/public/public_datasets/OpenMMSecV2/IMDL/non_generative/manual_ps/imgs/3dee43a994c448989f3a83f3089dd3c9.jpg
-57.805885314941406,7.660757541656494,0.0,deepfake,0,1,1,1,Deepfake-Real,/mnt/public/public_datasets/OpenMMSecV2/Deepfake/Real/CelebDF-v2/ef76c7a100574899a3e499ae0fc950af.png
-27.911901473999023,-37.59263229370117,0.0,AIGC,1,2,2,4,AIGC-Fake,/mnt/public/public_datasets/OpenMMSecV2/AIGC/autoregressive_model/tamingtransformers/90d1381cec994c38b5b63e823aeb0ef2.jpg
17.670635223388672,-19.22136688232422,0.0,AIGC,0,2,1,3,AIGC-Real,/mnt/public/public_datasets/OpenMMSecV2/AIGC/laion/19336031118b480988c497b49bf313c0.jpg
57.004146575927734,-29.904926300048828,0.0,Doc,1,3,2,6,Document-Fake,/mnt/public/public_datasets/OpenMMSecV2/Doc/non_aigc/generation/imgs/c608b18a8f94424d90e9a89461f055ec.jpg
-16.387102127075195,36.71141052246094,0.0,IMDL,0,4,1,7,IMDL-Real,/mnt/public/public_datasets/OpenMMSecV2/IMDL/generative/flux_1/imgs/114bef7321aa42daa046cc5cb906f5b3.png
2.97847056388855,1.1205644607543945,0.0,IMDL,0,4,1,7,IMDL-Real,/mnt/public/public_datasets/OpenMMSecV2/IMDL/generative/stable_diffusion/imgs/f1bcba0f735647e2a209aea9d206ef81.png
66.61119842529297,-22.40869140625,0.0,Doc,0,3,1,5,Document-Real,/mnt/public/public_datasets/OpenMMSecV2/Doc/Real/65a738ff9b224606af6dfa052cfd8085.jpg
22.6110897064209,-5.755688190460205,0.0,AIGC,0,2,1,3,AIGC-Real,/mnt/public/public_datasets/OpenMMSecV2/AIGC/laion/340aa2cb49e94833b275fd7e5bc7ed01.jpg
24.558380126953125,29.146875381469727,0.0,Doc,0,3,1,5,Document-Real,/mnt/public/public_datasets/OpenMMSecV2/Doc/Real/797f025ee8e44404b54f06e8b33fb72f.jpg
-27.46062469482422,3.2468583583831787,0.0,IMDL,0,4,1,7,IMDL-Real,/mnt/public/public_datasets/OpenMMSecV2/IMDL/generative/flux_1/imgs/885fe7f5e9754afc9fbced206ae2898c.png
-14.278792381286621,4.25937032699585,0.0,IMDL,1,4,2,8,IMDL-Fake,/mnt/public/public_datasets/OpenMMSecV2/IMDL/generative/paintbyexample/imgs/d448bfe99bb344deb2d1029f1ec909af.tiff
-67.86077117919922,1.2371474504470825,0.0,deepfake,0,1,1,1,Deepfake-Real,/mnt/public/public_datasets/OpenMMSecV2/Deepfake/Real/FF++/ba14dae8a3b44e07bc34cd036e620c0a.png
48.01658248901367,-39.95417022705078,0.0,Doc,0,3,1,5,Document-Real,/mnt/public/public_datasets/OpenMMSecV2/Doc/Real/767efbc67f114c73a9274eff43509162.jpg
24.7338924407959,2.535169839859009,0.0,Doc,0,3,1,5,Document-Real,/mnt/public/public_datasets/OpenMMSecV2/Doc/Real/32125b105a8c46a5a3f2d854529b2f81.jpg
-40.61731719970703,-6.1214919090271,0.0,AIGC,1,2,2,4,AIGC-Fake,/mnt/public/public_datasets/OpenMMSecV2/AIGC/autoregressive_model/tamingtransformers/d691bfaae04f41b2845dee415e443d31.jpg
69.12122344970703,-26.49622917175293,0.0,Doc,0,3,1,5,Document-Real,/mnt/public/public_datasets/OpenMMSecV2/Doc/Real/0fbbe051b5364801828bbbbdf92fe324.jpg
68.74927520751953,-32.00147247314453,0.0,Doc,0,3,1,5,Document-Real,/mnt/public/public_datasets/OpenMMSecV2/Doc/Real/f6221b96017546d787ca64a8fde5c61b.jpg
14.095789909362793,-10.256471633911133,0.0,AIGC,1,2,2,4,AIGC-Fake,/mnt/public/public_datasets/OpenMMSecV2/AIGC/latent_diffusion/systematic/12518653ae614d30a0c7c48873658080.jpg
-19.569196701049805,5.075559616088867,0.0,IMDL,0,4,1,7,IMDL-Real,/mnt/public/public_datasets/OpenMMSecV2/IMDL/generative/stable_diffusion/imgs/216b7a65520b408d9649e280d2e0cc12.png
47.60297393798828,-33.313438415527344,0.0,Doc,0,3,1,5,Document-Real,/mnt/public/public_datasets/OpenMMSecV2/Doc/Real/153e31dda1574c3dbe22b4173f83fc50.jpg
10.604702949523926,-4.956267356872559,0.0,AIGC,0,2,1,3,AIGC-Real,/mnt/public/public_datasets/OpenMMSecV2/AIGC/laion/b00e2c5417764ab681d6fe4b1e5ff1b1.jpg
47.01421356201172,-35.164424896240234,0.0,Doc,0,3,1,5,Document-Real,/mnt/public/public_datasets/OpenMMSecV2/Doc/Real/4f5a78817c82447b8caff2c40a8c48f0.jpg
2.076810359954834,23.61293601989746,0.0,IMDL,1,4,2,8,IMDL-Fake,/mnt/public/public_datasets/OpenMMSecV2/IMDL/non_generative/manual_ps/imgs/e2c60e859eb245ce8c389bad5ce55370.jpg
-48.566673278808594,-41.58064651489258,0.0,deepfake,0,1,1,1,Deepfake-Real,/mnt/public/public_datasets/OpenMMSecV2/Deepfake/Real/FF++/982e6603a937431ab6cbe9072fac758f.png
-61.83369445800781,-3.3150794506073,0.0,deepfake,1,1,2,2,Deepfake-Fake,/mnt/public/public_datasets/OpenMMSecV2/Deepfake/Fake/FaceReenactment/HyperReenact/bbb542f25af444739b6aae9bc3cb0020.png
-42.02872085571289,-48.175933837890625,0.0,deepfake,1,1,2,2,Deepfake-Fake,/mnt/public/public_datasets/OpenMMSecV2/Deepfake/Fake/FaceSwap/UniFace/de7369094f0c4ae29ee4b6bf1531f062.png
3.4759366512298584,20.685659408569336,0.0,AIGC,0,2,1,3,AIGC-Real,/mnt/public/public_datasets/OpenMMSecV2/AIGC/GAN/BigGAN/imgs/bd07a22f764b4d8fb3af7277b35a595d.JPEG
66.57502746582031,0.48063328862190247,0.0,Doc,1,3,2,6,Document-Fake,/mnt/public/public_datasets/OpenMMSecV2/Doc/non_aigc/cpmv/imgs/3e569d3dab10402483e3884c53beeee3.jpg
-41.6201286315918,3.690539836883545,0.0,deepfake,0,1,1,1,Deepfake-Real,/mnt/public/public_datasets/OpenMMSecV2/Deepfake/Real/VFHQ/19da5aaf339b421d9c84efe0a702850e.png
58.68579864501953,-33.54600143432617,0.0,Doc,0,3,1,5,Document-Real,/mnt/public/public_datasets/OpenMMSecV2/Doc/Real/05d2890a9b474efcb60af0957ad1bcf8.jpg
9.037957191467285,-6.800360679626465,0.0,AIGC,1,2,2,4,AIGC-Fake,/mnt/public/public_datasets/OpenMMSecV2/AIGC/commercial/ideogram/6755e29eb09643dc981d7f63ecefb7d3.jpg
7.428534030914307,7.088461399078369,0.0,AIGC,1,2,2,4,AIGC-Fake,/mnt/public/public_datasets/OpenMMSecV2/AIGC/GAN/styleGANs/365f4414a7a347469e9c32da94fc3616.jpg
64.91522979736328,-23.733402252197266,0.0,Doc,1,3,2,6,Document-Fake,/mnt/public/public_datasets/OpenMMSecV2/Doc/non_aigc/insert/imgs/1f3858bf36df4bc5aea2eba7d5406daa.jpg
20.5161075592041,25.840391159057617,0.0,IMDL,1,4,2,8,IMDL-Fake,/mnt/public/public_datasets/OpenMMSecV2/IMDL/non_generative/manual_ps/imgs/0df9bb370d6b45a987e437a21c2b95ee.jpg
64.55731964111328,-29.808958053588867,0.0,Doc,1,3,2,6,Document-Fake,/mnt/public/public_datasets/OpenMMSecV2/Doc/non_aigc/cpmv/imgs/b3855b63f1e2482788607690c8e12033.jpg
8.094427108764648,12.52859115600586,0.0,AIGC,1,2,2,4,AIGC-Fake,/mnt/public/public_datasets/OpenMMSecV2/AIGC/pixel_diffusion/adm/imgs/afcd8bdbd67f49869a9162e35c52caed.png
-8.916172981262207,37.06279373168945,0.0,IMDL,0,4,1,7,IMDL-Real,/mnt/public/public_datasets/OpenMMSecV2/IMDL/generative/coco/imgs/0cd2c2d0a54c4157a8352e7012fe7f87.jpg
5.642984390258789,16.719133377075195,0.0,AIGC,0,2,1,3,AIGC-Real,/mnt/public/public_datasets/OpenMMSecV2/AIGC/pixel_diffusion/glide/imgs/6f85eff4aa5d48579c7e33be7e655a0e.JPEG
24.553096771240234,34.497802734375,0.0,IMDL,0,4,1,7,IMDL-Real,/mnt/public/public_datasets/OpenMMSecV2/IMDL/non_generative/manual_ps/imgs/8a15f0cb6cb54953b78d3f2e63b67410.jpg
9.349289894104004,38.83698272705078,0.0,IMDL,1,4,2,8,IMDL-Fake,/mnt/public/public_datasets/OpenMMSecV2/IMDL/generative/paintbyexample/imgs/2676c9e32b0747e0b89b910dc74eeabb.jpg
-44.96138381958008,-45.00743865966797,0.0,deepfake,1,1,2,2,Deepfake-Fake,/mnt/public/public_datasets/OpenMMSecV2/Deepfake/Fake/EntireFaceSynthesis/StyleGAN-XL/d611e8ab9e60494b9cc6b4f9a7e0be12.png
-12.405608177185059,38.06955337524414,0.0,IMDL,0,4,1,7,IMDL-Real,/mnt/public/public_datasets/OpenMMSecV2/IMDL/generative/coco/imgs/c635c29531f3410a80571f6e8824ebd6.jpg
6.413608551025391,-8.216913223266602,0.0,IMDL,0,4,1,7,IMDL-Real,/mnt/public/public_datasets/OpenMMSecV2/IMDL/generative/flux_1/imgs/89e41f13ce3c46018a68bb5f75025986.png
29.246845245361328,11.14012622833252,0.0,IMDL,1,4,2,8,IMDL-Fake,/mnt/public/public_datasets/OpenMMSecV2/IMDL/non_generative/manual_ps/imgs/2a6f4fc5b7214c70b4e5eb159b5c104e.jpg
47.17892837524414,-33.29093551635742,0.0,Doc,0,3,1,5,Document-Real,/mnt/public/public_datasets/OpenMMSecV2/Doc/Real/72ea4fd035374917a5f703530f1eddad.jpg
-58.901363372802734,13.427979469299316,0.0,deepfake,1,1,2,2,Deepfake-Fake,/mnt/public/public_datasets/OpenMMSecV2/Deepfake/Fake/FaceReenactment/Wav2Lip/4b25435a52eb494c966e1caab2aaaea7.png
52.590179443359375,-13.679033279418945,0.0,Doc,1,3,2,6,Document-Fake,/mnt/public/public_datasets/OpenMMSecV2/Doc/non_aigc/generation/imgs/31d955a00b0c477aae34f09824ea2036.jpg
18.197406768798828,29.528915405273438,0.0,Doc,0,3,1,5,Document-Real,/mnt/public/public_datasets/OpenMMSecV2/Doc/Real/15dba1de0eb64ddda1cba864918aea25.jpg
30.283876419067383,24.5653076171875,0.0,Doc,0,3,1,5,Document-Real,/mnt/public/public_datasets/OpenMMSecV2/Doc/Real/3cca73e2ed014b858cb1bbb26aea6772.jpg
68.16228485107422,-29.769311904907227,0.0,Doc,0,3,1,5,Document-Real,/mnt/public/public_datasets/OpenMMSecV2/Doc/Real/e2f2647366d64ca7adf4c5a68242c397.jpg
-39.72209548950195,-26.603961944580078,0.0,deepfake,0,1,1,1,Deepfake-Real,/mnt/public/public_datasets/OpenMMSecV2/Deepfake/Real/CelebDF-v2/9fd34846d4ec4c3086aa6e6efa168380.png
30.7510929107666,33.69919967651367,0.0,Doc,0,3,1,5,Document-Real,/mnt/public/public_datasets/OpenMMSecV2/Doc/Real/0ee61759bdf94f89b7a1e816f58b4173.jpg
31.68055534362793,26.836877822875977,0.0,Doc,0,3,1,5,Document-Real,/mnt/public/public_datasets/OpenMMSecV2/Doc/Real/124e6d1ac9624649b67fdc4367e16874.jpg
-14.569822311401367,7.432453632354736,0.0,IMDL,1,4,2,8,IMDL-Fake,/mnt/public/public_datasets/OpenMMSecV2/IMDL/generative/gan_mat/imgs/9c8bd35623064d51beffc25fb0270403.tiff
14.847070693969727,40.79154968261719,0.0,IMDL,1,4,2,8,IMDL-Fake,/mnt/public/public_datasets/OpenMMSecV2/IMDL/generative/gan_mat/imgs/4e2c6972bbe94e4088778940a6308d37.png
-28.61538314819336,41.33525466918945,0.0,IMDL,0,4,1,7,IMDL-Real,/mnt/public/public_datasets/OpenMMSecV2/IMDL/generative/flux_1/imgs/31c4599834f34ccfb206d09afd1e6fff.png
-50.15033721923828,-48.7559700012207,0.0,deepfake,0,1,1,1,Deepfake-Real,/mnt/public/public_datasets/OpenMMSecV2/Deepfake/Real/FF++/6fa554e10f8e4b2d848b08428d1673eb.png
3.0683717727661133,4.982276439666748,0.0,Doc,0,3,1,5,Document-Real,/mnt/public/public_datasets/OpenMMSecV2/Doc/Real/8df9a44f9d7b4b3585f23f34d3459b2e.jpg
-54.824039459228516,8.786338806152344,0.0,deepfake,0,1,1,1,Deepfake-Real,/mnt/public/public_datasets/OpenMMSecV2/Deepfake/Real/CelebDF-v2/5944f557459a44d58769931df97c1e84.png
21.982786178588867,2.7661750316619873,0.0,AIGC,0,2,1,3,AIGC-Real,/mnt/public/public_datasets/OpenMMSecV2/AIGC/commercial/wukong/imgs/fad2af735afd41d78036b3e5e6f71c68.JPEG
-15.977402687072754,-19.829097747802734,0.0,AIGC,1,2,2,4,AIGC-Fake,/mnt/public/public_datasets/OpenMMSecV2/AIGC/other/online/imgs/61a6ed94227944adab445961d06eb717.jpg
-70.11563873291016,2.709632635116577,0.0,deepfake,0,1,1,1,Deepfake-Real,/mnt/public/public_datasets/OpenMMSecV2/Deepfake/Real/FF++/ddf76bf317644f49ace0dc723f78ad74.png
-33.73442077636719,-21.354211807250977,0.0,deepfake,0,1,1,1,Deepfake-Real,/mnt/public/public_datasets/OpenMMSecV2/Deepfake/Real/VFHQ/a0dc6a18e8d243f99f8bf6dcba6500b3.png
-42.69505310058594,-13.019681930541992,0.0,deepfake,1,1,2,2,Deepfake-Fake,/mnt/public/public_datasets/OpenMMSecV2/Deepfake/Fake/FaceEditing/e4e/ace655630b764e8c96d2bb5bc63a7037.jpg
-16.08085823059082,51.79192352294922,0.0,IMDL,1,4,2,8,IMDL-Fake,/mnt/public/public_datasets/OpenMMSecV2/IMDL/generative/gan_mat/imgs/3579ef2041bb4224a81a964b88047723.jpg
7.48139762878418,14.308671951293945,0.0,IMDL,1,4,2,8,IMDL-Fake,/mnt/public/public_datasets/OpenMMSecV2/IMDL/non_generative/manual_ps/imgs/0ab960bb87f34d2398eed36681db12d0.jpg
52.46799087524414,-36.06143569946289,0.0,Doc,1,3,2,6,Document-Fake,/mnt/public/public_datasets/OpenMMSecV2/Doc/non_aigc/inpaint/imgs/c31dee03f3894a9d82d3d482e7483afe.jpg
15.761836051940918,-16.760299682617188,0.0,AIGC,0,2,1,3,AIGC-Real,/mnt/public/public_datasets/OpenMMSecV2/AIGC/laion/972ad673cb234f2bb465a3dc1f7b897d.jpg
-3.0709798336029053,43.46418380737305,0.0,AIGC,0,2,1,3,AIGC-Real,/mnt/public/public_datasets/OpenMMSecV2/AIGC/laion/d62d58ffa06b48c280cd920801673bc7.jpg
5.646398067474365,20.194555282592773,0.0,IMDL,1,4,2,8,IMDL-Fake,/mnt/public/public_datasets/OpenMMSecV2/IMDL/non_generative/manual_ps/imgs/6dfc2d2b2d8c45aca2e7a0a319932b8c.jpg
3.6843035221099854,-0.20447544753551483,0.0,IMDL,1,4,2,8,IMDL-Fake,/mnt/public/public_datasets/OpenMMSecV2/IMDL/generative/paintbyexample/imgs/6fc02051c8524939a0eb4b172925a1ac.jpg
30.376976013183594,24.63538360595703,0.0,Doc,0,3,1,5,Document-Real,/mnt/public/public_datasets/OpenMMSecV2/Doc/Real/8bce4f0986384559b996d724776c4ffd.jpg
31.077301025390625,34.84907150268555,0.0,Doc,1,3,2,6,Document-Fake,/mnt/public/public_datasets/OpenMMSecV2/Doc/aigc/stefann/imgs/ad3e07d83fb3459e84f6c2274a117325.jpg
-43.60486602783203,-26.978044509887695,0.0,deepfake,0,1,1,1,Deepfake-Real,/mnt/public/public_datasets/OpenMMSecV2/Deepfake/Real/CelebDF-v2/5ffaeee67c2241698d8e80d23a265ed5.png
-58.404850006103516,13.249022483825684,0.0,deepfake,1,1,2,2,Deepfake-Fake,/mnt/public/public_datasets/OpenMMSecV2/Deepfake/Fake/FaceReenactment/MRAA/25542086f1ed4b1a84cae493ad3fa7b2.png
23.85613250732422,29.744340896606445,0.0,Doc,0,3,1,5,Document-Real,/mnt/public/public_datasets/OpenMMSecV2/Doc/Real/40b0faf9af244ca282d1275a68c162cb.jpg
3.0447683334350586,35.663841247558594,0.0,IMDL,1,4,2,8,IMDL-Fake,/mnt/public/public_datasets/OpenMMSecV2/IMDL/non_generative/manual_ps/imgs/6cee179c5db14e87b15051b89d349585.tif
0.2302236706018448,39.13570022583008,0.0,IMDL,1,4,2,8,IMDL-Fake,/mnt/public/public_datasets/OpenMMSecV2/IMDL/generative/flux_1/imgs/cadd92fbcb114ff9ab97506884931a75.png
-11.099128723144531,-5.4616379737854,0.0,IMDL,1,4,2,8,IMDL-Fake,/mnt/public/public_datasets/OpenMMSecV2/IMDL/generative/paintbyexample/imgs/cc71652495f24ed0975cc8b0715b1d50.tiff
58.587547302246094,-14.079469680786133,0.0,Doc,1,3,2,6,Document-Fake,/mnt/public/public_datasets/OpenMMSecV2/Doc/non_aigc/copy-move/imgs/7f6d89a7df30400c874754e34766deef.jpg
14.639309883117676,39.844913482666016,0.0,IMDL,0,4,1,7,IMDL-Real,/mnt/public/public_datasets/OpenMMSecV2/IMDL/generative/flux_1/imgs/a0f4a6e12dc145c6a22f19b56ed1fe2d.png
19.4130916595459,-7.11561918258667,0.0,AIGC,0,2,1,3,AIGC-Real,/mnt/public/public_datasets/OpenMMSecV2/AIGC/laion/67afc71de4d440d7a4867ba3a0338228.jpg
-47.13835906982422,-43.088409423828125,0.0,deepfake,1,1,2,2,Deepfake-Fake,/mnt/public/public_datasets/OpenMMSecV2/Deepfake/Fake/EntireFaceSynthesis/StyleGAN-XL/0ac7ff7f2db0408a9f38179024b48a6c.png
-20.725780487060547,7.15665340423584,0.0,IMDL,1,4,2,8,IMDL-Fake,/mnt/public/public_datasets/OpenMMSecV2/IMDL/non_generative/manual_ps/imgs/0bcad5ff14744e789066ed203e7c632d.jpg
0.33876335620880127,-4.174663543701172,0.0,IMDL,1,4,2,8,IMDL-Fake,/mnt/public/public_datasets/OpenMMSecV2/IMDL/generative/paintbyexample/imgs/3e2fb18d06a64afbb35608bdac737030.tiff
21.357885360717773,22.4141845703125,0.0,IMDL,1,4,2,8,IMDL-Fake,/mnt/public/public_datasets/OpenMMSecV2/IMDL/generative/gan_mat/imgs/f6e59215f18d42b4b5de844689825bc4.jpg
28.6048583984375,-17.31494903564453,0.0,AIGC,0,2,1,3,AIGC-Real,/mnt/public/public_datasets/OpenMMSecV2/AIGC/laion/c5eb685c3a8347f79267bacc5a4e8767.jpg
11.163549423217773,-7.190017223358154,0.0,IMDL,1,4,2,8,IMDL-Fake,/mnt/public/public_datasets/OpenMMSecV2/IMDL/non_generative/manual_ps/imgs/4fb761a6f83d411e8a4ba7ac4a3d24c7.tif
16.99224853515625,1.6356289386749268,0.0,IMDL,1,4,2,8,IMDL-Fake,/mnt/public/public_datasets/OpenMMSecV2/IMDL/non_generative/manual_ps/imgs/82f0e5e903da4aefb9bd0bba3284b3c3.jpg
2.172734022140503,17.873220443725586,0.0,AIGC,1,2,2,4,AIGC-Fake,/mnt/public/public_datasets/OpenMMSecV2/AIGC/pixel_diffusion/guided_diffusion/f6a2abd39fbe438fb08fb596cd02b716.jpg
22.33719253540039,37.89164352416992,0.0,IMDL,0,4,1,7,IMDL-Real,/mnt/public/public_datasets/OpenMMSecV2/IMDL/generative/stable_diffusion/imgs/456e4a7be68c4788ad5ced45386318c6.png
17.54012680053711,30.192054748535156,0.0,AIGC,1,2,2,4,AIGC-Fake,/mnt/public/public_datasets/OpenMMSecV2/AIGC/latent_diffusion/systematic/ecc9bd4894c84612a33dd80f1d060aa1.jpg
1.1072332859039307,17.03520965576172,0.0,IMDL,1,4,2,8,IMDL-Fake,/mnt/public/public_datasets/OpenMMSecV2/IMDL/non_generative/manual_ps/imgs/4107057fa45a449d985650ad68642790.jpg
-69.50324249267578,4.5444817543029785,0.0,deepfake,1,1,2,2,Deepfake-Fake,/mnt/public/public_datasets/OpenMMSecV2/Deepfake/Fake/FaceReenactment/LIA/93e72a8013b8405ea36d86a8f81d2d5a.png
12.841699600219727,-19.332256317138672,0.0,AIGC,0,2,1,3,AIGC-Real,/mnt/public/public_datasets/OpenMMSecV2/AIGC/laion/5711ee1138364f7e9663b95e719fb65c.jpg
16.958215713500977,-10.650043487548828,0.0,AIGC,0,2,1,3,AIGC-Real,/mnt/public/public_datasets/OpenMMSecV2/AIGC/GAN/BigGAN/imgs/bf4b580465ff442ba4a9c49760467529.JPEG
1.9608447551727295,42.74648666381836,0.0,AIGC,1,2,2,4,AIGC-Fake,/mnt/public/public_datasets/OpenMMSecV2/AIGC/GAN/CIPS/1198b3b352ed472e90221597d2a5e071.jpg
-27.87662124633789,-38.230712890625,0.0,AIGC,1,2,2,4,AIGC-Fake,/mnt/public/public_datasets/OpenMMSecV2/AIGC/autoregressive_model/tamingtransformers/6b9c642a63b446a4a121a8988ff73968.jpg
-0.44744542241096497,45.710933685302734,0.0,IMDL,1,4,2,8,IMDL-Fake,/mnt/public/public_datasets/OpenMMSecV2/IMDL/non_generative/manual_ps/imgs/3f78337b63e64b5eae975e03b3ca9965.jpg
-5.83101224899292,-2.5413551330566406,0.0,IMDL,1,4,2,8,IMDL-Fake,/mnt/public/public_datasets/OpenMMSecV2/IMDL/generative/stable_diffusion/imgs/667cd3c6810c409d8a979e3339c836f0.jpg
1.7247806787490845,8.736541748046875,0.0,AIGC,1,2,2,4,AIGC-Fake,/mnt/public/public_datasets/OpenMMSecV2/AIGC/commercial/flux/ac5aae2d1f4c413b927751b566424de1.jpg
-5.075733661651611,8.824152946472168,0.0,IMDL,1,4,2,8,IMDL-Fake,/mnt/public/public_datasets/OpenMMSecV2/IMDL/generative/gan_mat/imgs/151868004e9b43eaa58753260036d038.jpg
61.99726867675781,1.0770037174224854,0.0,Doc,0,3,1,5,Document-Real,/mnt/public/public_datasets/OpenMMSecV2/Doc/Real/8aa3ecdcfcdc4b08a374d089de403835.jpg
-4.908246040344238,15.951362609863281,0.0,AIGC,1,2,2,4,AIGC-Fake,/mnt/public/public_datasets/OpenMMSecV2/AIGC/GAN/styleGANs/49be3a8cecf04b9cbfa1ade721047fb8.jpg
-55.721519470214844,6.72404146194458,0.0,deepfake,1,1,2,2,Deepfake-Fake,/mnt/public/public_datasets/OpenMMSecV2/Deepfake/Fake/FaceReenactment/MRAA/c86ffccb9c3147cd9cf74ddf36f4d54c.png
-37.07222366333008,-24.202953338623047,0.0,deepfake,0,1,1,1,Deepfake-Real,/mnt/public/public_datasets/OpenMMSecV2/Deepfake/Real/DFD/efe27286fbe54b2cb9c85a7dfb8c1655.png
62.985836029052734,-5.338924884796143,0.0,Doc,0,3,1,5,Document-Real,/mnt/public/public_datasets/OpenMMSecV2/Doc/Real/2ac1decf605c42a681f611d301bdd470.jpg
-55.55918884277344,-14.862238883972168,0.0,deepfake,0,1,1,1,Deepfake-Real,/mnt/public/public_datasets/OpenMMSecV2/Deepfake/Real/DFD/70ad8a432caf4e619e6f781914b18ddb.png
-7.24138069152832,31.26296043395996,0.0,IMDL,1,4,2,8,IMDL-Fake,/mnt/public/public_datasets/OpenMMSecV2/IMDL/generative/flux_1/imgs/13fac25c39294136bc27556d13f52cf8.png
69.0704345703125,-22.605621337890625,0.0,Doc,1,3,2,6,Document-Fake,/mnt/public/public_datasets/OpenMMSecV2/Doc/non_aigc/cover/imgs/b03d21c1ec094d0cb688a0d3531c4a11.jpg
71.34455871582031,-9.521988868713379,0.0,Doc,1,3,2,6,Document-Fake,/mnt/public/public_datasets/OpenMMSecV2/Doc/non_aigc/generation/imgs/b4a9016a441046a59e849ab54fa204d3.jpg
-8.844317436218262,34.38984680175781,0.0,AIGC,1,2,2,4,AIGC-Fake,/mnt/public/public_datasets/OpenMMSecV2/AIGC/latent_diffusion/systematic/2fe117d3d9af4ef89e926e8fd6f62074.jpg
-24.227699279785156,13.154180526733398,0.0,IMDL,0,4,1,7,IMDL-Real,/mnt/public/public_datasets/OpenMMSecV2/IMDL/generative/stable_diffusion/imgs/60fc1dfdd5b147dd8de5dab24423db70.png
-41.499820709228516,-31.1159610748291,0.0,deepfake,0,1,1,1,Deepfake-Real,/mnt/public/public_datasets/OpenMMSecV2/Deepfake/Real/FF++/a4bad6c6af034158ab791ea2b0038d2a.png
-64.66867065429688,2.7597334384918213,0.0,deepfake,1,1,2,2,Deepfake-Fake,/mnt/public/public_datasets/OpenMMSecV2/Deepfake/Fake/FaceReenactment/LIA/1a0aee70ad654628bbbd698f9819bd30.png
13.081827163696289,-13.59492301940918,0.0,AIGC,0,2,1,3,AIGC-Real,/mnt/public/public_datasets/OpenMMSecV2/AIGC/laion/f38bc1c326e34f6e80ffd0557c4283c7.jpg
13.244503021240234,24.118654251098633,0.0,IMDL,1,4,2,8,IMDL-Fake,/mnt/public/public_datasets/OpenMMSecV2/IMDL/generative/flux_1/imgs/048f68a85ada4f76aa118906b6ba93dd.png
-19.410497665405273,6.547938346862793,0.0,IMDL,0,4,1,7,IMDL-Real,/mnt/public/public_datasets/OpenMMSecV2/IMDL/generative/flux_1/imgs/11e6c4bd9f3c4250ab28fb8b58e606a2.png
-61.15785598754883,9.279967308044434,0.0,deepfake,1,1,2,2,Deepfake-Fake,/mnt/public/public_datasets/OpenMMSecV2/Deepfake/Fake/EntireFaceSynthesis/SiT-XL/5a294903078a404594ef898cc3606d9e.png
-12.871121406555176,4.92301607131958,0.0,IMDL,1,4,2,8,IMDL-Fake,/mnt/public/public_datasets/OpenMMSecV2/IMDL/generative/stable_diffusion/imgs/cdcf4f3fc50146b185f04665a6520e8f.png
-37.00986099243164,-25.270408630371094,0.0,deepfake,0,1,1,1,Deepfake-Real,/mnt/public/public_datasets/OpenMMSecV2/Deepfake/Real/DFD/0b70f1b3d3364c69afcfb4a7ff60b622.png
-44.91874313354492,-25.34729766845703,0.0,deepfake,0,1,1,1,Deepfake-Real,/mnt/public/public_datasets/OpenMMSecV2/Deepfake/Real/CelebDF-v2/ee7275fd3c704cd6950d108937b240b5.png
6.285539150238037,-9.833312034606934,0.0,IMDL,0,4,1,7,IMDL-Real,/mnt/public/public_datasets/OpenMMSecV2/IMDL/generative/flux_1/imgs/e7955480769b4ca89662cc6d0e5147c5.png
-54.06401824951172,2.5984225273132324,0.0,deepfake,1,1,2,2,Deepfake-Fake,/mnt/public/public_datasets/OpenMMSecV2/Deepfake/Fake/FaceSwap/UniFace/e49201a7131642949de49770b4daa930.png
-43.65620040893555,-45.131072998046875,0.0,deepfake,1,1,2,2,Deepfake-Fake,/mnt/public/public_datasets/OpenMMSecV2/Deepfake/Fake/FaceSwap/UniFace/3232454d98414b848dd09ecd4448d964.png
34.397254943847656,14.074254989624023,0.0,Doc,0,3,1,5,Document-Real,/mnt/public/public_datasets/OpenMMSecV2/Doc/Real/f2628bf40a5f45169b8af726f2fcb387.jpg
-38.940975189208984,-2.2396628856658936,0.0,deepfake,1,1,2,2,Deepfake-Fake,/mnt/public/public_datasets/OpenMMSecV2/Deepfake/Fake/FaceEditing/e4e/5025434f55474d7a94fbcac9a8271069.jpg
-54.64516830444336,-13.874189376831055,0.0,deepfake,0,1,1,1,Deepfake-Real,/mnt/public/public_datasets/OpenMMSecV2/Deepfake/Real/DFD/e872e9062d7b459b9c1cccbd769d86ab.png
-11.811627388000488,6.160802364349365,0.0,IMDL,1,4,2,8,IMDL-Fake,/mnt/public/public_datasets/OpenMMSecV2/IMDL/generative/flux_1/imgs/80b68a4b5c024d479154f38edd9b72ad.png
39.977447509765625,28.82731819152832,0.0,Doc,0,3,1,5,Document-Real,/mnt/public/public_datasets/OpenMMSecV2/Doc/Real/423481b21596435bb397506d85bd59fe.jpg
-73.15119171142578,4.1633501052856445,0.0,deepfake,0,1,1,1,Deepfake-Real,/mnt/public/public_datasets/OpenMMSecV2/Deepfake/Real/FF++/acaf6b37648c4a7798ab8c65fcfc0761.png
-2.410905361175537,33.58872985839844,0.0,IMDL,0,4,1,7,IMDL-Real,/mnt/public/public_datasets/OpenMMSecV2/IMDL/generative/flux_1/imgs/c4a036db5b1743b198f163bbc8ef8ba9.png
16.978851318359375,-0.6986676454544067,0.0,AIGC,1,2,2,4,AIGC-Fake,/mnt/public/public_datasets/OpenMMSecV2/AIGC/commercial/dalle/d3b1f810a5a64af7b3b1f48c4c75828d.jpg
-49.56794357299805,-44.17445755004883,0.0,deepfake,0,1,1,1,Deepfake-Real,/mnt/public/public_datasets/OpenMMSecV2/Deepfake/Real/CelebDF-v2/99ed4681791b49c1902e767853228728.png
24.21497917175293,39.913021087646484,0.0,AIGC,0,2,1,3,AIGC-Real,/mnt/public/public_datasets/OpenMMSecV2/AIGC/laion/1fdacea35666461992140d25123a70b1.jpg
40.79325485229492,30.243579864501953,0.0,Doc,1,3,2,6,Document-Fake,/mnt/public/public_datasets/OpenMMSecV2/Doc/aigc/udifftext/imgs/0fc32ef802ba46489bf0c59c8a7c2b6d.jpg
9.172029495239258,36.07637023925781,0.0,IMDL,0,4,1,7,IMDL-Real,/mnt/public/public_datasets/OpenMMSecV2/IMDL/generative/flux_1/imgs/4653fa7994ac44a28bcb11280924f7be.png
-38.01298141479492,-15.272475242614746,0.0,AIGC,1,2,2,4,AIGC-Fake,/mnt/public/public_datasets/OpenMMSecV2/AIGC/GAN/styleGANs/1078c21ffc134940b3c890cbad85bae6.jpg
-7.550201416015625,36.75140380859375,0.0,IMDL,0,4,1,7,IMDL-Real,/mnt/public/public_datasets/OpenMMSecV2/IMDL/non_generative/manual_ps/imgs/d574b72cb0aa4cdeae504097a36d99da.jpg
-24.41480255126953,-36.873897552490234,0.0,deepfake,1,1,2,2,Deepfake-Fake,/mnt/public/public_datasets/OpenMMSecV2/Deepfake/Fake/FaceEditing/StarGAN/063e2d43c4794866bb5761cd98441725.jpg
26.25278663635254,39.822608947753906,0.0,IMDL,0,4,1,7,IMDL-Real,/mnt/public/public_datasets/OpenMMSecV2/IMDL/generative/coco/imgs/e964d47d191348e181b9f4e08e75bfb4.jpg
-24.290544509887695,12.301209449768066,0.0,IMDL,1,4,2,8,IMDL-Fake,/mnt/public/public_datasets/OpenMMSecV2/IMDL/non_generative/manual_ps/imgs/73585d589fef49f9ab6f218fb74ef621.jpg
58.84716033935547,-34.047237396240234,0.0,Doc,0,3,1,5,Document-Real,/mnt/public/public_datasets/OpenMMSecV2/Doc/Real/a6ae17beed5b47c5b8bd2a8a9a73b4de.jpg
-56.22435760498047,6.946077823638916,0.0,deepfake,1,1,2,2,Deepfake-Fake,/mnt/public/public_datasets/OpenMMSecV2/Deepfake/Fake/FaceSwap/InSwapper/bfbadef2666946c3b18a54342dfb3901.png
58.85497283935547,6.799010753631592,0.0,Doc,0,3,1,5,Document-Real,/mnt/public/public_datasets/OpenMMSecV2/Doc/Real/4194001e10434d62a880cba6539c7e32.jpg
11.993792533874512,-16.36203384399414,0.0,AIGC,0,2,1,3,AIGC-Real,/mnt/public/public_datasets/OpenMMSecV2/AIGC/laion/d71f5512d042439aacc60dccfd5b29d6.jpg
62.52101516723633,-4.286772727966309,0.0,Doc,0,3,1,5,Document-Real,/mnt/public/public_datasets/OpenMMSecV2/Doc/Real/9f0730ac307e47dcbbd58f3e9e2b7af0.jpg
12.836609840393066,29.61968231201172,0.0,IMDL,1,4,2,8,IMDL-Fake,/mnt/public/public_datasets/OpenMMSecV2/IMDL/non_generative/manual_ps/imgs/7db0d83e3b2c4301a54289bfb3fbf26f.jpg
-11.921031951904297,-21.5496883392334,0.0,AIGC,1,2,2,4,AIGC-Fake,/mnt/public/public_datasets/OpenMMSecV2/AIGC/other/online/imgs/fff15f3172c14b6384e054f730601f7b.jpg
-61.06971740722656,-5.364395618438721,0.0,deepfake,0,1,1,1,Deepfake-Real,/mnt/public/public_datasets/OpenMMSecV2/Deepfake/Real/FF++/94aeb9f191754469b283d1d200a047f3.png
-15.967667579650879,32.797672271728516,0.0,IMDL,1,4,2,8,IMDL-Fake,/mnt/public/public_datasets/OpenMMSecV2/IMDL/generative/gan_mat/imgs/a16848ccffa848cf873eb7734171bedb.tiff
-47.024417877197266,-48.82731628417969,0.0,deepfake,0,1,1,1,Deepfake-Real,/mnt/public/public_datasets/OpenMMSecV2/Deepfake/Real/CelebDF-v2/925e920e84bf45ea894cf5e9e3e1178a.png
18.54572296142578,13.07394027709961,0.0,AIGC,1,2,2,4,AIGC-Fake,/mnt/public/public_datasets/OpenMMSecV2/AIGC/commercial/imagen/2413c2194cc5494d8be17ff5fe936005.jpg
39.29783630371094,27.56096839904785,0.0,Doc,0,3,1,5,Document-Real,/mnt/public/public_datasets/OpenMMSecV2/Doc/Real/e65dc752e45a4715a7da0b62636ffd47.jpg
17.322006225585938,5.461878299713135,0.0,IMDL,0,4,1,7,IMDL-Real,/mnt/public/public_datasets/OpenMMSecV2/IMDL/generative/stable_diffusion/imgs/0771cb79193342f2a1951e7cdc92dfa0.png
15.696853637695312,-14.420341491699219,0.0,AIGC,0,2,1,3,AIGC-Real,/mnt/public/public_datasets/OpenMMSecV2/AIGC/laion/e756e13808d749bfbe7bff0389bd8e01.jpg
-2.255605936050415,14.939472198486328,0.0,AIGC,1,2,2,4,AIGC-Fake,/mnt/public/public_datasets/OpenMMSecV2/AIGC/pixel_diffusion/glide/imgs/7f84bc92e96445ee92b45ffe6657ccb2.png
4.919755458831787,38.152896881103516,0.0,IMDL,0,4,1,7,IMDL-Real,/mnt/public/public_datasets/OpenMMSecV2/IMDL/generative/flux_1/imgs/67c824fe2dda43649bbddabfe052c957.png
-25.396751403808594,10.127713203430176,0.0,IMDL,1,4,2,8,IMDL-Fake,/mnt/public/public_datasets/OpenMMSecV2/IMDL/generative/flux_1/imgs/a8bd4f1eac5e4f27a3218de8128ee421.png
-28.83665657043457,-5.14966344833374,0.0,AIGC,1,2,2,4,AIGC-Fake,/mnt/public/public_datasets/OpenMMSecV2/AIGC/GAN/BigGAN/a5748d36a376469d84daa429f72cf23a.jpg
-5.043628692626953,51.0265007019043,0.0,IMDL,1,4,2,8,IMDL-Fake,/mnt/public/public_datasets/OpenMMSecV2/IMDL/non_generative/manual_ps/imgs/8024b7f0231c4c939fe2b1b33ead672a.jpg
-21.539531707763672,3.5074868202209473,0.0,AIGC,1,2,2,4,AIGC-Fake,/mnt/public/public_datasets/OpenMMSecV2/AIGC/GAN/GigaGAN/68ec1596cef54a4080e8bf6a27e95bd3.jpg
68.0495834350586,-0.19479134678840637,0.0,Doc,1,3,2,6,Document-Fake,/mnt/public/public_datasets/OpenMMSecV2/Doc/non_aigc/copy-move/imgs/aedd591e8f8a44c19f5f6157958c85a8.jpg
2.953376293182373,45.02159118652344,0.0,IMDL,0,4,1,7,IMDL-Real,/mnt/public/public_datasets/OpenMMSecV2/IMDL/generative/stable_diffusion/imgs/6b1530e53c384c259c0a842ccb503ea5.png
30.845829010009766,31.009016036987305,0.0,Doc,0,3,1,5,Document-Real,/mnt/public/public_datasets/OpenMMSecV2/Doc/Real/e7730663ef29497cbbaea5606ddbd917.jpg
25.16924285888672,28.03729820251465,0.0,Doc,1,3,2,6,Document-Fake,/mnt/public/public_datasets/OpenMMSecV2/Doc/aigc/derend/imgs/ac1ad5e3672144c4a5edabec17fb8a29.jpg
63.41402053833008,3.7736589908599854,0.0,Doc,1,3,2,6,Document-Fake,/mnt/public/public_datasets/OpenMMSecV2/Doc/non_aigc/copy-move/imgs/14e932345301460aad1b658e05b688ba.jpg
73.69397735595703,-14.594865798950195,0.0,Doc,1,3,2,6,Document-Fake,/mnt/public/public_datasets/OpenMMSecV2/Doc/non_aigc/copy-move/imgs/ad5d2c2fc6334693b3867a3c4fb291d7.jpg
70.01212310791016,-21.49858856201172,0.0,Doc,0,3,1,5,Document-Real,/mnt/public/public_datasets/OpenMMSecV2/Doc/Real/5434b199e6c84353af09e34fb195ed2c.jpg
-69.10431671142578,2.998173713684082,0.0,deepfake,0,1,1,1,Deepfake-Real,/mnt/public/public_datasets/OpenMMSecV2/Deepfake/Real/CelebDF-v2/88971c312d494aeda9ab7b1566d21401.png
0.2672683894634247,23.468015670776367,0.0,AIGC,1,2,2,4,AIGC-Fake,/mnt/public/public_datasets/OpenMMSecV2/AIGC/pixel_diffusion/guided_diffusion/dcc99c4238fc410f8a7796a08c5c0911.jpg
-22.91060447692871,24.426944732666016,0.0,deepfake,0,1,1,1,Deepfake-Real,/mnt/public/public_datasets/OpenMMSecV2/Deepfake/Real/FFHQ/00157b4e26b74a5ead626845bd65d654.jpg
-9.52867603302002,9.10362434387207,0.0,AIGC,0,2,1,3,AIGC-Real,/mnt/public/public_datasets/OpenMMSecV2/AIGC/laion/70af93825d7d426a8d7496812f61d3af.jpg
16.672508239746094,-7.3538007736206055,0.0,AIGC,0,2,1,3,AIGC-Real,/mnt/public/public_datasets/OpenMMSecV2/AIGC/laion/23860018a61f46adb3ef96daa46d4f4a.jpg
-73.79993438720703,4.988945484161377,0.0,deepfake,0,1,1,1,Deepfake-Real,/mnt/public/public_datasets/OpenMMSecV2/Deepfake/Real/UADFV/f9cb254774bf442ba3f64f354616adc9.png
-4.642382621765137,-2.664555072784424,0.0,AIGC,0,2,1,3,AIGC-Real,/mnt/public/public_datasets/OpenMMSecV2/AIGC/laion/724ce0d79411410bac329efdf7e2fc1f.jpg
54.6737174987793,-21.87558937072754,0.0,Doc,0,3,1,5,Document-Real,/mnt/public/public_datasets/OpenMMSecV2/Doc/Real/4efee3a090f4481e94d075b285acf101.jpg
23.581729888916016,4.295926570892334,0.0,Doc,1,3,2,6,Document-Fake,/mnt/public/public_datasets/OpenMMSecV2/Doc/aigc/derend/imgs/2448696ccd1e45fdb6d7432cfb05d550.jpg
66.21735382080078,-24.16512680053711,0.0,Doc,0,3,1,5,Document-Real,/mnt/public/public_datasets/OpenMMSecV2/Doc/Real/725c03739aa14772a2f33247393e5283.jpg
71.84447479248047,-17.67202377319336,0.0,Doc,1,3,2,6,Document-Fake,/mnt/public/public_datasets/OpenMMSecV2/Doc/non_aigc/copy-move/imgs/5da91f3dbc8743a5be4367b9c27fa8ea.jpg
-58.74393081665039,10.859213829040527,0.0,deepfake,1,1,2,2,Deepfake-Fake,/mnt/public/public_datasets/OpenMMSecV2/Deepfake/Fake/FaceReenactment/FS_vid2vid/dfd83157cd1947dab81b64bc0a79a067.png
-14.68964958190918,52.01492691040039,0.0,IMDL,0,4,1,7,IMDL-Real,/mnt/public/public_datasets/OpenMMSecV2/IMDL/generative/flux_1/imgs/6bde7d5e8d8d4b92b89658c244b6501d.png
44.09809112548828,-36.631866455078125,0.0,AIGC,1,2,2,4,AIGC-Fake,/mnt/public/public_datasets/OpenMMSecV2/AIGC/latent_diffusion/systematic/feb95eee31c048ccb31e4261ccaf516f.jpg
-15.83437442779541,-0.24779112637043,0.0,IMDL,0,4,1,7,IMDL-Real,/mnt/public/public_datasets/OpenMMSecV2/IMDL/generative/coco/imgs/4c2577fe216048f49b37d5e7f4450687.jpg
-27.830764770507812,-33.594642639160156,0.0,AIGC,1,2,2,4,AIGC-Fake,/mnt/public/public_datasets/OpenMMSecV2/AIGC/autoregressive_model/tamingtransformers/4450e17979b344aaabf71313b751db5c.jpg
6.959563255310059,3.803035259246826,0.0,Doc,0,3,1,5,Document-Real,/mnt/public/public_datasets/OpenMMSecV2/Doc/Real/c002820cc82f44bfad7d7f42d85ae5ad.jpg
19.17574119567871,-7.176926136016846,0.0,AIGC,0,2,1,3,AIGC-Real,/mnt/public/public_datasets/OpenMMSecV2/AIGC/laion/446a162df18340ccb93c40ca4f23bdb5.jpg
47.15046310424805,-42.260921478271484,0.0,Doc,0,3,1,5,Document-Real,/mnt/public/public_datasets/OpenMMSecV2/Doc/Real/8fa23a2b1d354b28956241961dd2f4dd.jpg
-15.320462226867676,4.273693084716797,0.0,IMDL,0,4,1,7,IMDL-Real,/mnt/public/public_datasets/OpenMMSecV2/IMDL/generative/coco/imgs/0c81bd98135e4b9eb114613418f35103.jpg
61.63471603393555,5.32882833480835,0.0,Doc,1,3,2,6,Document-Fake,/mnt/public/public_datasets/OpenMMSecV2/Doc/non_aigc/copy-move/imgs/e3f253474d5a45db8340ab2944cf85a4.jpg
61.407127380371094,-31.568843841552734,0.0,Doc,0,3,1,5,Document-Real,/mnt/public/public_datasets/OpenMMSecV2/Doc/Real/7fcdda6188f74c3ebb9d0b2bafc891c3.jpg
71.94447326660156,-14.0139741897583,0.0,Doc,1,3,2,6,Document-Fake,/mnt/public/public_datasets/OpenMMSecV2/Doc/non_aigc/cover/imgs/3fdcf2aaba3f49759d5001b236a9bad4.jpg
47.024269104003906,-41.49951934814453,0.0,AIGC,0,2,1,3,AIGC-Real,/mnt/public/public_datasets/OpenMMSecV2/AIGC/laion/ab05bc19fd664e02b9ac90efcb7deb40.jpg
-45.48310852050781,-1.2381256818771362,0.0,deepfake,0,1,1,1,Deepfake-Real,/mnt/public/public_datasets/OpenMMSecV2/Deepfake/Real/CelebDF-v2/9671bd50f6c14a939ba115d32580dfb2.png
-22.4638671875,33.09857177734375,0.0,AIGC,1,2,2,4,AIGC-Fake,/mnt/public/public_datasets/OpenMMSecV2/AIGC/latent_diffusion/systematic/401cec2a46774017bb7f0bbc05738e92.jpg
29.082942962646484,-16.608774185180664,0.0,AIGC,0,2,1,3,AIGC-Real,/mnt/public/public_datasets/OpenMMSecV2/AIGC/laion/e46be20502734310b644225bfaa93541.jpg
-37.02895736694336,-34.82341384887695,0.0,deepfake,0,1,1,1,Deepfake-Real,/mnt/public/public_datasets/OpenMMSecV2/Deepfake/Real/VFHQ/5decfac29dd1400fb881a942d5213cf4.png
-8.621443748474121,-4.467842102050781,0.0,AIGC,1,2,2,4,AIGC-Fake,/mnt/public/public_datasets/OpenMMSecV2/AIGC/latent_diffusion/systematic/705aa45527054a92bfb2dc3043a99f5e.jpg
-69.8680419921875,5.2730512619018555,0.0,deepfake,0,1,1,1,Deepfake-Real,/mnt/public/public_datasets/OpenMMSecV2/Deepfake/Real/FF++/c4f5f4ccd37a4c9987b3bbf790d60a08.png
6.699914455413818,20.468101501464844,0.0,AIGC,1,2,2,4,AIGC-Fake,/mnt/public/public_datasets/OpenMMSecV2/AIGC/pixel_diffusion/adm/imgs/953be7f2f4f34748beed72a9298d25b4.png
65.47938537597656,6.0120415687561035,0.0,Doc,1,3,2,6,Document-Fake,/mnt/public/public_datasets/OpenMMSecV2/Doc/non_aigc/generation/imgs/365d745666b14a4db7193c6a1966fffe.jpg
30.236814498901367,-2.4881350994110107,0.0,AIGC,0,2,1,3,AIGC-Real,/mnt/public/public_datasets/OpenMMSecV2/AIGC/laion/c552725f975c4cddb9fdcad444b8f270.jpg
34.56888198852539,6.722443580627441,0.0,Doc,1,3,2,6,Document-Fake,/mnt/public/public_datasets/OpenMMSecV2/Doc/aigc/derend/imgs/9808b8aac74a4c84ad3875e9f28eb6cd.jpg
-6.0409016609191895,29.379905700683594,0.0,AIGC,0,2,1,3,AIGC-Real,/mnt/public/public_datasets/OpenMMSecV2/AIGC/other/online/imgs/92b41c101cad48ab9f27bf7fc68c9641.jpg
65.75972747802734,-24.287830352783203,0.0,Doc,1,3,2,6,Document-Fake,/mnt/public/public_datasets/OpenMMSecV2/Doc/non_aigc/cpmv/imgs/4f52480d03a042b1ba1facd50bb9d639.jpg
-27.866405487060547,-34.979740142822266,0.0,deepfake,1,1,2,2,Deepfake-Fake,/mnt/public/public_datasets/OpenMMSecV2/Deepfake/Fake/FaceEditing/StarGANv2/b7aac786c92344f694ca5d24cc95e78d.jpg
31.56886100769043,-11.695493698120117,0.0,deepfake,0,1,1,1,Deepfake-Real,/mnt/public/public_datasets/OpenMMSecV2/Deepfake/Real/FF++/4434f5762f404e159a4e8917282126ec.png
-28.844554901123047,-21.867616653442383,0.0,deepfake,0,1,1,1,Deepfake-Real,/mnt/public/public_datasets/OpenMMSecV2/Deepfake/Real/VFHQ/58220a81d2a247a0960ace6deea0dc40.png
-54.733917236328125,-13.917792320251465,0.0,deepfake,0,1,1,1,Deepfake-Real,/mnt/public/public_datasets/OpenMMSecV2/Deepfake/Real/DFD/21bc266be87d416c8398b8ec2aa207b0.png
-51.30601501464844,-43.3609504699707,0.0,deepfake,0,1,1,1,Deepfake-Real,/mnt/public/public_datasets/OpenMMSecV2/Deepfake/Real/FF++/33ecb952deb84aa39918b465c7831c9a.png
-40.70911407470703,-14.952177047729492,0.0,AIGC,1,2,2,4,AIGC-Fake,/mnt/public/public_datasets/OpenMMSecV2/AIGC/autoregressive_model/tamingtransformers/be7e44dcd68c49c09026711913b66e55.jpg
4.037506103515625,44.47705841064453,0.0,IMDL,1,4,2,8,IMDL-Fake,/mnt/public/public_datasets/OpenMMSecV2/IMDL/non_generative/manual_ps/imgs/4e90f874e6c54240a1108f2b666023ab.jpg
-25.17448616027832,-42.074100494384766,0.0,deepfake,1,1,2,2,Deepfake-Fake,/mnt/public/public_datasets/OpenMMSecV2/Deepfake/Fake/FaceEditing/StarGAN/ba2fbfbbd18f485983f912a45c8d4a81.jpg
-47.694210052490234,-3.688206672668457,0.0,AIGC,1,2,2,4,AIGC-Fake,/mnt/public/public_datasets/OpenMMSecV2/AIGC/autoregressive_model/tamingtransformers/a5700870fe5c49d08e92723735a0839a.jpg
53.46299362182617,-15.586133003234863,0.0,Doc,1,3,2,6,Document-Fake,/mnt/public/public_datasets/OpenMMSecV2/Doc/non_aigc/generation/imgs/e1671c7987a74fada649668036b86955.jpg
63.25688552856445,1.8289910554885864,0.0,Doc,1,3,2,6,Document-Fake,/mnt/public/public_datasets/OpenMMSecV2/Doc/non_aigc/generation/imgs/8ee372ac0680468881960a7a783bf3cf.jpg
-1.3273603916168213,19.757741928100586,0.0,AIGC,0,2,1,3,AIGC-Real,/mnt/public/public_datasets/OpenMMSecV2/AIGC/other/online/imgs/181cbeb934e84b7aa123892742065066.jpg
28.987611770629883,17.70826530456543,0.0,Doc,0,3,1,5,Document-Real,/mnt/public/public_datasets/OpenMMSecV2/Doc/Real/e22ebca68d0c438a9ecd3cd5176b5797.jpg
-60.761680603027344,8.060254096984863,0.0,deepfake,1,1,2,2,Deepfake-Fake,/mnt/public/public_datasets/OpenMMSecV2/Deepfake/Fake/FaceReenactment/MRAA/5703e8a9df9a48679d0d54ea99fa5803.png
-73.56171417236328,2.827725887298584,0.0,deepfake,0,1,1,1,Deepfake-Real,/mnt/public/public_datasets/OpenMMSecV2/Deepfake/Real/CelebDF-v2/00749a71e2c949aeb1c69db231754b51.png
52.300838470458984,-13.18356990814209,0.0,Doc,1,3,2,6,Document-Fake,/mnt/public/public_datasets/OpenMMSecV2/Doc/non_aigc/generation/imgs/04030961e27944cf9807bc48b41e5b70.jpg
72.21959686279297,-8.970973014831543,0.0,Doc,1,3,2,6,Document-Fake,/mnt/public/public_datasets/OpenMMSecV2/Doc/non_aigc/copy-move/imgs/2ff9125e615d48dda4cb531ab9b6c196.jpg
-71.01483154296875,11.03168773651123,0.0,deepfake,0,1,1,1,Deepfake-Real,/mnt/public/public_datasets/OpenMMSecV2/Deepfake/Real/CelebDF-v2/6df24de004ce447bb4a2047ea76efa99.png
67.95821380615234,2.2701008319854736,0.0,Doc,1,3,2,6,Document-Fake,/mnt/public/public_datasets/OpenMMSecV2/Doc/non_aigc/copy-move/imgs/c71f7b9ef9ae4c24a5f3f12870b3d144.jpg
24.09296226501465,-13.029007911682129,0.0,AIGC,0,2,1,3,AIGC-Real,/mnt/public/public_datasets/OpenMMSecV2/AIGC/laion/21808bfc763b436b8e256447f3b69936.jpg
19.701539993286133,40.05522918701172,0.0,IMDL,1,4,2,8,IMDL-Fake,/mnt/public/public_datasets/OpenMMSecV2/IMDL/generative/gan_mat/imgs/36bd872d92d949639a6c953a7d818a48.png
1.7684298753738403,45.76310348510742,0.0,AIGC,1,2,2,4,AIGC-Fake,/mnt/public/public_datasets/OpenMMSecV2/AIGC/GAN/CIPS/1a269a2fdfd441b4b31483e77606b47d.jpg
-41.58591842651367,-0.19415736198425293,0.0,deepfake,1,1,2,2,Deepfake-Fake,/mnt/public/public_datasets/OpenMMSecV2/Deepfake/Fake/FaceEditing/e4e/f1dd28994bdf45d8aa917eb0c12bf6db.jpg
-9.419769287109375,14.536166191101074,0.0,IMDL,0,4,1,7,IMDL-Real,/mnt/public/public_datasets/OpenMMSecV2/IMDL/generative/coco/imgs/a1a9b3c62b0945efa79dd02c94c9f33d.jpg
-53.393760681152344,-14.749714851379395,0.0,deepfake,0,1,1,1,Deepfake-Real,/mnt/public/public_datasets/OpenMMSecV2/Deepfake/Real/DFD/eb67700841854bb2b00700f0a870be69.png
-62.12670135498047,5.070058822631836,0.0,deepfake,0,1,1,1,Deepfake-Real,/mnt/public/public_datasets/OpenMMSecV2/Deepfake/Real/FF++/3f96d1f109b2428aa7ef50fc85f14406.png
14.372312545776367,-15.173249244689941,0.0,AIGC,0,2,1,3,AIGC-Real,/mnt/public/public_datasets/OpenMMSecV2/AIGC/laion/3d1dfba897f84e178ce238e9dd59974c.jpg
38.14258575439453,16.359134674072266,0.0,Doc,0,3,1,5,Document-Real,/mnt/public/public_datasets/OpenMMSecV2/Doc/Real/fee74a20329141fe8acaa0479f7019c9.jpg
24.024263381958008,22.61383056640625,0.0,Doc,0,3,1,5,Document-Real,/mnt/public/public_datasets/OpenMMSecV2/Doc/Real/65023225d7e24458910ce77abf0a178b.jpg
42.062217712402344,25.37510108947754,0.0,Doc,0,3,1,5,Document-Real,/mnt/public/public_datasets/OpenMMSecV2/Doc/Real/72bcd428ac784f2dad026ef19c62d61b.jpg
-0.8840734958648682,-2.5814709663391113,0.0,IMDL,0,4,1,7,IMDL-Real,/mnt/public/public_datasets/OpenMMSecV2/IMDL/generative/flux_1/imgs/16fb1e94f1f944879943b3814f504532.png
-2.111654758453369,24.81346893310547,0.0,IMDL,1,4,2,8,IMDL-Fake,/mnt/public/public_datasets/OpenMMSecV2/IMDL/generative/stable_diffusion/imgs/a3b99fa69ddb434f8260242f9e69c534.png
40.43144226074219,32.10890579223633,0.0,Doc,1,3,2,6,Document-Fake,/mnt/public/public_datasets/OpenMMSecV2/Doc/aigc/anytext/imgs/ccc7598f502044b59b261818b59cb61c.jpg
-65.53770446777344,9.096150398254395,0.0,deepfake,0,1,1,1,Deepfake-Real,/mnt/public/public_datasets/OpenMMSecV2/Deepfake/Real/CelebDF-v2/5f4dc5bcb6ff4b18adfb594779192e4b.png
15.980364799499512,-8.703206062316895,0.0,AIGC,0,2,1,3,AIGC-Real,/mnt/public/public_datasets/OpenMMSecV2/AIGC/laion/0a9f37dd2e6a4183806be83fb4d2b25e.jpg
-57.52846145629883,-3.7424495220184326,0.0,deepfake,1,1,2,2,Deepfake-Fake,/mnt/public/public_datasets/OpenMMSecV2/Deepfake/Fake/EntireFaceSynthesis/RDDM/731ed430cdb6481cae94bc7a6009b484.png
-42.68593215942383,-32.7342529296875,0.0,deepfake,1,1,2,2,Deepfake-Fake,/mnt/public/public_datasets/OpenMMSecV2/Deepfake/Fake/FaceSwap/Unknow_FS/b915e2a647404cc68b653b6a41bca9c8.png
-45.4042854309082,3.798900842666626,0.0,deepfake,1,1,2,2,Deepfake-Fake,/mnt/public/public_datasets/OpenMMSecV2/Deepfake/Fake/FaceEditing/StarGANv2/db2af92f21d643c8a50f1baf4731558d.jpg
68.44729614257812,-8.014984130859375,0.0,Doc,0,3,1,5,Document-Real,/mnt/public/public_datasets/OpenMMSecV2/Doc/Real/0b7d023772e3478dbff7e7b9814704a2.jpg
16.632841110229492,37.37932205200195,0.0,IMDL,0,4,1,7,IMDL-Real,/mnt/public/public_datasets/OpenMMSecV2/IMDL/generative/coco/imgs/b856fcf15c274b06b986b92d3f2e1545.jpg
-18.472442626953125,-16.773611068725586,0.0,AIGC,0,2,1,3,AIGC-Real,/mnt/public/public_datasets/OpenMMSecV2/AIGC/laion/7093fe27d6174d11bdf26c548b4ae592.jpg
-69.5118179321289,10.57076644897461,0.0,deepfake,0,1,1,1,Deepfake-Real,/mnt/public/public_datasets/OpenMMSecV2/Deepfake/Real/CelebDF-v2/118ad837670e43c4a41e008ef43e8d89.png
25.741844177246094,-3.7628045082092285,0.0,AIGC,0,2,1,3,AIGC-Real,/mnt/public/public_datasets/OpenMMSecV2/AIGC/laion/305bb1e56f6e4ba9864dd3e5ce724b27.jpg
53.69240951538086,6.2322468757629395,0.0,Doc,1,3,2,6,Document-Fake,/mnt/public/public_datasets/OpenMMSecV2/Doc/aigc/anytext/imgs/d51b5c50874248d48ca6b678a12e1234.jpg
51.576133728027344,-6.180571556091309,0.0,Doc,1,3,2,6,Document-Fake,/mnt/public/public_datasets/OpenMMSecV2/Doc/non_aigc/copy-move/imgs/283e04912da5420f89601c8931c7e7c6.jpg
9.536410331726074,-4.123605728149414,0.0,IMDL,1,4,2,8,IMDL-Fake,/mnt/public/public_datasets/OpenMMSecV2/IMDL/generative/flux_1/imgs/8b7b38990a4e41bba853a36bcb29daf1.png
8.259013175964355,46.33557891845703,0.0,IMDL,0,4,1,7,IMDL-Real,/mnt/public/public_datasets/OpenMMSecV2/IMDL/generative/coco/imgs/b895ff67d51746b98a8a6cce960572ca.jpg
48.71997833251953,-41.36787033081055,0.0,Doc,0,3,1,5,Document-Real,/mnt/public/public_datasets/OpenMMSecV2/Doc/Real/2fc9fa3a416345f78cd109e0446d21e7.jpg
-5.00794792175293,5.771780490875244,0.0,AIGC,1,2,2,4,AIGC-Fake,/mnt/public/public_datasets/OpenMMSecV2/AIGC/latent_diffusion/systematic/8352ad3dd64143f0bb2b55b6a7ab2b4e.jpg
-26.963958740234375,41.619171142578125,0.0,IMDL,0,4,1,7,IMDL-Real,/mnt/public/public_datasets/OpenMMSecV2/IMDL/generative/stable_diffusion/imgs/23e6097d77a64ddba525c93eace0c887.png
30.333600997924805,-9.03215503692627,0.0,IMDL,1,4,2,8,IMDL-Fake,/mnt/public/public_datasets/OpenMMSecV2/IMDL/non_generative/manual_ps/imgs/14a666b959644268929fc5bd410f816c.jpg
27.738407135009766,39.67735290527344,0.0,IMDL,0,4,1,7,IMDL-Real,/mnt/public/public_datasets/OpenMMSecV2/IMDL/generative/coco/imgs/a9f849c7e0734500a211150f90e993eb.jpg
64.4442367553711,-25.156352996826172,0.0,Doc,0,3,1,5,Document-Real,/mnt/public/public_datasets/OpenMMSecV2/Doc/Real/d673fb5b82cf4d4783fed0018b4811b3.jpg
-0.6524492502212524,1.044687032699585,0.0,IMDL,0,4,1,7,IMDL-Real,/mnt/public/public_datasets/OpenMMSecV2/IMDL/generative/stable_diffusion/imgs/ee9dda92954b4176afc6b4c9b4002ca7.png
33.6034049987793,19.62527084350586,0.0,Doc,0,3,1,5,Document-Real,/mnt/public/public_datasets/OpenMMSecV2/Doc/Real/dca3f027b57a4c2e808268ab4042c9bb.jpg
8.394146919250488,-2.1709818840026855,0.0,IMDL,0,4,1,7,IMDL-Real,/mnt/public/public_datasets/OpenMMSecV2/IMDL/generative/flux_1/imgs/7efadca659ef4e5b84d154d897fa9745.png
6.260365962982178,2.419018507003784,0.0,Doc,1,3,2,6,Document-Fake,/mnt/public/public_datasets/OpenMMSecV2/Doc/aigc/textocr/imgs/b1718d1abe1b4bca83b7e0f5bb4186dd.jpg
3.9657044410705566,37.400508880615234,0.0,AIGC,1,2,2,4,AIGC-Fake,/mnt/public/public_datasets/OpenMMSecV2/AIGC/other/online/imgs/e14afb27a67f4ba5a01b4e759830d4c2.jpg
-4.656099319458008,49.841121673583984,0.0,AIGC,0,2,1,3,AIGC-Real,/mnt/public/public_datasets/OpenMMSecV2/AIGC/laion/cb9f54483ffd491a8afc91ea77185a26.jpg
-49.8281364440918,-10.006299018859863,0.0,AIGC,0,2,1,3,AIGC-Real,/mnt/public/public_datasets/OpenMMSecV2/AIGC/other/online/imgs/dde3090d3b534765bdddb7b3906b181d.jpg
33.82793426513672,14.447009086608887,0.0,Doc,0,3,1,5,Document-Real,/mnt/public/public_datasets/OpenMMSecV2/Doc/Real/5c08df64d7304df09f066a8969310cdb.jpg
0.9772424697875977,40.04241943359375,0.0,AIGC,0,2,1,3,AIGC-Real,/mnt/public/public_datasets/OpenMMSecV2/AIGC/laion/1a2640d815484bb5a1e2e823843b87a7.jpg
5.8494696617126465,17.78960609436035,0.0,IMDL,1,4,2,8,IMDL-Fake,/mnt/public/public_datasets/OpenMMSecV2/IMDL/non_generative/manual_ps/imgs/a6937a42c10440c3a4673890336d8f36.jpg
-16.362417221069336,53.99114990234375,0.0,IMDL,0,4,1,7,IMDL-Real,/mnt/public/public_datasets/OpenMMSecV2/IMDL/generative/coco/imgs/14613de60b404cdcb087e976e789faa5.jpg
11.109579086303711,10.5934419631958,0.0,IMDL,1,4,2,8,IMDL-Fake,/mnt/public/public_datasets/OpenMMSecV2/IMDL/non_generative/manual_ps/imgs/2a7565c13fd34c11b2aba31d5295d432.jpg
30.337947845458984,34.20026397705078,0.0,Doc,0,3,1,5,Document-Real,/mnt/public/public_datasets/OpenMMSecV2/Doc/Real/b76a92e6e03e444387b05ecc567ff2de.jpg
-54.6565055847168,-6.830159664154053,0.0,deepfake,1,1,2,2,Deepfake-Fake,/mnt/public/public_datasets/OpenMMSecV2/Deepfake/Fake/FaceReenactment/MCNet/fe7ca2a6ea5944128905be361fb8b265.png
73.52001190185547,-16.80657386779785,0.0,Doc,1,3,2,6,Document-Fake,/mnt/public/public_datasets/OpenMMSecV2/Doc/non_aigc/generation/imgs/5b2998a9cf0847a2b5a9667a0e6ea1ac.jpg
-72.48204040527344,1.4569936990737915,0.0,deepfake,0,1,1,1,Deepfake-Real,/mnt/public/public_datasets/OpenMMSecV2/Deepfake/Real/FF++/063efa22275f468bbf129d892b9ca9b3.png
14.017568588256836,3.57938551902771,0.0,AIGC,0,2,1,3,AIGC-Real,/mnt/public/public_datasets/OpenMMSecV2/AIGC/other/online/imgs/bebe9dc1b2d24aaf9a13790d80ffbab6.jpg
66.46007537841797,4.658035755157471,0.0,Doc,1,3,2,6,Document-Fake,/mnt/public/public_datasets/OpenMMSecV2/Doc/non_aigc/generation/imgs/4b45ba4d43744ccca5912b81581b8b63.jpg
-35.33220291137695,-24.593238830566406,0.0,deepfake,0,1,1,1,Deepfake-Real,/mnt/public/public_datasets/OpenMMSecV2/Deepfake/Real/DFD/a13cf0a536834317887b9cb65ec2c52f.png
-42.776432037353516,-35.39840316772461,0.0,deepfake,1,1,2,2,Deepfake-Fake,/mnt/public/public_datasets/OpenMMSecV2/Deepfake/Fake/EntireFaceSynthesis/StyleGAN3/112a8adc141b4b3abf5355a4c289165c.png
-42.65660858154297,-45.52494812011719,0.0,deepfake,1,1,2,2,Deepfake-Fake,/mnt/public/public_datasets/OpenMMSecV2/Deepfake/Fake/EntireFaceSynthesis/DiT-XL/ee35aeac10fb4e80bce2e9817728dc29.png
-39.930870056152344,-26.578645706176758,0.0,deepfake,0,1,1,1,Deepfake-Real,/mnt/public/public_datasets/OpenMMSecV2/Deepfake/Real/CelebDF-v2/11a620c1ff1d4c88b3da91e8f1217720.png
-14.677765846252441,50.545005798339844,0.0,AIGC,0,2,1,3,AIGC-Real,/mnt/public/public_datasets/OpenMMSecV2/AIGC/laion/fc757f5d4af24dab90734ebdfeadf88c.jpg
-72.46138000488281,1.527618408203125,0.0,deepfake,0,1,1,1,Deepfake-Real,/mnt/public/public_datasets/OpenMMSecV2/Deepfake/Real/FF++/62586074d3c34030aab8725e1c359fb0.png
-27.41216278076172,42.15901565551758,0.0,IMDL,0,4,1,7,IMDL-Real,/mnt/public/public_datasets/OpenMMSecV2/IMDL/generative/coco/imgs/3443e0e5e1fd410bad97822efa999ac4.jpg
51.3574333190918,-8.356961250305176,0.0,Doc,1,3,2,6,Document-Fake,/mnt/public/public_datasets/OpenMMSecV2/Doc/non_aigc/copy-move/imgs/bb53aa0f3db84424a880e0e1fc931604.jpg
-2.3234469890594482,35.25836181640625,0.0,IMDL,0,4,1,7,IMDL-Real,/mnt/public/public_datasets/OpenMMSecV2/IMDL/non_generative/manual_ps/imgs/1766448e49094a3fb54ea3cc239d94dc.jpg
-52.18955612182617,1.1407780647277832,0.0,deepfake,0,1,1,1,Deepfake-Real,/mnt/public/public_datasets/OpenMMSecV2/Deepfake/Real/CelebDF-v2/5700785790ed448eba9057577e236053.png
-4.604152202606201,16.022380828857422,0.0,AIGC,1,2,2,4,AIGC-Fake,/mnt/public/public_datasets/OpenMMSecV2/AIGC/GAN/styleGANs/adc8c7d7d9df4c4d8c23d6af493d8914.jpg
51.25041580200195,-29.319944381713867,0.0,Doc,1,3,2,6,Document-Fake,/mnt/public/public_datasets/OpenMMSecV2/Doc/non_aigc/insert/imgs/e277af8708a04cc49eef244f6847e5c3.jpg
25.25973129272461,-12.158124923706055,0.0,AIGC,0,2,1,3,AIGC-Real,/mnt/public/public_datasets/OpenMMSecV2/AIGC/laion/c7adcb6a8dc54dcfbe2cbcfbc7325b12.jpg
5.297532081604004,35.768348693847656,0.0,AIGC,1,2,2,4,AIGC-Fake,/mnt/public/public_datasets/OpenMMSecV2/AIGC/other/online/imgs/d9bd03b2f8db4ab2aed2bad9f7c0808d.jpg
-58.617591857910156,7.4383111000061035,0.0,deepfake,1,1,2,2,Deepfake-Fake,/mnt/public/public_datasets/OpenMMSecV2/Deepfake/Fake/EntireFaceSynthesis/StyleGAN2/bbbd7a8a80f644ae91a3ef2737a568f7.png
16.0564022064209,8.072364807128906,0.0,AIGC,1,2,2,4,AIGC-Fake,/mnt/public/public_datasets/OpenMMSecV2/AIGC/latent_diffusion/systematic/d61ee8e4c36f4f31a7b5f816e6b7c8ea.jpg
-53.10755920410156,-2.2034378051757812,0.0,deepfake,1,1,2,2,Deepfake-Fake,/mnt/public/public_datasets/OpenMMSecV2/Deepfake/Fake/FaceEditing/e4e/5660b7e2fcee40d0b27f9edda4bcadde.jpg
-0.31902065873146057,18.587697982788086,0.0,AIGC,0,2,1,3,AIGC-Real,/mnt/public/public_datasets/OpenMMSecV2/AIGC/GAN/BigGAN/imgs/ecdcffbb6764498ea7c16ec801b5ad54.JPEG
-13.640728950500488,27.227188110351562,0.0,AIGC,1,2,2,4,AIGC-Fake,/mnt/public/public_datasets/OpenMMSecV2/AIGC/other/online/imgs/c9b37ef18eae4317b77b51b8992843e3.jpg
-38.89012145996094,-6.25097131729126,0.0,deepfake,1,1,2,2,Deepfake-Fake,/mnt/public/public_datasets/OpenMMSecV2/Deepfake/Fake/FaceEditing/StarGANv2/89c7381c944d479fa7f30236f460c967.jpg
-55.32952117919922,-13.485376358032227,0.0,deepfake,0,1,1,1,Deepfake-Real,/mnt/public/public_datasets/OpenMMSecV2/Deepfake/Real/DFD/f039a095dd2247a68b7ba809e5a8ae6d.png
54.03816223144531,-21.731712341308594,0.0,Doc,1,3,2,6,Document-Fake,/mnt/public/public_datasets/OpenMMSecV2/Doc/non_aigc/cover/imgs/3c5623fe63c54020b50f23aa505a8313.jpg
48.96546936035156,-39.662235260009766,0.0,Doc,0,3,1,5,Document-Real,/mnt/public/public_datasets/OpenMMSecV2/Doc/Real/1afd2747551c45108d274b138cf330ce.jpg
17.18165397644043,11.956473350524902,0.0,AIGC,0,2,1,3,AIGC-Real,/mnt/public/public_datasets/OpenMMSecV2/AIGC/laion/df5821eed1aa4172900a2c0418089a95.jpg
-21.68086051940918,36.327850341796875,0.0,IMDL,0,4,1,7,IMDL-Real,/mnt/public/public_datasets/OpenMMSecV2/IMDL/generative/coco/imgs/088430ec97da44859a73669cc3b12bb7.jpg
-47.278175354003906,-7.956060886383057,0.0,deepfake,0,1,1,1,Deepfake-Real,/mnt/public/public_datasets/OpenMMSecV2/Deepfake/Real/FF++/7c45012945c4452295efb14b270d40f9.png
-11.278558731079102,14.064277648925781,0.0,IMDL,1,4,2,8,IMDL-Fake,/mnt/public/public_datasets/OpenMMSecV2/IMDL/non_generative/manual_ps/imgs/a72534d7973b41d5a448cb628c97d7b3.jpg
-1.0035029649734497,42.01491928100586,0.0,AIGC,0,2,1,3,AIGC-Real,/mnt/public/public_datasets/OpenMMSecV2/AIGC/other/online/imgs/b2ce103a048b49699c244ca51ee59fac.jpg
-7.389163017272949,45.10733413696289,0.0,IMDL,1,4,2,8,IMDL-Fake,/mnt/public/public_datasets/OpenMMSecV2/IMDL/generative/stable_diffusion/imgs/8e0ca8af92eb448f86a0f2d08968795e.png
36.313011169433594,18.61728858947754,0.0,Doc,0,3,1,5,Document-Real,/mnt/public/public_datasets/OpenMMSecV2/Doc/Real/3317d0c3ad3b47448ffdc183cfb5d6bf.jpg
-8.355012893676758,28.083255767822266,0.0,IMDL,1,4,2,8,IMDL-Fake,/mnt/public/public_datasets/OpenMMSecV2/IMDL/non_generative/manual_ps/imgs/609c8f6da4364dbe895f4f9226283305.jpg
-4.074734687805176,20.47007942199707,0.0,AIGC,0,2,1,3,AIGC-Real,/mnt/public/public_datasets/OpenMMSecV2/AIGC/commercial/wukong/imgs/3f41718c318248b1955ede6a89b5d7ee.JPEG
33.86506652832031,12.503809928894043,0.0,Doc,1,3,2,6,Document-Fake,/mnt/public/public_datasets/OpenMMSecV2/Doc/aigc/textdiff/imgs/fcb00e8ed3de46a0a20841b0b0302bad.jpg
10.22758960723877,18.57480239868164,0.0,AIGC,0,2,1,3,AIGC-Real,/mnt/public/public_datasets/OpenMMSecV2/AIGC/laion/2cc2133f70d14c868ba71131a4d7fae6.jpg
-43.16869354248047,-26.46370506286621,0.0,deepfake,1,1,2,2,Deepfake-Fake,/mnt/public/public_datasets/OpenMMSecV2/Deepfake/Fake/FaceSwap/InSwapper/d43c6f53a5e546d29943076c0391e134.png
-9.81128978729248,31.0410213470459,0.0,IMDL,0,4,1,7,IMDL-Real,/mnt/public/public_datasets/OpenMMSecV2/IMDL/generative/flux_1/imgs/73333e95924640bb91000d2996cd7fe8.png
2.988119602203369,17.54103660583496,0.0,IMDL,1,4,2,8,IMDL-Fake,/mnt/public/public_datasets/OpenMMSecV2/IMDL/non_generative/manual_ps/imgs/7e88e20e6cbc4633bec708e238271c2b.jpg
30.583276748657227,-12.394400596618652,0.0,AIGC,1,2,2,4,AIGC-Fake,/mnt/public/public_datasets/OpenMMSecV2/AIGC/pixel_diffusion/glide/imgs/7aec40631afe4372909a85f914dc0caf.png
-35.63224411010742,-31.176712036132812,0.0,deepfake,0,1,1,1,Deepfake-Real,/mnt/public/public_datasets/OpenMMSecV2/Deepfake/Real/FFHQ/05c338b858b74766987920989b34b0bd.jpeg
-38.6551399230957,-29.340253829956055,0.0,deepfake,0,1,1,1,Deepfake-Real,/mnt/public/public_datasets/OpenMMSecV2/Deepfake/Real/FF++/018fe23493214b9d93a0efc3bb6652bf.png
-26.995431900024414,-40.19526672363281,0.0,AIGC,1,2,2,4,AIGC-Fake,/mnt/public/public_datasets/OpenMMSecV2/AIGC/GAN/ProjectedGAN/25783424af55431686eaf60b77ba77a8.jpg
-2.5517711639404297,18.087125778198242,0.0,AIGC,1,2,2,4,AIGC-Fake,/mnt/public/public_datasets/OpenMMSecV2/AIGC/pixel_diffusion/glide/imgs/8728fe40c76a4b979417748ba92c8128.png
-45.0737190246582,-45.46528625488281,0.0,deepfake,1,1,2,2,Deepfake-Fake,/mnt/public/public_datasets/OpenMMSecV2/Deepfake/Fake/EntireFaceSynthesis/StyleGAN-XL/5bb680a915944d5eb07a9911b48950ea.png
52.998573303222656,-8.268058776855469,0.0,Doc,1,3,2,6,Document-Fake,/mnt/public/public_datasets/OpenMMSecV2/Doc/non_aigc/generation/imgs/a4bd880ff7144175a2e8a419502937a5.jpg
-72.01567840576172,5.5799994468688965,0.0,deepfake,0,1,1,1,Deepfake-Real,/mnt/public/public_datasets/OpenMMSecV2/Deepfake/Real/CelebDF-v2/62656d3da4464bb68b696781ceeaf032.png
6.564455032348633,20.0949764251709,0.0,IMDL,0,4,1,7,IMDL-Real,/mnt/public/public_datasets/OpenMMSecV2/IMDL/generative/stable_diffusion/imgs/0bfc8a135e6148cbb99fc040aa41aaa4.png
8.95521354675293,-4.870925426483154,0.0,AIGC,0,2,1,3,AIGC-Real,/mnt/public/public_datasets/OpenMMSecV2/AIGC/laion/c10c3eb1ab2a49ea81907cf694e81fb1.jpg
-15.015609741210938,37.0562858581543,0.0,IMDL,1,4,2,8,IMDL-Fake,/mnt/public/public_datasets/OpenMMSecV2/IMDL/generative/paintbyexample/imgs/7d1e68def93643039a79e4a7b0deef7b.png
-46.86127853393555,-38.196659088134766,0.0,deepfake,0,1,1,1,Deepfake-Real,/mnt/public/public_datasets/OpenMMSecV2/Deepfake/Real/FF++/54e6243bff1d49a5a02a687c19148318.png
26.840253829956055,31.1063232421875,0.0,Doc,1,3,2,6,Document-Fake,/mnt/public/public_datasets/OpenMMSecV2/Doc/aigc/udifftext/imgs/7c3ff868ac224d6287c0fdcb7ae7123f.jpg
-45.3925895690918,-6.685700416564941,0.0,deepfake,1,1,2,2,Deepfake-Fake,/mnt/public/public_datasets/OpenMMSecV2/Deepfake/Fake/FaceEditing/StarGAN/74b91dba4d9543558a54952072eb2407.jpg
-53.755889892578125,7.819486141204834,0.0,deepfake,0,1,1,1,Deepfake-Real,/mnt/public/public_datasets/OpenMMSecV2/Deepfake/Real/VFHQ/a9dea4337ed54881aeaad934cec1682c.png
-61.423152923583984,2.7195827960968018,0.0,deepfake,1,1,2,2,Deepfake-Fake,/mnt/public/public_datasets/OpenMMSecV2/Deepfake/Fake/FaceReenactment/HyperReenact/db412a6074b548c8aeb81b6aa3eb42e7.png
-2.1017227172851562,22.821990966796875,0.0,IMDL,1,4,2,8,IMDL-Fake,/mnt/public/public_datasets/OpenMMSecV2/IMDL/generative/gan_mat/imgs/34f17cf733064fffa67bb4db7acd4205.jpg
61.96953582763672,5.771027565002441,0.0,Doc,0,3,1,5,Document-Real,/mnt/public/public_datasets/OpenMMSecV2/Doc/Real/6e515c3be88247108b82a477c191b9c3.jpg
-11.096311569213867,-10.460044860839844,0.0,AIGC,0,2,1,3,AIGC-Real,/mnt/public/public_datasets/OpenMMSecV2/AIGC/laion/1134fbf632e84d9fa6962d00c4fe59a4.jpg
-24.46229362487793,-7.289912223815918,0.0,IMDL,0,4,1,7,IMDL-Real,/mnt/public/public_datasets/OpenMMSecV2/IMDL/generative/flux_1/imgs/9fd9ba64a86f42b6b4f4a7249d54851b.png
-72.90946960449219,6.3934478759765625,0.0,deepfake,1,1,2,2,Deepfake-Fake,/mnt/public/public_datasets/OpenMMSecV2/Deepfake/Fake/FaceSwap/Deepfake/3256ade50ea84180871ae01a853452d1.png
30.383501052856445,-9.269338607788086,0.0,AIGC,0,2,1,3,AIGC-Real,/mnt/public/public_datasets/OpenMMSecV2/AIGC/laion/295af317c73840f7b1a866ab9db1e3e6.jpg
-27.888755798339844,-36.25678253173828,0.0,deepfake,1,1,2,2,Deepfake-Fake,/mnt/public/public_datasets/OpenMMSecV2/Deepfake/Fake/FaceEditing/StarGAN/e6c8e4d3365842d8881b325a15f2cd10.jpg
21.635408401489258,34.24601364135742,0.0,IMDL,1,4,2,8,IMDL-Fake,/mnt/public/public_datasets/OpenMMSecV2/IMDL/generative/gan_mat/imgs/9e4c3ad02b5f4fb1b42dade6ec713b8d.jpg
36.45991897583008,7.852871894836426,0.0,Doc,1,3,2,6,Document-Fake,/mnt/public/public_datasets/OpenMMSecV2/Doc/non_aigc/cpmv/imgs/0b7ed317ce23422592a2b2040182df7c.jpg
-17.074369430541992,52.89243698120117,0.0,IMDL,1,4,2,8,IMDL-Fake,/mnt/public/public_datasets/OpenMMSecV2/IMDL/non_generative/manual_ps/imgs/3ac3140dd93c4fad88cb670199289fdf.jpg
-24.816875457763672,-41.39575958251953,0.0,deepfake,1,1,2,2,Deepfake-Fake,/mnt/public/public_datasets/OpenMMSecV2/Deepfake/Fake/FaceEditing/StarGAN/2bc9e003ce224887a77fdf6fd7a8f055.jpg
21.208322525024414,34.246070861816406,0.0,IMDL,1,4,2,8,IMDL-Fake,/mnt/public/public_datasets/OpenMMSecV2/IMDL/non_generative/manual_ps/imgs/ff498d2879ba408596a42bcc2fb5a775.tif
-40.226318359375,-4.6365580558776855,0.0,deepfake,1,1,2,2,Deepfake-Fake,/mnt/public/public_datasets/OpenMMSecV2/Deepfake/Fake/FaceEditing/StarGANv2/489e02ed79724519a06561dbebcf92f2.jpg
51.042572021484375,-31.190488815307617,0.0,Doc,0,3,1,5,Document-Real,/mnt/public/public_datasets/OpenMMSecV2/Doc/Real/e3009a3d87d24d74a540374c97756efe.jpg
48.05757141113281,-39.102909088134766,0.0,Doc,0,3,1,5,Document-Real,/mnt/public/public_datasets/OpenMMSecV2/Doc/Real/5ab4dd685b134c6e876a4bf0388ab582.jpg
51.74027633666992,-5.534761428833008,0.0,Doc,1,3,2,6,Document-Fake,/mnt/public/public_datasets/OpenMMSecV2/Doc/non_aigc/copy-move/imgs/7cda89f0a9ff43e78cb56ccb3b393b0f.jpg
10.596034049987793,9.727212905883789,0.0,IMDL,1,4,2,8,IMDL-Fake,/mnt/public/public_datasets/OpenMMSecV2/IMDL/non_generative/manual_ps/imgs/0a0d3962eab742a9b6dbd0698bbc8219.jpg
-43.93727493286133,-26.84821319580078,0.0,deepfake,1,1,2,2,Deepfake-Fake,/mnt/public/public_datasets/OpenMMSecV2/Deepfake/Fake/FaceReenactment/LIA/27cac5cd40ce41bd807a71b73e7e33ea.png
3.1045830249786377,40.12699508666992,0.0,AIGC,0,2,1,3,AIGC-Real,/mnt/public/public_datasets/OpenMMSecV2/AIGC/other/online/imgs/c6cf6c3930df4e02ab803c78735e3f90.jpg
45.22404861450195,-33.03155517578125,0.0,Doc,0,3,1,5,Document-Real,/mnt/public/public_datasets/OpenMMSecV2/Doc/Real/7818e7a97ae2404ea606db020807f8c7.jpg
59.550575256347656,-30.549222946166992,0.0,Doc,1,3,2,6,Document-Fake,/mnt/public/public_datasets/OpenMMSecV2/Doc/non_aigc/inpaint/imgs/5724ddeafbae42eebb0231903ff86d07.jpg
-8.104036331176758,-4.986824989318848,0.0,IMDL,1,4,2,8,IMDL-Fake,/mnt/public/public_datasets/OpenMMSecV2/IMDL/non_generative/manual_ps/imgs/349fc24f3fb9408f8188eeb3263cdc6d.tif
48.18821716308594,-32.56771469116211,0.0,Doc,0,3,1,5,Document-Real,/mnt/public/public_datasets/OpenMMSecV2/Doc/Real/2a42eb08ea584fd4be634b85ce61be36.jpg
13.354735374450684,-6.166332721710205,0.0,AIGC,1,2,2,4,AIGC-Fake,/mnt/public/public_datasets/OpenMMSecV2/AIGC/latent_diffusion/systematic/5681f5e90cde435bb56ba859e5d2cc2d.jpg
41.4297981262207,29.939361572265625,0.0,Doc,1,3,2,6,Document-Fake,/mnt/public/public_datasets/OpenMMSecV2/Doc/aigc/stefann/imgs/043839e658a542dc88630425ff4f9c1b.jpg
-2.0328855514526367,30.804494857788086,0.0,IMDL,1,4,2,8,IMDL-Fake,/mnt/public/public_datasets/OpenMMSecV2/IMDL/non_generative/manual_ps/imgs/90d04c1c1a024ab1a964b1ff0d04c7ff.jpg
-47.45492172241211,-45.984283447265625,0.0,deepfake,0,1,1,1,Deepfake-Real,/mnt/public/public_datasets/OpenMMSecV2/Deepfake/Real/CelebDF-v2/89b5cc7558d74ce2ad2b0a53ecfd5dca.png
-48.86990737915039,2.0757265090942383,0.0,deepfake,1,1,2,2,Deepfake-Fake,/mnt/public/public_datasets/OpenMMSecV2/Deepfake/Fake/FaceReenactment/Wav2Lip/e268878df4594fa78a4858f789cdb2e2.png
-46.58955764770508,-6.563481330871582,0.0,deepfake,1,1,2,2,Deepfake-Fake,/mnt/public/public_datasets/OpenMMSecV2/Deepfake/Fake/FaceEditing/StarGANv2/ff81ef16ef8943da8eee96a2fd6cf3f1.jpg
-50.4673957824707,-44.83078384399414,0.0,deepfake,0,1,1,1,Deepfake-Real,/mnt/public/public_datasets/OpenMMSecV2/Deepfake/Real/FF++/8cf064e451694af0b5a257058b474463.png
12.106697082519531,3.4934518337249756,0.0,AIGC,0,2,1,3,AIGC-Real,/mnt/public/public_datasets/OpenMMSecV2/AIGC/commercial/wukong/imgs/378f5a42e915478aa98c313789fc9654.JPEG
63.23068618774414,-4.796263217926025,0.0,Doc,1,3,2,6,Document-Fake,/mnt/public/public_datasets/OpenMMSecV2/Doc/non_aigc/cover/imgs/31bd34238b814b789cae1980230ea545.jpg
-43.407691955566406,-6.256694316864014,0.0,deepfake,1,1,2,2,Deepfake-Fake,/mnt/public/public_datasets/OpenMMSecV2/Deepfake/Fake/FaceEditing/StarGAN/46e0bcad391443b2af93755fb8b4b59c.jpg
1.3567860126495361,21.724355697631836,0.0,IMDL,0,4,1,7,IMDL-Real,/mnt/public/public_datasets/OpenMMSecV2/IMDL/generative/coco/imgs/d8a716b5414d4b678e364712ca88d017.jpg
-26.18589210510254,34.600341796875,0.0,deepfake,0,1,1,1,Deepfake-Real,/mnt/public/public_datasets/OpenMMSecV2/Deepfake/Real/VFHQ/d88ff17fffab43bab31661c31cd8a1da.png
-38.60056686401367,-8.262687683105469,0.0,AIGC,1,2,2,4,AIGC-Fake,/mnt/public/public_datasets/OpenMMSecV2/AIGC/autoregressive_model/tamingtransformers/9903eaf053cf47978f11e175296764f0.jpg
-64.63748168945312,8.766214370727539,0.0,deepfake,1,1,2,2,Deepfake-Fake,/mnt/public/public_datasets/OpenMMSecV2/Deepfake/Fake/FaceSwap/SimSwap/48ca0feee0274f4ab3c82e1f7cda1de3.png
-15.50294017791748,38.419918060302734,0.0,IMDL,0,4,1,7,IMDL-Real,/mnt/public/public_datasets/OpenMMSecV2/IMDL/generative/coco/imgs/b4dc620dd64949d9a25068ba4b4f28fe.jpg
18.690380096435547,13.207403182983398,0.0,AIGC,0,2,1,3,AIGC-Real,/mnt/public/public_datasets/OpenMMSecV2/AIGC/laion/348f310e489042f5bfedca49d3709dc6.jpg
-5.058537006378174,51.11186599731445,0.0,AIGC,1,2,2,4,AIGC-Fake,/mnt/public/public_datasets/OpenMMSecV2/AIGC/pixel_diffusion/adm/imgs/5e3b82cb523c4941961d2c0d079f4ab2.png
0.2844996750354767,23.401227951049805,0.0,AIGC,0,2,1,3,AIGC-Real,/mnt/public/public_datasets/OpenMMSecV2/AIGC/GAN/BigGAN/imgs/55ff129e31a54d058696cde16a597a23.JPEG
-25.0222225189209,9.120268821716309,0.0,IMDL,1,4,2,8,IMDL-Fake,/mnt/public/public_datasets/OpenMMSecV2/IMDL/non_generative/manual_ps/imgs/3087c7b683474b0ab742463e061be6d7.jpg
60.11508560180664,-30.608043670654297,0.0,Doc,0,3,1,5,Document-Real,/mnt/public/public_datasets/OpenMMSecV2/Doc/Real/12cfc00896a44fc18f4f34d9bea6ccf8.jpg
-68.33088684082031,-4.040348052978516,0.0,deepfake,0,1,1,1,Deepfake-Real,/mnt/public/public_datasets/OpenMMSecV2/Deepfake/Real/FF++/91e02d48c6f84ef99077377aad17e003.png
-11.434956550598145,17.78224754333496,0.0,AIGC,0,2,1,3,AIGC-Real,/mnt/public/public_datasets/OpenMMSecV2/AIGC/other/online/imgs/6519402a0d6e4ad4ab42f52fbd44e3ae.jpg
-42.012229919433594,-44.634281158447266,0.0,deepfake,1,1,2,2,Deepfake-Fake,/mnt/public/public_datasets/OpenMMSecV2/Deepfake/Fake/FaceReenactment/PIRender/037774e8fd9e41358e3ab426d665db31.png
51.54500198364258,-7.508856296539307,0.0,Doc,1,3,2,6,Document-Fake,/mnt/public/public_datasets/OpenMMSecV2/Doc/non_aigc/generation/imgs/83d5309d5155466f94dd8142fc8d30a9.jpg
-46.24398422241211,-47.59418869018555,0.0,deepfake,1,1,2,2,Deepfake-Fake,/mnt/public/public_datasets/OpenMMSecV2/Deepfake/Fake/EntireFaceSynthesis/DiT-XL/7e48b927ca9e44aa8c6c16f66f295b3b.png
-60.656227111816406,5.788731098175049,0.0,deepfake,1,1,2,2,Deepfake-Fake,/mnt/public/public_datasets/OpenMMSecV2/Deepfake/Fake/FaceReenactment/TPSMM/111353a0ba62435794359da721ae23ae.png
9.356371879577637,8.836551666259766,0.0,IMDL,1,4,2,8,IMDL-Fake,/mnt/public/public_datasets/OpenMMSecV2/IMDL/non_generative/manual_ps/imgs/abcb8beac31e4361bc7aeb91681e7187.jpg
-60.715065002441406,11.083139419555664,0.0,deepfake,1,1,2,2,Deepfake-Fake,/mnt/public/public_datasets/OpenMMSecV2/Deepfake/Fake/FaceSwap/Deepfake/e1283497746d477787cc9f9524499f9f.png
20.054733276367188,4.386507511138916,0.0,AIGC,1,2,2,4,AIGC-Fake,/mnt/public/public_datasets/OpenMMSecV2/AIGC/pixel_diffusion/glide/c670587d94c94a49bd2b7899e8bb7616.jpg
-12.226137161254883,31.68071174621582,0.0,IMDL,0,4,1,7,IMDL-Real,/mnt/public/public_datasets/OpenMMSecV2/IMDL/generative/stable_diffusion/imgs/ca1d1fdcda2a490b8910796461eb78c3.png
21.910661697387695,2.5820305347442627,0.0,Doc,1,3,2,6,Document-Fake,/mnt/public/public_datasets/OpenMMSecV2/Doc/aigc/textocr/imgs/6302372b00474a9fbb5bf63bda046703.jpg
7.119908809661865,-4.9578375816345215,0.0,IMDL,0,4,1,7,IMDL-Real,/mnt/public/public_datasets/OpenMMSecV2/IMDL/generative/coco/imgs/2c1a1326afe8472aa5385ca224b905b6.jpg
6.26066780090332,32.18968200683594,0.0,AIGC,1,2,2,4,AIGC-Fake,/mnt/public/public_datasets/OpenMMSecV2/AIGC/pixel_diffusion/guided_diffusion/b4b79990bbce4f36b9598f34fdc49351.jpg
41.775264739990234,25.810314178466797,0.0,Doc,0,3,1,5,Document-Real,/mnt/public/public_datasets/OpenMMSecV2/Doc/Real/38c5925ecfb74c3ca4382314f8b03b8b.jpg
-61.51712417602539,5.2308759689331055,0.0,deepfake,0,1,1,1,Deepfake-Real,/mnt/public/public_datasets/OpenMMSecV2/Deepfake/Real/FF++/56a2101171c14f18a045aa1351858d0e.png
-18.3217830657959,-3.2084476947784424,0.0,IMDL,0,4,1,7,IMDL-Real,/mnt/public/public_datasets/OpenMMSecV2/IMDL/generative/flux_1/imgs/9ebdcdbe35934a50958ac7cd701697f6.png
16.165605545043945,16.31329917907715,0.0,IMDL,1,4,2,8,IMDL-Fake,/mnt/public/public_datasets/OpenMMSecV2/IMDL/non_generative/manual_ps/imgs/e0148871d63b4ae0a603a360686686c6.jpg
69.03011322021484,-29.209524154663086,0.0,Doc,1,3,2,6,Document-Fake,/mnt/public/public_datasets/OpenMMSecV2/Doc/non_aigc/copy-move/imgs/369294fbbd404246891634f960923d0e.jpg
-9.47315788269043,-6.116140365600586,0.0,AIGC,0,2,1,3,AIGC-Real,/mnt/public/public_datasets/OpenMMSecV2/AIGC/laion/1ff380d4fe9f4221802ab3afa76cf873.jpg
2.1314408779144287,21.862049102783203,0.0,IMDL,1,4,2,8,IMDL-Fake,/mnt/public/public_datasets/OpenMMSecV2/IMDL/non_generative/manual_ps/imgs/f2c08580864144f4b4ae6d16ee1a5e58.jpg
2.0088143348693848,9.75485897064209,0.0,IMDL,1,4,2,8,IMDL-Fake,/mnt/public/public_datasets/OpenMMSecV2/IMDL/non_generative/manual_ps/imgs/65d4e92c506f43aea666d6f0740ab77c.jpg
23.68975830078125,42.06672668457031,0.0,AIGC,1,2,2,4,AIGC-Fake,/mnt/public/public_datasets/OpenMMSecV2/AIGC/latent_diffusion/systematic/252c3af45f97412b9a6b9e75ab0a5010.jpg
-16.636213302612305,15.400323867797852,0.0,AIGC,1,2,2,4,AIGC-Fake,/mnt/public/public_datasets/OpenMMSecV2/AIGC/pixel_diffusion/guided_diffusion/a2d1c6fa6e6d47f9a3d9cbeb4885c749.jpg
-54.76050567626953,3.7018234729766846,0.0,deepfake,1,1,2,2,Deepfake-Fake,/mnt/public/public_datasets/OpenMMSecV2/Deepfake/Fake/FaceReenactment/FS_vid2vid/f8605fe3957440968230da59075dd3db.png
-18.704696655273438,16.79908561706543,0.0,AIGC,1,2,2,4,AIGC-Fake,/mnt/public/public_datasets/OpenMMSecV2/AIGC/latent_diffusion/systematic/bea749049efe487e9a72802eab393a48.jpg
-16.671905517578125,24.280305862426758,0.0,deepfake,0,1,1,1,Deepfake-Real,/mnt/public/public_datasets/OpenMMSecV2/Deepfake/Real/VFHQ/4f7c0d720cdd4e8c8a978b94e5a1bff9.png
7.5223259925842285,30.38854217529297,0.0,IMDL,0,4,1,7,IMDL-Real,/mnt/public/public_datasets/OpenMMSecV2/IMDL/generative/flux_1/imgs/413f855d686a4a078ae06435c62e77b3.png
-3.932762861251831,-18.625940322875977,0.0,AIGC,0,2,1,3,AIGC-Real,/mnt/public/public_datasets/OpenMMSecV2/AIGC/laion/e10d99ef7a1d45b99ada8f612564f7bc.jpg
13.779183387756348,-14.797640800476074,0.0,AIGC,0,2,1,3,AIGC-Real,/mnt/public/public_datasets/OpenMMSecV2/AIGC/laion/257ad0aaf0064a00846a40d4d1e633c4.jpg
2.1877541542053223,25.349231719970703,0.0,AIGC,0,2,1,3,AIGC-Real,/mnt/public/public_datasets/OpenMMSecV2/AIGC/other/online/imgs/9fccce85d87a4872b9fe82ee9c4b4af7.jpg
21.838146209716797,-5.053296089172363,0.0,AIGC,0,2,1,3,AIGC-Real,/mnt/public/public_datasets/OpenMMSecV2/AIGC/other/online/imgs/1a9d3a307d4c448a9253bae76728c2b1.jpg
27.367408752441406,37.91538619995117,0.0,Doc,0,3,1,5,Document-Real,/mnt/public/public_datasets/OpenMMSecV2/Doc/aigc/derend/imgs/c0aa1a51c75d42afb050b54191705a7b.jpg
-49.572574615478516,-46.545021057128906,0.0,deepfake,0,1,1,1,Deepfake-Real,/mnt/public/public_datasets/OpenMMSecV2/Deepfake/Real/CelebDF-v2/69f8b772faa64a849b1644b0ccfbead5.png
-1.7932440042495728,10.704401969909668,0.0,AIGC,1,2,2,4,AIGC-Fake,/mnt/public/public_datasets/OpenMMSecV2/AIGC/commercial/flux/7d398b6e56c94a69a1ef286dfee32577.jpg
-4.659653186798096,8.919636726379395,0.0,IMDL,0,4,1,7,IMDL-Real,/mnt/public/public_datasets/OpenMMSecV2/IMDL/generative/coco/imgs/855465b1979743fbae6036d0eb2197b0.jpg
-12.537622451782227,27.091270446777344,0.0,AIGC,1,2,2,4,AIGC-Fake,/mnt/public/public_datasets/OpenMMSecV2/AIGC/commercial/ideogram/fbc32e53e6f04f8dbde8cb17b093fc96.jpg
25.05425262451172,10.263251304626465,0.0,IMDL,1,4,2,8,IMDL-Fake,/mnt/public/public_datasets/OpenMMSecV2/IMDL/non_generative/manual_ps/imgs/17b82e4ac401445eac985e69a53846d7.jpg
-42.991146087646484,-1.5596548318862915,0.0,AIGC,0,2,1,3,AIGC-Real,/mnt/public/public_datasets/OpenMMSecV2/AIGC/laion/fe0d5ea370a3478ebe03cd52cd3e0441.jpg
48.111412048339844,-42.570308685302734,0.0,Doc,0,3,1,5,Document-Real,/mnt/public/public_datasets/OpenMMSecV2/Doc/Real/d5f48a43e0d14c718f566a9b77c04932.jpg
-21.0982666015625,6.888746738433838,0.0,IMDL,1,4,2,8,IMDL-Fake,/mnt/public/public_datasets/OpenMMSecV2/IMDL/non_generative/manual_ps/imgs/e0de7d864dd04f6fa68cf878da332fcf.jpg
-11.906142234802246,25.111047744750977,0.0,IMDL,0,4,1,7,IMDL-Real,/mnt/public/public_datasets/OpenMMSecV2/IMDL/generative/coco/imgs/9b274709119b4e22832254e69454a138.jpg
70.82512664794922,-8.924514770507812,0.0,Doc,1,3,2,6,Document-Fake,/mnt/public/public_datasets/OpenMMSecV2/Doc/non_aigc/copy-move/imgs/d4b400244d2d4b0a8e27d3e119d9c786.jpg
52.51457595825195,-13.094361305236816,0.0,Doc,1,3,2,6,Document-Fake,/mnt/public/public_datasets/OpenMMSecV2/Doc/non_aigc/generation/imgs/fefb5e365dc145a8804c3e38619b6a77.jpg
-2.2043888568878174,47.99806213378906,0.0,IMDL,1,4,2,8,IMDL-Fake,/mnt/public/public_datasets/OpenMMSecV2/IMDL/non_generative/manual_ps/imgs/c1f5f0b472494cbaa38adb7d241f2176.jpg
-36.72230529785156,-22.911376953125,0.0,deepfake,0,1,1,1,Deepfake-Real,/mnt/public/public_datasets/OpenMMSecV2/Deepfake/Real/DFD/4788274977be4922bb8d003f90573b87.png
-11.97410774230957,10.62945556640625,0.0,IMDL,0,4,1,7,IMDL-Real,/mnt/public/public_datasets/OpenMMSecV2/IMDL/generative/flux_1/imgs/ea567beb4d9841879a37dce36f931fd8.png
-2.9654088020324707,-22.708879470825195,0.0,AIGC,1,2,2,4,AIGC-Fake,/mnt/public/public_datasets/OpenMMSecV2/AIGC/latent_diffusion/systematic/095b3a3f275f4ee2b2c62814feb68e88.jpg
68.64962005615234,3.137979507446289,0.0,Doc,1,3,2,6,Document-Fake,/mnt/public/public_datasets/OpenMMSecV2/Doc/non_aigc/copy-move/imgs/ad98fc04fb9e489ea4bcf14c0b8f4c11.jpg
7.357814311981201,-3.472818613052368,0.0,AIGC,1,2,2,4,AIGC-Fake,/mnt/public/public_datasets/OpenMMSecV2/AIGC/pixel_diffusion/glide/e8f5959f5aeb41bbae9e571e7ed11569.jpg
-38.755619049072266,-9.555265426635742,0.0,AIGC,1,2,2,4,AIGC-Fake,/mnt/public/public_datasets/OpenMMSecV2/AIGC/GAN/ProjectedGAN/93abd2be25fc4c19903afc0c5cc1aab9.jpg
-40.274383544921875,-39.97602844238281,0.0,deepfake,1,1,2,2,Deepfake-Fake,/mnt/public/public_datasets/OpenMMSecV2/Deepfake/Fake/EntireFaceSynthesis/RDDM/ad6704234d014c66ab855d227d06469d.png
19.282461166381836,24.535511016845703,0.0,IMDL,0,4,1,7,IMDL-Real,/mnt/public/public_datasets/OpenMMSecV2/IMDL/generative/coco/imgs/8efc2810ee6046039a209d2a57fe02ae.jpg
-2.2397711277008057,0.1031213104724884,0.0,IMDL,0,4,1,7,IMDL-Real,/mnt/public/public_datasets/OpenMMSecV2/IMDL/generative/coco/imgs/26379227657946e1aebafaa0ac155851.jpg
38.09971237182617,34.008209228515625,0.0,Doc,0,3,1,5,Document-Real,/mnt/public/public_datasets/OpenMMSecV2/Doc/Real/c166d1162cc440c98d291862af4463ab.jpg
-70.84387969970703,11.160274505615234,0.0,deepfake,1,1,2,2,Deepfake-Fake,/mnt/public/public_datasets/OpenMMSecV2/Deepfake/Fake/FaceSwap/e4s/4bb7768f062a4b0fa376431103668bc1.png
5.694057464599609,-6.816524982452393,0.0,IMDL,1,4,2,8,IMDL-Fake,/mnt/public/public_datasets/OpenMMSecV2/IMDL/generative/paintbyexample/imgs/1925dd32a6174b4e82fb72c5fa755747.png
-31.9177303314209,-18.138874053955078,0.0,AIGC,1,2,2,4,AIGC-Fake,/mnt/public/public_datasets/OpenMMSecV2/AIGC/GAN/StyleSANXL/afd6280ce72a47c295eedb5b60533ef6.jpg
-22.183914184570312,7.580598831176758,0.0,IMDL,0,4,1,7,IMDL-Real,/mnt/public/public_datasets/OpenMMSecV2/IMDL/generative/stable_diffusion/imgs/b6e427b32ca5459b9b5fbf82bab3b9a1.png
-59.43983840942383,8.927660942077637,0.0,deepfake,1,1,2,2,Deepfake-Fake,/mnt/public/public_datasets/OpenMMSecV2/Deepfake/Fake/FaceReenactment/OneShot/7d1638e8d4dd489e927d6ebbd10c5457.png
-3.376039743423462,46.40987014770508,0.0,AIGC,0,2,1,3,AIGC-Real,/mnt/public/public_datasets/OpenMMSecV2/AIGC/commercial/wukong/imgs/d813a80c0c6e4dab97e0870a6e4dc523.JPEG
-4.123459815979004,23.521678924560547,0.0,IMDL,1,4,2,8,IMDL-Fake,/mnt/public/public_datasets/OpenMMSecV2/IMDL/generative/gan_mat/imgs/b59f32c942db4848a42168b5b62b5d5e.png
19.798480987548828,-10.028544425964355,0.0,AIGC,1,2,2,4,AIGC-Fake,/mnt/public/public_datasets/OpenMMSecV2/AIGC/GAN/BigGAN/imgs/0c40c444a46f49728ee6508f9ada16cb.png
4.057754993438721,18.470983505249023,0.0,IMDL,0,4,1,7,IMDL-Real,/mnt/public/public_datasets/OpenMMSecV2/IMDL/non_generative/manual_ps/imgs/e73bb2373cb64c54aca095568fc8ab22.jpg
6.1336283683776855,36.6754150390625,0.0,IMDL,1,4,2,8,IMDL-Fake,/mnt/public/public_datasets/OpenMMSecV2/IMDL/non_generative/manual_ps/imgs/3da5b02b2ce34075917b5fa5337cd043.tif
17.098228454589844,31.363758087158203,0.0,AIGC,0,2,1,3,AIGC-Real,/mnt/public/public_datasets/OpenMMSecV2/AIGC/laion/5039ebf580b249e5bde226923e4dd830.jpg
-56.92131042480469,2.7778971195220947,0.0,deepfake,1,1,2,2,Deepfake-Fake,/mnt/public/public_datasets/OpenMMSecV2/Deepfake/Fake/EntireFaceSynthesis/StyleGAN-XL/8010a9c3ab684a229da16c3fca3d4f49.png
66.99588775634766,-25.63136863708496,0.0,Doc,0,3,1,5,Document-Real,/mnt/public/public_datasets/OpenMMSecV2/Doc/Real/22b63a61f56141ffa60a584867b779dc.jpg
-28.01076889038086,-40.26902389526367,0.0,deepfake,1,1,2,2,Deepfake-Fake,/mnt/public/public_datasets/OpenMMSecV2/Deepfake/Fake/FaceEditing/StarGANv2/8dce80f32dd44d3284e404d80ca380e5.jpg
72.94633483886719,-10.913527488708496,0.0,Doc,1,3,2,6,Document-Fake,/mnt/public/public_datasets/OpenMMSecV2/Doc/non_aigc/copy-move/imgs/f0dbbf8751d34cdd81eb98514d5f2c8a.jpg
0.7599025964736938,46.194679260253906,0.0,AIGC,1,2,2,4,AIGC-Fake,/mnt/public/public_datasets/OpenMMSecV2/AIGC/GAN/CIPS/11b8912a21b14cfd9567e3bebeb3ec23.jpg
32.5014762878418,21.84807014465332,0.0,Doc,1,3,2,6,Document-Fake,/mnt/public/public_datasets/OpenMMSecV2/Doc/aigc/textocr/imgs/91e40f314e3748dfae58c7e9ef02e8db.jpg
57.31424331665039,-28.471248626708984,0.0,AIGC,0,2,1,3,AIGC-Real,/mnt/public/public_datasets/OpenMMSecV2/AIGC/laion/ac5235f1a4cd42b9b342c0afda9d6282.jpg
-54.64189147949219,11.571727752685547,0.0,deepfake,1,1,2,2,Deepfake-Fake,/mnt/public/public_datasets/OpenMMSecV2/Deepfake/Fake/FaceReenactment/LIA/2393a8f00742435983e8755217f73d98.png
-14.154033660888672,25.76201629638672,0.0,IMDL,1,4,2,8,IMDL-Fake,/mnt/public/public_datasets/OpenMMSecV2/IMDL/non_generative/manual_ps/imgs/08e0cff9e4e64c45b7ad06bf72fb3032.jpg
-76.08432006835938,11.678566932678223,0.0,deepfake,0,1,1,1,Deepfake-Real,/mnt/public/public_datasets/OpenMMSecV2/Deepfake/Real/UADFV/22077ea51ef1452b950a54fcdd90e246.png
-35.05891036987305,-17.494876861572266,0.0,AIGC,1,2,2,4,AIGC-Fake,/mnt/public/public_datasets/OpenMMSecV2/AIGC/GAN/StyleSANXL/8c4882fb05eb47ac889b499af56c437d.jpg
17.61937713623047,16.668621063232422,0.0,IMDL,1,4,2,8,IMDL-Fake,/mnt/public/public_datasets/OpenMMSecV2/IMDL/generative/stable_diffusion/imgs/91c9342df5684659914f680a15da6e4f.png
47.98479080200195,-38.667423248291016,0.0,Doc,0,3,1,5,Document-Real,/mnt/public/public_datasets/OpenMMSecV2/Doc/Real/a4ec9aae950b4709829252050a9af31b.jpg
6.847795009613037,21.71168327331543,0.0,AIGC,0,2,1,3,AIGC-Real,/mnt/public/public_datasets/OpenMMSecV2/AIGC/laion/7ef125e24ebb4912b7c71dfcacf789c3.jpg
61.587730407714844,2.15157413482666,0.0,Doc,0,3,1,5,Document-Real,/mnt/public/public_datasets/OpenMMSecV2/Doc/Real/93f56864d3ff47a9a6281c467cc3fdfc.jpg
-22.3613338470459,36.13317108154297,0.0,Doc,0,3,1,5,Document-Real,/mnt/public/public_datasets/OpenMMSecV2/Doc/Real/6a16ffd6c2094270813d639e92266857.jpg
36.200477600097656,20.116300582885742,0.0,Doc,0,3,1,5,Document-Real,/mnt/public/public_datasets/OpenMMSecV2/Doc/Real/26d32cde540a488f8e6906dec40c644a.jpg
-3.9328534603118896,13.180940628051758,0.0,IMDL,1,4,2,8,IMDL-Fake,/mnt/public/public_datasets/OpenMMSecV2/IMDL/non_generative/manual_ps/imgs/cae1a2e57e7c44cd9311eba0db44fd5d.jpg
6.25330114364624,6.9851861000061035,0.0,IMDL,0,4,1,7,IMDL-Real,/mnt/public/public_datasets/OpenMMSecV2/IMDL/generative/stable_diffusion/imgs/efcfc0025f0c422d9310646ed6e43f69.png
11.894980430603027,11.475589752197266,0.0,IMDL,1,4,2,8,IMDL-Fake,/mnt/public/public_datasets/OpenMMSecV2/IMDL/non_generative/manual_ps/imgs/80780876960842f2b8d3f67889f4d3e2.jpg
20.67840003967285,37.29301452636719,0.0,IMDL,0,4,1,7,IMDL-Real,/mnt/public/public_datasets/OpenMMSecV2/IMDL/generative/coco/imgs/29087a71feff434080095036594717f9.jpg
-11.197193145751953,-10.33930778503418,0.0,AIGC,0,2,1,3,AIGC-Real,/mnt/public/public_datasets/OpenMMSecV2/AIGC/laion/c07249c68c0244cbb4fedb0a2ce50669.jpg
4.773713111877441,11.067626953125,0.0,IMDL,1,4,2,8,IMDL-Fake,/mnt/public/public_datasets/OpenMMSecV2/IMDL/non_generative/manual_ps/imgs/d6836ae1d720483aa7704fde3380635e.jpg
-52.1523323059082,-15.520977020263672,0.0,deepfake,0,1,1,1,Deepfake-Real,/mnt/public/public_datasets/OpenMMSecV2/Deepfake/Real/DFD/59d0b8c2636541f0afaf9c4f77ba724e.png
-32.134403228759766,-18.592832565307617,0.0,AIGC,1,2,2,4,AIGC-Fake,/mnt/public/public_datasets/OpenMMSecV2/AIGC/GAN/StyleSANXL/4a295f973aaf446baa94866aa9115afd.jpg
-67.95608520507812,9.49344539642334,0.0,deepfake,1,1,2,2,Deepfake-Fake,/mnt/public/public_datasets/OpenMMSecV2/Deepfake/Fake/FaceReenactment/LIA/747c6c4b198e4a42abf38ab04b9d7700.png
31.49917984008789,27.533254623413086,0.0,Doc,0,3,1,5,Document-Real,/mnt/public/public_datasets/OpenMMSecV2/Doc/Real/b9ab331b8f5448109fda812680413d91.jpg
2.316030263900757,42.266448974609375,0.0,IMDL,1,4,2,8,IMDL-Fake,/mnt/public/public_datasets/OpenMMSecV2/IMDL/non_generative/manual_ps/imgs/c5b9dc7ed8d1464eb611de36eb387999.tif
39.29770278930664,27.561368942260742,0.0,Doc,0,3,1,5,Document-Real,/mnt/public/public_datasets/OpenMMSecV2/Doc/aigc/derend/imgs/9af215c16a45436bbb6bb2accdac6c82.jpg
63.99282455444336,-4.427111625671387,0.0,Doc,0,3,1,5,Document-Real,/mnt/public/public_datasets/OpenMMSecV2/Doc/Real/ae79826cfcec471bb8886eabf22a4bf6.jpg
-5.741714000701904,-2.085920810699463,0.0,IMDL,1,4,2,8,IMDL-Fake,/mnt/public/public_datasets/OpenMMSecV2/IMDL/generative/gan_mat/imgs/36988cf9b6e544cca5d78d2fe1e3566e.png
8.362726211547852,-23.593891143798828,0.0,Doc,1,3,2,6,Document-Fake,/mnt/public/public_datasets/OpenMMSecV2/Doc/aigc/textdiff/imgs/dc61c5cb270f4402bbd2ac864d239797.jpg
-58.15590286254883,4.345342636108398,0.0,deepfake,0,1,1,1,Deepfake-Real,/mnt/public/public_datasets/OpenMMSecV2/Deepfake/Real/CelebDF-v2/853c49703455450f80c452a4bc1c515a.png
73.6423568725586,-9.808280944824219,0.0,Doc,1,3,2,6,Document-Fake,/mnt/public/public_datasets/OpenMMSecV2/Doc/non_aigc/generation/imgs/838f0e6b77994753996d444fad058ad0.jpg
-5.291471004486084,4.350017547607422,0.0,AIGC,0,2,1,3,AIGC-Real,/mnt/public/public_datasets/OpenMMSecV2/AIGC/laion/17de1a1223cb4aa2bcfcd03fa8ad5fd6.jpg
-7.840211868286133,-0.884860634803772,0.0,IMDL,0,4,1,7,IMDL-Real,/mnt/public/public_datasets/OpenMMSecV2/IMDL/generative/coco/imgs/695e21233e134ced955851fa88b45cd4.jpg
-27.530790328979492,3.0025758743286133,0.0,IMDL,1,4,2,8,IMDL-Fake,/mnt/public/public_datasets/OpenMMSecV2/IMDL/non_generative/manual_ps/imgs/b090c0f563e04d9789e187b0e4ef0b0d.jpg
-44.716041564941406,-46.534950256347656,0.0,deepfake,0,1,1,1,Deepfake-Real,/mnt/public/public_datasets/OpenMMSecV2/Deepfake/Real/CelebDF-v2/bf2ac041afc04b73921e319a13523714.png
-5.331193923950195,4.297182083129883,0.0,IMDL,1,4,2,8,IMDL-Fake,/mnt/public/public_datasets/OpenMMSecV2/IMDL/generative/stable_diffusion/imgs/2810d504e1a2470f8a0a9974033db7a6.png
1.3711090087890625,34.924476623535156,0.0,IMDL,1,4,2,8,IMDL-Fake,/mnt/public/public_datasets/OpenMMSecV2/IMDL/non_generative/manual_ps/imgs/48a3d79c710b40f1a58cb2bedc7596ba.jpg
57.06509017944336,1.1978759765625,0.0,Doc,0,3,1,5,Document-Real,/mnt/public/public_datasets/OpenMMSecV2/Doc/Real/3f453c8520524d8b8a8435f9f67a0c1e.jpg
-27.82839012145996,2.2122273445129395,0.0,AIGC,0,2,1,3,AIGC-Real,/mnt/public/public_datasets/OpenMMSecV2/AIGC/laion/26109d35853142668bcfa3e556ea3044.jpg
55.41341781616211,-28.387937545776367,0.0,Doc,0,3,1,5,Document-Real,/mnt/public/public_datasets/OpenMMSecV2/Doc/Real/76d91c5284794898979f5a4e1cea899d.jpg
-2.7539255619049072,-22.25925636291504,0.0,AIGC,0,2,1,3,AIGC-Real,/mnt/public/public_datasets/OpenMMSecV2/AIGC/laion/31a33cb012724e03843f2ae98b362dd5.jpg
2.4912068843841553,35.59800338745117,0.0,AIGC,1,2,2,4,AIGC-Fake,/mnt/public/public_datasets/OpenMMSecV2/AIGC/pixel_diffusion/adm/imgs/fd4c60c029ec40ed8b9da7eddc4d3669.PNG
-28.65650749206543,-4.998640537261963,0.0,IMDL,1,4,2,8,IMDL-Fake,/mnt/public/public_datasets/OpenMMSecV2/IMDL/non_generative/manual_ps/imgs/885c92dd383b444d980bdf4017ff21ac.jpg
45.71312713623047,-38.613956451416016,0.0,Doc,0,3,1,5,Document-Real,/mnt/public/public_datasets/OpenMMSecV2/Doc/Real/0cf4b2dfead54e6385fc2281ba2a5be1.jpg
-7.416384220123291,-9.028376579284668,0.0,IMDL,1,4,2,8,IMDL-Fake,/mnt/public/public_datasets/OpenMMSecV2/IMDL/generative/flux_1/imgs/cc868985d95b47b58bb7d89ec7a68195.png
-0.4686284065246582,41.657630920410156,0.0,IMDL,0,4,1,7,IMDL-Real,/mnt/public/public_datasets/OpenMMSecV2/IMDL/generative/flux_1/imgs/f323562cbf7e4b3c9ba622a17eb917a3.png
46.97608947753906,-36.896236419677734,0.0,Doc,0,3,1,5,Document-Real,/mnt/public/public_datasets/OpenMMSecV2/Doc/Real/588b844c51d34064820aa83f453cb71e.jpg
63.41453170776367,-5.575621128082275,0.0,Doc,0,3,1,5,Document-Real,/mnt/public/public_datasets/OpenMMSecV2/Doc/Real/a5c775bc8c5241acabc2cb46cd4bce2f.jpg
33.967777252197266,16.448028564453125,0.0,Doc,1,3,2,6,Document-Fake,/mnt/public/public_datasets/OpenMMSecV2/Doc/aigc/udifftext/imgs/ab4c1d216c314e5eaace2387be7c0678.jpg
17.50734519958496,-12.715128898620605,0.0,AIGC,0,2,1,3,AIGC-Real,/mnt/public/public_datasets/OpenMMSecV2/AIGC/laion/3ed1d9420b4247ed91f019c60d340f74.jpg
4.005756855010986,7.606645584106445,0.0,IMDL,1,4,2,8,IMDL-Fake,/mnt/public/public_datasets/OpenMMSecV2/IMDL/generative/flux_1/imgs/f7aadfdfe657467e802f8dad20aded4d.png
-15.446877479553223,2.138199806213379,0.0,IMDL,0,4,1,7,IMDL-Real,/mnt/public/public_datasets/OpenMMSecV2/IMDL/generative/flux_1/imgs/aeedcb83c1b6445aa133a6a077b40300.png
-8.941490173339844,42.640682220458984,0.0,IMDL,1,4,2,8,IMDL-Fake,/mnt/public/public_datasets/OpenMMSecV2/IMDL/generative/paintbyexample/imgs/40778168ffd341199576e0480052c03a.tiff
52.95640563964844,-8.73934268951416,0.0,Doc,1,3,2,6,Document-Fake,/mnt/public/public_datasets/OpenMMSecV2/Doc/non_aigc/generation/imgs/5a953627a6494f2badd53df881716956.jpg
54.74507141113281,-22.333829879760742,0.0,Doc,1,3,2,6,Document-Fake,/mnt/public/public_datasets/OpenMMSecV2/Doc/non_aigc/inpaint/imgs/3a70cc120452499a98494fb7b0366429.jpg
-17.40595054626465,-1.233039379119873,0.0,IMDL,1,4,2,8,IMDL-Fake,/mnt/public/public_datasets/OpenMMSecV2/IMDL/generative/stable_diffusion/imgs/dedf3e0b470141b08757641bba79536c.jpg
-55.14633560180664,-10.219917297363281,0.0,deepfake,0,1,1,1,Deepfake-Real,/mnt/public/public_datasets/OpenMMSecV2/Deepfake/Real/FF++/0ad9a1f814f14e81a35bd225c49611d6.png
-49.00889205932617,-42.06477355957031,0.0,deepfake,0,1,1,1,Deepfake-Real,/mnt/public/public_datasets/OpenMMSecV2/Deepfake/Real/CelebDF-v2/d38f2abb660440a7a277a3193bcf6463.png
-1.3132696151733398,13.659957885742188,0.0,IMDL,1,4,2,8,IMDL-Fake,/mnt/public/public_datasets/OpenMMSecV2/IMDL/non_generative/manual_ps/imgs/f8dc0fc7ce4f4f17b33dcec467765265.jpg
-28.56979751586914,-40.37449645996094,0.0,deepfake,1,1,2,2,Deepfake-Fake,/mnt/public/public_datasets/OpenMMSecV2/Deepfake/Fake/EntireFaceSynthesis/WhichisReal/e28b6a5439d04868af2bf7a1b26d736c.png
-32.71022415161133,-9.706607818603516,0.0,deepfake,0,1,1,1,Deepfake-Real,/mnt/public/public_datasets/OpenMMSecV2/Deepfake/Real/CelebA/53776c7d4fb443dcaf2ce364be46d25e.jpg
51.934329986572266,-8.633687973022461,0.0,Doc,1,3,2,6,Document-Fake,/mnt/public/public_datasets/OpenMMSecV2/Doc/non_aigc/generation/imgs/d6a82080f3444145aa736c3e174d8d6f.jpg
59.24123001098633,-33.22712707519531,0.0,Doc,1,3,2,6,Document-Fake,/mnt/public/public_datasets/OpenMMSecV2/Doc/non_aigc/cpmv/imgs/6ed076ce0236427b993289eb79fbf184.jpg
-22.257801055908203,-0.5739489793777466,0.0,deepfake,0,1,1,1,Deepfake-Real,/mnt/public/public_datasets/OpenMMSecV2/Deepfake/Real/VFHQ/614858d08dc14f268ec65bf898e10d0d.png
28.545705795288086,-16.689319610595703,0.0,AIGC,0,2,1,3,AIGC-Real,/mnt/public/public_datasets/OpenMMSecV2/AIGC/laion/c646fc0769c54c6da779a753f1fd5278.jpg
-26.624422073364258,-42.23444747924805,0.0,AIGC,1,2,2,4,AIGC-Fake,/mnt/public/public_datasets/OpenMMSecV2/AIGC/autoregressive_model/tamingtransformers/5a09fe3fae304bfdaca651c7fd877bbc.jpg
20.64548110961914,37.36943054199219,0.0,IMDL,0,4,1,7,IMDL-Real,/mnt/public/public_datasets/OpenMMSecV2/IMDL/generative/flux_1/imgs/1e07e3417beb4f8eb8a9f28c8599ef1a.png
-28.185022354125977,42.27226257324219,0.0,IMDL,0,4,1,7,IMDL-Real,/mnt/public/public_datasets/OpenMMSecV2/IMDL/generative/coco/imgs/a3ebed4e8e6146a09433eab770b9344a.jpg
15.35360050201416,11.074000358581543,0.0,AIGC,1,2,2,4,AIGC-Fake,/mnt/public/public_datasets/OpenMMSecV2/AIGC/commercial/firefly/5dc33533e1704805b6a4bb790e0f0f0a.jpg
-21.548337936401367,-0.7876492738723755,0.0,IMDL,1,4,2,8,IMDL-Fake,/mnt/public/public_datasets/OpenMMSecV2/IMDL/generative/gan_mat/imgs/137d1dd9c14d4988aa5cdf60b7212a3c.jpg
17.527570724487305,-13.73667049407959,0.0,AIGC,0,2,1,3,AIGC-Real,/mnt/public/public_datasets/OpenMMSecV2/AIGC/laion/139759ddf48b4222b968e896249c01fa.jpg
-1.2935413122177124,-4.501694202423096,0.0,IMDL,1,4,2,8,IMDL-Fake,/mnt/public/public_datasets/OpenMMSecV2/IMDL/generative/flux_1/imgs/42047996beca4dc0b4a7b6f71c4f25e4.png
20.396543502807617,-12.500163078308105,0.0,AIGC,0,2,1,3,AIGC-Real,/mnt/public/public_datasets/OpenMMSecV2/AIGC/laion/ed353fed767d4a7c9316d523a881c030.jpg
5.817378997802734,5.860805034637451,0.0,IMDL,0,4,1,7,IMDL-Real,/mnt/public/public_datasets/OpenMMSecV2/IMDL/generative/stable_diffusion/imgs/a51c890106f6406889fcfd5f72375da3.png
50.6659049987793,-7.751096248626709,0.0,Doc,1,3,2,6,Document-Fake,/mnt/public/public_datasets/OpenMMSecV2/Doc/non_aigc/copy-move/imgs/a6c404553eb045f8b2dc1ab6e170df5f.jpg
42.076778411865234,18.617647171020508,0.0,Doc,0,3,1,5,Document-Real,/mnt/public/public_datasets/OpenMMSecV2/Doc/aigc/derend/imgs/064e579c1e4440758debe27e875955cb.jpg
1.1121188402175903,-23.42719268798828,0.0,AIGC,0,2,1,3,AIGC-Real,/mnt/public/public_datasets/OpenMMSecV2/AIGC/laion/8f682f7b07e549cb8c5995abb9295150.jpg
-2.7202048301696777,16.54296875,0.0,AIGC,1,2,2,4,AIGC-Fake,/mnt/public/public_datasets/OpenMMSecV2/AIGC/GAN/styleGANs/c29c8749aebb42a99211fffa565b09c0.jpg
61.674869537353516,4.431091785430908,0.0,Doc,1,3,2,6,Document-Fake,/mnt/public/public_datasets/OpenMMSecV2/Doc/non_aigc/copy-move/imgs/b97ca5b8a5e04fc099f4cd5c61e8182c.jpg
51.483070373535156,-1.9134265184402466,0.0,Doc,1,3,2,6,Document-Fake,/mnt/public/public_datasets/OpenMMSecV2/Doc/non_aigc/generation/imgs/7384633cfbea449c807d40216c6ee30c.jpg
-0.9858119487762451,47.45615768432617,0.0,AIGC,0,2,1,3,AIGC-Real,/mnt/public/public_datasets/OpenMMSecV2/AIGC/other/online/imgs/1daf84877d154f22bc2aad80abe8a996.jpg
6.217518329620361,11.285924911499023,0.0,IMDL,0,4,1,7,IMDL-Real,/mnt/public/public_datasets/OpenMMSecV2/IMDL/generative/coco/imgs/c9ddd544db6444868bbbe76f15f6ab70.jpg
-65.6142349243164,5.156357288360596,0.0,deepfake,1,1,2,2,Deepfake-Fake,/mnt/public/public_datasets/OpenMMSecV2/Deepfake/Fake/EntireFaceSynthesis/StyleGAN3/0730a297355046c48d4c3cfe398265e3.png
-68.63365173339844,5.548402786254883,0.0,deepfake,0,1,1,1,Deepfake-Real,/mnt/public/public_datasets/OpenMMSecV2/Deepfake/Real/FF++/06180021fb0f45d1b4b4a91007d95131.png
-36.29111862182617,-28.045005798339844,0.0,deepfake,1,1,2,2,Deepfake-Fake,/mnt/public/public_datasets/OpenMMSecV2/Deepfake/Fake/EntireFaceSynthesis/SD-2.1/e820e3a29be743c89e5fe81066346c4a.png
-23.36168670654297,28.442556381225586,0.0,IMDL,1,4,2,8,IMDL-Fake,/mnt/public/public_datasets/OpenMMSecV2/IMDL/generative/stable_diffusion/imgs/38f6ae3309da4a7f85924ee465da1eff.png
-42.7406120300293,1.0731860399246216,0.0,deepfake,0,1,1,1,Deepfake-Real,/mnt/public/public_datasets/OpenMMSecV2/Deepfake/Real/FFHQ/37399c413cdf46dfb42cbf675db88cd9.jpeg
-70.04573059082031,7.7687153816223145,0.0,deepfake,0,1,1,1,Deepfake-Real,/mnt/public/public_datasets/OpenMMSecV2/Deepfake/Real/FF++/5e67c68a10b54fedb5db12328fa9157f.png
-13.938590049743652,30.614009857177734,0.0,IMDL,1,4,2,8,IMDL-Fake,/mnt/public/public_datasets/OpenMMSecV2/IMDL/non_generative/manual_ps/imgs/796397653d8a48148e7cacf007c1e9d9.jpg
-21.788406372070312,3.2572245597839355,0.0,IMDL,0,4,1,7,IMDL-Real,/mnt/public/public_datasets/OpenMMSecV2/IMDL/generative/stable_diffusion/imgs/a2daf86c55eb4f66ad6055f9c3a0e57d.png
-2.465935468673706,32.66299057006836,0.0,IMDL,1,4,2,8,IMDL-Fake,/mnt/public/public_datasets/OpenMMSecV2/IMDL/non_generative/manual_ps/imgs/00591626255a439788235d427ab4d0bc.jpg
-11.305680274963379,21.2430419921875,0.0,IMDL,0,4,1,7,IMDL-Real,/mnt/public/public_datasets/OpenMMSecV2/IMDL/generative/stable_diffusion/imgs/2d8fa8daab4e47099b56b3ff51027a00.png
-62.288482666015625,16.235694885253906,0.0,deepfake,1,1,2,2,Deepfake-Fake,/mnt/public/public_datasets/OpenMMSecV2/Deepfake/Fake/FaceSwap/SimSwap/e2ac07e8c80c44d98a24842abaceb55c.png
12.416013717651367,-12.948562622070312,0.0,AIGC,0,2,1,3,AIGC-Real,/mnt/public/public_datasets/OpenMMSecV2/AIGC/laion/1e82a51e2ed44128b55abd27a0864c14.jpg
5.908968448638916,-7.98305606842041,0.0,IMDL,1,4,2,8,IMDL-Fake,/mnt/public/public_datasets/OpenMMSecV2/IMDL/generative/gan_mat/imgs/b5528065351546caa5a5e2a045b1f8d2.png
63.95998764038086,-4.7877349853515625,0.0,Doc,1,3,2,6,Document-Fake,/mnt/public/public_datasets/OpenMMSecV2/Doc/non_aigc/cover/imgs/29a2694585f5435387cea7d0c7bc70e4.jpg
46.036537170410156,-33.56890106201172,0.0,Doc,0,3,1,5,Document-Real,/mnt/public/public_datasets/OpenMMSecV2/Doc/Real/a1c14ddc09fc46d18feedf020ad41bc8.jpg
-21.58510971069336,25.597118377685547,0.0,IMDL,1,4,2,8,IMDL-Fake,/mnt/public/public_datasets/OpenMMSecV2/IMDL/non_generative/manual_ps/imgs/ab0716be585541efa347484bb3b522b1.jpg
17.513057708740234,-0.6400625705718994,0.0,AIGC,1,2,2,4,AIGC-Fake,/mnt/public/public_datasets/OpenMMSecV2/AIGC/latent_diffusion/systematic/33432c9986da48afb4d4a2f4b691dffa.jpg
42.55904769897461,26.451793670654297,0.0,Doc,0,3,1,5,Document-Real,/mnt/public/public_datasets/OpenMMSecV2/Doc/aigc/udifftext/imgs/382be2e5e45644adaea567d0c4d64c2c.jpg
61.097049713134766,-5.38167667388916,0.0,Doc,0,3,1,5,Document-Real,/mnt/public/public_datasets/OpenMMSecV2/Doc/Real/3bec6e8071364ac2820b202bdb1df13f.jpg
14.764829635620117,-13.357075691223145,0.0,AIGC,0,2,1,3,AIGC-Real,/mnt/public/public_datasets/OpenMMSecV2/AIGC/laion/c7b2a810cd03473f80f68b48a80fbe51.jpg
-37.23506546020508,-23.290693283081055,0.0,deepfake,0,1,1,1,Deepfake-Real,/mnt/public/public_datasets/OpenMMSecV2/Deepfake/Real/VFHQ/7f43022e841742fca024156641661733.png
-13.946343421936035,-24.902605056762695,0.0,AIGC,1,2,2,4,AIGC-Fake,/mnt/public/public_datasets/OpenMMSecV2/AIGC/other/online/imgs/9ba92274c441424b86a9492722c825ef.jpg
51.68207550048828,-23.119314193725586,0.0,Doc,0,3,1,5,Document-Real,/mnt/public/public_datasets/OpenMMSecV2/Doc/Real/1b49458103724dc3973c1258ec40814b.jpg
9.102226257324219,-5.735603332519531,0.0,AIGC,1,2,2,4,AIGC-Fake,/mnt/public/public_datasets/OpenMMSecV2/AIGC/other/online/imgs/1685017579f447d38383aa6590572783.jpg
2.9147286415100098,23.762523651123047,0.0,AIGC,1,2,2,4,AIGC-Fake,/mnt/public/public_datasets/OpenMMSecV2/AIGC/pixel_diffusion/glide/imgs/f7540fcfa4f54f95be52460e9f64d2ac.png
68.22673034667969,-3.4465644359588623,0.0,Doc,1,3,2,6,Document-Fake,/mnt/public/public_datasets/OpenMMSecV2/Doc/non_aigc/cover/imgs/56142e298a2c46a4b213940594c2d0a7.jpg
-20.609926223754883,11.847850799560547,0.0,AIGC,0,2,1,3,AIGC-Real,/mnt/public/public_datasets/OpenMMSecV2/AIGC/laion/0bc3101164ed4d60b66645d87cc16d24.jpg
37.617523193359375,13.100059509277344,0.0,Doc,0,3,1,5,Document-Real,/mnt/public/public_datasets/OpenMMSecV2/Doc/Real/33f8b37aef694f839011c571af6bacec.jpg
14.370613098144531,12.905866622924805,0.0,IMDL,0,4,1,7,IMDL-Real,/mnt/public/public_datasets/OpenMMSecV2/IMDL/generative/stable_diffusion/imgs/9c9135afe83e4f808afb69807b4c395c.png
26.00135612487793,37.083797454833984,0.0,AIGC,1,2,2,4,AIGC-Fake,/mnt/public/public_datasets/OpenMMSecV2/AIGC/latent_diffusion/systematic/4951016535a445219f531c920d2cc294.jpg
30.18160057067871,23.785606384277344,0.0,Doc,1,3,2,6,Document-Fake,/mnt/public/public_datasets/OpenMMSecV2/Doc/aigc/textocr/imgs/9b89e00889324d7f8576de16808d3d07.jpg
40.264923095703125,17.928119659423828,0.0,Doc,0,3,1,5,Document-Real,/mnt/public/public_datasets/OpenMMSecV2/Doc/Real/6d7409b955194ea1b8a0f8dfeca35fbb.jpg
46.7567253112793,-33.89816665649414,0.0,Doc,0,3,1,5,Document-Real,/mnt/public/public_datasets/OpenMMSecV2/Doc/Real/c5f66c0f496648efb35ae856790312b8.jpg
-62.927608489990234,8.87112045288086,0.0,deepfake,1,1,2,2,Deepfake-Fake,/mnt/public/public_datasets/OpenMMSecV2/Deepfake/Fake/EntireFaceSynthesis/StyleGAN-XL/21ede76788e4403ca05284605325d6ca.png
15.705351829528809,30.196086883544922,0.0,AIGC,0,2,1,3,AIGC-Real,/mnt/public/public_datasets/OpenMMSecV2/AIGC/laion/a56423805cbf4703b50ed4eeeecc98ec.jpg
11.949166297912598,-3.285154104232788,0.0,AIGC,0,2,1,3,AIGC-Real,/mnt/public/public_datasets/OpenMMSecV2/AIGC/laion/d7455f351ae340f8a52263e6c02bac0d.jpg
67.3362808227539,1.2766720056533813,0.0,Doc,1,3,2,6,Document-Fake,/mnt/public/public_datasets/OpenMMSecV2/Doc/non_aigc/copy-move/imgs/76de9a9a51bc42f0aaaaf064c22603e7.jpg
-7.32344913482666,0.24419592320919037,0.0,IMDL,0,4,1,7,IMDL-Real,/mnt/public/public_datasets/OpenMMSecV2/IMDL/generative/coco/imgs/bad61613918b4905be34c60a29f7fa4d.jpg
-4.280335426330566,48.364471435546875,0.0,IMDL,1,4,2,8,IMDL-Fake,/mnt/public/public_datasets/OpenMMSecV2/IMDL/non_generative/manual_ps/imgs/640b16511a93455eb4763b5060199fc2.jpg
39.354896545410156,28.55664825439453,0.0,Doc,0,3,1,5,Document-Real,/mnt/public/public_datasets/OpenMMSecV2/Doc/Real/4dcbaaea7cd0476e9fba0704830f1e7e.jpg
7.037546634674072,42.66156768798828,0.0,AIGC,0,2,1,3,AIGC-Real,/mnt/public/public_datasets/OpenMMSecV2/AIGC/commercial/wukong/imgs/1020ee8a9db8463881b90eba35036d8a.JPEG
46.09430694580078,-32.1257209777832,0.0,Doc,0,3,1,5,Document-Real,/mnt/public/public_datasets/OpenMMSecV2/Doc/Real/d7f61c3406ca468f95f0bef0f9f32aa2.jpg
-39.77995300292969,-5.811161518096924,0.0,AIGC,1,2,2,4,AIGC-Fake,/mnt/public/public_datasets/OpenMMSecV2/AIGC/autoregressive_model/tamingtransformers/0c8cfcbd469f4a79a6b223cd6d402e41.jpg
-53.87102127075195,-15.162373542785645,0.0,deepfake,0,1,1,1,Deepfake-Real,/mnt/public/public_datasets/OpenMMSecV2/Deepfake/Real/CelebDF-v2/2d25416cf8c947668d6ebff26ef9b86e.png
-41.875614166259766,-37.93080520629883,0.0,deepfake,1,1,2,2,Deepfake-Fake,/mnt/public/public_datasets/OpenMMSecV2/Deepfake/Fake/FaceReenactment/FS_vid2vid/9fed1122bea14582b45094cceb3201e3.png
-3.9254872798919678,18.0122127532959,0.0,IMDL,1,4,2,8,IMDL-Fake,/mnt/public/public_datasets/OpenMMSecV2/IMDL/non_generative/manual_ps/imgs/fa0c98562e634d47bf3efa7597e48488.jpg
-48.13605499267578,-2.5230085849761963,0.0,deepfake,1,1,2,2,Deepfake-Fake,/mnt/public/public_datasets/OpenMMSecV2/Deepfake/Fake/FaceEditing/StarGANv2/28b3c006c9744243bb2b9ee76c498e63.jpg
-34.69599914550781,-22.88542938232422,0.0,AIGC,1,2,2,4,AIGC-Fake,/mnt/public/public_datasets/OpenMMSecV2/AIGC/autoregressive_model/tamingtransformers/b339632212c14d04b0a38af7120b2120.jpg
20.310455322265625,34.83903503417969,0.0,IMDL,1,4,2,8,IMDL-Fake,/mnt/public/public_datasets/OpenMMSecV2/IMDL/generative/gan_mat/imgs/9f928c85c40a483890aa6fc0dea3f4e4.png
3.599134922027588,20.031389236450195,0.0,IMDL,1,4,2,8,IMDL-Fake,/mnt/public/public_datasets/OpenMMSecV2/IMDL/generative/stable_diffusion/imgs/04a70e804c3c4940b31b26470fd518fb.png
-64.01612854003906,4.813237190246582,0.0,deepfake,1,1,2,2,Deepfake-Fake,/mnt/public/public_datasets/OpenMMSecV2/Deepfake/Fake/FaceReenactment/OneShot/bbc6cdc7d752430ab07eb0b0d15c1d48.png
28.85304832458496,-15.164057731628418,0.0,IMDL,0,4,1,7,IMDL-Real,/mnt/public/public_datasets/OpenMMSecV2/IMDL/generative/stable_diffusion/imgs/672e1ae4848841958cc9f222765c0eec.png
34.03395462036133,31.13566780090332,0.0,Doc,1,3,2,6,Document-Fake,/mnt/public/public_datasets/OpenMMSecV2/Doc/aigc/textdiff/imgs/b0a6f43a31e04448b1af0e517a8eb792.jpg
3.2495877742767334,0.2408573031425476,0.0,IMDL,0,4,1,7,IMDL-Real,/mnt/public/public_datasets/OpenMMSecV2/IMDL/generative/coco/imgs/24d62607807a454786ed7980f15c7b6c.jpg
64.23059844970703,-31.751455307006836,0.0,Doc,0,3,1,5,Document-Real,/mnt/public/public_datasets/OpenMMSecV2/Doc/Real/e03a96dbd6d646d8a147a582f8a4f0ea.jpg
-29.151700973510742,-28.887300491333008,0.0,AIGC,1,2,2,4,AIGC-Fake,/mnt/public/public_datasets/OpenMMSecV2/AIGC/autoregressive_model/tamingtransformers/e1708b9b8a7d484391a14d7f9d79744b.jpg
-11.952407836914062,10.947364807128906,0.0,IMDL,0,4,1,7,IMDL-Real,/mnt/public/public_datasets/OpenMMSecV2/IMDL/generative/coco/imgs/dfd7577e39c34a569311ad5a8cacef7c.jpg
62.54084777832031,6.517434120178223,0.0,Doc,1,3,2,6,Document-Fake,/mnt/public/public_datasets/OpenMMSecV2/Doc/non_aigc/copy-move/imgs/f558e7a0a86d4ae19f0fc039f246e67d.jpg
-67.22896575927734,6.48517370223999,0.0,deepfake,0,1,1,1,Deepfake-Real,/mnt/public/public_datasets/OpenMMSecV2/Deepfake/Real/CelebDF-v2/1c73f469bc9648dea293b6ec993147a3.png
69.15508270263672,-25.173128128051758,0.0,Doc,1,3,2,6,Document-Fake,/mnt/public/public_datasets/OpenMMSecV2/Doc/non_aigc/copy-move/imgs/319b3d36f1c14da8847e26f9dcea67c0.jpg
29.316162109375,-10.898764610290527,0.0,IMDL,1,4,2,8,IMDL-Fake,/mnt/public/public_datasets/OpenMMSecV2/IMDL/non_generative/manual_ps/imgs/b62f0a8a9e3a4058ae90c917cc5d3726.jpg
64.80701446533203,-32.61402893066406,0.0,Doc,1,3,2,6,Document-Fake,/mnt/public/public_datasets/OpenMMSecV2/Doc/non_aigc/cover/imgs/32d16835951b4e4194654316dc6d17a4.jpg
69.61734008789062,1.0974982976913452,0.0,Doc,1,3,2,6,Document-Fake,/mnt/public/public_datasets/OpenMMSecV2/Doc/non_aigc/copy-move/imgs/3faf174995d0492bbca4dff2383903f0.jpg
-67.58141326904297,-2.1010825634002686,0.0,deepfake,0,1,1,1,Deepfake-Real,/mnt/public/public_datasets/OpenMMSecV2/Deepfake/Real/FF++/4c98f488e35c4ef59c541ba6647c819b.png
42.07634735107422,26.620803833007812,0.0,Doc,0,3,1,5,Document-Real,/mnt/public/public_datasets/OpenMMSecV2/Doc/aigc/derend/imgs/1f474300c3304deb891e0762f4dc3a95.jpg
21.590551376342773,22.003646850585938,0.0,IMDL,1,4,2,8,IMDL-Fake,/mnt/public/public_datasets/OpenMMSecV2/IMDL/non_generative/manual_ps/imgs/c78a4fc117de4679bd23dd8d33eba0ea.jpg
-53.42877960205078,6.823984146118164,0.0,deepfake,0,1,1,1,Deepfake-Real,/mnt/public/public_datasets/OpenMMSecV2/Deepfake/Real/CelebDF-v2/e94b6689512c4a96868c69685d294c31.png
-62.34375762939453,7.834526538848877,0.0,deepfake,1,1,2,2,Deepfake-Fake,/mnt/public/public_datasets/OpenMMSecV2/Deepfake/Fake/FaceReenactment/OneShot/3c87ca720e704a588160360b20b9ca72.png
42.07721710205078,18.61766815185547,0.0,Doc,0,3,1,5,Document-Real,/mnt/public/public_datasets/OpenMMSecV2/Doc/Real/86881bf479314ef889f07cafa1c14c8a.jpg
16.103755950927734,17.966190338134766,0.0,IMDL,1,4,2,8,IMDL-Fake,/mnt/public/public_datasets/OpenMMSecV2/IMDL/non_generative/manual_ps/imgs/1b86e3688c1d48eebb3bfe1388402d09.jpg
54.82840347290039,-6.676909446716309,0.0,Doc,1,3,2,6,Document-Fake,/mnt/public/public_datasets/OpenMMSecV2/Doc/non_aigc/copy-move/imgs/f94e1cf08a79401ab79d9054c83dd06a.jpg
72.37837219238281,-10.845547676086426,0.0,Doc,1,3,2,6,Document-Fake,/mnt/public/public_datasets/OpenMMSecV2/Doc/non_aigc/copy-move/imgs/42d5209c347843fc831e3f5ceaad49a7.jpg
-0.9027858972549438,37.502845764160156,0.0,IMDL,1,4,2,8,IMDL-Fake,/mnt/public/public_datasets/OpenMMSecV2/IMDL/non_generative/manual_ps/imgs/d380aa855e4d4400b5f04269aef2d099.jpg
-50.31966781616211,-43.75163650512695,0.0,deepfake,1,1,2,2,Deepfake-Fake,/mnt/public/public_datasets/OpenMMSecV2/Deepfake/Fake/FaceReenactment/Wav2Lip/1c414dc5443f4a8fb61cddb00295d432.png
3.064570903778076,18.803791046142578,0.0,AIGC,0,2,1,3,AIGC-Real,/mnt/public/public_datasets/OpenMMSecV2/AIGC/other/online/imgs/b7bc993d3ba64d4d9b4586cca744e1e5.jpg
-2.9199743270874023,18.71668815612793,0.0,AIGC,1,2,2,4,AIGC-Fake,/mnt/public/public_datasets/OpenMMSecV2/AIGC/pixel_diffusion/glide/imgs/770496ad3dfe4aedb79fb69548fb617d.png
-44.482418060302734,-42.188560485839844,0.0,deepfake,0,1,1,1,Deepfake-Real,/mnt/public/public_datasets/OpenMMSecV2/Deepfake/Real/CelebDF-v2/6553480dea1d444bb15f3f969add3707.png
31.41263771057129,10.269186973571777,0.0,Doc,1,3,2,6,Document-Fake,/mnt/public/public_datasets/OpenMMSecV2/Doc/aigc/udifftext/imgs/e9708327b53c4f858c17b3d511f4814c.jpg
-58.280494689941406,6.248004913330078,0.0,deepfake,1,1,2,2,Deepfake-Fake,/mnt/public/public_datasets/OpenMMSecV2/Deepfake/Fake/FaceSwap/InSwapper/b3ebe30364604a519671bc7f96dda5d2.png
-6.8164143562316895,-6.911372661590576,0.0,AIGC,0,2,1,3,AIGC-Real,/mnt/public/public_datasets/OpenMMSecV2/AIGC/other/online/imgs/af764bff907c406baf3774ee1ea32362.jpg
-24.312532424926758,30.411293029785156,0.0,AIGC,0,2,1,3,AIGC-Real,/mnt/public/public_datasets/OpenMMSecV2/AIGC/laion/6f94ec666af04eaebc03163bbec20445.jpg
13.959723472595215,41.96940994262695,0.0,IMDL,1,4,2,8,IMDL-Fake,/mnt/public/public_datasets/OpenMMSecV2/IMDL/non_generative/manual_ps/imgs/e2c5dbcdf1394440862829daf1af4ad3.tif
-1.667191982269287,37.02943420410156,0.0,IMDL,0,4,1,7,IMDL-Real,/mnt/public/public_datasets/OpenMMSecV2/IMDL/non_generative/manual_ps/imgs/60881c88faa0473eb74775573e73a5c0.jpg
25.782928466796875,35.66360855102539,0.0,IMDL,0,4,1,7,IMDL-Real,/mnt/public/public_datasets/OpenMMSecV2/IMDL/generative/coco/imgs/78a8a80b7f5e44a0928349d421821fe9.jpg
-13.479068756103516,-24.82682991027832,0.0,AIGC,1,2,2,4,AIGC-Fake,/mnt/public/public_datasets/OpenMMSecV2/AIGC/other/online/imgs/45f49bbc6d7f4b3b845cbd7356e519c1.jpg
-34.43327713012695,-8.899500846862793,0.0,deepfake,0,1,1,1,Deepfake-Real,/mnt/public/public_datasets/OpenMMSecV2/Deepfake/Real/FFHQ/08ed7918c28e4940a20053f9cd2b0b63.jpg
-37.283809661865234,3.3958687782287598,0.0,AIGC,0,2,1,3,AIGC-Real,/mnt/public/public_datasets/OpenMMSecV2/AIGC/laion/ccabdd66b1db43b0bc90084e1fda3977.jpg
2.15311598777771,25.501930236816406,0.0,IMDL,1,4,2,8,IMDL-Fake,/mnt/public/public_datasets/OpenMMSecV2/IMDL/generative/stable_diffusion/imgs/f59ba679e5514ed091975cc4c4839c42.png
-52.947059631347656,7.767312049865723,0.0,deepfake,1,1,2,2,Deepfake-Fake,/mnt/public/public_datasets/OpenMMSecV2/Deepfake/Fake/EntireFaceSynthesis/SD-2.1/885e34f7b010492c92342c8daa2ae6c8.png
9.468846321105957,15.988338470458984,0.0,AIGC,1,2,2,4,AIGC-Fake,/mnt/public/public_datasets/OpenMMSecV2/AIGC/other/online/imgs/3cb1b6fd9e6f47b69aaf6d7e2471c23f.jpg
17.89805030822754,-14.649404525756836,0.0,AIGC,0,2,1,3,AIGC-Real,/mnt/public/public_datasets/OpenMMSecV2/AIGC/laion/8770cd096eae41f49709cc8e222bed94.jpg
68.1546401977539,-19.24466323852539,0.0,Doc,0,3,1,5,Document-Real,/mnt/public/public_datasets/OpenMMSecV2/Doc/Real/862a9f76d7f742ce9e655c110324de20.jpg
8.149744033813477,38.537841796875,0.0,IMDL,1,4,2,8,IMDL-Fake,/mnt/public/public_datasets/OpenMMSecV2/IMDL/non_generative/manual_ps/imgs/7f2757ee77f24a578619e8e752b4f302.jpg
-16.73911476135254,3.7942020893096924,0.0,IMDL,1,4,2,8,IMDL-Fake,/mnt/public/public_datasets/OpenMMSecV2/IMDL/non_generative/manual_ps/imgs/a4e4cceb51fc467ca875a6d3a064c72c.jpg
55.02833938598633,-20.84357452392578,0.0,Doc,1,3,2,6,Document-Fake,/mnt/public/public_datasets/OpenMMSecV2/Doc/non_aigc/generation/imgs/8e4d18fdaf8c4bcd96c822cd0d415596.jpg
2.2831153869628906,18.66298484802246,0.0,AIGC,0,2,1,3,AIGC-Real,/mnt/public/public_datasets/OpenMMSecV2/AIGC/pixel_diffusion/glide/imgs/177bde335a2145b08b6b9512c00846aa.JPEG
-12.574082374572754,38.02107620239258,0.0,IMDL,0,4,1,7,IMDL-Real,/mnt/public/public_datasets/OpenMMSecV2/IMDL/generative/coco/imgs/5a6faf5e341f4249be0d715df3c9c6f9.jpg
-46.118614196777344,-44.95161437988281,0.0,deepfake,1,1,2,2,Deepfake-Fake,/mnt/public/public_datasets/OpenMMSecV2/Deepfake/Fake/FaceReenactment/FS_vid2vid/15f53d4023ea480689291c0476a44dfc.png
13.217720985412598,38.497528076171875,0.0,AIGC,0,2,1,3,AIGC-Real,/mnt/public/public_datasets/OpenMMSecV2/AIGC/other/online/imgs/26ddc188d9ee4ea2a00385b4e0c4dc82.jpg
68.28176879882812,-24.28837776184082,0.0,Doc,0,3,1,5,Document-Real,/mnt/public/public_datasets/OpenMMSecV2/Doc/Real/e00b8700de304529a926a3722a8786b5.jpg
-67.94937133789062,12.490159034729004,0.0,deepfake,0,1,1,1,Deepfake-Real,/mnt/public/public_datasets/OpenMMSecV2/Deepfake/Real/FF++/ee22889e0cc948c8971ed45787e04541.png
4.568572044372559,19.16643714904785,0.0,AIGC,1,2,2,4,AIGC-Fake,/mnt/public/public_datasets/OpenMMSecV2/AIGC/GAN/GigaGAN/909d6c07aabb491096a05276068ba153.jpg
5.530272006988525,37.1595458984375,0.0,IMDL,1,4,2,8,IMDL-Fake,/mnt/public/public_datasets/OpenMMSecV2/IMDL/non_generative/manual_ps/imgs/f5f968d7d5d042f2a5ff5e21208cc50b.tif
24.51235008239746,-13.44212818145752,0.0,AIGC,0,2,1,3,AIGC-Real,/mnt/public/public_datasets/OpenMMSecV2/AIGC/laion/0ff3131fa06944689371a36af2b769ce.jpg
-9.310457229614258,40.08282470703125,0.0,IMDL,0,4,1,7,IMDL-Real,/mnt/public/public_datasets/OpenMMSecV2/IMDL/generative/flux_1/imgs/865f79246d4d4785bce5612c62e27460.png
-2.570359230041504,-24.55921745300293,0.0,AIGC,1,2,2,4,AIGC-Fake,/mnt/public/public_datasets/OpenMMSecV2/AIGC/latent_diffusion/systematic/bfcfcda4c385492ea1af1e25abeb8be1.jpg
6.798829555511475,38.628662109375,0.0,IMDL,0,4,1,7,IMDL-Real,/mnt/public/public_datasets/OpenMMSecV2/IMDL/non_generative/manual_ps/imgs/3c2e7cd33d3c4487b3d9c095ca76753c.jpg
62.656394958496094,-5.583812236785889,0.0,Doc,1,3,2,6,Document-Fake,/mnt/public/public_datasets/OpenMMSecV2/Doc/non_aigc/cpmv/imgs/8ce1861d25d24c229aa4b615f87c67ec.jpg
-58.0615234375,-4.717972755432129,0.0,deepfake,1,1,2,2,Deepfake-Fake,/mnt/public/public_datasets/OpenMMSecV2/Deepfake/Fake/EntireFaceSynthesis/RDDM/91f464c4321246ac9b3342e816adadb2.png
-62.11354446411133,4.391491413116455,0.0,deepfake,1,1,2,2,Deepfake-Fake,/mnt/public/public_datasets/OpenMMSecV2/Deepfake/Fake/FaceReenactment/DaGAN/870b2805dd8d4fefa862040097953caf.png
56.15774917602539,0.6425091028213501,0.0,Doc,0,3,1,5,Document-Real,/mnt/public/public_datasets/OpenMMSecV2/Doc/Real/dce980898b9b4814b17c9a636041364d.jpg
-22.76407814025879,13.406944274902344,0.0,IMDL,1,4,2,8,IMDL-Fake,/mnt/public/public_datasets/OpenMMSecV2/IMDL/non_generative/manual_ps/imgs/147328d006d3497da8905822f0bdb29e.jpg
57.22200012207031,2.514509677886963,0.0,Doc,0,3,1,5,Document-Real,/mnt/public/public_datasets/OpenMMSecV2/Doc/Real/1774ad5ade3644f9a77c473881d5ea1d.jpg
39.97748947143555,28.827314376831055,0.0,Doc,1,3,2,6,Document-Fake,/mnt/public/public_datasets/OpenMMSecV2/Doc/aigc/derend/imgs/d541e0017cd84be49abd9c0224586562.jpg
-2.885221242904663,33.469154357910156,0.0,Doc,0,3,1,5,Document-Real,/mnt/public/public_datasets/OpenMMSecV2/Doc/Real/755663eb8dea4ad89902a8ca0e5a0272.jpg
60.561187744140625,-29.85932731628418,0.0,Doc,1,3,2,6,Document-Fake,/mnt/public/public_datasets/OpenMMSecV2/Doc/non_aigc/cpmv/imgs/af4163adb5da4481a245124ae848f313.jpg
-47.942142486572266,-43.09391403198242,0.0,deepfake,0,1,1,1,Deepfake-Real,/mnt/public/public_datasets/OpenMMSecV2/Deepfake/Real/FF++/dcf36d7d13d54dd5a15b30f92820e3e1.png
73.20938873291016,-9.057114601135254,0.0,Doc,1,3,2,6,Document-Fake,/mnt/public/public_datasets/OpenMMSecV2/Doc/non_aigc/copy-move/imgs/a3d048bc785b42c8b927ec5ae79021f7.jpg
20.97382164001465,1.2976237535476685,0.0,Doc,1,3,2,6,Document-Fake,/mnt/public/public_datasets/OpenMMSecV2/Doc/aigc/mostel/imgs/af00dcc5df0847d9943db50965d580f5.jpg
-20.14529800415039,21.238283157348633,0.0,IMDL,0,4,1,7,IMDL-Real,/mnt/public/public_datasets/OpenMMSecV2/IMDL/generative/stable_diffusion/imgs/c2598b76c7da4d749d3703de0fd51756.png
-63.424957275390625,11.30937385559082,0.0,deepfake,1,1,2,2,Deepfake-Fake,/mnt/public/public_datasets/OpenMMSecV2/Deepfake/Fake/FaceSwap/InSwapper/b0b40a627d7d4340b0296f7b84605686.png
48.240928649902344,-31.393333435058594,0.0,Doc,1,3,2,6,Document-Fake,/mnt/public/public_datasets/OpenMMSecV2/Doc/non_aigc/cpmv/imgs/43523d05788e4682be64f5d5a782e5c2.jpg
-23.39508628845215,34.02106857299805,0.0,IMDL,1,4,2,8,IMDL-Fake,/mnt/public/public_datasets/OpenMMSecV2/IMDL/non_generative/manual_ps/imgs/e56ef1b8237d464e8f34229b0a841f8b.jpg
-41.71329879760742,-0.342669278383255,0.0,deepfake,1,1,2,2,Deepfake-Fake,/mnt/public/public_datasets/OpenMMSecV2/Deepfake/Fake/FaceEditing/e4e/6fff6aa453e64e8d930a0eb19e555b68.jpg
-5.722751140594482,47.67472839355469,0.0,IMDL,0,4,1,7,IMDL-Real,/mnt/public/public_datasets/OpenMMSecV2/IMDL/generative/coco/imgs/0037203528f24db49fdf68510df62f1f.jpg
20.518280029296875,39.78331756591797,0.0,IMDL,1,4,2,8,IMDL-Fake,/mnt/public/public_datasets/OpenMMSecV2/IMDL/generative/gan_mat/imgs/e08629dd34cd4630b42bb8bc72e81db3.jpg
21.329811096191406,25.270280838012695,0.0,IMDL,0,4,1,7,IMDL-Real,/mnt/public/public_datasets/OpenMMSecV2/IMDL/generative/coco/imgs/b2c50cb60b63478cb68fe6b7c307ad03.jpg
-18.237201690673828,-4.295294284820557,0.0,AIGC,1,2,2,4,AIGC-Fake,/mnt/public/public_datasets/OpenMMSecV2/AIGC/other/online/imgs/e3c9724074f542508376560c963b5b9d.jpg
-75.84135437011719,8.822723388671875,0.0,deepfake,0,1,1,1,Deepfake-Real,/mnt/public/public_datasets/OpenMMSecV2/Deepfake/Real/UADFV/7bb349cea9044d79ac03d2621debec6a.png
14.229225158691406,33.951629638671875,0.0,IMDL,0,4,1,7,IMDL-Real,/mnt/public/public_datasets/OpenMMSecV2/IMDL/generative/coco/imgs/6899fc92823947ce8fcf126ad1ec9691.jpg
41.04273223876953,22.164621353149414,0.0,Doc,0,3,1,5,Document-Real,/mnt/public/public_datasets/OpenMMSecV2/Doc/aigc/derend/imgs/486ec1e782c3481ea711c736701a9687.jpg
-49.80657958984375,-39.044525146484375,0.0,deepfake,1,1,2,2,Deepfake-Fake,/mnt/public/public_datasets/OpenMMSecV2/Deepfake/Fake/EntireFaceSynthesis/StyleGAN-XL/7d3799317f75424f98e189d64ba399f9.png
-55.391292572021484,-4.71970272064209,0.0,deepfake,1,1,2,2,Deepfake-Fake,/mnt/public/public_datasets/OpenMMSecV2/Deepfake/Fake/EntireFaceSynthesis/RDDM/9d02c24458174cc3b90536f9cacf9ba2.png
52.73494338989258,-11.326845169067383,0.0,Doc,1,3,2,6,Document-Fake,/mnt/public/public_datasets/OpenMMSecV2/Doc/non_aigc/copy-move/imgs/08bd02a09e38487fab05a64797af1ca9.jpg
30.00809669494629,29.86246681213379,0.0,Doc,1,3,2,6,Document-Fake,/mnt/public/public_datasets/OpenMMSecV2/Doc/aigc/derend/imgs/889ab1f89f5d4a4584ac99891e93e3d9.jpg
12.3616361618042,19.32476234436035,0.0,AIGC,1,2,2,4,AIGC-Fake,/mnt/public/public_datasets/OpenMMSecV2/AIGC/GAN/BigGAN/5bf6d0a89c254339aff2411eef69c305.jpg
21.354015350341797,24.63690757751465,0.0,IMDL,1,4,2,8,IMDL-Fake,/mnt/public/public_datasets/OpenMMSecV2/IMDL/generative/paintbyexample/imgs/11739338955046f4a75cef9644c48f52.jpg
15.863546371459961,-12.848796844482422,0.0,AIGC,0,2,1,3,AIGC-Real,/mnt/public/public_datasets/OpenMMSecV2/AIGC/laion/e5668f6e8daf4bea8e5a8bc282c77377.jpg
5.957899570465088,18.955106735229492,0.0,IMDL,1,4,2,8,IMDL-Fake,/mnt/public/public_datasets/OpenMMSecV2/IMDL/non_generative/manual_ps/imgs/129a1092bc544446b97d8496075d6247.jpg
7.846489906311035,34.80129623413086,0.0,IMDL,1,4,2,8,IMDL-Fake,/mnt/public/public_datasets/OpenMMSecV2/IMDL/non_generative/manual_ps/imgs/e9f94a9dc15a45158db97f57c5f030dc.tif
-67.68409729003906,3.943997859954834,0.0,deepfake,1,1,2,2,Deepfake-Fake,/mnt/public/public_datasets/OpenMMSecV2/Deepfake/Fake/EntireFaceSynthesis/StyleGAN-XL/a962c1ef0f104244a95904f893f62344.png
-6.126607894897461,-5.689770698547363,0.0,AIGC,0,2,1,3,AIGC-Real,/mnt/public/public_datasets/OpenMMSecV2/AIGC/laion/102b2d74c407446b9aff4ea4d9aaee07.jpg
6.834318161010742,-5.472729206085205,0.0,AIGC,1,2,2,4,AIGC-Fake,/mnt/public/public_datasets/OpenMMSecV2/AIGC/other/online/imgs/0f31fda090d740c6bc5f1727433f08a5.jpg
1.2359713315963745,22.894033432006836,0.0,AIGC,0,2,1,3,AIGC-Real,/mnt/public/public_datasets/OpenMMSecV2/AIGC/other/online/imgs/06c817478da146a09abaefe5a49a8b8f.jpg
-11.613443374633789,34.25183868408203,0.0,AIGC,0,2,1,3,AIGC-Real,/mnt/public/public_datasets/OpenMMSecV2/AIGC/laion/c5aacf544eed46798d74856c06bcce42.jpg
2.761486053466797,25.84035873413086,0.0,AIGC,1,2,2,4,AIGC-Fake,/mnt/public/public_datasets/OpenMMSecV2/AIGC/latent_diffusion/systematic/73c57eed7be44e69b7a64353f7dd09e4.jpg
-70.69646453857422,5.2253804206848145,0.0,deepfake,0,1,1,1,Deepfake-Real,/mnt/public/public_datasets/OpenMMSecV2/Deepfake/Real/FF++/2a70354347f54f51adb2ba7676e9f469.png
-25.73360824584961,8.895609855651855,0.0,IMDL,0,4,1,7,IMDL-Real,/mnt/public/public_datasets/OpenMMSecV2/IMDL/generative/flux_1/imgs/982641f50399488ab39297ea2a4e343a.png
18.69066047668457,-13.193679809570312,0.0,AIGC,0,2,1,3,AIGC-Real,/mnt/public/public_datasets/OpenMMSecV2/AIGC/laion/425595d5d826407e891a00b84198e86d.jpg
-41.002079010009766,-28.934673309326172,0.0,deepfake,0,1,1,1,Deepfake-Real,/mnt/public/public_datasets/OpenMMSecV2/Deepfake/Real/FF++/1d320ed6ade1424f9eaee1c44992beb5.png
13.860296249389648,6.922344207763672,0.0,AIGC,1,2,2,4,AIGC-Fake,/mnt/public/public_datasets/OpenMMSecV2/AIGC/commercial/dalle/b61d06850dfd45a095111614cb00447a.jpg
-18.71666717529297,-12.79082202911377,0.0,AIGC,0,2,1,3,AIGC-Real,/mnt/public/public_datasets/OpenMMSecV2/AIGC/laion/9b58366e762a443dbff68a86b214ba3b.jpg
-67.21907806396484,5.30988883972168,0.0,deepfake,1,1,2,2,Deepfake-Fake,/mnt/public/public_datasets/OpenMMSecV2/Deepfake/Fake/FaceSwap/SimSwap/97f3770e489f4fa1b6886dfdaa18edc0.png
28.874025344848633,39.89638137817383,0.0,Doc,0,3,1,5,Document-Real,/mnt/public/public_datasets/OpenMMSecV2/Doc/aigc/anytext/imgs/339017a537364f76969e21b7f9eaad31.jpg
-14.269369125366211,-2.7307331562042236,0.0,IMDL,1,4,2,8,IMDL-Fake,/mnt/public/public_datasets/OpenMMSecV2/IMDL/non_generative/manual_ps/imgs/a7a92b303eda4512842aca7f26a654c5.tif
-43.89177703857422,-15.736944198608398,0.0,deepfake,0,1,1,1,Deepfake-Real,/mnt/public/public_datasets/OpenMMSecV2/Deepfake/Real/CelebA/6e3188f77503481cbfc4d9c1da485331.jpg
-46.27704620361328,-31.55609893798828,0.0,deepfake,0,1,1,1,Deepfake-Real,/mnt/public/public_datasets/OpenMMSecV2/Deepfake/Real/DFD/08f5b712328d49cbb7be3bacabef266a.png
-5.07485818862915,48.655269622802734,0.0,IMDL,0,4,1,7,IMDL-Real,/mnt/public/public_datasets/OpenMMSecV2/IMDL/generative/flux_1/imgs/45e0a7c91b6e44baa65274f763a29992.png
-39.07573699951172,-7.613749980926514,0.0,AIGC,1,2,2,4,AIGC-Fake,/mnt/public/public_datasets/OpenMMSecV2/AIGC/GAN/ProjectedGAN/94cd93ccda174f0381ed92cfa9493bf6.jpg
-19.212966918945312,16.314180374145508,0.0,AIGC,1,2,2,4,AIGC-Fake,/mnt/public/public_datasets/OpenMMSecV2/AIGC/latent_diffusion/systematic/515b77473dfc4a95ad715aa0922132bc.jpg
-41.842315673828125,-48.52296447753906,0.0,deepfake,0,1,1,1,Deepfake-Real,/mnt/public/public_datasets/OpenMMSecV2/Deepfake/Real/CelebDF-v2/a0e60129bedc4dfcba46a74082364513.png
-71.20380401611328,0.9292815327644348,0.0,deepfake,1,1,2,2,Deepfake-Fake,/mnt/public/public_datasets/OpenMMSecV2/Deepfake/Fake/FaceSwap/FaceShifter/a86add598be046c8bf57e3c2a97c1912.png
19.48374366760254,-11.212234497070312,0.0,AIGC,0,2,1,3,AIGC-Real,/mnt/public/public_datasets/OpenMMSecV2/AIGC/laion/84dfb49b6c764cab8260c017ddfedb7c.jpg
39.72394943237305,13.035433769226074,0.0,Doc,0,3,1,5,Document-Real,/mnt/public/public_datasets/OpenMMSecV2/Doc/Real/def26e3f961545468c994ba50ba2a6fa.jpg
-20.087738037109375,3.131728410720825,0.0,AIGC,0,2,1,3,AIGC-Real,/mnt/public/public_datasets/OpenMMSecV2/AIGC/laion/105d115e4c95421686fb6648623b0be1.jpg
13.70206069946289,29.184892654418945,0.0,AIGC,0,2,1,3,AIGC-Real,/mnt/public/public_datasets/OpenMMSecV2/AIGC/pixel_diffusion/glide/imgs/e818738aa54a42419226ddabb40a28c0.JPEG
27.222043991088867,33.5942268371582,0.0,IMDL,0,4,1,7,IMDL-Real,/mnt/public/public_datasets/OpenMMSecV2/IMDL/generative/coco/imgs/6bc1882684d84ac79f281e1ebfd0a199.jpg
-1.5511606931686401,47.78908920288086,0.0,AIGC,0,2,1,3,AIGC-Real,/mnt/public/public_datasets/OpenMMSecV2/AIGC/laion/cbc4c1b4899743909296e02c73dc06dd.jpg
-34.198978424072266,-4.40256929397583,0.0,deepfake,1,1,2,2,Deepfake-Fake,/mnt/public/public_datasets/OpenMMSecV2/Deepfake/Fake/FaceEditing/StarGAN/179393641ee544f88f44ead74d77813c.jpg
10.423299789428711,36.147850036621094,0.0,IMDL,0,4,1,7,IMDL-Real,/mnt/public/public_datasets/OpenMMSecV2/IMDL/generative/coco/imgs/8087bfcb32094c61b5ae3bdb0fb8f4f2.jpg
-6.235556602478027,-5.7491936683654785,0.0,AIGC,1,2,2,4,AIGC-Fake,/mnt/public/public_datasets/OpenMMSecV2/AIGC/commercial/ideogram/b52d718aa6fc498d9c1186eafaabd1be.jpg
-3.0266048908233643,2.3690834045410156,0.0,IMDL,1,4,2,8,IMDL-Fake,/mnt/public/public_datasets/OpenMMSecV2/IMDL/generative/stable_diffusion/imgs/4efdef344e9341d28c97d54d50c8f7a9.png
-13.22847843170166,8.307353973388672,0.0,AIGC,0,2,1,3,AIGC-Real,/mnt/public/public_datasets/OpenMMSecV2/AIGC/GAN/BigGAN/imgs/77588ed0b510424d8df4f7b5c1a3f2ea.JPEG
52.076316833496094,-29.55625343322754,0.0,Doc,1,3,2,6,Document-Fake,/mnt/public/public_datasets/OpenMMSecV2/Doc/non_aigc/cover/imgs/bfe83a82920b4c10840b3104dca81ff0.jpg
62.040889739990234,1.8529993295669556,0.0,Doc,0,3,1,5,Document-Real,/mnt/public/public_datasets/OpenMMSecV2/Doc/Real/21ecd366ac4244cfb701760c2e4e6ec1.jpg
-2.2420685291290283,12.11019515991211,0.0,IMDL,1,4,2,8,IMDL-Fake,/mnt/public/public_datasets/OpenMMSecV2/IMDL/non_generative/manual_ps/imgs/33c970a4679c4a1cb19b2bf81b75019c.jpg
17.793956756591797,-19.746984481811523,0.0,AIGC,0,2,1,3,AIGC-Real,/mnt/public/public_datasets/OpenMMSecV2/AIGC/laion/6f9dd362dced49acac0377a96a1f0bea.jpg
-45.47114944458008,-46.012351989746094,0.0,deepfake,1,1,2,2,Deepfake-Fake,/mnt/public/public_datasets/OpenMMSecV2/Deepfake/Fake/FaceReenactment/Wav2Lip/a8b250d624ef4d0890be2a2c8cab419f.png
-9.84943962097168,28.40727996826172,0.0,IMDL,1,4,2,8,IMDL-Fake,/mnt/public/public_datasets/OpenMMSecV2/IMDL/non_generative/manual_ps/imgs/8cd151f612184a0680c165eb81d9994b.jpg
-3.892993927001953,-5.761526584625244,0.0,AIGC,0,2,1,3,AIGC-Real,/mnt/public/public_datasets/OpenMMSecV2/AIGC/laion/f44b4c9fdeac404a93b5c7bce37d8062.jpg
16.96123504638672,11.267077445983887,0.0,AIGC,1,2,2,4,AIGC-Fake,/mnt/public/public_datasets/OpenMMSecV2/AIGC/GAN/BigGAN/72e09b8eafc944a584dd9fdbc3028f4a.jpg
55.129852294921875,-28.046550750732422,0.0,Doc,1,3,2,6,Document-Fake,/mnt/public/public_datasets/OpenMMSecV2/Doc/non_aigc/cpmv/imgs/37364f905b0443f795b26f028daf06ab.jpg
-15.477439880371094,-1.6553148031234741,0.0,IMDL,0,4,1,7,IMDL-Real,/mnt/public/public_datasets/OpenMMSecV2/IMDL/generative/coco/imgs/046ea8660ab54dea97e66729d1ca7414.jpg
-31.37912368774414,-34.381080627441406,0.0,deepfake,1,1,2,2,Deepfake-Fake,/mnt/public/public_datasets/OpenMMSecV2/Deepfake/Fake/FaceReenactment/HyperReenact/16eaab20b8854cc292099d9858e862bb.png
4.149161338806152,41.16018295288086,0.0,AIGC,0,2,1,3,AIGC-Real,/mnt/public/public_datasets/OpenMMSecV2/AIGC/laion/67a7d8266fe841cb8c8b2c83093e55d3.jpg
24.18906593322754,-3.989379405975342,0.0,AIGC,0,2,1,3,AIGC-Real,/mnt/public/public_datasets/OpenMMSecV2/AIGC/laion/c8e8b13651614da2a89c196aca36a188.jpg
52.96152877807617,-15.092960357666016,0.0,Doc,1,3,2,6,Document-Fake,/mnt/public/public_datasets/OpenMMSecV2/Doc/non_aigc/generation/imgs/eedac52102e74d8e9bbae0034f9898c5.jpg
68.01834869384766,-32.14261245727539,0.0,Doc,1,3,2,6,Document-Fake,/mnt/public/public_datasets/OpenMMSecV2/Doc/non_aigc/cpmv/imgs/33733beb83a74797bc474ee7cb8c4da8.jpg
13.1995210647583,-19.581972122192383,0.0,AIGC,0,2,1,3,AIGC-Real,/mnt/public/public_datasets/OpenMMSecV2/AIGC/laion/e60e061a4d074ef0a53ab370635a289a.jpg
9.972264289855957,6.355401992797852,0.0,Doc,0,3,1,5,Document-Real,/mnt/public/public_datasets/OpenMMSecV2/Doc/Real/9dabae7f14d545ada5b2396b9f493fd8.jpg
-44.33574676513672,-22.762969970703125,0.0,deepfake,0,1,1,1,Deepfake-Real,/mnt/public/public_datasets/OpenMMSecV2/Deepfake/Real/FF++/1d801c7011b24f2db40c4553b30e5475.png
-45.15105056762695,-1.032134771347046,0.0,deepfake,0,1,1,1,Deepfake-Real,/mnt/public/public_datasets/OpenMMSecV2/Deepfake/Real/CelebDF-v2/0059012d88e74bcc98e8be76a149a63a.png
9.705046653747559,19.345287322998047,0.0,IMDL,0,4,1,7,IMDL-Real,/mnt/public/public_datasets/OpenMMSecV2/IMDL/generative/stable_diffusion/imgs/ac5305285fd64640ba7b119dadc50c42.png
29.07809066772461,30.221771240234375,0.0,AIGC,0,2,1,3,AIGC-Real,/mnt/public/public_datasets/OpenMMSecV2/AIGC/laion/71eec1c2b2f64300b418b5dc9644c139.jpg
45.972503662109375,-35.49941635131836,0.0,Doc,0,3,1,5,Document-Real,/mnt/public/public_datasets/OpenMMSecV2/Doc/Real/33cf201bdcb54630bd76e9ddeddab9a4.jpg
3.9501864910125732,15.675088882446289,0.0,IMDL,1,4,2,8,IMDL-Fake,/mnt/public/public_datasets/OpenMMSecV2/IMDL/non_generative/manual_ps/imgs/1b3472a36c3e477db07b620ade64e0ed.jpg
-56.975074768066406,-13.72533893585205,0.0,deepfake,1,1,2,2,Deepfake-Fake,/mnt/public/public_datasets/OpenMMSecV2/Deepfake/Fake/FaceSwap/Unknow_FS/f243cc4ab1664f64a7f1f2bb897e989b.png
56.95176315307617,-29.65645980834961,0.0,Doc,1,3,2,6,Document-Fake,/mnt/public/public_datasets/OpenMMSecV2/Doc/non_aigc/generation/imgs/a220e6107be545ed89410b724ca3c455.jpg
21.985746383666992,39.37122344970703,0.0,IMDL,0,4,1,7,IMDL-Real,/mnt/public/public_datasets/OpenMMSecV2/IMDL/generative/coco/imgs/2e91a496f23c448981592ecaed95adf5.jpg
22.282608032226562,13.017171859741211,0.0,Doc,1,3,2,6,Document-Fake,/mnt/public/public_datasets/OpenMMSecV2/Doc/aigc/textocr/imgs/c4e8ffd926144e25811a8acdfc84bbf3.jpg
25.261709213256836,40.56358337402344,0.0,IMDL,0,4,1,7,IMDL-Real,/mnt/public/public_datasets/OpenMMSecV2/IMDL/generative/coco/imgs/b6adfb79f40c497ab78eb11306f02112.jpg
-3.1277291774749756,17.42871856689453,0.0,AIGC,1,2,2,4,AIGC-Fake,/mnt/public/public_datasets/OpenMMSecV2/AIGC/other/online/imgs/a1315d5a93d24a55bbc94daa2eb430fa.jpg
-13.893397331237793,26.591915130615234,0.0,AIGC,0,2,1,3,AIGC-Real,/mnt/public/public_datasets/OpenMMSecV2/AIGC/other/online/imgs/51a0860af5534f8b884e4f64f2f5a4f8.jpg
18.637910842895508,-13.785908699035645,0.0,AIGC,0,2,1,3,AIGC-Real,/mnt/public/public_datasets/OpenMMSecV2/AIGC/laion/234f66b1b4734b1e9404cb644d1765e5.jpg
71.01073455810547,-26.171585083007812,0.0,Doc,0,3,1,5,Document-Real,/mnt/public/public_datasets/OpenMMSecV2/Doc/Real/81f8590945d94b048fe4f3bebae7d2bf.jpg
6.509154796600342,37.03792190551758,0.0,IMDL,1,4,2,8,IMDL-Fake,/mnt/public/public_datasets/OpenMMSecV2/IMDL/non_generative/manual_ps/imgs/76814fb37e3a42a9b379999662f2f976.jpg
21.915414810180664,16.442537307739258,0.0,Doc,1,3,2,6,Document-Fake,/mnt/public/public_datasets/OpenMMSecV2/Doc/aigc/textocr/imgs/caf7b6a381ea4b84980f5d77330d6614.jpg
-59.767555236816406,9.815142631530762,0.0,deepfake,1,1,2,2,Deepfake-Fake,/mnt/public/public_datasets/OpenMMSecV2/Deepfake/Fake/FaceReenactment/TPSMM/77ab158c075f41558aa41400cb1d8b11.png
34.70980453491211,7.751628398895264,0.0,Doc,0,3,1,5,Document-Real,/mnt/public/public_datasets/OpenMMSecV2/Doc/Real/dfbf11b9a2a7402c8ad5b06d39a5d0b9.jpg
8.098055839538574,35.859134674072266,0.0,AIGC,1,2,2,4,AIGC-Fake,/mnt/public/public_datasets/OpenMMSecV2/AIGC/commercial/wukong/imgs/92c3605742fc4c2f98fc9eaf9254f36f.png
59.50191879272461,-27.288402557373047,0.0,Doc,1,3,2,6,Document-Fake,/mnt/public/public_datasets/OpenMMSecV2/Doc/non_aigc/generation/imgs/0028ce7d2d5447cb8650370968caba6b.jpg
-70.88758850097656,7.104299068450928,0.0,deepfake,0,1,1,1,Deepfake-Real,/mnt/public/public_datasets/OpenMMSecV2/Deepfake/Real/UADFV/c859a7057e2843b2add8b89e54ea94bb.png
-26.182016372680664,-40.44993209838867,0.0,AIGC,1,2,2,4,AIGC-Fake,/mnt/public/public_datasets/OpenMMSecV2/AIGC/autoregressive_model/tamingtransformers/ba91b991f3504c2f9e6310dbc95f8213.jpg
-28.09678077697754,41.96227264404297,0.0,IMDL,0,4,1,7,IMDL-Real,/mnt/public/public_datasets/OpenMMSecV2/IMDL/generative/coco/imgs/e1a9fb2e685f479c8ed304e5b83b10ff.jpg
-40.33638381958008,-25.320127487182617,0.0,deepfake,0,1,1,1,Deepfake-Real,/mnt/public/public_datasets/OpenMMSecV2/Deepfake/Real/FF++/4e0e1a08bcd74adba1161b3055c91a26.png
-69.86823272705078,9.376119613647461,0.0,deepfake,0,1,1,1,Deepfake-Real,/mnt/public/public_datasets/OpenMMSecV2/Deepfake/Real/CelebDF-v2/7cec57da39a548db910b86b68e72deb2.png
-36.233642578125,-15.380908966064453,0.0,AIGC,1,2,2,4,AIGC-Fake,/mnt/public/public_datasets/OpenMMSecV2/AIGC/GAN/StyleSANXL/deee1e807a1d4028a8553a1e3892a347.jpg
-8.254475593566895,-20.80021095275879,0.0,AIGC,1,2,2,4,AIGC-Fake,/mnt/public/public_datasets/OpenMMSecV2/AIGC/latent_diffusion/systematic/a5e76d5419424b8d840cf82fb78c3c8f.jpg
-2.5038211345672607,2.451876640319824,0.0,IMDL,0,4,1,7,IMDL-Real,/mnt/public/public_datasets/OpenMMSecV2/IMDL/generative/coco/imgs/8e01cf52674d43589112c5f82daa85d0.jpg
58.372074127197266,-31.785093307495117,0.0,Doc,1,3,2,6,Document-Fake,/mnt/public/public_datasets/OpenMMSecV2/Doc/non_aigc/cpmv/imgs/8b027b7f4e7a471b9099e10cd928eea0.jpg
20.0883846282959,-12.754377365112305,0.0,AIGC,0,2,1,3,AIGC-Real,/mnt/public/public_datasets/OpenMMSecV2/AIGC/laion/a1181cb357fd4e86b7a8397e9976d15a.jpg
21.445484161376953,16.202701568603516,0.0,Doc,0,3,1,5,Document-Real,/mnt/public/public_datasets/OpenMMSecV2/Doc/Real/bfcdd456cff94be3994e787691a3edd5.jpg
-14.209821701049805,-17.627307891845703,0.0,AIGC,1,2,2,4,AIGC-Fake,/mnt/public/public_datasets/OpenMMSecV2/AIGC/other/online/imgs/cf9a3524b77b4389855fbca0c0227cad.jpg
57.33590316772461,1.5932402610778809,0.0,Doc,1,3,2,6,Document-Fake,/mnt/public/public_datasets/OpenMMSecV2/Doc/non_aigc/cpmv/imgs/34ae6cdd53fc4c839c2e9e0c4007a1d5.jpg
-50.96957778930664,-4.198917865753174,0.0,deepfake,1,1,2,2,Deepfake-Fake,/mnt/public/public_datasets/OpenMMSecV2/Deepfake/Fake/FaceEditing/StarGANv2/b62579c840ac4d238d58b4afade285f6.jpg
-2.0221340656280518,-21.47654151916504,0.0,AIGC,0,2,1,3,AIGC-Real,/mnt/public/public_datasets/OpenMMSecV2/AIGC/laion/27a168ec02824ceba995a2ebfe8d9b85.jpg
-50.44367218017578,-9.066255569458008,0.0,deepfake,0,1,1,1,Deepfake-Real,/mnt/public/public_datasets/OpenMMSecV2/Deepfake/Real/VFHQ/951251a9b79c426ba44ba6733670a5e9.png
-16.425647735595703,53.555809020996094,0.0,AIGC,1,2,2,4,AIGC-Fake,/mnt/public/public_datasets/OpenMMSecV2/AIGC/GAN/GigaGAN/52c3080d8c334a978e09459a5529a232.jpg
36.716064453125,9.397100448608398,0.0,Doc,1,3,2,6,Document-Fake,/mnt/public/public_datasets/OpenMMSecV2/Doc/aigc/derend/imgs/ef484b5777d8467d9162be609f1775eb.jpg
-31.78519630432129,-15.296491622924805,0.0,AIGC,0,2,1,3,AIGC-Real,/mnt/public/public_datasets/OpenMMSecV2/AIGC/other/online/imgs/387fbb88b10e483682c7edd3061502bc.jpg
73.20518493652344,-11.795594215393066,0.0,Doc,1,3,2,6,Document-Fake,/mnt/public/public_datasets/OpenMMSecV2/Doc/non_aigc/copy-move/imgs/9989092ef5f54f6bb5e206745403599c.jpg
6.065964698791504,38.406837463378906,0.0,AIGC,0,2,1,3,AIGC-Real,/mnt/public/public_datasets/OpenMMSecV2/AIGC/laion/71a7f51f038c4a42b28fb41f371ee64c.jpg
-72.60808563232422,3.2247233390808105,0.0,deepfake,0,1,1,1,Deepfake-Real,/mnt/public/public_datasets/OpenMMSecV2/Deepfake/Real/CelebDF-v2/38a931ce76b24f66b4f4bcaf560185c9.png
25.227766036987305,-14.706308364868164,0.0,AIGC,0,2,1,3,AIGC-Real,/mnt/public/public_datasets/OpenMMSecV2/AIGC/laion/c7bfa78736d14f69a32167e11185eae1.jpg
-48.298439025878906,-29.76049041748047,0.0,deepfake,1,1,2,2,Deepfake-Fake,/mnt/public/public_datasets/OpenMMSecV2/Deepfake/Fake/FaceEditing/e4e/e4ef22efea8e44e2b025dd532db1da7e.jpg
39.12657165527344,32.896339416503906,0.0,Doc,0,3,1,5,Document-Real,/mnt/public/public_datasets/OpenMMSecV2/Doc/Real/16752c4907c54efa9369dbbe53f616bb.jpg
69.3634262084961,-16.563156127929688,0.0,Doc,0,3,1,5,Document-Real,/mnt/public/public_datasets/OpenMMSecV2/Doc/Real/de1316f78aee4e16a48e4d0fe9aa7e8a.jpg
20.149812698364258,15.702749252319336,0.0,AIGC,0,2,1,3,AIGC-Real,/mnt/public/public_datasets/OpenMMSecV2/AIGC/laion/058fed83143146d2a061b74df20d71f6.jpg
-36.6677360534668,-22.556318283081055,0.0,deepfake,0,1,1,1,Deepfake-Real,/mnt/public/public_datasets/OpenMMSecV2/Deepfake/Real/DFD/8028048b09f8420d96f0b0c0db0958a0.png
-77.36972045898438,6.83392333984375,0.0,deepfake,0,1,1,1,Deepfake-Real,/mnt/public/public_datasets/OpenMMSecV2/Deepfake/Real/UADFV/43cde91b429e4ba5a9276661495c0ef2.png
66.1861572265625,-26.838045120239258,0.0,Doc,0,3,1,5,Document-Real,/mnt/public/public_datasets/OpenMMSecV2/Doc/Real/c9612ac2d2504f1e8c174ff70e64bf83.jpg
-8.12411880493164,44.17229461669922,0.0,IMDL,0,4,1,7,IMDL-Real,/mnt/public/public_datasets/OpenMMSecV2/IMDL/generative/coco/imgs/c989aa892bb64bc6b8225841d63ee9e0.jpg
2.223252773284912,35.535125732421875,0.0,IMDL,0,4,1,7,IMDL-Real,/mnt/public/public_datasets/OpenMMSecV2/IMDL/non_generative/manual_ps/imgs/314fc243ee0a4e3196e969d7d25acbb0.jpg
-12.368574142456055,1.7413115501403809,0.0,IMDL,1,4,2,8,IMDL-Fake,/mnt/public/public_datasets/OpenMMSecV2/IMDL/generative/paintbyexample/imgs/3f3ade85f3754339aa644bd13d12bd50.jpg
6.272727966308594,-6.399118900299072,0.0,IMDL,0,4,1,7,IMDL-Real,/mnt/public/public_datasets/OpenMMSecV2/IMDL/generative/coco/imgs/1affa8d8bd084d27a6d37ee7889ad830.jpg
-41.28337478637695,-44.161346435546875,0.0,deepfake,1,1,2,2,Deepfake-Fake,/mnt/public/public_datasets/OpenMMSecV2/Deepfake/Fake/EntireFaceSynthesis/StyleGAN2/7ff5a98948c34b3883e82353b79f525d.png
-16.346656799316406,52.49831771850586,0.0,IMDL,0,4,1,7,IMDL-Real,/mnt/public/public_datasets/OpenMMSecV2/IMDL/generative/coco/imgs/6de51425a68e4ace89083bd1eb4be2e9.jpg
-4.569645404815674,23.27474594116211,0.0,AIGC,0,2,1,3,AIGC-Real,/mnt/public/public_datasets/OpenMMSecV2/AIGC/laion/34d415ddc5994f6abeff6c7beb31cac9.jpg
9.797185897827148,32.54916000366211,0.0,IMDL,0,4,1,7,IMDL-Real,/mnt/public/public_datasets/OpenMMSecV2/IMDL/generative/coco/imgs/9afdc79bac754e2b95397a857163860e.jpg
-51.03738021850586,-41.388736724853516,0.0,deepfake,1,1,2,2,Deepfake-Fake,/mnt/public/public_datasets/OpenMMSecV2/Deepfake/Fake/EntireFaceSynthesis/StyleGAN-XL/27b5bbb81ef54ee492d45057ab01064d.png
-26.683216094970703,12.771027565002441,0.0,AIGC,1,2,2,4,AIGC-Fake,/mnt/public/public_datasets/OpenMMSecV2/AIGC/other/online/imgs/f52f95623ea44ff4938991e979c44554.jpg
-13.271416664123535,34.768001556396484,0.0,IMDL,1,4,2,8,IMDL-Fake,/mnt/public/public_datasets/OpenMMSecV2/IMDL/generative/gan_mat/imgs/f0ca313415e54ea3b35c23d3b6116101.png
26.899648666381836,-3.7793071269989014,0.0,Doc,1,3,2,6,Document-Fake,/mnt/public/public_datasets/OpenMMSecV2/Doc/non_aigc/copy-move/imgs/ea23923eb94143f29b7ec9e3c17e7dc0.jpg
-13.221529006958008,37.82883834838867,0.0,IMDL,0,4,1,7,IMDL-Real,/mnt/public/public_datasets/OpenMMSecV2/IMDL/generative/stable_diffusion/imgs/cdc1da5bc917490d9e77df3d5057da9f.png
69.3944320678711,-16.484590530395508,0.0,Doc,1,3,2,6,Document-Fake,/mnt/public/public_datasets/OpenMMSecV2/Doc/non_aigc/cpmv/imgs/3fa311586b6444548048cb2b8966fe4a.jpg
-46.752445220947266,-34.53511047363281,0.0,deepfake,1,1,2,2,Deepfake-Fake,/mnt/public/public_datasets/OpenMMSecV2/Deepfake/Fake/FaceEditing/e4e/8085e0672c0849c2978b2536aceabdf8.jpg
-9.356101036071777,39.94923400878906,0.0,IMDL,0,4,1,7,IMDL-Real,/mnt/public/public_datasets/OpenMMSecV2/IMDL/generative/coco/imgs/93077d7942644b2ba7c5cd96da9608ca.jpg
64.29241943359375,-31.892606735229492,0.0,Doc,0,3,1,5,Document-Real,/mnt/public/public_datasets/OpenMMSecV2/Doc/Real/56026cf58fb143e18ec56e6e85eba6a8.jpg
55.32258224487305,-31.173091888427734,0.0,Doc,1,3,2,6,Document-Fake,/mnt/public/public_datasets/OpenMMSecV2/Doc/non_aigc/generation/imgs/5bceb298c59c4dbea92ac447e6938c3c.jpg
22.88282012939453,4.0306549072265625,0.0,Doc,0,3,1,5,Document-Real,/mnt/public/public_datasets/OpenMMSecV2/Doc/Real/f7a7f66a411341749943220b78bf22de.jpg
14.181575775146484,30.3403377532959,0.0,AIGC,1,2,2,4,AIGC-Fake,/mnt/public/public_datasets/OpenMMSecV2/AIGC/pixel_diffusion/guided_diffusion/c524c9b2113241d6ae44413d08eb8cab.jpg
-2.6218180656433105,22.12049674987793,0.0,AIGC,1,2,2,4,AIGC-Fake,/mnt/public/public_datasets/OpenMMSecV2/AIGC/pixel_diffusion/glide/imgs/1a30500dfdc3400d9383bb46e821c680.png
8.012171745300293,46.5799560546875,0.0,IMDL,0,4,1,7,IMDL-Real,/mnt/public/public_datasets/OpenMMSecV2/IMDL/generative/coco/imgs/0b7284566f214d3491be01aae9595680.jpg
-44.67826843261719,1.7811522483825684,0.0,deepfake,0,1,1,1,Deepfake-Real,/mnt/public/public_datasets/OpenMMSecV2/Deepfake/Real/VFHQ/63af9d896fef4f70952db0f09400bb63.png
39.50871658325195,15.009058952331543,0.0,Doc,0,3,1,5,Document-Real,/mnt/public/public_datasets/OpenMMSecV2/Doc/Real/fbfacad2c92a4c238ac2ff14f32bdae4.jpg
16.584806442260742,19.50499153137207,0.0,IMDL,1,4,2,8,IMDL-Fake,/mnt/public/public_datasets/OpenMMSecV2/IMDL/non_generative/manual_ps/imgs/ccac17520185411ea60ad1daae76ff09.jpg
18.9158992767334,-14.983634948730469,0.0,AIGC,0,2,1,3,AIGC-Real,/mnt/public/public_datasets/OpenMMSecV2/AIGC/laion/476f30ab553445f78515ea5b49dd6128.jpg
72.8523178100586,-9.903327941894531,0.0,Doc,1,3,2,6,Document-Fake,/mnt/public/public_datasets/OpenMMSecV2/Doc/non_aigc/generation/imgs/4872d6d215d1442eb11823068a510863.jpg
-22.72795295715332,35.43142318725586,0.0,IMDL,0,4,1,7,IMDL-Real,/mnt/public/public_datasets/OpenMMSecV2/IMDL/generative/coco/imgs/95ff6bb47e144a07978c9f03c33bbb84.jpg
-2.2567803859710693,7.156454086303711,0.0,IMDL,1,4,2,8,IMDL-Fake,/mnt/public/public_datasets/OpenMMSecV2/IMDL/non_generative/manual_ps/imgs/69ec5028f2b842a7b94657abf0bbe4fc.jpg
18.88536834716797,6.832019805908203,0.0,Doc,0,3,1,5,Document-Real,/mnt/public/public_datasets/OpenMMSecV2/Doc/Real/8930fc7dd49d421cb324fdf59b9c7b5b.jpg
15.00184440612793,12.00448989868164,0.0,IMDL,0,4,1,7,IMDL-Real,/mnt/public/public_datasets/OpenMMSecV2/IMDL/generative/stable_diffusion/imgs/0144e3a881d84ab998b6a734fb51c967.png
60.526187896728516,-21.744121551513672,0.0,Doc,1,3,2,6,Document-Fake,/mnt/public/public_datasets/OpenMMSecV2/Doc/aigc/textocr/imgs/6b51fb9112be431c8ff09bae197ac240.jpg
-16.498519897460938,31.690784454345703,0.0,AIGC,0,2,1,3,AIGC-Real,/mnt/public/public_datasets/OpenMMSecV2/AIGC/laion/46fd5d8d2cc246ae9b7247a88cf5d44d.jpg
-16.635894775390625,19.822071075439453,0.0,AIGC,1,2,2,4,AIGC-Fake,/mnt/public/public_datasets/OpenMMSecV2/AIGC/latent_diffusion/systematic/491be9a24a5c467194d2f3e857250a7a.jpg
23.08289337158203,32.58669662475586,0.0,IMDL,0,4,1,7,IMDL-Real,/mnt/public/public_datasets/OpenMMSecV2/IMDL/non_generative/manual_ps/imgs/1a5f097b14214151965a66c2f6584168.jpg
-2.0397543907165527,18.878562927246094,0.0,AIGC,1,2,2,4,AIGC-Fake,/mnt/public/public_datasets/OpenMMSecV2/AIGC/pixel_diffusion/guided_diffusion/7db73fd18de94626aab02ca2b8b3d2cf.jpg
15.244819641113281,-17.053707122802734,0.0,AIGC,1,2,2,4,AIGC-Fake,/mnt/public/public_datasets/OpenMMSecV2/AIGC/commercial/flux/04dc43b331a74f8eb9198cdd3417625d.jpg
-23.965513229370117,-8.706377029418945,0.0,IMDL,1,4,2,8,IMDL-Fake,/mnt/public/public_datasets/OpenMMSecV2/IMDL/non_generative/manual_ps/imgs/def9c24b934844d595d5c88f41684df0.jpg
26.431974411010742,-4.3332037925720215,0.0,IMDL,1,4,2,8,IMDL-Fake,/mnt/public/public_datasets/OpenMMSecV2/IMDL/non_generative/manual_ps/imgs/e52457500b9149a493cab0ca54823e65.jpg
-29.637672424316406,11.14846420288086,0.0,deepfake,0,1,1,1,Deepfake-Real,/mnt/public/public_datasets/OpenMMSecV2/Deepfake/Real/VFHQ/62617dde2a6e45ad8f8f89cc9ab51062.png
-7.986953258514404,-0.09451477974653244,0.0,IMDL,0,4,1,7,IMDL-Real,/mnt/public/public_datasets/OpenMMSecV2/IMDL/generative/flux_1/imgs/b4dd0a085bc246c6a85669f05cbd1c15.png
-53.20139694213867,-16.679414749145508,0.0,deepfake,0,1,1,1,Deepfake-Real,/mnt/public/public_datasets/OpenMMSecV2/Deepfake/Real/DFD/0d544b89c6da4ad4bae4450232a25484.png
14.982028007507324,-15.262495994567871,0.0,AIGC,0,2,1,3,AIGC-Real,/mnt/public/public_datasets/OpenMMSecV2/AIGC/laion/39eacae25773407caa8c4dea1a58c111.jpg
-7.395692348480225,6.322062015533447,0.0,AIGC,1,2,2,4,AIGC-Fake,/mnt/public/public_datasets/OpenMMSecV2/AIGC/latent_diffusion/systematic/978af1e1a6d14618b9b482a15c0827d4.jpg
63.98258590698242,0.6604201197624207,0.0,Doc,1,3,2,6,Document-Fake,/mnt/public/public_datasets/OpenMMSecV2/Doc/non_aigc/copy-move/imgs/35077a44076a49fd9df9b2b4187af691.jpg
19.28972053527832,1.3009308576583862,0.0,Doc,1,3,2,6,Document-Fake,/mnt/public/public_datasets/OpenMMSecV2/Doc/aigc/textocr/imgs/eb285c144a154938b185203b6f4e32bb.jpg
7.040719509124756,25.33345603942871,0.0,IMDL,0,4,1,7,IMDL-Real,/mnt/public/public_datasets/OpenMMSecV2/IMDL/generative/stable_diffusion/imgs/b11f4368442c4105a095262796b2020d.png
-30.08144187927246,-6.172218322753906,0.0,IMDL,1,4,2,8,IMDL-Fake,/mnt/public/public_datasets/OpenMMSecV2/IMDL/non_generative/manual_ps/imgs/0beb576708cd48109d1befc9bd73755f.jpg
-44.47896957397461,-32.501617431640625,0.0,deepfake,0,1,1,1,Deepfake-Real,/mnt/public/public_datasets/OpenMMSecV2/Deepfake/Real/DFD/e1398f4b252b4a0b87d7c989428b924b.png
-2.5100815296173096,39.63510513305664,0.0,IMDL,1,4,2,8,IMDL-Fake,/mnt/public/public_datasets/OpenMMSecV2/IMDL/generative/flux_1/imgs/5259bb6f1bef41eda765d60e07316496.png
-4.235071659088135,-1.9805591106414795,0.0,IMDL,0,4,1,7,IMDL-Real,/mnt/public/public_datasets/OpenMMSecV2/IMDL/generative/coco/imgs/852b3881469041bbaa43a190d1b3ab25.jpg
14.729683876037598,31.902339935302734,0.0,AIGC,1,2,2,4,AIGC-Fake,/mnt/public/public_datasets/OpenMMSecV2/AIGC/pixel_diffusion/guided_diffusion/b5d99c520167423797f509bff3b31529.jpg
-51.86024475097656,-44.399742126464844,0.0,deepfake,0,1,1,1,Deepfake-Real,/mnt/public/public_datasets/OpenMMSecV2/Deepfake/Real/FF++/e94eedaa5d9c484a90d77c599ccad059.png
0.038474977016448975,26.29444694519043,0.0,IMDL,0,4,1,7,IMDL-Real,/mnt/public/public_datasets/OpenMMSecV2/IMDL/generative/coco/imgs/0827116357f84a8ba24ff36f02e34708.jpg
-44.88434600830078,-25.381654739379883,0.0,deepfake,0,1,1,1,Deepfake-Real,/mnt/public/public_datasets/OpenMMSecV2/Deepfake/Real/CelebDF-v2/aedea3056191463b9d2089105aeb8a0c.png
-43.959800720214844,-38.910526275634766,0.0,deepfake,0,1,1,1,Deepfake-Real,/mnt/public/public_datasets/OpenMMSecV2/Deepfake/Real/DFD/a96f638855104b85bb054d1ea2831f77.png
9.067581176757812,19.236669540405273,0.0,IMDL,0,4,1,7,IMDL-Real,/mnt/public/public_datasets/OpenMMSecV2/IMDL/non_generative/manual_ps/imgs/4c497f17b3d2491da608941b681ebb8f.jpg
17.64847755432129,-14.02892780303955,0.0,AIGC,0,2,1,3,AIGC-Real,/mnt/public/public_datasets/OpenMMSecV2/AIGC/laion/eb24e8afdce541e3a98a408a73fe9ee8.jpg
-48.91048812866211,-31.558059692382812,0.0,deepfake,0,1,1,1,Deepfake-Real,/mnt/public/public_datasets/OpenMMSecV2/Deepfake/Real/FF++/085fa48b812a4023866532f4a92d2ae1.png
-43.958961486816406,-40.84016418457031,0.0,deepfake,0,1,1,1,Deepfake-Real,/mnt/public/public_datasets/OpenMMSecV2/Deepfake/Real/CelebDF-v2/c6c39393171e4602b566ac599d9df441.png
-47.83201599121094,-8.0656156539917,0.0,deepfake,1,1,2,2,Deepfake-Fake,/mnt/public/public_datasets/OpenMMSecV2/Deepfake/Fake/EntireFaceSynthesis/WhichisReal/39bb7e2a0360464fae84c6d954974d00.png
-51.001041412353516,-42.49053955078125,0.0,deepfake,1,1,2,2,Deepfake-Fake,/mnt/public/public_datasets/OpenMMSecV2/Deepfake/Fake/FaceSwap/Deepfake/cf81dbcaf3c749d98b7cf0977704694d.png
14.657995223999023,33.705448150634766,0.0,IMDL,1,4,2,8,IMDL-Fake,/mnt/public/public_datasets/OpenMMSecV2/IMDL/generative/gan_mat/imgs/5adb83917aff4e86be6d743b704d2740.png
24.090919494628906,23.176511764526367,0.0,Doc,1,3,2,6,Document-Fake,/mnt/public/public_datasets/OpenMMSecV2/Doc/aigc/textdiff/imgs/386ef6fe4fe64ed69cb00d7f19e735b6.jpg
37.244544982910156,14.047598838806152,0.0,Doc,0,3,1,5,Document-Real,/mnt/public/public_datasets/OpenMMSecV2/Doc/Real/f5b14eba09e34fc6ac6f555212f6523a.jpg
63.52302932739258,-26.844221115112305,0.0,Doc,1,3,2,6,Document-Fake,/mnt/public/public_datasets/OpenMMSecV2/Doc/non_aigc/cover/imgs/9cece11e21c94a78b749eccc580a53c9.jpg
-30.570695877075195,-36.993003845214844,0.0,deepfake,0,1,1,1,Deepfake-Real,/mnt/public/public_datasets/OpenMMSecV2/Deepfake/Real/CelebDF-v2/44306d78a92744f989fa07dd0debfba1.png
13.748740196228027,32.532073974609375,0.0,IMDL,0,4,1,7,IMDL-Real,/mnt/public/public_datasets/OpenMMSecV2/IMDL/generative/coco/imgs/64547d014ccc4041b124766c377ed72b.jpg
46.93647003173828,-39.94865036010742,0.0,Doc,0,3,1,5,Document-Real,/mnt/public/public_datasets/OpenMMSecV2/Doc/Real/019f4176000b46e8808c3f85af56005e.jpg
-14.308279037475586,-2.145019054412842,0.0,IMDL,1,4,2,8,IMDL-Fake,/mnt/public/public_datasets/OpenMMSecV2/IMDL/non_generative/manual_ps/imgs/ed4509ce19fc4363ae4f9119c70c3ff1.jpg
-3.580773115158081,14.986228942871094,0.0,AIGC,0,2,1,3,AIGC-Real,/mnt/public/public_datasets/OpenMMSecV2/AIGC/other/online/imgs/80c6602576644e979234db5d8dbd0044.jpg
-8.330254554748535,27.157304763793945,0.0,IMDL,1,4,2,8,IMDL-Fake,/mnt/public/public_datasets/OpenMMSecV2/IMDL/non_generative/manual_ps/imgs/85e73478935d431cb684b1fe1db224f2.jpg
-8.309873580932617,24.523744583129883,0.0,AIGC,0,2,1,3,AIGC-Real,/mnt/public/public_datasets/OpenMMSecV2/AIGC/laion/4ab8f35495f14f529df8dfb774e455ba.jpg
57.2515983581543,-27.43918800354004,0.0,Doc,0,3,1,5,Document-Real,/mnt/public/public_datasets/OpenMMSecV2/Doc/Real/da22fcd2b3d44e24825e608622ef1df4.jpg
